Ax,Ay,Az,Gx,Gy,Gz,Label
0.004,-0.000,1.029,0.525,-2.266,1.383,Idle
0.003,0.003,1.037,0.543,-2.231,1.199,Idle
0.002,-0.005,1.011,0.507,-2.301,1.383,Idle
0.003,-0.002,1.021,0.472,-2.249,1.041,Idle
0.001,-0.004,1.018,0.516,-2.275,1.531,Idle
0.003,-0.002,1.012,0.490,-2.257,1.383,Idle
0.001,-0.003,1.020,0.516,-2.205,1.409,Idle
0.003,-0.002,1.018,0.525,-2.240,1.374,Idle
0.001,-0.000,1.021,0.516,-2.214,1.391,Idle
0.002,-0.002,1.021,0.543,-2.231,1.383,Idle
0.002,-0.003,1.021,0.534,-2.214,1.400,Idle
0.002,-0.003,1.021,0.569,-2.231,1.409,Idle
0.002,0.000,1.020,0.569,-2.249,1.347,Idle
0.002,-0.003,1.018,0.516,-2.257,1.374,Idle
0.003,-0.002,1.019,0.499,-2.257,1.356,Idle
0.002,-0.002,1.019,0.516,-2.231,1.435,Idle
0.001,-0.001,1.020,0.551,-2.266,1.356,Idle
0.002,-0.004,1.019,0.534,-2.257,1.400,Idle
0.003,-0.002,1.020,0.543,-2.266,1.383,Idle
0.002,-0.001,1.018,0.534,-2.266,1.426,Idle
0.002,-0.001,1.021,0.499,-2.257,1.374,Idle
0.002,-0.003,1.020,0.534,-2.257,1.400,Idle
0.002,-0.002,1.022,0.551,-2.249,1.374,Idle
0.002,-0.001,1.021,0.525,-2.231,1.383,Idle
0.002,-0.002,1.021,0.569,-2.231,1.330,Idle
0.002,-0.003,1.019,0.507,-2.214,1.400,Idle
0.002,-0.002,1.020,0.560,-2.249,1.383,Idle
0.002,-0.001,1.018,0.507,-2.275,1.365,Idle
0.002,-0.002,1.019,0.534,-2.257,1.365,Idle
0.001,-0.003,1.018,0.516,-2.275,1.374,Idle
0.002,-0.002,1.019,0.551,-2.266,1.347,Idle
0.001,-0.002,1.019,0.551,-2.266,1.374,Idle
0.002,-0.002,1.021,0.543,-2.284,1.356,Idle
0.001,-0.002,1.019,0.516,-2.249,1.400,Idle
0.002,-0.002,1.021,0.490,-2.266,1.374,Idle
0.002,-0.003,1.020,0.499,-2.240,1.365,Idle
-0.000,0.003,1.020,0.507,-2.275,1.409,Idle
0.004,-0.007,1.020,0.507,-2.231,1.391,Idle
-0.007,-0.017,1.023,0.560,-2.301,2.030,Idle
0.001,0.006,1.019,0.472,-2.240,1.383,Idle
0.003,-0.003,1.020,0.534,-2.223,1.426,Idle
0.003,-0.006,1.019,0.534,-2.266,1.409,Idle
0.004,-0.007,1.020,0.516,-2.266,1.383,Idle
0.000,0.005,1.021,0.543,-2.231,1.400,Idle
0.001,-0.005,1.024,0.543,-2.249,1.374,Idle
0.004,-0.008,1.023,0.543,-2.231,1.418,Idle
0.001,-0.006,1.018,0.569,-2.240,1.400,Idle
0.002,-0.002,1.017,0.543,-2.223,1.391,Idle
0.005,-0.006,1.018,0.534,-2.240,1.383,Idle
0.002,-0.005,1.015,0.464,-2.301,1.383,Idle
0.002,0.004,1.021,0.543,-2.249,1.418,Idle
0.003,-0.006,1.019,0.507,-2.231,1.383,Idle
0.002,-0.008,1.019,0.551,-2.249,1.418,Idle
0.002,-0.003,1.022,0.534,-2.249,1.409,Idle
0.000,0.002,1.020,0.534,-2.249,1.426,Idle
0.004,-0.007,1.019,0.577,-2.249,1.418,Idle
0.003,-0.006,1.018,0.543,-2.257,1.356,Idle
0.001,-0.000,1.020,0.534,-2.284,1.374,Idle
0.001,0.003,1.020,0.534,-2.266,1.383,Idle
0.002,-0.005,1.019,0.551,-2.249,1.400,Idle
0.003,-0.004,1.019,0.560,-2.257,1.383,Idle
0.002,-0.001,1.019,0.507,-2.223,1.356,Idle
0.001,0.001,1.019,0.516,-2.240,1.365,Idle
0.003,-0.005,1.019,0.516,-2.284,1.409,Idle
0.002,-0.003,1.020,0.525,-2.284,1.347,Idle
0.001,-0.000,1.019,0.534,-2.257,1.356,Idle
0.002,-0.001,1.020,0.534,-2.240,1.418,Idle
0.002,-0.003,1.019,0.534,-2.240,1.418,Idle
0.003,-0.003,1.020,0.551,-2.284,1.356,Idle
0.002,-0.001,1.020,0.507,-2.240,1.356,Idle
0.003,-0.003,1.021,0.525,-2.275,1.383,Idle
0.003,-0.003,1.019,0.525,-2.223,1.365,Idle
0.002,-0.002,1.019,0.507,-2.266,1.356,Idle
0.003,-0.002,1.020,0.560,-2.205,1.383,Idle
0.003,-0.003,1.019,0.516,-2.249,1.383,Idle
0.002,-0.003,1.021,0.534,-2.240,1.409,Idle
0.002,-0.002,1.019,0.543,-2.231,1.409,Idle
0.002,-0.001,1.022,0.499,-2.240,1.391,Idle
0.004,-0.003,1.021,0.525,-2.240,1.418,Idle
0.002,-0.002,1.018,0.516,-2.266,1.391,Idle
0.002,-0.000,1.021,0.507,-2.205,1.418,Idle
0.002,-0.003,1.017,0.507,-2.266,1.374,Idle
0.002,-0.004,1.019,0.577,-2.266,1.374,Idle
0.002,-0.001,1.020,0.551,-2.231,1.374,Idle
0.001,-0.001,1.019,0.525,-2.231,1.374,Idle
0.002,-0.001,1.021,0.525,-2.249,1.365,Idle
0.003,-0.004,1.021,0.507,-2.240,1.400,Idle
0.003,-0.006,1.020,0.499,-2.214,1.356,Idle
-0.001,0.002,1.022,0.516,-2.275,1.365,Idle
0.002,-0.004,1.020,0.516,-2.240,1.444,Idle
0.002,-0.003,1.020,0.569,-2.266,1.409,Idle
0.002,-0.002,1.019,0.525,-2.257,1.365,Idle
0.002,0.000,1.019,0.499,-2.240,1.409,Idle
0.003,-0.003,1.020,0.534,-2.275,1.391,Idle
0.002,-0.003,1.020,0.543,-2.240,1.356,Idle
0.001,-0.000,1.019,0.525,-2.284,1.391,Idle
0.002,-0.002,1.021,0.543,-2.266,1.400,Idle
0.002,-0.003,1.020,0.507,-2.257,1.426,Idle
0.002,-0.001,1.020,0.551,-2.266,1.452,Idle
0.001,-0.000,1.019,0.551,-2.284,1.400,Idle
0.002,-0.003,1.021,0.499,-2.275,1.365,Idle
0.003,-0.004,1.019,0.507,-2.257,1.365,Idle
0.002,-0.001,1.019,0.534,-2.249,1.409,Idle
0.001,-0.000,1.020,0.499,-2.240,1.374,Idle
0.003,-0.003,1.020,0.543,-2.223,1.400,Idle
0.003,-0.004,1.019,0.525,-2.249,1.365,Idle
0.002,-0.001,1.020,0.490,-2.223,1.374,Idle
0.002,0.000,1.019,0.507,-2.223,1.400,Idle
0.003,-0.004,1.020,0.551,-2.249,1.418,Idle
0.002,-0.005,1.022,0.543,-2.266,1.426,Idle
0.002,0.001,1.019,0.543,-2.249,1.409,Idle
0.001,0.001,1.021,0.516,-2.240,1.383,Idle
0.003,-0.004,1.021,0.525,-2.240,1.435,Idle
0.002,-0.003,1.018,0.560,-2.257,1.435,Idle
0.000,0.000,1.020,0.516,-2.249,1.400,Idle
0.001,-0.002,1.019,0.534,-2.257,1.418,Idle
0.003,-0.004,1.019,0.534,-2.266,1.400,Idle
0.001,-0.001,1.019,0.534,-2.266,1.391,Idle
-0.000,0.000,1.017,0.525,-2.240,1.391,Idle
0.004,-0.007,1.022,0.472,-2.214,1.400,Idle
0.003,-0.003,1.021,0.516,-2.249,1.400,Idle
0.001,-0.002,1.017,0.534,-2.249,1.383,Idle
0.003,-0.001,1.021,0.481,-2.249,1.383,Idle
0.001,-0.002,1.020,0.516,-2.249,1.426,Idle
0.004,-0.002,1.020,0.516,-2.231,1.461,Idle
0.002,-0.003,1.018,0.525,-2.257,1.391,Idle
0.002,-0.004,1.018,0.516,-2.196,1.374,Idle
0.003,0.000,1.018,0.507,-2.249,1.374,Idle
0.002,-0.004,1.015,0.543,-2.257,1.435,Idle
0.001,-0.004,1.020,0.551,-2.310,1.409,Idle
0.001,-0.000,1.023,0.525,-2.266,1.426,Idle
0.005,0.002,1.034,0.586,-2.284,1.374,Idle
0.002,-0.003,1.023,0.507,-2.266,1.435,Idle
0.000,-0.003,1.010,0.516,-2.240,1.452,Idle
-0.004,-0.007,1.008,0.507,-2.231,1.400,Idle
0.001,-0.004,1.013,0.516,-2.240,1.426,Idle
0.002,-0.001,1.019,0.516,-2.249,1.409,Idle
-0.001,-0.004,1.013,0.525,-2.240,1.365,Idle
0.003,0.001,1.027,0.525,-2.275,1.426,Idle
0.001,-0.004,1.019,0.481,-2.240,1.409,Idle
0.003,-0.003,1.023,0.525,-2.231,1.383,Idle
0.000,0.004,1.019,0.464,-2.240,1.426,Idle
-0.002,-0.002,1.020,0.534,-2.240,1.374,Idle
0.003,-0.010,1.018,0.455,-2.249,1.418,Idle
-0.002,-0.009,1.014,0.525,-2.196,0.499,Idle
0.002,0.003,1.040,0.438,-2.231,0.516,Idle
0.003,-0.007,1.020,0.560,-2.240,-0.166,Idle
-0.003,-0.001,1.007,0.429,-2.249,1.102,Idle
-0.004,-0.001,1.019,0.507,-2.266,1.374,Idle
-0.001,0.002,1.016,0.516,-2.223,1.400,Idle
0.002,-0.005,1.024,0.534,-2.240,1.383,Idle
0.003,-0.003,1.022,0.560,-2.257,1.409,Idle
0.002,0.002,1.019,0.481,-2.257,1.426,Idle
0.003,-0.002,1.019,0.551,-2.266,1.409,Idle
0.002,-0.007,1.019,0.525,-2.223,1.391,Idle
0.001,0.000,1.020,0.516,-2.231,1.383,Idle
0.001,0.002,1.020,0.481,-2.223,1.347,Idle
0.003,-0.005,1.020,0.560,-2.223,1.391,Idle
0.003,-0.005,1.019,0.507,-2.257,1.418,Idle
0.001,0.002,1.020,0.525,-2.223,1.400,Idle
0.002,-0.001,1.022,0.543,-2.231,1.418,Idle
0.002,-0.005,1.018,0.560,-2.231,1.383,Idle
0.003,-0.004,1.021,0.516,-2.275,1.339,Idle
0.001,0.002,1.020,0.543,-2.284,1.409,Idle
0.002,-0.002,1.018,0.507,-2.240,1.400,Idle
0.003,-0.006,1.019,0.507,-2.249,1.400,Idle
0.001,-0.003,1.019,0.490,-2.231,1.409,Idle
0.001,-0.000,1.020,0.525,-2.205,1.383,Idle
0.002,-0.002,1.021,0.516,-2.275,1.391,Idle
0.003,-0.004,1.017,0.516,-2.249,1.374,Idle
0.001,-0.002,1.019,0.543,-2.284,1.356,Idle
0.001,0.000,1.020,0.577,-2.257,1.426,Idle
0.001,-0.001,1.019,0.481,-2.231,1.409,Idle
0.002,-0.003,1.020,0.525,-2.257,1.409,Idle
0.002,-0.001,1.020,0.516,-2.240,1.418,Idle
0.002,-0.001,1.020,0.507,-2.257,1.409,Idle
0.002,-0.002,1.021,0.481,-2.223,1.444,Idle
0.002,-0.003,1.020,0.499,-2.257,1.391,Idle
0.001,-0.001,1.019,0.507,-2.275,1.400,Idle
0.002,-0.002,1.019,0.481,-2.223,1.347,Idle
0.003,-0.005,1.021,0.481,-2.240,1.374,Idle
0.001,-0.003,1.017,0.490,-2.223,1.365,Idle
0.002,0.001,1.021,0.516,-2.257,1.374,Idle
0.002,-0.002,1.023,0.525,-2.240,1.400,Idle
0.003,-0.005,1.019,0.516,-2.249,1.409,Idle
0.001,-0.001,1.020,0.534,-2.249,1.418,Idle
0.001,-0.000,1.020,0.516,-2.240,1.383,Idle
0.003,-0.004,1.019,0.560,-2.275,1.356,Idle
0.003,-0.003,1.019,0.516,-2.249,1.418,Idle
0.000,-0.000,1.018,0.472,-2.249,1.418,Idle
0.002,-0.001,1.019,0.560,-2.240,1.383,Idle
0.003,-0.005,1.021,0.586,-2.249,1.391,Idle
0.002,-0.003,1.020,0.525,-2.223,1.400,Idle
0.001,-0.000,1.021,0.569,-2.231,1.391,Idle
0.001,-0.002,1.020,0.525,-2.240,1.365,Idle
0.003,-0.004,1.021,0.534,-2.231,1.409,Idle
0.002,-0.001,1.020,0.499,-2.223,1.435,Idle
0.002,-0.002,1.019,0.507,-2.249,1.409,Idle
0.003,-0.003,1.019,0.516,-2.257,1.400,Idle
0.002,-0.002,1.020,0.534,-2.240,1.426,Idle
0.001,-0.001,1.020,0.507,-2.223,1.374,Idle
0.002,-0.002,1.020,0.507,-2.266,1.365,Idle
0.003,-0.003,1.019,0.507,-2.249,1.383,Idle
0.003,-0.002,1.019,0.534,-2.284,1.418,Idle
0.002,-0.001,1.019,0.569,-2.249,1.391,Idle
0.001,-0.003,1.020,0.543,-2.257,1.391,Idle
0.001,-0.003,1.019,0.507,-2.266,1.418,Idle
0.002,-0.002,1.019,0.525,-2.266,1.400,Idle
0.002,-0.001,1.021,0.525,-2.249,1.444,Idle
0.003,-0.003,1.019,0.499,-2.249,1.400,Idle
0.004,-0.003,1.019,0.499,-2.301,1.383,Idle
0.001,-0.003,1.019,0.543,-2.275,1.426,Idle
0.002,-0.002,1.020,0.499,-2.257,1.374,Idle
0.002,-0.002,1.018,0.543,-2.257,1.391,Idle
0.002,-0.002,1.020,0.499,-2.231,1.356,Idle
0.002,-0.001,1.020,0.560,-2.249,1.391,Idle
0.001,-0.002,1.022,0.534,-2.223,1.409,Idle
0.002,-0.001,1.019,0.543,-2.240,1.374,Idle
0.002,-0.002,1.019,0.481,-2.257,1.365,Idle
0.002,-0.001,1.020,0.534,-2.223,1.426,Idle
0.002,-0.002,1.019,0.551,-2.284,1.409,Idle
0.002,-0.002,1.018,0.534,-2.266,1.409,Idle
0.002,-0.001,1.019,0.499,-2.266,1.383,Idle
0.002,-0.005,1.021,0.525,-2.188,1.383,Idle
0.001,-0.000,1.020,0.551,-2.257,1.391,Idle
0.003,-0.003,1.020,0.507,-2.249,1.383,Idle
0.002,-0.002,1.019,0.516,-2.249,1.418,Idle
0.001,-0.002,1.021,0.499,-2.231,1.383,Idle
0.001,-0.001,1.021,0.516,-2.240,1.383,Idle
0.003,-0.004,1.019,0.543,-2.231,1.383,Idle
0.001,-0.002,1.021,0.516,-2.223,1.374,Idle
0.000,-0.000,1.019,0.499,-2.275,1.383,Idle
0.002,-0.002,1.019,0.569,-2.231,1.374,Idle
0.003,-0.003,1.019,0.481,-2.266,1.383,Idle
0.001,-0.002,1.020,0.577,-2.257,1.391,Idle
0.001,-0.001,1.020,0.490,-2.257,1.383,Idle
0.002,-0.003,1.021,0.551,-2.266,1.426,Idle
0.002,-0.003,1.021,0.490,-2.266,1.374,Idle
0.001,-0.002,1.020,0.551,-2.257,1.383,Idle
0.002,0.000,1.022,0.516,-2.231,1.409,Idle
0.002,-0.003,1.021,0.499,-2.257,1.374,Idle
0.002,-0.002,1.019,0.525,-2.293,1.383,Idle
0.002,-0.002,1.020,0.516,-2.284,1.444,Idle
0.002,-0.002,1.019,0.490,-2.231,1.383,Idle
0.002,-0.003,1.019,0.560,-2.257,1.418,Idle
0.002,-0.003,1.019,0.560,-2.205,1.400,Idle
0.002,-0.002,1.019,0.490,-2.231,1.435,Idle
0.002,-0.001,1.020,0.551,-2.240,1.374,Idle
0.002,-0.002,1.020,0.516,-2.266,1.426,Idle
0.002,-0.003,1.019,0.525,-2.240,1.391,Idle
0.002,-0.001,1.020,0.516,-2.257,1.409,Idle
0.002,-0.002,1.019,0.499,-2.266,1.383,Idle
0.002,-0.003,1.018,0.499,-2.249,1.339,Idle
0.002,-0.003,1.020,0.516,-2.275,1.356,Idle
0.002,-0.000,1.019,0.560,-2.249,1.391,Idle
0.001,-0.003,1.018,0.525,-2.257,1.426,Idle
0.002,-0.002,1.020,0.534,-2.249,1.400,Idle
0.002,-0.002,1.020,0.507,-2.214,1.391,Idle
0.003,-0.001,1.021,0.543,-2.240,1.374,Idle
0.001,-0.002,1.019,0.481,-2.284,1.383,Idle
0.002,-0.003,1.020,0.525,-2.249,1.391,Idle
0.002,-0.001,1.019,0.534,-2.275,1.409,Idle
0.002,-0.002,1.020,0.543,-2.240,1.418,Idle
0.002,-0.003,1.019,0.534,-2.249,1.339,Idle
0.003,-0.003,1.018,0.551,-2.240,1.391,Idle
0.001,-0.002,1.019,0.534,-2.266,1.400,Idle
0.002,-0.001,1.017,0.516,-2.240,1.383,Idle
0.002,-0.003,1.021,0.543,-2.188,1.374,Idle
0.002,-0.003,1.020,0.560,-2.240,1.391,Idle
0.002,-0.002,1.020,0.525,-2.240,1.391,Idle
0.002,-0.001,1.019,0.543,-2.266,1.356,Idle
0.002,-0.002,1.020,0.560,-2.257,1.409,Idle
0.002,-0.002,1.021,0.499,-2.257,1.391,Idle
0.002,-0.002,1.020,0.516,-2.257,1.426,Idle
0.002,-0.002,1.018,0.464,-2.249,1.409,Idle
0.002,-0.002,1.020,0.534,-2.240,1.383,Idle
0.001,-0.002,1.018,0.507,-2.266,1.409,Idle
0.002,-0.002,1.018,0.472,-2.275,1.391,Idle
0.001,-0.002,1.020,0.551,-2.275,1.383,Idle
0.001,-0.002,1.023,0.499,-2.249,1.400,Idle
0.002,-0.001,1.021,0.534,-2.257,1.391,Idle
0.002,-0.002,1.021,0.499,-2.240,1.391,Idle
0.002,-0.002,1.020,0.464,-2.240,1.400,Idle
0.002,-0.002,1.019,0.507,-2.249,1.400,Idle
0.001,-0.002,1.021,0.525,-2.266,1.400,Idle
0.002,-0.003,1.018,0.577,-2.231,1.391,Idle
0.002,-0.002,1.019,0.516,-2.284,1.400,Idle
0.001,-0.002,1.022,0.551,-2.249,1.374,Idle
0.002,-0.002,1.019,0.525,-2.249,1.400,Idle
0.002,-0.002,1.020,0.490,-2.257,1.365,Idle
0.002,-0.002,1.021,0.543,-2.257,1.383,Idle
0.002,-0.002,1.022,0.534,-2.231,1.365,Idle
0.002,-0.001,1.020,0.534,-2.257,1.383,Idle
0.003,-0.002,1.020,0.507,-2.223,1.409,Idle
0.003,-0.003,1.020,0.551,-2.249,1.391,Idle
0.002,-0.002,1.020,0.516,-2.249,1.418,Idle
0.001,-0.002,1.020,0.543,-2.240,1.391,Idle
0.002,-0.001,1.017,0.490,-2.240,1.383,Idle
0.002,-0.003,1.018,0.490,-2.223,1.391,Idle
0.002,-0.002,1.017,0.534,-2.266,1.347,Idle
0.002,-0.002,1.019,0.534,-2.266,1.330,Idle
0.002,-0.001,1.022,0.516,-2.223,1.383,Idle
0.002,-0.002,1.021,0.525,-2.214,1.400,Idle
0.002,-0.002,1.020,0.525,-2.249,1.347,Idle
0.001,-0.002,1.020,0.499,-2.257,1.383,Idle
0.002,-0.002,1.020,0.490,-2.240,1.426,Idle
0.002,-0.002,1.019,0.490,-2.231,1.418,Idle
0.003,-0.002,1.021,0.534,-2.257,1.374,Idle
0.002,-0.003,1.018,0.534,-2.240,1.400,Idle
0.002,-0.003,1.018,0.543,-2.266,1.409,Idle
0.002,-0.002,1.020,0.516,-2.231,1.391,Idle
0.002,-0.001,1.018,0.534,-2.266,1.400,Idle
0.002,-0.002,1.020,0.543,-2.266,1.426,Idle
0.003,-0.001,1.022,0.586,-2.240,1.365,Idle
0.001,-0.002,1.021,0.551,-2.231,1.391,Idle
0.002,-0.002,1.019,0.543,-2.266,1.383,Idle
0.001,-0.003,1.020,0.560,-2.240,1.391,Idle
0.003,-0.002,1.019,0.534,-2.240,1.374,Idle
0.001,-0.002,1.016,0.499,-2.275,1.391,Idle
0.002,-0.002,1.020,0.534,-2.275,1.391,Idle
0.002,-0.001,1.018,0.551,-2.231,1.391,Idle
-0.000,-0.006,1.016,0.551,-2.231,1.365,Idle
-0.001,-0.005,1.019,0.438,-2.275,1.383,Idle
0.001,-0.004,1.009,0.516,-2.214,1.391,Idle
-0.004,-0.013,0.977,0.403,-2.205,1.383,Idle
0.002,-0.005,1.012,0.464,-2.293,1.400,Idle
-0.001,-0.007,1.006,0.472,-2.266,1.426,Idle
0.000,-0.003,1.010,0.499,-2.223,1.374,Idle
0.001,-0.003,1.018,0.543,-2.293,1.365,Idle
0.002,-0.003,1.019,0.516,-2.266,1.374,Idle
0.001,-0.003,1.019,0.534,-2.266,1.339,Idle
0.001,-0.002,1.019,0.507,-2.266,1.426,Idle
0.002,-0.003,1.019,0.543,-2.257,1.383,Idle
0.002,-0.002,1.021,0.516,-2.240,1.374,Idle
0.002,-0.001,1.024,0.569,-2.240,1.400,Idle
0.001,-0.002,1.022,0.560,-2.231,1.383,Idle
0.001,-0.003,1.020,0.551,-2.231,1.435,Idle
0.002,-0.002,1.019,0.525,-2.240,1.383,Idle
0.002,-0.002,1.021,0.507,-2.231,1.383,Idle
0.002,-0.002,1.019,0.490,-2.231,1.391,Idle
0.002,-0.003,1.018,0.525,-2.257,1.383,Idle
0.002,-0.003,1.019,0.490,-2.240,1.374,Idle
0.001,-0.002,1.018,0.499,-2.249,1.418,Idle
0.002,-0.003,1.019,0.507,-2.257,1.391,Idle
0.002,-0.002,1.020,0.516,-2.257,1.400,Idle
0.002,-0.002,1.019,0.543,-2.240,1.365,Idle
0.001,-0.000,1.022,0.490,-2.231,1.391,Idle
0.001,-0.002,1.018,0.534,-2.223,1.400,Idle
0.003,-0.003,1.019,0.507,-2.240,1.365,Idle
0.002,-0.003,1.019,0.551,-2.249,1.391,Idle
0.001,-0.002,1.019,0.534,-2.275,1.418,Idle
0.002,-0.003,1.021,0.507,-2.249,1.391,Idle
0.002,-0.004,1.019,0.543,-2.249,1.383,Idle
0.001,-0.003,1.018,0.472,-2.257,1.383,Idle
0.002,-0.002,1.021,0.534,-2.266,1.391,Idle
0.002,-0.002,1.021,0.551,-2.223,1.374,Idle
0.003,-0.003,1.019,0.499,-2.231,1.400,Idle
0.002,-0.002,1.020,0.499,-2.249,1.374,Idle
0.003,-0.002,1.022,0.543,-2.284,1.400,Idle
0.003,-0.002,1.020,0.543,-2.266,1.365,Idle
0.002,-0.004,1.017,0.481,-2.240,1.418,Idle
0.003,-0.003,1.018,0.516,-2.266,1.321,Idle
0.002,-0.002,1.017,0.551,-2.275,1.383,Idle
0.002,-0.005,1.018,0.516,-2.266,1.409,Idle
0.001,-0.004,1.020,0.534,-2.231,1.383,Idle
0.002,-0.003,1.018,0.551,-2.231,1.383,Idle
-0.000,-0.000,1.020,0.525,-2.275,1.426,Idle
0.002,-0.005,1.020,0.516,-2.257,1.383,Idle
0.004,-0.004,1.018,0.569,-2.231,1.400,Idle
0.001,-0.001,1.018,0.472,-2.266,1.400,Idle
0.001,0.002,1.019,0.551,-2.240,1.418,Idle
0.002,-0.002,1.022,0.525,-2.249,1.374,Idle
0.002,-0.003,1.023,0.534,-2.266,1.365,Idle
0.001,-0.004,1.020,0.507,-2.214,1.356,Idle
0.001,-0.000,1.020,0.516,-2.223,1.391,Idle
0.002,-0.003,1.019,0.534,-2.231,1.383,Idle
0.003,-0.004,1.020,0.499,-2.275,1.383,Idle
0.003,-0.003,1.018,0.481,-2.240,1.418,Idle
0.000,-0.001,1.021,0.507,-2.231,1.365,Idle
0.002,-0.003,1.022,0.543,-2.240,1.383,Idle
0.001,-0.003,1.022,0.516,-2.240,1.383,Idle
0.002,-0.001,1.020,0.507,-2.249,1.365,Idle
0.002,-0.003,1.019,0.560,-2.205,1.444,Idle
0.003,-0.003,1.020,0.560,-2.266,1.383,Idle
0.002,-0.002,1.019,0.507,-2.257,1.383,Idle
0.002,-0.004,1.020,0.534,-2.240,1.374,Idle
0.002,-0.004,1.020,0.551,-2.266,1.409,Idle
0.002,0.001,1.021,0.499,-2.275,1.383,Idle
0.001,0.002,1.021,0.525,-2.284,1.400,Idle
0.001,-0.001,1.021,0.569,-2.240,1.383,Idle
0.003,-0.003,1.020,0.534,-2.249,1.409,Idle
0.002,0.000,1.017,0.490,-2.249,1.418,Idle
0.000,0.000,1.022,0.569,-2.240,1.400,Idle
0.002,-0.007,1.019,0.525,-2.266,1.391,Idle
0.001,-0.001,1.019,0.543,-2.284,1.391,Idle
0.000,0.005,1.021,0.534,-2.257,1.400,Idle
0.003,-0.000,1.019,0.525,-2.240,1.383,Idle
0.005,-0.009,1.021,0.560,-2.275,1.374,Idle
0.003,-0.004,1.020,0.499,-2.257,1.365,Idle
0.001,-0.000,1.019,0.586,-2.205,1.391,Idle
0.000,-0.001,1.021,0.551,-2.257,1.409,Idle
0.001,-0.003,1.018,0.543,-2.275,1.400,Idle
0.002,-0.002,1.019,0.516,-2.266,1.383,Idle
0.002,-0.003,1.019,0.534,-2.257,1.391,Idle
0.004,-0.005,1.021,0.481,-2.284,1.409,Idle
0.001,0.001,1.019,0.551,-2.240,1.409,Idle
0.000,0.001,1.019,0.569,-2.249,1.391,Idle
0.002,-0.004,1.018,0.499,-2.257,1.374,Idle
0.003,-0.005,1.020,0.525,-2.231,1.374,Idle
0.001,0.001,1.021,0.534,-2.249,1.374,Idle
0.002,0.001,1.021,0.499,-2.240,1.356,Idle
0.003,-0.003,1.019,0.516,-2.266,1.418,Idle
0.003,-0.006,1.020,0.507,-2.240,1.374,Idle
0.001,0.001,1.020,0.543,-2.266,1.356,Idle
0.000,0.002,1.020,0.525,-2.284,1.391,Idle
0.003,-0.004,1.018,0.560,-2.266,1.391,Idle
0.004,-0.006,1.019,0.516,-2.240,1.418,Idle
0.001,-0.001,1.018,0.543,-2.205,1.356,Idle
0.001,0.002,1.019,0.551,-2.223,1.356,Idle
0.003,-0.002,1.019,0.499,-2.249,1.400,Idle
0.003,-0.004,1.021,0.499,-2.249,1.409,Idle
0.002,-0.002,1.022,0.499,-2.249,1.365,Idle
0.002,0.000,1.021,0.490,-2.231,1.409,Idle
0.002,-0.002,1.021,0.507,-2.257,1.400,Idle
0.003,-0.002,1.019,0.507,-2.266,1.435,Idle
0.002,-0.001,1.020,0.507,-2.240,1.409,Idle
0.002,-0.001,1.021,0.543,-2.275,1.391,Idle
0.002,-0.004,1.019,0.525,-2.249,1.374,Idle
0.002,-0.001,1.019,0.499,-2.240,1.391,Idle
0.001,0.001,1.018,0.507,-2.257,1.409,Idle
0.003,-0.001,1.021,0.534,-2.223,1.391,Idle
0.003,-0.009,1.021,0.586,-2.214,1.374,Idle
-0.000,-0.002,1.021,0.543,-2.240,1.435,Idle
0.001,0.000,1.021,0.534,-2.214,1.418,Idle
0.003,-0.004,1.022,0.516,-2.257,1.383,Idle
0.003,-0.006,1.017,0.543,-2.249,1.409,Idle
0.001,0.003,1.021,0.551,-2.266,1.365,Idle
0.002,-0.001,1.020,0.525,-2.249,1.365,Idle
0.006,-0.004,1.017,0.525,-2.266,1.391,Idle
0.003,-0.004,1.017,0.516,-2.275,1.400,Idle
0.001,0.000,1.021,0.534,-2.284,1.409,Idle
0.005,-0.003,1.020,0.551,-2.240,1.391,Idle
0.004,-0.006,1.019,0.525,-2.257,1.418,Idle
0.002,0.001,1.023,0.481,-2.257,1.365,Idle
0.002,0.002,1.024,0.534,-2.249,1.435,Idle
0.001,-0.003,1.017,0.543,-2.284,1.374,Idle
0.003,-0.006,1.019,0.481,-2.231,1.409,Idle
0.002,-0.002,1.018,0.507,-2.284,1.391,Idle
0.002,0.000,1.019,0.490,-2.257,1.400,Idle
0.003,-0.003,1.018,0.543,-2.223,1.383,Idle
0.003,-0.004,1.020,0.490,-2.223,1.400,Idle
-0.000,-0.001,1.020,0.543,-2.257,1.365,Idle
0.002,-0.003,1.019,0.516,-2.266,1.400,Idle
0.005,-0.005,1.020,0.525,-2.257,1.409,Idle
0.005,-0.003,1.021,0.516,-2.284,1.365,Idle
0.001,-0.001,1.022,0.525,-2.257,1.426,Idle
0.001,-0.002,1.019,0.534,-2.257,1.383,Idle
0.002,-0.003,1.020,0.534,-2.240,1.409,Idle
0.003,-0.003,1.019,0.560,-2.249,1.409,Idle
0.001,-0.000,1.019,0.499,-2.257,1.391,Idle
0.002,-0.003,1.019,0.534,-2.231,1.400,Idle
0.002,-0.004,1.020,0.534,-2.266,1.409,Idle
0.002,-0.002,1.021,0.551,-2.231,1.374,Idle
0.001,-0.001,1.020,0.507,-2.240,1.365,Idle
0.001,-0.002,1.020,0.543,-2.275,1.400,Idle
0.002,-0.005,1.020,0.507,-2.266,1.418,Idle
0.002,-0.005,1.020,0.543,-2.266,1.339,Idle
0.000,-0.000,1.020,0.525,-2.231,1.418,Idle
0.000,-0.000,1.018,0.525,-2.249,1.356,Idle
0.003,-0.002,1.019,0.472,-2.257,1.356,Idle
0.001,-0.003,1.019,0.507,-2.275,1.400,Idle
0.002,-0.001,1.019,0.516,-2.275,1.374,Idle
0.002,-0.002,1.019,0.499,-2.240,1.383,Idle
0.002,-0.003,1.019,0.534,-2.257,1.374,Idle
0.002,-0.003,1.019,0.534,-2.231,1.374,Idle
0.002,-0.000,1.020,0.551,-2.231,1.400,Idle
0.001,-0.002,1.019,0.516,-2.257,1.383,Idle
0.002,-0.004,1.019,0.525,-2.240,1.383,Idle
0.003,-0.001,1.018,0.551,-2.257,1.374,Idle
0.002,-0.002,1.021,0.525,-2.257,1.409,Idle
0.003,-0.004,1.020,0.534,-2.275,1.409,Idle
0.002,-0.003,1.020,0.516,-2.257,1.383,Idle
0.002,-0.000,1.019,0.507,-2.275,1.383,Idle
0.002,-0.001,1.018,0.464,-2.223,1.409,Idle
0.002,-0.004,1.019,0.507,-2.249,1.383,Idle
0.002,-0.003,1.017,0.534,-2.231,1.374,Idle
0.002,-0.002,1.021,0.534,-2.240,1.374,Idle
0.003,-0.003,1.018,0.516,-2.249,1.400,Idle
0.002,-0.002,1.020,0.516,-2.249,1.400,Idle
0.002,-0.002,1.022,0.551,-2.266,1.356,Idle
0.003,-0.002,1.020,0.507,-2.310,1.383,Idle
0.002,-0.003,1.020,0.543,-2.240,1.339,Idle
0.001,-0.003,1.019,0.577,-2.240,1.383,Idle
0.002,-0.001,1.020,0.543,-2.231,1.400,Idle
0.003,-0.002,1.018,0.516,-2.240,1.339,Idle
0.003,-0.002,1.019,0.525,-2.257,1.374,Idle
0.002,-0.002,1.022,0.569,-2.249,1.610,Idle
0.001,-0.001,1.021,0.499,-2.266,1.531,Idle
0.000,-0.008,1.019,0.543,-2.214,-0.770,Idle
0.003,-0.002,1.020,0.543,-2.266,1.409,Idle
0.002,-0.003,1.019,0.534,-2.240,1.383,Idle
0.002,-0.003,1.019,0.507,-2.240,1.339,Idle
0.002,-0.002,1.020,0.543,-2.231,1.400,Idle
0.001,-0.002,1.020,0.534,-2.257,1.391,Idle
0.002,-0.002,1.021,0.499,-2.240,1.409,Idle
0.003,-0.004,1.019,0.525,-2.257,1.383,Idle
0.002,-0.002,1.019,0.569,-2.223,1.365,Idle
0.001,-0.001,1.020,0.534,-2.249,1.391,Idle
0.003,-0.003,1.018,0.507,-2.275,1.418,Idle
0.003,-0.002,1.018,0.534,-2.275,1.374,Idle
0.001,-0.001,1.017,0.525,-2.249,1.400,Idle
0.002,-0.001,1.017,0.481,-2.240,1.339,Idle
0.002,-0.003,1.019,0.490,-2.284,1.365,Idle
0.002,-0.002,1.020,0.551,-2.249,1.374,Idle
0.002,-0.002,1.020,0.481,-2.257,1.356,Idle
0.002,-0.002,1.021,0.543,-2.240,1.418,Idle
0.002,-0.003,1.016,0.499,-2.257,1.400,Idle
0.003,-0.000,1.020,0.543,-2.257,1.365,Idle
0.001,0.000,1.021,0.534,-2.240,1.400,Idle
0.002,-0.002,1.019,0.525,-2.284,1.409,Idle
0.004,-0.002,1.018,0.551,-2.231,1.365,Idle
0.002,-0.001,1.019,0.569,-2.231,1.400,Idle
0.001,-0.000,1.020,0.499,-2.266,1.444,Idle
0.003,-0.003,1.018,0.551,-2.240,1.409,Idle
0.002,-0.001,1.018,0.525,-2.240,1.374,Idle
0.000,-0.000,1.021,0.551,-2.257,1.400,Idle
0.001,-0.002,1.019,0.525,-2.257,1.418,Idle
0.002,-0.002,1.022,0.525,-2.249,1.374,Idle
0.002,-0.002,1.017,0.499,-2.249,1.409,Idle
0.001,-0.003,1.019,0.516,-2.231,1.409,Idle
0.002,-0.002,1.020,0.516,-2.240,1.374,Idle
0.003,-0.004,1.017,0.516,-2.249,1.383,Idle
0.002,-0.001,1.017,0.525,-2.240,1.383,Idle
0.001,-0.002,1.018,0.472,-2.257,1.400,Idle
0.000,-0.004,1.019,0.507,-2.240,1.400,Idle
0.001,-0.005,1.020,0.543,-2.223,1.391,Idle
0.001,-0.002,1.020,0.534,-2.257,1.383,Idle
0.000,-0.002,1.019,0.499,-2.275,1.365,Idle
0.004,-0.003,1.020,0.534,-2.249,1.391,Idle
0.003,-0.002,1.019,0.525,-2.240,1.400,Idle
0.002,-0.002,1.019,0.569,-2.231,1.365,Idle
0.002,-0.003,1.019,0.551,-2.240,1.391,Idle
0.003,-0.003,1.022,0.525,-2.214,1.391,Idle
-0.000,0.000,1.023,0.569,-2.284,1.383,Idle
0.003,-0.002,1.019,0.490,-2.240,1.418,Idle
0.002,-0.002,1.019,0.525,-2.214,1.383,Idle
0.001,-0.002,1.021,0.534,-2.257,1.409,Idle
0.001,-0.001,1.020,0.490,-2.249,1.400,Idle
0.003,-0.002,1.019,0.525,-2.257,1.400,Idle
0.001,-0.002,1.020,0.534,-2.257,1.374,Idle
0.003,-0.003,1.017,0.507,-2.231,1.374,Idle
0.001,-0.003,1.019,0.534,-2.266,1.374,Idle
0.002,-0.002,1.021,0.577,-2.231,1.365,Idle
0.001,0.001,1.017,0.507,-2.240,1.365,Idle
0.000,0.001,1.020,0.534,-2.275,1.418,Idle
0.003,-0.008,1.020,0.543,-2.249,1.365,Idle
0.001,0.000,1.020,0.560,-2.266,1.391,Idle
0.001,-0.000,1.018,0.525,-2.266,1.365,Idle
0.002,-0.001,1.020,0.525,-2.319,1.383,Idle
0.003,-0.006,1.021,0.534,-2.240,1.409,Idle
0.002,0.000,1.021,0.543,-2.257,1.400,Idle
0.002,-0.003,1.019,0.507,-2.249,1.400,Idle
0.001,-0.000,1.019,0.525,-2.231,1.400,Idle
0.002,-0.004,1.018,0.543,-2.223,1.426,Idle
0.002,-0.002,1.019,0.551,-2.257,1.391,Idle
0.000,-0.001,1.019,0.499,-2.275,1.374,Idle
0.003,-0.003,1.020,0.516,-2.223,1.374,Idle
0.003,-0.003,1.020,0.525,-2.275,1.391,Idle
0.001,-0.000,1.020,0.516,-2.249,1.391,Idle
0.001,-0.000,1.019,0.534,-2.257,1.356,Idle
0.003,-0.004,1.020,0.525,-2.249,1.418,Idle
0.002,-0.002,1.019,0.560,-2.266,1.435,Idle
0.003,0.000,1.021,0.490,-2.266,1.418,Idle
0.003,-0.002,1.020,0.516,-2.231,1.347,Idle
0.003,-0.003,1.022,0.525,-2.249,1.400,Idle
0.001,-0.001,1.017,0.499,-2.231,1.391,Idle
0.001,0.000,1.019,0.525,-2.257,1.444,Idle
0.002,-0.003,1.018,0.551,-2.223,1.356,Idle
0.002,-0.003,1.019,0.507,-2.257,1.400,Idle
0.001,-0.000,1.020,0.543,-2.240,1.409,Idle
0.002,-0.002,1.020,0.534,-2.240,1.365,Idle
0.002,-0.003,1.020,0.543,-2.240,1.426,Idle
0.001,-0.002,1.022,0.543,-2.257,1.383,Idle
0.001,-0.004,1.024,0.534,-2.240,1.418,Idle
0.001,-0.002,1.018,0.543,-2.214,1.426,Idle
-0.001,0.001,1.025,0.560,-2.231,1.391,Idle
0.003,-0.000,1.017,0.534,-2.240,1.409,Idle
0.006,-0.007,1.020,0.551,-2.257,1.383,Idle
0.004,-0.008,1.017,0.490,-2.275,1.356,Idle
-0.006,0.015,1.020,0.534,-2.240,1.374,Idle
0.004,-0.009,1.021,0.543,-2.284,1.418,Idle
0.006,-0.013,1.018,0.516,-2.249,1.356,Idle
0.001,0.004,1.020,0.586,-2.240,1.356,Idle
-0.001,0.007,1.019,0.534,-2.231,1.400,Idle
0.005,-0.012,1.020,0.577,-2.257,1.383,Idle
0.006,-0.015,1.017,0.516,-2.275,1.383,Idle
-0.000,0.007,1.020,0.534,-2.266,1.400,Idle
-0.000,0.004,1.020,0.560,-2.275,1.365,Idle
0.005,-0.011,1.019,0.516,-2.223,1.409,Idle
0.005,-0.007,1.021,0.534,-2.257,1.391,Idle
-0.001,0.006,1.022,0.543,-2.231,1.383,Idle
0.002,-0.002,1.019,0.490,-2.284,1.383,Idle
0.004,-0.010,1.017,0.507,-2.214,1.374,Idle
0.003,-0.001,1.021,0.551,-2.275,1.374,Idle
-0.001,0.005,1.023,0.551,-2.266,1.400,Idle
0.002,-0.001,1.022,0.516,-2.266,1.418,Idle
0.005,-0.008,1.020,0.560,-2.257,1.356,Idle
0.002,-0.002,1.021,0.499,-2.257,1.391,Idle
0.001,0.002,1.019,0.507,-2.275,1.400,Idle
0.004,-0.005,1.018,0.507,-2.266,1.391,Idle
0.003,-0.006,1.018,0.534,-2.266,1.391,Idle
0.002,-0.001,1.019,0.551,-2.240,1.356,Idle
-0.000,0.003,1.020,0.516,-2.284,1.400,Idle
0.003,-0.006,1.020,0.569,-2.257,1.374,Idle
0.003,-0.006,1.018,0.543,-2.266,1.400,Idle
0.001,0.002,1.018,0.595,-2.223,1.409,Idle
-0.000,0.002,1.018,0.516,-2.231,1.391,Idle
0.003,-0.005,1.020,0.490,-2.249,1.374,Idle
0.003,-0.005,1.018,0.507,-2.231,1.400,Idle
0.001,-0.000,1.019,0.534,-2.284,1.391,Idle
0.001,-0.003,1.019,0.507,-2.249,1.383,Idle
0.004,-0.005,1.020,0.586,-2.275,1.383,Idle
0.002,-0.003,1.020,0.516,-2.240,1.383,Idle
0.001,0.001,1.019,0.525,-2.249,1.383,Idle
0.001,-0.000,1.019,0.534,-2.240,1.391,Idle
0.004,-0.008,1.018,0.507,-2.240,1.400,Idle
0.003,-0.004,1.020,0.507,-2.257,1.356,Idle
-0.001,0.003,1.019,0.525,-2.249,1.391,Idle
0.001,-0.002,1.018,0.560,-2.284,1.391,Idle
0.002,-0.004,1.020,0.534,-2.214,1.409,Idle
0.003,-0.002,1.021,0.516,-2.240,1.374,Idle
0.002,-0.004,1.019,0.516,-2.275,1.418,Idle
0.003,-0.003,1.019,0.481,-2.249,1.400,Idle
0.003,-0.002,1.020,0.472,-2.240,1.383,Idle
0.001,-0.001,1.018,0.534,-2.249,1.391,Idle
0.002,-0.002,1.019,0.560,-2.249,1.383,Idle
0.003,-0.003,1.019,0.543,-2.223,1.365,Idle
0.001,0.001,1.019,0.534,-2.266,1.356,Idle
0.001,0.001,1.019,0.516,-2.240,1.400,Idle
0.002,-0.001,1.018,0.543,-2.231,1.400,Idle
0.003,-0.004,1.020,0.551,-2.249,1.400,Idle
0.003,-0.005,1.020,0.534,-2.293,1.426,Idle
0.001,-0.002,1.021,0.525,-2.257,1.374,Idle
0.003,-0.004,1.020,0.516,-2.214,1.347,Idle
0.003,-0.002,1.019,0.525,-2.257,1.383,Idle
0.002,-0.002,1.019,0.534,-2.249,1.374,Idle
0.003,-0.002,1.019,0.507,-2.214,1.400,Idle
0.002,-0.001,1.018,0.499,-2.240,1.409,Idle
0.002,-0.003,1.019,0.551,-2.240,1.347,Idle
0.002,-0.004,1.019,0.560,-2.257,1.409,Idle
0.001,-0.001,1.020,0.516,-2.240,1.374,Idle
0.001,-0.002,1.019,0.507,-2.240,1.383,Idle
0.002,-0.003,1.020,0.490,-2.249,1.426,Idle
0.003,-0.003,1.019,0.560,-2.249,1.383,Idle
0.003,-0.001,1.020,0.534,-2.275,1.356,Idle
0.001,-0.000,1.019,0.525,-2.293,1.400,Idle
0.002,-0.002,1.020,0.525,-2.266,1.400,Idle
0.003,-0.002,1.020,0.525,-2.240,1.383,Idle
0.003,-0.001,1.020,0.543,-2.214,1.383,Idle
0.001,-0.003,1.020,0.525,-2.240,1.426,Idle
0.002,-0.003,1.019,0.525,-2.249,1.391,Idle
0.002,-0.002,1.018,0.490,-2.275,1.374,Idle
0.003,-0.002,1.019,0.560,-2.240,1.365,Idle
0.000,-0.002,1.023,0.507,-2.214,1.400,Idle
0.001,0.000,1.018,0.481,-2.240,1.365,Idle
0.001,-0.001,1.020,0.516,-2.223,1.356,Idle
0.002,-0.002,1.019,0.516,-2.293,1.374,Idle
0.002,-0.003,1.019,0.543,-2.240,1.365,Idle
0.003,0.000,1.019,0.472,-2.257,1.444,Idle
0.002,0.000,1.020,0.516,-2.257,1.391,Idle
0.004,-0.005,1.021,0.560,-2.240,1.409,Idle
0.003,-0.003,1.020,0.569,-2.266,1.391,Idle
0.003,-0.001,1.019,0.551,-2.249,1.365,Idle
0.001,0.002,1.019,0.507,-2.275,1.409,Idle
0.002,-0.003,1.021,0.551,-2.257,1.409,Idle
0.003,-0.004,1.021,0.534,-2.231,1.383,Idle
0.002,-0.002,1.021,0.560,-2.240,1.374,Idle
0.003,-0.002,1.020,0.499,-2.214,1.391,Idle
0.002,-0.003,1.018,0.481,-2.257,1.365,Idle
0.001,-0.002,1.021,0.499,-2.240,1.418,Idle
-0.001,-0.000,1.019,0.516,-2.240,1.383,Idle
0.002,-0.005,1.020,0.543,-2.205,1.374,Idle
0.002,-0.003,1.019,0.525,-2.240,1.383,Idle
0.001,0.001,1.020,0.543,-2.257,1.400,Idle
0.001,-0.001,1.020,0.534,-2.293,1.391,Idle
0.003,-0.005,1.020,0.551,-2.249,1.400,Idle
0.002,-0.003,1.021,0.507,-2.275,1.365,Idle
0.002,-0.001,1.020,0.490,-2.275,1.409,Idle
0.002,-0.001,1.022,0.516,-2.214,1.365,Idle
0.003,-0.006,1.019,0.525,-2.257,1.400,Idle
0.002,-0.002,1.021,0.534,-2.240,1.374,Idle
0.002,0.002,1.020,0.507,-2.266,1.356,Idle
0.002,-0.000,1.020,0.551,-2.231,1.400,Idle
0.003,-0.006,1.018,0.490,-2.249,1.400,Idle
0.002,-0.003,1.019,0.534,-2.284,1.347,Idle
0.001,0.001,1.019,0.534,-2.249,1.356,Idle
0.002,-0.000,1.020,0.560,-2.240,1.409,Idle
0.003,-0.005,1.022,0.543,-2.266,1.409,Idle
0.003,0.000,1.021,0.481,-2.275,1.400,Idle
0.002,0.002,1.022,0.543,-2.205,1.339,Idle
0.001,-0.001,1.020,0.490,-2.249,1.400,Idle
0.001,-0.006,1.017,0.507,-2.223,1.426,Idle
0.002,-0.004,1.019,0.499,-2.266,1.383,Idle
0.002,-0.003,1.018,0.507,-2.266,1.383,Idle
0.002,-0.002,1.019,0.560,-2.293,1.391,Idle
0.001,-0.001,1.017,0.569,-2.223,1.374,Idle
-0.000,0.001,1.022,0.507,-2.240,1.418,Idle
0.001,-0.000,1.020,0.534,-2.284,1.347,Idle
0.002,-0.003,1.021,0.551,-2.266,1.391,Idle
0.002,-0.001,1.019,0.499,-2.249,1.418,Idle
0.001,-0.000,1.019,0.525,-2.205,1.374,Idle
0.002,-0.003,1.019,0.507,-2.240,1.391,Idle
0.002,-0.006,1.019,0.560,-2.214,1.383,Idle
0.001,-0.005,1.018,0.516,-2.214,1.391,Idle
0.002,-0.001,1.020,0.516,-2.257,1.400,Idle
0.002,-0.000,1.021,0.507,-2.266,1.409,Idle
0.002,-0.003,1.020,0.525,-2.257,1.409,Idle
0.002,-0.004,1.019,0.525,-2.284,1.391,Idle
0.002,-0.002,1.019,0.507,-2.257,1.418,Idle
0.003,-0.002,1.019,0.516,-2.205,1.365,Idle
0.003,-0.002,1.020,0.534,-2.249,1.400,Idle
0.002,-0.002,1.021,0.525,-2.240,1.391,Idle
0.002,-0.003,1.020,0.507,-2.223,1.365,Idle
0.001,-0.001,1.019,0.490,-2.231,1.418,Idle
0.002,-0.002,1.018,0.499,-2.249,1.383,Idle
0.003,-0.001,1.020,0.507,-2.257,1.645,Idle
0.001,-0.002,1.018,0.577,-2.266,1.374,Idle
0.002,-0.002,1.018,0.499,-2.284,1.383,Idle
0.003,-0.003,1.019,0.551,-2.249,1.347,Idle
0.001,-0.001,1.020,0.534,-2.310,1.400,Idle
0.002,-0.001,1.020,0.543,-2.257,1.400,Idle
0.003,-0.002,1.020,0.534,-2.223,1.409,Idle
0.001,-0.002,1.019,0.516,-2.240,1.383,Idle
0.003,-0.003,1.020,0.516,-2.240,1.365,Idle
0.002,-0.002,1.018,0.516,-2.231,1.418,Idle
0.001,-0.002,1.020,0.543,-2.231,1.383,Idle
0.002,-0.002,1.018,0.525,-2.223,1.400,Idle
0.000,-0.001,1.019,0.525,-2.275,1.383,Idle
0.003,-0.003,1.020,0.551,-2.266,1.365,Idle
0.003,-0.002,1.020,0.525,-2.249,1.365,Idle
0.002,-0.002,1.020,0.516,-2.266,1.400,Idle
0.001,-0.000,1.020,0.499,-2.249,1.418,Idle
0.001,-0.001,1.020,0.543,-2.231,1.374,Idle
0.002,-0.003,1.018,0.516,-2.205,1.391,Idle
0.002,-0.003,1.017,0.507,-2.257,1.374,Idle
0.001,-0.001,1.018,0.499,-2.284,1.383,Idle
0.003,-0.003,1.020,0.534,-2.257,1.400,Idle
0.003,-0.003,1.022,0.543,-2.310,1.339,Idle
0.001,-0.000,1.021,0.499,-2.284,1.391,Idle
0.001,0.000,1.020,0.543,-2.284,1.391,Idle
0.002,-0.004,1.021,0.525,-2.266,1.400,Idle
0.001,-0.005,1.018,0.499,-2.257,1.339,Idle
0.001,-0.001,1.020,0.507,-2.231,1.347,Idle
0.002,-0.001,1.020,0.543,-2.257,1.374,Idle
0.002,-0.003,1.023,0.525,-2.249,1.400,Idle
0.002,-0.003,1.016,0.534,-2.249,1.347,Idle
0.001,-0.003,1.018,0.569,-2.293,1.374,Idle
0.002,-0.003,1.018,0.534,-2.266,1.391,Idle
0.002,-0.002,1.020,0.525,-2.240,1.383,Idle
0.002,-0.000,1.021,0.586,-2.240,1.418,Idle
0.001,-0.001,1.019,0.551,-2.257,1.426,Idle
0.001,-0.001,1.021,0.516,-2.249,1.365,Idle
0.001,-0.002,1.022,0.543,-2.240,1.391,Idle
0.000,-0.003,1.019,0.560,-2.249,1.409,Idle
0.002,-0.002,1.021,0.560,-2.257,1.391,Idle
0.002,-0.002,1.020,0.534,-2.240,1.365,Idle
0.001,-0.002,1.020,0.525,-2.275,1.374,Idle
0.003,-0.003,1.017,0.507,-2.257,1.383,Idle
0.001,-0.003,1.019,0.543,-2.257,1.374,Idle
0.001,0.001,1.022,0.543,-2.275,1.374,Idle
0.003,-0.004,1.020,0.569,-2.249,1.347,Idle
0.003,-0.004,1.019,0.543,-2.249,1.409,Idle
0.002,-0.001,1.020,0.516,-2.240,1.418,Idle
0.001,-0.002,1.020,0.507,-2.231,1.400,Idle
0.003,-0.004,1.022,0.543,-2.310,1.418,Idle
0.003,-0.002,1.017,0.534,-2.284,1.356,Idle
-0.001,0.000,1.020,0.543,-2.240,1.383,Idle
0.001,-0.002,1.019,0.516,-2.240,1.347,Idle
0.004,-0.004,1.021,0.534,-2.257,1.400,Idle
0.002,-0.003,1.021,0.560,-2.257,1.435,Idle
0.000,-0.002,1.018,0.525,-2.214,1.383,Idle
0.002,-0.004,1.021,0.507,-2.249,1.374,Idle
0.003,-0.003,1.020,0.507,-2.223,1.374,Idle
0.002,-0.000,1.022,0.569,-2.257,1.391,Idle
0.001,0.001,1.020,0.464,-2.266,1.418,Idle
0.003,-0.005,1.018,0.472,-2.266,1.383,Idle
0.004,-0.006,1.017,0.472,-2.257,1.356,Idle
0.000,0.000,1.022,0.507,-2.275,1.400,Idle
0.001,0.001,1.017,0.525,-2.249,1.347,Idle
0.000,-0.002,1.018,0.481,-2.240,1.400,Idle
0.003,-0.002,1.021,0.534,-2.214,1.374,Idle
0.001,-0.001,1.017,0.481,-2.257,1.374,Idle
0.002,-0.002,1.021,0.525,-2.275,1.383,Idle
0.003,-0.004,1.021,0.525,-2.249,1.409,Idle
0.001,0.000,1.017,0.534,-2.257,1.383,Idle
0.001,-0.001,1.019,0.507,-2.240,1.356,Idle
0.002,-0.005,1.017,0.534,-2.240,1.435,Idle
0.003,-0.004,1.021,0.551,-2.240,1.365,Idle
0.001,0.000,1.019,0.577,-2.257,1.365,Idle
0.002,-0.001,1.018,0.516,-2.284,1.383,Idle
0.002,-0.004,1.019,0.543,-2.257,1.383,Idle
0.002,-0.003,1.020,0.543,-2.249,1.330,Idle
0.002,-0.002,1.018,0.543,-2.249,1.383,Idle
0.002,-0.002,1.019,0.551,-2.249,1.374,Idle
0.003,-0.003,1.021,0.551,-2.301,1.391,Idle
0.003,-0.003,1.020,0.499,-2.249,1.409,Idle
0.001,-0.001,1.020,0.516,-2.249,1.418,Idle
0.002,-0.002,1.021,0.525,-2.266,1.400,Idle
0.003,-0.003,1.019,0.499,-2.240,1.409,Idle
0.002,-0.003,1.019,0.560,-2.223,1.356,Idle
0.002,-0.001,1.019,0.507,-2.293,1.339,Idle
0.002,-0.001,1.018,0.551,-2.257,1.374,Idle
0.003,-0.003,1.020,0.516,-2.266,1.391,Idle
0.002,-0.001,1.020,0.507,-2.223,1.426,Idle
0.002,-0.001,1.019,0.499,-2.231,1.383,Idle
0.002,-0.003,1.020,0.507,-2.240,1.400,Idle
0.002,-0.004,1.020,0.534,-2.266,1.374,Idle
0.002,-0.001,1.018,0.543,-2.223,1.374,Idle
0.001,0.000,1.019,0.525,-2.214,1.391,Idle
0.001,-0.001,1.017,0.525,-2.275,1.374,Idle
0.002,-0.003,1.019,0.543,-2.257,1.383,Idle
0.002,-0.002,1.021,0.569,-2.249,1.444,Idle
0.002,-0.001,1.019,0.560,-2.257,1.383,Idle
0.002,-0.002,1.018,0.543,-2.249,1.339,Idle
0.002,-0.001,1.022,0.543,-2.249,1.365,Idle
0.002,-0.003,1.017,0.543,-2.266,1.391,Idle
0.003,-0.004,1.021,0.551,-2.275,1.400,Idle
0.002,-0.001,1.022,0.481,-2.223,1.365,Idle
0.001,-0.003,1.018,0.551,-2.249,1.409,Idle
0.002,-0.001,1.021,0.507,-2.249,1.374,Idle
0.002,-0.003,1.019,0.543,-2.231,1.347,Idle
0.002,-0.003,1.019,0.525,-2.240,1.365,Idle
0.002,-0.000,1.020,0.516,-2.266,1.374,Idle
0.001,-0.000,1.018,0.499,-2.257,1.435,Idle
0.002,-0.001,1.019,0.534,-2.257,1.400,Idle
0.002,-0.003,1.021,0.516,-2.249,1.400,Idle
0.002,-0.003,1.022,0.551,-2.284,1.409,Idle
0.001,-0.002,1.021,0.499,-2.240,1.400,Idle
0.002,-0.001,1.020,0.534,-2.249,1.374,Idle
0.003,-0.003,1.019,0.490,-2.196,1.409,Idle
0.002,-0.004,1.018,0.507,-2.223,1.383,Idle
0.003,-0.002,1.019,0.551,-2.257,1.435,Idle
0.001,-0.001,1.018,0.543,-2.249,1.409,Idle
0.003,-0.003,1.019,0.543,-2.275,1.435,Idle
0.003,-0.004,1.021,0.569,-2.275,1.365,Idle
0.001,-0.002,1.019,0.507,-2.257,1.383,Idle
0.000,-0.000,1.021,0.516,-2.284,1.383,Idle
0.001,-0.003,1.021,0.490,-2.240,1.339,Idle
0.001,-0.003,1.020,0.543,-2.231,1.356,Idle
0.003,-0.003,1.021,0.525,-2.240,1.418,Idle
0.001,-0.002,1.018,0.490,-2.249,1.383,Idle
0.003,-0.003,1.017,0.490,-2.257,1.374,Idle
0.002,-0.002,1.017,0.543,-2.223,1.374,Idle
0.002,-0.003,1.018,0.534,-2.231,1.374,Idle
0.003,-0.002,1.021,0.499,-2.257,1.356,Idle
0.001,0.000,1.021,0.525,-2.266,1.339,Idle
0.002,-0.002,1.020,0.586,-2.231,1.374,Idle
0.002,-0.002,1.020,0.525,-2.240,1.383,Idle
0.002,-0.002,1.022,0.534,-2.266,1.383,Idle
0.002,-0.003,1.020,0.551,-2.266,1.391,Idle
0.001,-0.002,1.021,0.516,-2.284,1.435,Idle
0.002,-0.002,1.019,0.516,-2.249,1.356,Idle
0.001,-0.002,1.021,0.507,-2.249,1.435,Idle
0.001,-0.002,1.019,0.551,-2.231,1.400,Idle
0.001,-0.002,1.019,0.525,-2.249,1.418,Idle
0.003,-0.003,1.019,0.516,-2.240,1.400,Idle
0.002,-0.003,1.021,0.560,-2.205,1.339,Idle
0.001,-0.002,1.021,0.516,-2.249,1.400,Idle
0.001,-0.003,1.019,0.534,-2.275,1.400,Idle
0.002,-0.000,1.022,0.543,-2.257,1.391,Idle
0.002,-0.002,1.021,0.543,-2.240,1.365,Idle
0.002,-0.003,1.019,0.490,-2.240,1.418,Idle
0.002,-0.001,1.021,0.560,-2.240,1.400,Idle
0.003,-0.002,1.019,0.499,-2.284,1.383,Idle
0.001,-0.002,1.019,0.525,-2.266,1.374,Idle
0.002,-0.002,1.020,0.516,-2.275,1.356,Idle
0.001,-0.001,1.019,0.525,-2.266,1.356,Idle
0.002,-0.003,1.019,0.551,-2.231,1.400,Idle
0.002,-0.005,1.021,0.481,-2.240,1.418,Idle
0.002,-0.003,1.019,0.490,-2.266,1.374,Idle
0.001,-0.000,1.021,0.507,-2.284,1.356,Idle
0.002,-0.001,1.020,0.534,-2.249,1.391,Idle
0.002,-0.005,1.019,0.543,-2.231,1.426,Idle
0.001,-0.001,1.021,0.525,-2.257,1.383,Idle
0.003,-0.002,1.019,0.525,-2.257,1.400,Idle
0.002,-0.005,1.019,0.481,-2.266,1.383,Idle
0.003,-0.002,1.020,0.490,-2.231,1.391,Idle
0.001,-0.002,1.017,0.490,-2.249,1.356,Idle
0.002,-0.002,1.020,0.560,-2.275,1.409,Idle
0.002,-0.004,1.021,0.543,-2.257,1.383,Idle
0.004,-0.004,1.021,0.481,-2.257,1.374,Idle
0.002,-0.002,1.021,0.551,-2.231,1.383,Idle
0.002,-0.000,1.020,0.551,-2.249,1.365,Idle
0.001,-0.003,1.018,0.481,-2.240,1.409,Idle
0.001,-0.002,1.019,0.534,-2.240,1.374,Idle
0.002,-0.001,1.020,0.516,-2.266,1.400,Idle
0.003,-0.002,1.018,0.543,-2.266,1.409,Idle
-0.001,0.001,1.020,0.472,-2.266,1.400,Idle
0.002,-0.002,1.016,0.569,-2.275,1.391,Idle
0.003,-0.002,1.022,0.551,-2.266,1.383,Idle
0.003,-0.002,1.018,0.516,-2.223,1.365,Idle
0.002,-0.002,1.021,0.507,-2.266,1.383,Idle
0.003,-0.003,1.019,0.586,-2.223,1.461,Idle
0.002,-0.001,1.020,0.525,-2.214,1.374,Idle
0.002,-0.001,1.020,0.551,-2.284,1.365,Idle
0.002,-0.001,1.021,0.507,-2.266,1.374,Idle
0.002,-0.003,1.021,0.525,-2.249,1.400,Idle
0.001,-0.002,1.020,0.499,-2.231,1.409,Idle
0.002,-0.001,1.018,0.560,-2.257,1.356,Idle
0.003,-0.004,1.018,0.534,-2.249,1.391,Idle
0.002,-0.002,1.020,0.499,-2.257,1.426,Idle
0.001,-0.002,1.019,0.543,-2.223,1.374,Idle
0.001,-0.001,1.020,0.525,-2.266,1.383,Idle
0.002,-0.003,1.020,0.525,-2.223,1.444,Idle
0.004,-0.005,1.021,0.525,-2.284,1.400,Idle
0.001,-0.000,1.020,0.560,-2.293,1.374,Idle
0.001,-0.000,1.017,0.490,-2.275,1.339,Idle
0.003,-0.004,1.017,0.551,-2.257,1.356,Idle
0.001,-0.004,1.016,0.534,-2.223,1.400,Idle
0.002,-0.001,1.019,0.516,-2.249,1.409,Idle
0.001,-0.002,1.019,0.516,-2.249,1.391,Idle
0.002,-0.002,1.022,0.560,-2.257,1.400,Idle
0.002,-0.003,1.021,0.543,-2.214,1.374,Idle
0.002,-0.003,1.019,0.516,-2.249,1.435,Idle
0.001,-0.003,1.021,0.499,-2.257,1.374,Idle
0.003,-0.001,1.020,0.507,-2.284,1.391,Idle
0.002,-0.002,1.020,0.534,-2.257,1.400,Idle
0.001,0.000,1.020,0.560,-2.249,1.409,Idle
0.003,-0.005,1.017,0.569,-2.214,1.400,Idle
0.004,-0.008,1.019,0.525,-2.249,1.391,Idle
0.001,0.002,1.020,0.551,-2.257,1.347,Idle
0.002,-0.000,1.020,0.551,-2.301,1.304,Idle
0.003,-0.003,1.020,0.516,-2.240,1.400,Idle
0.003,-0.004,1.020,0.543,-2.223,1.391,Idle
0.001,-0.000,1.019,0.525,-2.310,1.365,Idle
0.002,-0.000,1.021,0.577,-2.205,1.409,Idle
0.003,-0.004,1.017,0.516,-2.223,1.418,Idle
0.005,-0.010,1.019,0.507,-2.266,1.347,Idle
0.001,-0.000,1.019,0.560,-2.257,1.383,Idle
0.001,0.003,1.019,0.507,-2.284,1.383,Idle
0.003,-0.005,1.018,0.507,-2.249,1.418,Idle
0.003,-0.003,1.018,0.499,-2.240,1.374,Idle
0.001,0.001,1.018,0.551,-2.231,1.356,Idle
0.002,-0.001,1.021,0.534,-2.293,1.418,Idle
0.002,-0.006,1.019,0.499,-2.240,1.426,Idle
0.003,-0.005,1.022,0.534,-2.275,1.347,Idle
0.001,-0.001,1.019,0.499,-2.240,1.374,Idle
0.001,-0.001,1.020,0.534,-2.249,1.383,Idle
0.001,-0.004,1.021,0.481,-2.257,1.347,Idle
0.003,-0.002,1.019,0.516,-2.284,1.409,Idle
0.000,0.002,1.020,0.543,-2.266,1.383,Idle
0.001,-0.001,1.016,0.516,-2.231,1.383,Idle
0.002,-0.004,1.018,0.534,-2.249,1.383,Idle
0.004,-0.006,1.019,0.534,-2.266,1.391,Idle
-0.000,0.004,1.020,0.534,-2.257,1.356,Idle
0.003,-0.005,1.021,0.499,-2.240,1.330,Idle
0.003,-0.005,1.021,0.534,-2.231,1.400,Idle
0.001,0.000,1.020,0.516,-2.249,1.374,Idle
0.000,0.001,1.020,0.543,-2.257,1.383,Idle
0.000,-0.001,1.019,0.525,-2.249,1.418,Idle
0.003,-0.004,1.019,0.516,-2.257,1.374,Idle
0.001,0.001,1.019,0.543,-2.249,1.347,Idle
0.001,-0.001,1.020,0.560,-2.284,1.426,Idle
0.003,-0.005,1.019,0.534,-2.249,1.374,Idle
0.002,-0.004,1.020,0.525,-2.257,1.409,Idle
0.002,-0.005,1.019,0.543,-2.249,1.409,Idle
0.003,-0.005,1.022,0.534,-2.240,1.400,Idle
0.003,-0.005,1.019,0.525,-2.275,1.383,Idle
0.003,-0.003,1.019,0.534,-2.249,1.418,Idle
0.001,0.001,1.019,0.534,-2.231,1.383,Idle
0.000,-0.002,1.022,0.543,-2.249,1.400,Idle
0.002,-0.001,1.025,0.490,-2.249,1.400,Idle
0.003,-0.002,1.019,0.490,-2.293,1.374,Idle
0.002,0.000,1.019,0.516,-2.240,1.409,Idle
0.002,-0.002,1.018,0.534,-2.284,1.391,Idle
0.002,-0.004,1.019,0.499,-2.249,1.400,Idle
0.002,-0.001,1.021,0.543,-2.266,1.383,Idle
0.003,-0.000,1.020,0.516,-2.284,1.347,Idle
0.004,-0.003,1.022,0.534,-2.249,1.452,Idle
0.001,0.003,1.019,0.525,-2.249,1.383,Idle
0.003,-0.010,1.017,0.577,-2.257,1.418,Idle
0.002,-0.006,1.017,0.569,-2.231,1.356,Idle
0.005,0.006,1.017,0.543,-2.266,0.936,Idle
0.003,-0.002,1.021,0.534,-2.293,1.356,Idle
0.000,0.000,1.018,0.490,-2.240,1.400,Idle
0.004,-0.002,1.022,0.516,-2.240,1.418,Idle
0.002,-0.003,1.019,0.525,-2.240,1.365,Idle
0.000,0.000,1.019,0.543,-2.240,1.418,Idle
0.003,-0.003,1.020,0.516,-2.240,1.383,Idle
0.003,-0.004,1.019,0.516,-2.231,1.409,Idle
0.002,-0.000,1.020,0.472,-2.231,1.374,Idle
0.001,-0.001,1.020,0.543,-2.240,1.383,Idle
0.001,-0.002,1.019,0.499,-2.240,1.356,Idle
0.002,-0.003,1.019,0.507,-2.231,1.374,Idle
0.003,-0.002,1.020,0.543,-2.275,1.383,Idle
0.002,-0.002,1.019,0.525,-2.205,1.374,Idle
0.002,-0.001,1.018,0.551,-2.257,1.409,Idle
0.001,-0.001,1.020,0.516,-2.249,1.409,Idle
0.002,-0.001,1.020,0.525,-2.257,1.365,Idle
0.003,-0.004,1.020,0.560,-2.214,1.374,Idle
0.001,-0.003,1.020,0.569,-2.240,1.409,Idle
0.001,0.000,1.020,0.525,-2.257,1.400,Idle
0.001,-0.001,1.019,0.507,-2.240,1.374,Idle
0.002,-0.002,1.017,0.543,-2.266,1.374,Idle
0.002,-0.002,1.020,0.604,-2.214,1.409,Idle
0.002,-0.002,1.021,0.534,-2.223,1.374,Idle
0.003,-0.002,1.019,0.534,-2.205,1.391,Idle
0.001,-0.002,1.018,0.551,-2.231,1.391,Idle
0.002,-0.003,1.020,0.543,-2.240,1.365,Idle
0.001,-0.002,1.018,0.543,-2.249,1.400,Idle
0.002,-0.001,1.019,0.516,-2.231,1.418,Idle
0.003,-0.003,1.019,0.525,-2.240,1.391,Idle
0.003,-0.002,1.024,0.516,-2.266,1.426,Idle
0.002,-0.000,1.019,0.499,-2.223,1.391,Idle
0.002,-0.002,1.020,0.560,-2.249,1.383,Idle
0.001,-0.003,1.019,0.551,-2.240,1.374,Idle
0.002,-0.002,1.020,0.507,-2.266,1.391,Idle
0.001,-0.002,1.019,0.534,-2.240,1.391,Idle
0.002,-0.002,1.020,0.481,-2.240,1.409,Idle
0.001,-0.003,1.019,0.525,-2.257,1.383,Idle
0.001,-0.003,1.019,0.516,-2.257,1.391,Idle
0.001,-0.002,1.022,0.525,-2.249,1.409,Idle
0.002,-0.003,1.019,0.507,-2.231,1.383,Idle
0.002,-0.001,1.021,0.516,-2.240,1.418,Idle
0.001,-0.000,1.021,0.569,-2.249,1.391,Idle
0.002,-0.002,1.021,0.551,-2.231,1.374,Idle
0.003,-0.003,1.021,0.525,-2.266,1.339,Idle
0.002,0.001,1.020,0.543,-2.214,1.409,Idle
0.001,-0.000,1.020,0.543,-2.257,1.356,Idle
0.003,-0.001,1.020,0.534,-2.275,1.418,Idle
0.003,-0.005,1.020,0.525,-2.249,1.374,Idle
0.002,-0.003,1.019,0.534,-2.240,1.391,Idle
0.003,-0.003,1.019,0.490,-2.266,1.365,Idle
0.003,-0.004,1.021,0.551,-2.249,1.391,Idle
0.003,-0.001,1.019,0.534,-2.223,1.339,Idle
0.003,0.001,1.020,0.569,-2.214,1.356,Idle
0.003,-0.003,1.019,0.534,-2.257,1.391,Idle
0.002,-0.002,1.021,0.534,-2.240,1.409,Idle
0.001,-0.000,1.020,0.481,-2.257,1.409,Idle
0.002,-0.001,1.020,0.516,-2.240,1.409,Idle
0.002,-0.002,1.018,0.543,-2.231,1.374,Idle
0.003,-0.002,1.021,0.525,-2.257,1.383,Idle
0.002,-0.001,1.020,0.534,-2.249,1.391,Idle
0.002,-0.002,1.019,0.499,-2.275,1.391,Idle
0.003,-0.003,1.020,0.525,-2.266,1.365,Idle
0.002,-0.003,1.020,0.551,-2.205,1.374,Idle
0.003,-0.002,1.020,0.543,-2.257,1.374,Idle
0.002,-0.002,1.021,0.507,-2.223,1.374,Idle
0.001,-0.002,1.020,0.507,-2.223,1.383,Idle
0.002,-0.002,1.021,0.560,-2.249,1.374,Idle
0.002,-0.001,1.019,0.525,-2.240,1.347,Idle
0.002,-0.002,1.019,0.543,-2.257,1.426,Idle
0.001,-0.002,1.021,0.525,-2.240,1.391,Idle
0.003,-0.002,1.019,0.543,-2.257,1.365,Idle
0.000,-0.003,1.020,0.490,-2.240,1.383,Idle
0.001,-0.002,1.021,0.543,-2.223,1.409,Idle
0.001,-0.002,1.020,0.543,-2.231,1.400,Idle
0.003,-0.003,1.020,0.507,-2.240,1.409,Idle
0.001,-0.002,1.018,0.525,-2.266,1.365,Idle
0.002,-0.002,1.019,0.525,-2.223,1.400,Idle
0.003,-0.004,1.021,0.534,-2.257,1.374,Idle
0.002,-0.003,1.018,0.507,-2.240,1.383,Idle
0.001,0.001,1.021,0.507,-2.249,1.409,Idle
0.001,-0.005,1.018,0.507,-2.231,1.356,Idle
0.003,-0.003,1.020,0.525,-2.275,1.400,Idle
0.001,0.001,1.019,0.525,-2.249,1.365,Idle
0.001,-0.001,1.020,0.525,-2.231,1.356,Idle
0.003,-0.004,1.019,0.543,-2.266,1.400,Idle
0.001,-0.002,1.018,0.516,-2.231,1.347,Idle
0.002,-0.002,1.017,0.525,-2.257,1.426,Idle
0.002,-0.001,1.018,0.525,-2.266,1.391,Idle
0.002,-0.002,1.023,0.525,-2.257,1.400,Idle
0.004,-0.003,1.020,0.551,-2.240,1.365,Idle
0.003,-0.002,1.021,0.534,-2.231,1.418,Idle
0.001,-0.001,1.021,0.499,-2.249,1.418,Idle
0.002,-0.001,1.019,0.534,-2.249,1.374,Idle
0.002,-0.002,1.018,0.525,-2.240,1.365,Idle
0.002,-0.002,1.019,0.534,-2.231,1.383,Idle
0.002,-0.002,1.021,0.577,-2.249,1.356,Idle
0.003,-0.002,1.020,0.490,-2.240,1.356,Idle
0.003,-0.002,1.020,0.543,-2.293,1.356,Idle
0.002,-0.002,1.020,0.490,-2.257,1.374,Idle
0.001,-0.002,1.019,0.525,-2.257,1.356,Idle
0.003,-0.002,1.022,0.534,-2.275,1.365,Idle
0.002,-0.001,1.018,0.499,-2.249,1.409,Idle
0.001,-0.001,1.017,0.525,-2.223,1.391,Idle
0.002,-0.003,1.018,0.534,-2.275,1.418,Idle
0.003,-0.004,1.018,0.534,-2.257,1.383,Idle
0.001,-0.000,1.020,0.507,-2.257,1.400,Idle
0.002,-0.002,1.020,0.499,-2.257,1.391,Idle
0.002,-0.003,1.021,0.525,-2.223,1.383,Idle
0.005,-0.002,1.024,0.543,-2.284,1.391,Idle
0.002,-0.003,1.019,0.516,-2.266,1.409,Idle
0.000,-0.002,1.019,0.551,-2.284,1.347,Idle
0.003,-0.004,1.019,0.534,-2.249,1.365,Idle
0.002,-0.003,1.020,0.499,-2.275,1.400,Idle
0.001,-0.002,1.018,0.472,-2.257,1.383,Idle
0.002,-0.001,1.018,0.534,-2.240,1.383,Idle
0.001,-0.001,1.021,0.507,-2.249,1.418,Idle
0.002,-0.002,1.020,0.551,-2.223,1.391,Idle
0.002,-0.002,1.022,0.586,-2.240,1.409,Idle
0.002,-0.000,1.021,0.534,-2.275,1.391,Idle
0.000,0.004,1.019,0.577,-2.275,1.426,Idle
0.003,-0.005,1.019,0.525,-2.257,1.365,Idle
0.004,-0.006,1.019,0.499,-2.231,1.347,Idle
0.000,-0.001,1.017,0.560,-2.275,1.418,Idle
0.001,0.002,1.018,0.516,-2.240,1.391,Idle
0.002,-0.003,1.016,0.481,-2.284,1.409,Idle
0.002,-0.004,1.023,0.551,-2.275,1.383,Idle
0.000,0.001,1.024,0.551,-2.249,1.365,Idle
0.001,-0.001,1.021,0.534,-2.240,1.400,Idle
0.002,-0.003,1.022,0.534,-2.266,1.418,Idle
0.002,-0.002,1.019,0.516,-2.249,1.374,Idle
0.002,-0.001,1.016,0.490,-2.231,1.374,Idle
0.003,-0.002,1.019,0.543,-2.257,1.347,Idle
0.002,-0.003,1.018,0.534,-2.231,1.391,Idle
0.001,-0.001,1.021,0.534,-2.231,1.391,Idle
0.002,-0.002,1.019,0.534,-2.249,1.391,Idle
0.002,-0.005,1.021,0.543,-2.249,1.400,Idle
0.002,-0.004,1.018,0.516,-2.249,1.391,Idle
0.000,-0.001,1.018,0.507,-2.284,1.391,Idle
0.002,-0.002,1.020,0.516,-2.240,1.383,Idle
0.002,-0.004,1.020,0.534,-2.293,1.391,Idle
0.002,-0.002,1.020,0.577,-2.249,1.426,Idle
0.001,0.000,1.020,0.499,-2.249,1.409,Idle
0.001,-0.002,1.019,0.534,-2.275,1.339,Idle
0.002,-0.004,1.021,0.516,-2.223,1.374,Idle
0.002,-0.002,1.017,0.543,-2.240,1.383,Idle
0.002,-0.001,1.021,0.507,-2.249,1.374,Idle
0.002,-0.001,1.019,0.499,-2.257,1.409,Idle
0.001,-0.004,1.019,0.507,-2.257,1.356,Idle
0.001,-0.003,1.020,0.534,-2.284,1.356,Idle
0.001,-0.002,1.021,0.543,-2.301,1.435,Idle
0.002,-0.001,1.021,0.551,-2.231,1.426,Idle
0.002,-0.002,1.021,0.560,-2.249,1.374,Idle
0.003,-0.002,1.020,0.499,-2.249,1.409,Idle
0.002,-0.003,1.017,0.516,-2.231,1.391,Idle
0.002,-0.002,1.020,0.516,-2.249,1.400,Idle
0.003,0.001,1.024,0.543,-2.231,1.400,Idle
0.002,-0.002,1.020,0.525,-2.205,1.374,Idle
0.001,-0.003,1.020,0.534,-2.240,1.400,Idle
0.001,-0.002,1.020,0.543,-2.284,1.365,Idle
0.002,-0.002,1.020,0.499,-2.257,1.409,Idle
0.002,-0.002,1.021,0.551,-2.240,1.383,Idle
0.002,-0.003,1.019,0.525,-2.240,1.391,Idle
0.002,-0.003,1.020,0.534,-2.240,1.391,Idle
0.001,-0.001,1.022,0.551,-2.257,1.409,Idle
0.002,-0.002,1.020,0.534,-2.240,1.409,Idle
0.001,-0.004,1.019,0.543,-2.284,1.391,Idle
0.003,-0.002,1.022,0.534,-2.266,1.400,Idle
0.001,-0.001,1.017,0.516,-2.257,1.383,Idle
0.002,-0.002,1.020,0.543,-2.249,1.374,Idle
0.002,0.000,1.017,0.534,-2.257,1.383,Idle
0.001,-0.003,1.019,0.534,-2.266,1.383,Idle
0.005,-0.002,1.019,0.560,-2.231,1.409,Idle
0.004,0.000,1.022,0.569,-2.249,1.374,Idle
0.000,-0.001,1.017,0.543,-2.257,1.391,Idle
0.004,-0.002,1.023,0.543,-2.293,1.391,Idle
0.002,-0.003,1.020,0.490,-2.257,1.356,Idle
0.003,-0.001,1.021,0.560,-2.257,1.400,Idle
0.003,-0.001,1.020,0.560,-2.257,1.426,Idle
0.002,-0.002,1.019,0.551,-2.231,1.409,Idle
0.002,-0.002,1.019,0.534,-2.240,1.391,Idle
0.002,-0.002,1.019,0.560,-2.240,1.418,Idle
0.002,-0.002,1.021,0.490,-2.249,1.409,Idle
0.001,-0.001,1.021,0.534,-2.240,1.409,Idle
0.001,-0.002,1.019,0.507,-2.275,1.374,Idle
0.004,-0.002,1.021,0.543,-2.249,1.418,Idle
0.003,-0.002,1.018,0.534,-2.257,1.400,Idle
0.002,-0.002,1.022,0.507,-2.275,1.409,Idle
0.002,-0.003,1.015,0.464,-2.205,1.409,Idle
0.002,-0.003,1.021,0.543,-2.223,1.365,Idle
0.002,-0.003,1.018,0.490,-2.275,1.391,Idle
0.002,-0.003,1.018,0.516,-2.266,1.365,Idle
0.002,-0.001,1.022,0.516,-2.205,1.418,Idle
0.001,-0.003,1.017,0.543,-2.205,1.374,Idle
0.002,-0.002,1.019,0.516,-2.249,1.418,Idle
0.001,-0.002,1.022,0.525,-2.231,1.400,Idle
0.002,-0.002,1.016,0.534,-2.257,1.391,Idle
0.001,-0.003,1.019,0.525,-2.240,1.383,Idle
0.001,-0.002,1.018,0.516,-2.249,1.418,Idle
0.000,-0.003,1.018,0.569,-2.223,1.426,Idle
0.001,-0.003,1.021,0.551,-2.249,1.409,Idle
0.003,-0.001,1.020,0.525,-2.257,1.409,Idle
0.002,-0.002,1.019,0.525,-2.257,1.383,Idle
0.002,-0.002,1.019,0.507,-2.249,1.365,Idle
0.002,-0.002,1.019,0.543,-2.231,1.391,Idle
0.001,-0.003,1.019,0.586,-2.231,1.339,Idle
0.002,-0.002,1.020,0.551,-2.231,1.374,Idle
0.002,-0.001,1.021,0.543,-2.214,1.391,Idle
0.003,-0.001,1.023,0.516,-2.275,1.418,Idle
0.003,-0.002,1.023,0.525,-2.266,1.365,Idle
0.002,-0.003,1.016,0.534,-2.240,1.418,Idle
0.001,-0.003,1.018,0.507,-2.249,1.365,Idle
0.002,-0.003,1.019,0.543,-2.257,1.330,Idle
0.002,-0.002,1.018,0.516,-2.249,1.374,Idle
0.001,-0.001,1.020,0.569,-2.231,1.391,Idle
0.001,-0.001,1.020,0.543,-2.275,1.391,Idle
0.003,-0.003,1.019,0.534,-2.257,1.365,Idle
0.002,-0.002,1.022,0.551,-2.275,1.400,Idle
0.001,-0.002,1.020,0.551,-2.257,1.409,Idle
0.003,-0.002,1.017,0.525,-2.257,1.374,Idle
0.002,-0.003,1.019,0.516,-2.284,1.383,Idle
0.002,-0.002,1.019,0.516,-2.231,1.391,Idle
0.001,-0.002,1.020,0.551,-2.249,1.418,Idle
0.001,-0.003,1.018,0.490,-2.240,1.409,Idle
0.001,-0.003,1.021,0.516,-2.231,1.400,Idle
0.002,-0.002,1.022,0.499,-2.249,1.409,Idle
0.002,-0.002,1.019,0.551,-2.223,1.391,Idle
0.002,-0.000,1.026,0.577,-2.266,1.374,Idle
0.003,0.000,1.024,0.507,-2.249,1.374,Idle
0.002,-0.002,1.021,0.516,-2.266,1.383,Idle
0.001,-0.003,1.018,0.560,-2.240,1.391,Idle
0.002,-0.002,1.016,0.507,-2.240,1.400,Idle
0.003,-0.003,1.015,0.490,-2.249,1.418,Idle
0.002,-0.002,1.018,0.516,-2.231,1.435,Idle
0.001,-0.001,1.021,0.534,-2.284,1.365,Idle
0.002,-0.002,1.021,0.543,-2.257,1.391,Idle
0.002,-0.005,1.020,0.525,-2.266,1.409,Idle
-0.001,0.008,1.030,0.647,-2.196,1.295,Idle
0.006,-0.016,1.024,0.516,-2.293,1.426,Idle
0.001,-0.003,1.018,0.499,-2.231,1.374,Idle
-0.003,0.010,1.020,0.560,-2.223,1.409,Idle
0.001,-0.001,1.018,0.516,-2.257,1.365,Idle
0.004,-0.011,1.018,0.525,-2.249,1.391,Idle
0.001,-0.000,1.018,0.551,-2.240,1.374,Idle
-0.001,0.005,1.019,0.560,-2.240,1.383,Idle
0.003,-0.005,1.019,0.525,-2.249,1.391,Idle
0.003,-0.005,1.018,0.525,-2.240,1.391,Idle
0.001,0.002,1.017,0.525,-2.275,1.383,Idle
0.000,-0.001,1.012,0.507,-2.275,1.400,Idle
0.002,-0.005,1.019,0.560,-2.257,1.374,Idle
0.003,-0.003,1.020,0.525,-2.275,1.426,Idle
0.001,-0.001,1.020,0.543,-2.275,1.409,Idle
0.003,-0.003,1.019,0.525,-2.231,1.365,Idle
0.003,-0.004,1.019,0.525,-2.223,1.383,Idle
0.002,-0.002,1.020,0.534,-2.240,1.383,Idle
0.002,0.000,1.018,0.551,-2.249,1.409,Idle
0.001,-0.002,1.018,0.534,-2.231,1.356,Idle
0.004,-0.006,1.021,0.525,-2.275,1.418,Idle
0.002,-0.002,1.021,0.560,-2.249,1.374,Idle
0.002,0.002,1.020,0.543,-2.249,1.347,Idle
0.001,0.000,1.021,0.586,-2.257,1.365,Idle
0.003,-0.005,1.022,0.543,-2.231,1.409,Idle
0.002,-0.002,1.017,0.525,-2.240,1.383,Idle
0.001,0.001,1.020,0.525,-2.284,1.444,Idle
0.003,-0.002,1.017,0.516,-2.240,1.356,Idle
0.003,-0.001,1.014,0.525,-2.257,1.383,Idle
0.002,-0.002,1.021,0.595,-2.223,1.374,Idle
0.003,-0.003,1.017,0.543,-2.231,1.365,Idle
0.001,-0.001,1.020,0.586,-2.196,1.400,Idle
0.001,-0.002,1.021,0.577,-2.188,1.383,Idle
0.003,-0.005,1.019,0.551,-2.240,1.409,Idle
0.002,-0.004,1.021,0.525,-2.214,1.383,Idle
0.002,-0.002,1.020,0.534,-2.231,1.374,Idle
0.002,-0.001,1.019,0.543,-2.249,1.356,Idle
0.003,-0.001,1.019,0.543,-2.249,1.383,Idle
0.003,-0.002,1.019,0.507,-2.257,1.409,Idle
0.001,-0.001,1.019,0.499,-2.310,1.347,Idle
0.002,-0.001,1.022,0.551,-2.249,1.409,Idle
0.002,-0.003,1.019,0.534,-2.257,1.391,Idle
0.002,-0.002,1.021,0.499,-2.249,1.391,Idle
0.002,-0.002,1.020,0.490,-2.249,1.400,Idle
0.003,-0.003,1.019,0.499,-2.249,1.374,Idle
0.002,-0.002,1.021,0.525,-2.257,1.383,Idle
0.001,-0.000,1.019,0.543,-2.249,1.391,Idle
0.003,-0.002,1.016,0.543,-2.266,1.435,Idle
0.004,-0.004,1.013,0.472,-2.257,1.391,Idle
0.003,-0.002,1.017,0.525,-2.275,1.391,Idle
0.002,0.000,1.016,0.472,-2.257,1.347,Idle
0.000,-0.003,1.018,0.490,-2.284,1.418,Idle
-0.000,-0.003,1.024,0.490,-2.284,1.347,Idle
0.003,-0.004,1.018,0.455,-2.293,1.383,Idle
0.001,-0.001,1.020,0.499,-2.284,1.347,Idle
0.003,-0.000,1.020,0.551,-2.310,1.356,Idle
0.002,-0.002,1.019,0.507,-2.284,1.356,Idle
0.002,-0.003,1.018,0.507,-2.249,1.391,Idle
0.002,-0.002,1.021,0.516,-2.231,1.383,Idle
0.002,-0.004,1.019,0.507,-2.257,1.383,Idle
0.001,-0.001,1.020,0.525,-2.214,1.383,Idle
0.004,-0.001,1.021,0.551,-2.275,1.383,Idle
0.003,-0.001,1.021,0.525,-2.293,1.391,Idle
0.002,-0.001,1.021,0.516,-2.249,1.383,Idle
0.002,-0.002,1.019,0.551,-2.223,1.400,Idle
0.002,-0.002,1.019,0.551,-2.240,1.365,Idle
0.001,-0.001,1.022,0.516,-2.257,1.400,Idle
0.002,0.001,1.024,0.543,-2.240,1.391,Idle
0.003,0.002,1.026,0.516,-2.240,1.374,Idle
0.002,0.004,1.032,0.604,-2.275,1.374,Idle
-0.001,-0.000,1.020,0.499,-2.266,1.374,Idle
0.002,-0.007,1.016,0.525,-2.249,1.400,Idle
0.004,-0.002,1.020,0.507,-2.257,1.400,Idle
0.002,-0.000,1.019,0.543,-2.275,1.383,Idle
0.001,-0.001,1.021,0.543,-2.257,1.365,Idle
0.003,-0.005,1.019,0.516,-2.266,1.444,Idle
0.002,-0.003,1.021,0.534,-2.240,1.418,Idle
0.001,-0.002,1.020,0.516,-2.257,1.365,Idle
0.003,-0.002,1.018,0.560,-2.240,1.391,Idle
0.001,-0.002,1.018,0.507,-2.231,1.383,Idle
0.003,-0.002,1.018,0.534,-2.240,1.365,Idle
0.003,-0.002,1.021,0.481,-2.249,1.391,Idle
0.002,-0.003,1.018,0.490,-2.249,1.426,Idle
0.002,-0.002,1.019,0.551,-2.240,1.374,Idle
0.002,-0.001,1.020,0.543,-2.284,1.374,Idle
0.003,-0.003,1.016,0.534,-2.249,1.418,Idle
0.002,-0.002,1.021,0.534,-2.231,1.383,Idle
0.001,-0.001,1.020,0.551,-2.231,1.400,Idle
0.002,-0.001,1.020,0.560,-2.257,1.347,Idle
0.003,-0.002,1.020,0.525,-2.249,1.374,Idle
0.002,-0.002,1.020,0.525,-2.240,1.391,Idle
0.002,-0.002,1.020,0.551,-2.249,1.400,Idle
0.002,-0.001,1.020,0.525,-2.293,1.374,Idle
0.002,0.000,1.020,0.516,-2.266,1.391,Idle
0.003,-0.002,1.022,0.525,-2.266,1.365,Idle
0.003,-0.003,1.020,0.543,-2.257,1.365,Idle
0.002,-0.003,1.022,0.525,-2.240,1.365,Idle
0.002,-0.000,1.021,0.525,-2.284,1.391,Idle
0.001,-0.002,1.020,0.569,-2.249,1.418,Idle
0.002,-0.002,1.021,0.525,-2.266,1.365,Idle
0.002,-0.002,1.017,0.577,-2.231,1.383,Idle
0.002,-0.001,1.023,0.551,-2.196,1.374,Idle
0.002,-0.003,1.019,0.516,-2.266,1.400,Idle
0.002,-0.001,1.020,0.525,-2.275,1.400,Idle
0.002,-0.003,1.015,0.507,-2.301,1.383,Idle
0.001,-0.003,1.021,0.534,-2.231,1.400,Idle
0.001,-0.001,1.018,0.543,-2.275,1.365,Idle
0.001,-0.002,1.017,0.569,-2.196,1.356,Idle
0.001,-0.000,1.023,0.569,-2.196,1.365,Idle
0.000,0.001,1.021,0.560,-2.257,1.339,Idle
-0.002,0.006,1.018,0.516,-2.257,1.356,Idle
0.002,0.001,1.019,0.507,-2.275,1.409,Idle
0.010,-0.021,1.018,0.560,-2.214,1.365,Idle
0.007,-0.015,1.019,0.560,-2.223,1.444,Idle
-0.002,0.010,1.020,0.551,-2.231,1.400,Idle
-0.003,0.010,1.019,0.551,-2.240,1.365,Idle
0.004,-0.007,1.019,0.525,-2.240,1.400,Idle
0.004,-0.006,1.020,0.551,-2.205,1.365,Idle
0.000,0.003,1.020,0.560,-2.223,1.391,Idle
0.001,0.000,1.019,0.543,-2.249,1.391,Idle
0.004,-0.007,1.017,0.534,-2.231,1.356,Idle
0.002,0.001,1.019,0.551,-2.275,1.356,Idle
-0.000,0.001,1.017,0.551,-2.249,1.374,Idle
0.003,-0.005,1.017,0.534,-2.196,1.383,Idle
0.003,-0.002,1.024,0.569,-2.275,1.365,Idle
-0.000,0.003,1.022,0.551,-2.240,1.383,Idle
0.000,0.001,1.021,0.525,-2.223,1.339,Idle
0.002,-0.005,1.021,0.551,-2.266,1.356,Idle
0.002,-0.002,1.020,0.525,-2.249,1.374,Idle
0.001,0.001,1.021,0.499,-2.214,1.383,Idle
0.002,-0.002,1.020,0.551,-2.275,1.383,Idle
0.004,-0.007,1.020,0.525,-2.231,1.418,Idle
0.001,-0.002,1.019,0.551,-2.257,1.383,Idle
0.001,0.002,1.020,0.507,-2.240,1.383,Idle
0.001,0.001,1.018,0.534,-2.257,1.356,Idle
0.003,-0.004,1.019,0.516,-2.249,1.356,Idle
0.003,-0.004,1.021,0.543,-2.284,1.356,Idle
0.001,-0.000,1.019,0.516,-2.249,1.391,Idle
0.001,0.001,1.019,0.551,-2.284,1.383,Idle
0.001,-0.002,1.018,0.516,-2.266,1.409,Idle
0.002,-0.004,1.021,0.543,-2.275,1.330,Idle
0.002,-0.001,1.019,0.499,-2.205,1.365,Idle
0.001,-0.001,1.020,0.560,-2.231,1.391,Idle
0.002,-0.002,1.015,0.516,-2.231,1.418,Idle
0.003,-0.003,1.020,0.560,-2.240,1.374,Idle
0.001,-0.002,1.022,0.543,-2.249,1.347,Idle
0.002,0.002,1.018,0.560,-2.214,1.383,Idle
0.002,-0.001,1.019,0.577,-2.231,1.383,Idle
0.002,-0.004,1.020,0.551,-2.249,1.409,Idle
0.001,-0.004,1.018,0.543,-2.205,1.426,Idle
0.001,-0.000,1.020,0.595,-2.223,1.391,Idle
0.001,-0.002,1.018,0.534,-2.231,1.426,Idle
0.002,-0.004,1.018,0.499,-2.240,1.391,Idle
0.003,-0.004,1.022,0.516,-2.275,1.383,Idle
0.002,-0.002,1.022,0.472,-2.275,1.312,Idle
0.003,-0.002,1.018,0.499,-2.301,1.400,Idle
0.001,-0.001,1.021,0.472,-2.328,1.383,Idle
0.004,0.000,1.016,0.516,-2.319,1.391,Idle
0.003,0.010,1.067,0.744,-2.328,1.356,Idle
0.002,-0.000,1.037,0.543,-2.310,1.365,Idle
0.002,0.002,1.011,0.534,-2.240,1.409,Idle
0.001,0.001,1.025,0.516,-2.284,1.339,Idle
0.005,-0.008,1.022,0.516,-2.310,1.409,Idle
0.000,0.008,1.019,0.577,-2.266,1.365,Idle
0.001,0.005,1.011,0.551,-2.196,1.339,Idle
0.006,-0.011,1.021,0.560,-2.249,1.391,Idle
0.007,-0.012,1.017,0.586,-2.196,1.383,Idle
-0.002,0.009,1.015,0.534,-2.188,1.444,Idle
-0.002,0.007,1.023,0.543,-2.240,1.409,Idle
0.005,-0.012,1.019,0.543,-2.249,1.391,Idle
0.001,-0.003,1.018,0.604,-2.223,1.383,Idle
-0.000,0.003,1.019,0.516,-2.284,1.391,Idle
0.002,-0.003,1.019,0.543,-2.301,1.365,Idle
0.003,-0.007,1.018,0.490,-2.214,1.365,Idle
-0.001,0.003,1.019,0.525,-2.231,1.356,Idle
0.003,-0.001,1.020,0.525,-2.214,1.347,Idle
0.003,-0.004,1.021,0.595,-2.223,1.383,Idle
0.001,-0.000,1.021,0.604,-2.188,1.383,Idle
0.001,-0.000,1.020,0.551,-2.266,1.374,Idle
0.002,-0.001,1.020,0.613,-2.205,1.374,Idle
0.002,-0.002,1.019,0.586,-2.179,1.347,Idle
0.003,-0.006,1.017,0.560,-2.240,1.400,Idle
0.003,-0.002,1.017,0.577,-2.249,1.365,Idle
0.002,0.002,1.024,0.604,-2.205,1.409,Idle
0.004,-0.009,1.019,0.525,-2.275,1.347,Idle
0.004,-0.007,1.014,0.455,-2.336,1.418,Idle
-0.003,0.013,1.021,0.604,-2.188,1.365,Idle
0.002,-0.002,1.021,0.639,-2.266,1.391,Idle
0.007,-0.013,1.020,0.464,-2.284,1.383,Idle
0.004,-0.004,1.018,0.438,-2.284,1.391,Idle
-0.001,0.008,1.021,0.534,-2.249,1.365,Idle
0.002,0.002,1.022,0.490,-2.301,1.365,Idle
0.003,-0.006,1.021,0.464,-2.266,1.391,Idle
0.001,0.000,1.021,0.490,-2.293,1.374,Idle
0.001,-0.000,1.021,0.455,-2.328,1.391,Idle
0.005,-0.008,1.019,0.350,-2.328,1.391,Idle
0.003,-0.007,1.017,0.359,-2.336,1.365,Idle
-0.001,0.005,1.019,0.481,-2.275,1.374,Idle
0.001,0.002,1.019,0.481,-2.301,1.400,Idle
0.004,-0.007,1.019,0.464,-2.293,1.383,Idle
0.001,-0.005,1.021,0.507,-2.310,1.374,Idle
-0.000,0.004,1.019,0.481,-2.249,1.391,Idle
0.002,0.001,1.022,0.525,-2.257,1.383,Idle
0.005,-0.007,1.020,0.534,-2.257,1.409,Idle
0.003,-0.003,1.021,0.551,-2.231,1.391,Idle
-0.001,0.003,1.019,0.534,-2.257,1.409,Idle
0.003,-0.003,1.019,0.551,-2.249,1.391,Idle
0.005,-0.006,1.021,0.534,-2.240,1.391,Idle
0.002,-0.001,1.021,0.551,-2.257,1.400,Idle
0.001,0.003,1.018,0.490,-2.257,1.391,Idle
0.001,-0.001,1.020,0.551,-2.231,1.409,Idle
0.003,-0.003,1.019,0.534,-2.249,1.339,Idle
0.002,-0.005,1.019,0.551,-2.257,1.330,Idle
0.004,-0.007,1.020,0.543,-2.240,1.356,Idle
0.005,-0.008,1.021,0.543,-2.257,1.400,Idle
0.002,-0.005,1.021,0.534,-2.240,1.391,Idle
0.001,0.001,1.020,0.481,-2.257,1.409,Idle
0.001,0.000,1.019,0.490,-2.249,1.383,Idle
0.002,-0.001,1.019,0.507,-2.266,1.400,Idle
0.002,-0.003,1.021,0.551,-2.231,1.383,Idle
0.002,0.000,1.019,0.534,-2.284,1.330,Idle
0.001,0.001,1.018,0.534,-2.284,1.347,Idle
0.001,-0.000,1.017,0.516,-2.249,1.365,Idle
0.003,-0.002,1.020,0.560,-2.214,1.374,Idle
0.001,-0.001,1.021,0.516,-2.231,1.400,Idle
0.001,-0.001,1.020,0.560,-2.240,1.365,Idle
0.003,-0.004,1.020,0.534,-2.266,1.383,Idle
0.004,-0.008,1.019,0.586,-2.257,1.374,Idle
0.003,-0.004,1.019,0.490,-2.266,1.418,Idle
0.000,0.002,1.018,0.534,-2.275,1.391,Idle
0.001,0.000,1.021,0.577,-2.249,1.365,Idle
0.003,-0.003,1.018,0.569,-2.231,1.339,Idle
0.002,-0.000,1.018,0.577,-2.223,1.383,Idle
0.000,0.002,1.019,0.525,-2.231,1.391,Idle
0.003,-0.001,1.018,0.534,-2.301,1.391,Idle
0.004,-0.005,1.020,0.569,-2.231,1.391,Idle
0.004,-0.005,1.019,0.525,-2.223,1.391,Idle
0.002,-0.005,1.019,0.525,-2.266,1.400,Idle
0.002,-0.004,1.020,0.525,-2.257,1.400,Idle
0.002,-0.003,1.019,0.525,-2.223,1.383,Idle
0.001,0.002,1.018,0.490,-2.249,1.374,Idle
0.001,-0.001,1.019,0.534,-2.231,1.383,Idle
0.002,-0.003,1.017,0.543,-2.266,1.400,Idle
0.002,-0.003,1.019,0.525,-2.266,1.365,Idle
0.001,0.000,1.018,0.534,-2.249,1.391,Idle
0.002,0.000,1.021,0.534,-2.214,1.383,Idle
0.002,-0.003,1.019,0.516,-2.249,1.400,Idle
0.002,-0.001,1.020,0.516,-2.266,1.409,Idle
0.001,-0.001,1.018,0.577,-2.257,1.356,Idle
0.002,-0.003,1.021,0.534,-2.257,1.365,Idle
0.001,-0.003,1.018,0.543,-2.266,1.383,Idle
0.001,0.001,1.020,0.499,-2.231,1.356,Idle
0.002,-0.000,1.020,0.525,-2.257,1.383,Idle
0.002,-0.003,1.019,0.543,-2.275,1.400,Idle
0.003,-0.004,1.019,0.516,-2.266,1.400,Idle
0.002,0.000,1.019,0.551,-2.249,1.391,Idle
0.002,-0.001,1.021,0.551,-2.266,1.356,Idle
0.002,-0.002,1.018,0.525,-2.275,1.383,Idle
0.003,-0.003,1.020,0.569,-2.240,1.374,Idle
0.002,-0.000,1.020,0.499,-2.257,1.347,Idle
0.002,-0.002,1.019,0.525,-2.223,1.391,Idle
0.004,-0.001,1.018,0.551,-2.257,1.356,Idle
0.001,-0.002,1.020,0.569,-2.240,1.374,Idle
0.002,-0.001,1.019,0.551,-2.284,1.365,Idle
0.002,-0.004,1.017,0.516,-2.266,1.347,Idle
0.002,-0.004,1.018,0.534,-2.249,1.347,Idle
0.002,0.001,1.019,0.525,-2.240,1.347,Idle
0.001,-0.003,1.019,0.525,-2.240,1.400,Idle
0.003,-0.007,1.020,0.525,-2.223,1.418,Idle
0.002,-0.003,1.020,0.525,-2.275,1.356,Idle
0.002,0.000,1.020,0.534,-2.249,1.374,Idle
0.002,-0.004,1.019,0.525,-2.257,1.391,Idle
0.003,-0.003,1.019,0.534,-2.249,1.347,Idle
0.001,-0.001,1.018,0.534,-2.275,1.374,Idle
0.001,-0.001,1.020,0.543,-2.240,1.339,Idle
0.004,-0.004,1.019,0.534,-2.196,1.400,Idle
0.002,-0.003,1.020,0.534,-2.240,1.374,Idle
0.001,0.000,1.020,0.560,-2.223,1.383,Idle
0.002,-0.001,1.019,0.525,-2.257,1.330,Idle
0.003,-0.004,1.019,0.525,-2.249,1.409,Idle
0.003,-0.003,1.019,0.516,-2.284,1.365,Idle
0.001,-0.000,1.019,0.507,-2.231,1.400,Idle
0.003,-0.002,1.019,0.490,-2.240,1.391,Idle
0.004,-0.004,1.018,0.516,-2.266,1.374,Idle
0.001,-0.003,1.019,0.472,-2.257,1.374,Idle
0.002,0.000,1.019,0.543,-2.240,1.374,Idle
0.003,-0.002,1.018,0.551,-2.240,1.400,Idle
0.002,-0.004,1.018,0.525,-2.284,1.356,Idle
0.003,-0.001,1.018,0.516,-2.249,1.365,Idle
0.002,0.000,1.019,0.507,-2.223,1.400,Idle
0.003,-0.003,1.020,0.516,-2.284,1.374,Idle
0.003,-0.002,1.018,0.551,-2.231,1.391,Idle
0.001,-0.001,1.020,0.551,-2.275,1.400,Idle
0.001,-0.002,1.020,0.534,-2.214,1.365,Idle
0.003,-0.004,1.019,0.499,-2.257,1.383,Idle
0.002,-0.003,1.017,0.543,-2.257,1.383,Idle
0.002,-0.002,1.017,0.569,-2.293,1.409,Idle
0.002,0.000,1.019,0.507,-2.266,1.365,Idle
0.002,-0.003,1.019,0.516,-2.257,1.383,Idle
0.003,-0.004,1.019,0.543,-2.231,1.383,Idle
0.003,-0.002,1.019,0.507,-2.214,1.383,Idle
0.000,-0.001,1.021,0.551,-2.257,1.374,Idle
0.002,-0.004,1.019,0.543,-2.266,1.339,Idle
0.003,-0.002,1.019,0.560,-2.257,1.356,Idle
0.002,-0.002,1.019,0.551,-2.231,1.374,Idle
0.001,-0.002,1.018,0.586,-2.266,1.400,Idle
0.002,-0.003,1.019,0.516,-2.257,1.383,Idle
0.001,-0.002,1.019,0.543,-2.257,1.374,Idle
0.002,-0.002,1.019,0.569,-2.240,1.374,Idle
0.003,-0.003,1.018,0.577,-2.214,1.365,Idle
0.002,-0.002,1.019,0.543,-2.240,1.383,Idle
0.002,-0.002,1.019,0.534,-2.231,1.383,Idle
0.001,-0.001,1.018,0.534,-2.223,1.391,Idle
0.002,-0.003,1.019,0.551,-2.231,1.383,Idle
0.001,-0.002,1.020,0.525,-2.266,1.356,Idle
0.002,-0.003,1.018,0.569,-2.249,1.391,Idle
0.001,-0.001,1.020,0.551,-2.249,1.374,Idle
0.002,-0.001,1.019,0.507,-2.223,1.400,Idle
0.002,-0.004,1.019,0.560,-2.257,1.383,Idle
0.002,-0.003,1.018,0.534,-2.249,1.365,Idle
0.001,-0.000,1.018,0.516,-2.240,1.383,Idle
0.003,-0.002,1.019,0.543,-2.240,1.365,Idle
0.002,-0.005,1.022,0.577,-2.249,1.383,Idle
0.002,-0.001,1.019,0.525,-2.266,1.391,Idle
0.001,0.000,1.021,0.551,-2.231,1.400,Idle
0.001,-0.002,1.019,0.525,-2.301,1.356,Idle
0.002,-0.003,1.020,0.525,-2.231,1.400,Idle
0.001,-0.003,1.019,0.534,-2.249,1.391,Idle
0.003,-0.003,1.020,0.507,-2.231,1.409,Idle
0.003,-0.003,1.019,0.534,-2.257,1.400,Idle
0.002,-0.002,1.020,0.560,-2.240,1.356,Idle
0.002,-0.001,1.020,0.551,-2.266,1.383,Idle
0.002,-0.002,1.020,0.551,-2.223,1.409,Idle
0.002,-0.001,1.019,0.507,-2.223,1.330,Idle
0.002,-0.002,1.019,0.569,-2.240,1.400,Idle
0.001,-0.001,1.018,0.569,-2.257,1.391,Idle
0.001,-0.002,1.020,0.525,-2.231,1.426,Idle
0.002,-0.001,1.018,0.516,-2.223,1.383,Idle
0.002,-0.001,1.019,0.543,-2.240,1.374,Idle
0.001,-0.001,1.018,0.499,-2.231,1.400,Idle
0.002,-0.003,1.019,0.499,-2.257,1.365,Idle
0.003,-0.004,1.019,0.560,-2.257,1.461,Idle
0.002,-0.002,1.021,0.534,-2.257,1.426,Idle
0.002,-0.001,1.018,0.525,-2.223,1.409,Idle
0.002,-0.001,1.020,0.525,-2.240,1.409,Idle
0.002,-0.005,1.019,0.534,-2.240,1.356,Idle
0.002,-0.003,1.019,0.577,-2.266,1.374,Idle
0.002,0.000,1.020,0.525,-2.266,1.400,Idle
0.002,-0.001,1.020,0.516,-2.214,1.383,Idle
0.003,-0.001,1.020,0.525,-2.249,1.391,Idle
0.003,-0.004,1.018,0.507,-2.240,1.383,Idle
0.002,-0.002,1.021,0.543,-2.301,1.383,Idle
0.001,-0.001,1.021,0.516,-2.240,1.409,Idle
0.002,-0.001,1.022,0.543,-2.275,1.347,Idle
0.002,-0.003,1.018,0.543,-2.275,1.383,Idle
0.002,-0.003,1.020,0.516,-2.257,1.400,Idle
0.001,-0.000,1.020,0.525,-2.240,1.409,Idle
0.002,-0.001,1.019,0.534,-2.231,1.418,Idle
0.002,-0.002,1.020,0.525,-2.231,1.383,Idle
0.003,-0.003,1.021,0.551,-2.275,1.356,Idle
0.002,-0.002,1.021,0.507,-2.240,1.418,Idle
0.002,-0.001,1.021,0.525,-2.240,1.391,Idle
0.002,-0.002,1.019,0.507,-2.240,1.391,Idle
0.002,-0.002,1.020,0.507,-2.240,1.391,Idle
0.002,-0.002,1.018,0.481,-2.240,1.400,Idle
0.003,-0.001,1.019,0.534,-2.240,1.409,Idle
0.002,-0.004,1.018,0.525,-2.293,1.400,Idle
0.001,-0.002,1.025,0.534,-2.223,1.391,Idle
0.004,-0.002,1.018,0.472,-2.275,1.365,Idle
0.003,-0.002,1.025,0.490,-2.266,1.383,Idle
0.002,-0.003,1.018,0.516,-2.205,1.374,Idle
0.001,-0.001,1.017,0.516,-2.266,1.400,Idle
0.002,-0.002,1.019,0.507,-2.257,1.365,Idle
0.003,-0.003,1.019,0.516,-2.257,1.383,Idle
0.003,-0.004,1.018,0.507,-2.275,1.356,Idle
0.003,-0.004,1.020,0.525,-2.293,1.365,Idle
0.002,-0.003,1.020,0.438,-2.266,1.365,Idle
0.001,-0.001,1.019,0.507,-2.275,1.383,Idle
0.002,-0.002,1.018,0.490,-2.240,1.400,Idle
0.002,-0.004,1.020,0.481,-2.240,1.418,Idle
0.003,-0.003,1.020,0.499,-2.266,1.356,Idle
0.002,-0.001,1.020,0.499,-2.293,1.347,Idle
0.003,-0.003,1.018,0.490,-2.275,1.374,Idle
0.001,-0.002,1.020,0.490,-2.293,1.400,Idle
0.002,-0.002,1.019,0.507,-2.266,1.400,Idle
0.003,-0.003,1.019,0.534,-2.257,1.391,Idle
0.002,-0.002,1.019,0.507,-2.310,1.400,Idle
0.002,-0.000,1.019,0.446,-2.328,1.391,Idle
0.002,-0.001,1.019,0.499,-2.284,1.400,Idle
0.003,-0.004,1.018,0.464,-2.257,1.374,Idle
0.002,-0.003,1.019,0.490,-2.275,1.426,Idle
0.001,-0.001,1.018,0.551,-2.257,1.391,Idle
0.001,-0.003,1.019,0.525,-2.249,1.409,Idle
0.003,-0.004,1.020,0.534,-2.249,1.347,Idle
0.002,-0.002,1.020,0.499,-2.257,1.374,Idle
0.003,-0.001,1.019,0.525,-2.231,1.400,Idle
0.002,-0.004,1.022,0.499,-2.249,1.365,Idle
0.002,-0.001,1.018,0.507,-2.249,1.400,Idle
0.002,-0.003,1.017,0.551,-2.231,1.383,Idle
0.003,-0.004,1.020,0.551,-2.231,1.391,Idle
0.002,-0.001,1.019,0.595,-2.231,1.400,Idle
0.001,-0.001,1.017,0.499,-2.223,1.400,Idle
0.001,-0.002,1.020,0.551,-2.257,1.391,Idle
0.003,-0.004,1.019,0.534,-2.257,1.400,Idle
0.002,-0.002,1.019,0.560,-2.275,1.409,Idle
0.001,-0.002,1.018,0.560,-2.249,1.339,Idle
0.002,-0.001,1.021,0.630,-2.214,1.383,Idle
0.002,-0.001,1.020,0.647,-2.188,1.383,Idle
0.001,0.001,1.021,0.630,-2.179,1.426,Idle
0.001,0.000,1.019,0.674,-2.161,1.391,Idle
0.002,-0.001,1.019,0.665,-2.170,1.383,Idle
0.003,-0.005,1.020,0.665,-2.161,1.347,Idle
0.005,-0.009,1.020,0.613,-2.170,1.383,Idle
0.006,-0.008,1.020,0.639,-2.161,1.374,Idle
0.002,-0.004,1.019,0.534,-2.214,1.365,Idle
0.001,0.001,1.019,0.499,-2.257,1.347,Idle
0.001,0.001,1.019,0.543,-2.240,1.383,Idle
0.003,-0.003,1.020,0.525,-2.257,1.400,Idle
0.002,-0.004,1.019,0.534,-2.231,1.409,Idle
0.002,-0.002,1.020,0.560,-2.257,1.356,Idle
0.008,0.003,1.032,0.516,-2.398,1.260,Idle
0.003,-0.002,1.020,0.604,-2.205,1.391,Idle
0.004,-0.007,1.029,0.560,-2.249,1.374,Idle
0.002,-0.005,1.021,0.630,-2.223,1.374,Idle
-0.004,0.003,1.055,0.656,-2.179,1.365,Idle
0.002,-0.003,1.002,0.368,-2.319,1.365,Idle
0.000,-0.000,1.033,0.507,-2.249,1.374,Idle
0.003,-0.002,1.014,0.560,-2.231,1.365,Idle
0.003,-0.000,1.011,0.507,-2.284,1.391,Idle
0.002,-0.000,1.018,0.516,-2.231,1.400,Idle
0.002,-0.001,1.018,0.569,-2.240,1.391,Idle
0.003,-0.002,1.016,0.507,-2.240,1.347,Idle
0.001,-0.003,1.020,0.525,-2.223,1.391,Idle
0.001,-0.000,1.022,0.525,-2.257,1.400,Idle
0.002,-0.003,1.020,0.551,-2.240,1.400,Idle
0.004,-0.006,1.017,0.534,-2.249,1.383,Idle
0.002,-0.002,1.019,0.543,-2.214,1.400,Idle
0.000,0.001,1.020,0.613,-2.214,1.356,Idle
0.002,-0.005,1.019,0.595,-2.205,1.383,Idle
0.003,-0.004,1.020,0.586,-2.179,1.356,Idle
0.001,0.003,1.022,0.630,-2.205,1.365,Idle
0.003,-0.001,1.021,0.569,-2.240,1.383,Idle
0.003,-0.002,1.021,0.569,-2.231,1.365,Idle
0.001,-0.002,1.020,0.543,-2.240,1.374,Idle
0.002,-0.001,1.016,0.543,-2.249,1.347,Idle
0.001,-0.000,1.018,0.586,-2.205,1.347,Idle
0.002,-0.002,1.016,0.551,-2.214,1.391,Idle
0.005,-0.006,1.020,0.534,-2.223,1.400,Idle
0.003,-0.006,1.019,0.560,-2.214,1.365,Idle
0.000,-0.002,1.019,0.577,-2.231,1.383,Idle
0.001,-0.001,1.020,0.560,-2.231,1.374,Idle
0.001,-0.000,1.021,0.560,-2.223,1.365,Idle
0.002,-0.003,1.021,0.543,-2.257,1.365,Idle
0.004,-0.003,1.021,0.516,-2.310,1.374,Idle
0.003,-0.006,1.021,0.569,-2.257,1.452,Idle
0.002,-0.006,1.021,0.569,-2.249,1.391,Idle
0.000,0.001,1.020,0.560,-2.231,1.391,Idle
-0.000,0.003,1.020,0.516,-2.231,1.418,Idle
0.004,-0.004,1.021,0.534,-2.275,1.383,Idle
0.004,-0.006,1.018,0.499,-2.284,1.365,Idle
-0.000,0.004,1.018,0.499,-2.266,1.391,Idle
-0.002,0.003,1.018,0.455,-2.275,1.418,Idle
0.003,-0.003,1.021,0.525,-2.249,1.400,Idle
0.003,-0.003,1.017,0.507,-2.266,1.383,Idle
0.000,0.003,1.020,0.534,-2.275,1.391,Idle
0.001,0.002,1.020,0.551,-2.249,1.409,Idle
0.003,-0.004,1.021,0.490,-2.231,1.391,Idle
0.003,-0.006,1.019,0.490,-2.266,1.383,Idle
0.002,-0.000,1.019,0.525,-2.266,1.347,Idle
0.000,0.003,1.019,0.534,-2.275,1.400,Idle
0.001,-0.001,1.020,0.560,-2.249,1.339,Idle
0.002,-0.004,1.020,0.507,-2.284,1.400,Idle
0.002,-0.002,1.020,0.499,-2.249,1.409,Idle
0.001,-0.002,1.019,0.534,-2.266,1.374,Idle
0.003,-0.004,1.019,0.525,-2.284,1.409,Idle
0.002,-0.002,1.019,0.534,-2.266,1.347,Idle
0.001,0.001,1.019,0.472,-2.266,1.383,Idle
0.002,-0.002,1.019,0.543,-2.284,1.418,Idle
0.002,-0.003,1.019,0.525,-2.275,1.400,Idle
0.002,-0.001,1.018,0.551,-2.240,1.339,Idle
0.001,-0.000,1.019,0.577,-2.275,1.374,Idle
0.002,-0.004,1.020,0.551,-2.266,1.383,Idle
0.004,-0.005,1.017,0.499,-2.257,1.374,Idle
0.002,-0.002,1.019,0.560,-2.188,1.347,Idle
0.002,-0.000,1.017,0.516,-2.249,1.347,Idle
0.000,0.002,1.020,0.534,-2.257,1.426,Idle
0.003,-0.003,1.020,0.543,-2.249,1.391,Idle
0.003,-0.006,1.020,0.534,-2.275,1.356,Idle
0.002,-0.002,1.020,0.551,-2.223,1.400,Idle
0.001,-0.000,1.021,0.481,-2.284,1.365,Idle
0.003,-0.002,1.019,0.507,-2.275,1.383,Idle
0.003,-0.003,1.022,0.543,-2.231,1.374,Idle
0.002,-0.001,1.023,0.525,-2.249,1.400,Idle
0.001,-0.001,1.026,0.499,-2.223,1.330,Idle
0.003,-0.002,1.012,0.481,-2.257,1.347,Idle
0.003,-0.003,1.021,0.525,-2.214,1.330,Idle
0.002,-0.003,1.017,0.507,-2.249,1.400,Idle
0.002,0.001,1.019,0.534,-2.223,1.339,Idle
0.000,0.003,1.018,0.586,-2.196,1.391,Idle
0.003,-0.000,1.016,0.569,-2.205,1.374,Idle
0.003,-0.005,1.018,0.577,-2.231,1.409,Idle
0.002,-0.005,1.019,0.551,-2.223,1.435,Idle
0.001,-0.001,1.021,0.534,-2.249,1.391,Idle
0.001,-0.003,1.021,0.543,-2.266,1.356,Idle
0.001,-0.001,1.020,0.560,-2.257,1.374,Idle
0.001,0.000,1.020,0.569,-2.266,1.426,Idle
0.002,-0.002,1.018,0.525,-2.257,1.409,Idle
0.003,-0.005,1.018,0.507,-2.257,1.418,Idle
0.001,-0.003,1.017,0.507,-2.249,1.365,Idle
0.000,0.002,1.019,0.560,-2.223,1.383,Idle
0.002,-0.002,1.021,0.507,-2.249,1.383,Idle
0.003,-0.005,1.019,0.490,-2.266,1.383,Idle
0.001,-0.001,1.019,0.472,-2.257,1.347,Idle
0.002,-0.001,1.021,0.534,-2.231,1.365,Idle
0.003,-0.004,1.022,0.525,-2.257,1.374,Idle
0.003,-0.004,1.020,0.543,-2.293,1.391,Idle
0.001,0.003,1.019,0.516,-2.266,1.391,Idle
-0.002,0.008,1.018,0.516,-2.257,1.383,Idle
0.001,0.004,1.019,0.525,-2.240,1.391,Idle
-0.000,-0.000,1.017,0.534,-2.231,1.383,Idle
0.001,-0.003,1.019,0.551,-2.275,1.365,Idle
0.007,-0.016,1.021,0.543,-2.275,1.391,Idle
0.009,-0.020,1.019,0.525,-2.257,1.347,Idle
0.005,-0.009,1.020,0.551,-2.231,1.374,Idle
-0.000,0.004,1.022,0.525,-2.275,1.374,Idle
0.001,0.001,1.019,0.499,-2.249,1.365,Idle
0.003,-0.004,1.021,0.507,-2.275,1.383,Idle
0.003,-0.003,1.020,0.507,-2.293,1.374,Idle
-0.001,0.004,1.019,0.490,-2.266,1.426,Idle
0.001,0.003,1.019,0.525,-2.266,1.383,Idle
0.003,-0.004,1.009,0.429,-2.293,1.418,Idle
0.003,-0.004,1.019,0.516,-2.266,1.383,Idle
0.002,-0.001,1.022,0.560,-2.284,1.383,Idle
0.002,-0.003,1.021,0.507,-2.240,1.426,Idle
0.003,-0.006,1.023,0.525,-2.240,1.391,Idle
0.002,-0.002,1.021,0.534,-2.266,1.374,Idle
0.000,0.001,1.019,0.525,-2.249,1.383,Idle
0.003,-0.003,1.019,0.490,-2.223,1.356,Idle
0.003,-0.004,1.020,0.577,-2.257,1.383,Idle
-0.000,0.003,1.058,1.050,-2.109,0.822,Idle
0.001,0.001,1.040,0.507,-2.336,1.383,Idle
-0.001,-0.005,1.016,0.472,-2.257,1.347,Idle
0.004,-0.002,1.027,0.543,-2.257,1.374,Idle
0.003,-0.000,1.014,0.464,-2.293,1.383,Idle
0.003,-0.001,1.017,0.516,-2.266,1.418,Idle
0.003,-0.001,1.019,0.560,-2.266,1.365,Idle
0.004,-0.004,1.017,0.543,-2.257,1.374,Idle
0.003,-0.004,1.018,0.472,-2.223,1.365,Idle
0.001,0.022,1.057,1.418,-2.126,0.858,Idle
-0.001,-0.012,0.971,0.403,-2.257,1.461,Idle
-0.005,0.003,1.059,0.752,-2.170,1.409,Idle
0.003,-0.009,1.034,0.560,-2.223,1.365,Idle
0.005,-0.004,1.006,0.464,-2.293,1.383,Idle
-0.000,0.002,1.025,0.577,-2.266,1.383,Idle
0.003,-0.001,1.018,0.507,-2.196,1.383,Idle
0.005,-0.007,1.016,0.534,-2.257,1.391,Idle
0.022,0.018,0.850,0.044,-2.467,1.470,Idle
-0.002,-0.016,0.975,0.368,-2.188,1.496,Idle
0.005,-0.008,0.990,0.464,-2.249,1.409,Idle
0.002,-0.001,1.031,0.516,-2.284,1.391,Idle
0.000,0.003,1.035,0.560,-2.231,1.374,Idle
0.002,0.001,1.023,0.586,-2.240,1.400,Idle
0.002,-0.003,1.020,0.481,-2.266,1.374,Idle
0.002,-0.002,1.020,0.525,-2.257,1.391,Idle
0.012,0.018,0.962,0.866,-2.266,1.129,Idle
0.005,0.011,1.053,0.639,-2.231,1.523,Idle
0.004,-0.002,1.023,0.499,-2.231,1.409,Idle
0.001,-0.005,1.010,0.490,-2.240,1.383,Idle
0.002,-0.002,1.022,0.525,-2.249,1.365,Idle
0.002,-0.003,1.017,0.534,-2.249,1.409,Idle
0.002,-0.001,1.018,0.525,-2.231,1.391,Idle
0.009,0.006,0.922,0.175,-2.424,1.461,Idle
-0.002,-0.020,0.978,0.507,-0.394,1.715,Idle
0.003,0.005,1.051,0.656,-2.249,1.365,Idle
0.005,0.003,1.036,0.543,-2.301,1.409,Idle
0.001,-0.006,1.017,0.543,-2.223,1.356,Idle
0.002,-0.002,1.018,0.507,-2.266,1.418,Idle
0.002,-0.000,1.017,0.481,-2.275,1.383,Idle
0.002,-0.006,1.020,0.560,-2.223,1.426,Idle
0.003,-0.004,1.020,0.560,-2.231,1.418,Idle
-0.000,-0.017,0.971,0.341,-2.310,1.339,Idle
-0.005,-0.008,1.004,0.394,-2.223,1.461,Idle
0.002,-0.002,1.033,0.604,-2.231,1.400,Idle
0.003,0.002,1.024,0.621,-2.257,1.374,Idle
0.001,0.002,1.023,0.543,-2.249,1.400,Idle
0.003,-0.003,1.025,0.543,-2.223,1.409,Idle
-0.002,0.010,0.987,0.394,-2.362,1.418,Idle
-0.003,-0.017,1.051,0.683,-2.240,1.505,Idle
0.002,-0.003,1.020,0.595,-2.257,1.409,Idle
0.003,-0.003,1.034,0.647,-2.196,1.409,Idle
0.002,-0.003,1.025,0.560,-2.205,1.383,Idle
-0.005,-0.008,1.000,0.700,-2.214,1.383,Idle
0.003,0.004,1.038,0.613,-2.205,1.339,Idle
0.005,-0.002,1.032,0.569,-2.240,1.409,Idle
0.002,-0.003,1.016,0.560,-2.249,1.383,Idle
0.000,0.001,1.027,0.560,-2.240,1.409,Idle
0.002,-0.003,1.019,0.534,-2.223,1.409,Idle
0.002,-0.003,1.034,0.577,-2.205,1.356,Idle
0.001,0.000,1.017,0.516,-2.231,1.383,Idle
-0.003,0.001,1.035,0.543,-2.257,1.418,Idle
0.009,-0.005,0.989,0.306,-2.389,1.383,Idle
0.006,-0.004,1.003,0.507,-2.275,1.365,Idle
-0.003,-0.003,1.031,0.639,-2.188,1.347,Idle
-0.003,-0.001,1.033,0.639,-2.135,1.400,Idle
-0.001,-0.003,1.024,0.560,-2.275,1.409,Idle
0.002,-0.001,1.017,0.455,-2.257,1.391,Idle
0.004,0.004,1.045,0.560,-2.284,1.409,Idle
0.001,-0.001,1.037,0.595,-2.231,1.383,Idle
0.000,0.001,1.028,0.577,-2.266,1.365,Idle
0.001,0.003,1.030,0.455,-2.328,1.391,Idle
0.002,-0.010,0.996,0.394,-2.293,1.400,Idle
0.001,-0.003,1.020,0.516,-2.223,1.400,Idle
0.002,-0.003,1.011,0.472,-2.223,1.383,Idle
0.000,0.003,1.038,0.507,-2.275,1.409,Idle
0.010,0.018,1.078,0.455,-2.188,1.400,Idle
0.002,-0.003,1.015,0.499,-2.240,1.409,Idle
0.001,-0.003,1.012,0.543,-2.223,1.435,Idle
-0.003,0.002,1.026,0.560,-2.231,1.426,Idle
-0.004,-0.012,1.009,0.464,-2.345,1.444,Idle
0.000,-0.003,1.038,0.577,-2.223,1.347,Idle
0.003,-0.002,1.016,0.560,-2.196,1.391,Idle
0.001,0.002,1.071,0.717,-2.275,1.435,Idle
0.006,0.016,1.094,0.744,-2.345,1.391,Idle
0.001,-0.002,1.009,0.481,-2.257,1.391,Idle
0.003,-0.006,0.999,0.543,-2.205,1.383,Idle
0.015,0.002,1.013,0.534,-2.336,1.452,Idle
0.004,-0.016,0.972,0.385,-2.240,1.409,Idle
0.003,-0.002,1.021,0.569,-2.275,1.374,Idle
0.001,0.002,1.034,0.656,-2.240,1.391,Idle
0.004,-0.015,0.977,0.262,-2.415,1.356,Idle
0.006,0.005,1.041,0.394,-2.336,1.461,Idle
0.003,-0.002,1.013,0.560,-2.188,1.374,Idle
0.004,-0.013,0.982,0.333,-2.328,1.391,Idle
0.003,0.009,1.081,0.691,-2.275,1.418,Idle
-0.000,-0.002,1.032,0.586,-2.240,1.391,Idle
0.003,-0.001,1.036,0.613,-2.240,1.383,Idle
0.003,-0.004,1.021,0.560,-2.223,1.400,Idle
0.002,-0.002,1.015,0.586,-2.240,1.374,Idle
0.002,-0.001,1.018,0.507,-2.223,1.400,Idle
0.002,-0.003,1.019,0.525,-2.240,1.356,Idle
0.002,-0.003,1.020,0.569,-2.223,1.365,Idle
0.002,-0.000,1.019,0.560,-2.231,1.374,Idle
0.003,0.002,1.021,0.551,-2.257,1.400,Idle
0.004,-0.001,1.026,0.543,-2.240,1.409,Idle
0.003,-0.002,1.021,0.569,-2.223,1.426,Idle
0.002,-0.001,1.019,0.534,-2.214,1.400,Idle
0.002,-0.002,1.019,0.525,-2.240,1.365,Idle
0.003,-0.003,1.020,0.525,-2.196,1.400,Idle
0.003,-0.004,1.020,0.543,-2.223,1.391,Idle
0.002,-0.001,1.017,0.560,-2.240,1.391,Idle
0.002,0.001,1.020,0.551,-2.249,1.347,Idle
0.002,-0.003,1.021,0.560,-2.231,1.383,Idle
0.003,-0.004,1.020,0.577,-2.249,1.391,Idle
0.003,-0.003,1.020,0.525,-2.275,1.391,Idle
0.002,-0.003,1.021,0.543,-2.257,1.400,Idle
0.003,-0.004,1.017,0.551,-2.223,1.383,Idle
0.002,-0.002,1.018,0.507,-2.240,1.400,Idle
0.001,-0.003,1.018,0.507,-2.249,1.347,Idle
0.002,-0.003,1.019,0.560,-2.223,1.383,Idle
0.003,-0.003,1.019,0.525,-2.257,1.409,Idle
0.002,-0.002,1.020,0.551,-2.231,1.374,Idle
0.002,-0.001,1.018,0.560,-2.240,1.374,Idle
0.002,-0.005,1.022,0.551,-2.231,1.400,Idle
0.002,-0.002,1.022,0.543,-2.275,1.356,Idle
0.001,0.000,1.019,0.516,-2.266,1.409,Idle
0.002,-0.001,1.021,0.551,-2.257,1.374,Idle
0.004,-0.005,1.018,0.516,-2.240,1.409,Idle
0.002,-0.002,1.018,0.516,-2.275,1.339,Idle
0.000,0.000,1.017,0.560,-2.240,1.374,Idle
0.000,-0.001,1.017,0.534,-2.249,1.391,Idle
0.001,-0.004,1.017,0.551,-2.223,1.400,Idle
-0.002,-0.003,1.019,0.525,-2.240,1.365,Idle
0.001,-0.003,1.019,0.516,-2.231,1.400,Idle
0.002,-0.004,1.019,0.534,-2.266,1.435,Idle
0.001,-0.002,1.021,0.525,-2.266,1.365,Idle
0.001,-0.000,1.019,0.534,-2.240,1.374,Idle
0.002,-0.001,1.019,0.551,-2.240,1.356,Idle
0.002,-0.003,1.021,0.551,-2.257,1.356,Idle
0.002,-0.003,1.018,0.525,-2.293,1.347,Idle
0.002,-0.001,1.020,0.551,-2.266,1.409,Idle
0.003,-0.003,1.019,0.534,-2.257,1.391,Idle
0.004,-0.005,1.020,0.534,-2.240,1.391,Idle
0.001,-0.001,1.019,0.507,-2.223,1.409,Idle
0.000,0.000,1.021,0.577,-2.240,1.391,Idle
0.002,-0.001,1.019,0.525,-2.266,1.391,Idle
0.003,-0.005,1.022,0.516,-2.249,1.383,Idle
0.002,-0.003,1.019,0.516,-2.293,1.374,Idle
0.000,-0.000,1.019,0.490,-2.266,1.391,Idle
0.001,-0.001,1.021,0.534,-2.240,1.365,Idle
0.002,-0.002,1.018,0.534,-2.231,1.356,Idle
0.001,0.000,1.018,0.534,-2.266,1.383,Idle
0.001,-0.001,1.018,0.613,-2.240,1.374,Idle
0.003,-0.006,1.019,0.507,-2.223,1.383,Idle
0.003,-0.006,1.019,0.516,-2.266,1.426,Idle
0.003,-0.005,1.020,0.525,-2.240,1.374,Idle
0.003,-0.003,1.019,0.543,-2.240,1.383,Idle
0.002,-0.002,1.022,0.551,-2.223,1.400,Idle
0.002,-0.002,1.021,0.560,-2.266,1.391,Idle
0.003,-0.005,1.018,0.525,-2.231,1.374,Idle
0.002,-0.003,1.021,0.490,-2.214,1.347,Idle
-0.001,0.002,1.019,0.551,-2.275,1.374,Idle
0.000,0.003,1.018,0.551,-2.240,1.383,Idle
0.002,-0.004,1.018,0.525,-2.223,1.356,Idle
0.003,-0.005,1.018,0.551,-2.223,1.400,Idle
0.003,-0.001,1.021,0.534,-2.223,1.435,Idle
0.002,-0.007,1.020,0.516,-2.214,1.365,Idle
0.003,-0.002,1.019,0.507,-2.223,1.409,Idle
0.003,0.002,1.017,0.490,-2.257,1.400,Idle
-0.000,0.002,1.020,0.543,-2.284,1.374,Idle
0.001,-0.006,1.022,0.525,-2.266,1.400,Idle
0.003,-0.006,1.019,0.516,-2.257,1.409,Idle
0.002,-0.001,1.021,0.534,-2.249,1.383,Idle
0.000,0.000,1.019,0.507,-2.249,1.383,Idle
0.002,-0.004,1.020,0.534,-2.240,1.365,Idle
0.004,-0.004,1.021,0.516,-2.249,1.365,Idle
0.002,0.000,1.020,0.534,-2.240,1.374,Idle
0.001,0.000,1.022,0.534,-2.266,1.339,Idle
0.004,-0.008,1.020,0.525,-2.223,1.374,Idle
0.003,-0.006,1.022,0.551,-2.249,1.356,Idle
0.001,0.001,1.019,0.543,-2.240,1.409,Idle
0.001,-0.001,1.019,0.516,-2.257,1.356,Idle
0.002,-0.006,1.018,0.534,-2.284,1.356,Idle
0.002,-0.003,1.019,0.507,-2.223,1.347,Idle
0.001,-0.001,1.018,0.525,-2.231,1.400,Idle
0.003,-0.004,1.019,0.543,-2.231,1.391,Idle
0.001,-0.004,1.020,0.525,-2.249,1.374,Idle
0.001,-0.001,1.019,0.516,-2.231,1.374,Idle
-0.001,0.003,1.020,0.507,-2.275,1.365,Idle
0.002,0.007,1.016,0.551,-2.249,1.383,Idle
0.004,-0.010,1.020,0.499,-2.266,1.374,Idle
0.006,-0.009,1.020,0.551,-2.240,1.356,Idle
-0.001,0.007,1.021,0.525,-2.249,1.339,Idle
0.000,0.001,1.023,0.525,-2.196,1.391,Idle
0.005,-0.010,1.018,0.516,-2.240,1.383,Idle
0.004,-0.005,1.021,0.507,-2.240,1.391,Idle
-0.001,0.002,1.018,0.499,-2.231,1.356,Idle
0.001,-0.001,1.020,0.551,-2.214,1.400,Idle
0.003,-0.006,1.019,0.551,-2.275,1.409,Idle
0.002,-0.004,1.021,0.543,-2.249,1.409,Idle
0.001,0.002,1.019,0.543,-2.266,1.365,Idle
0.002,-0.004,1.019,0.525,-2.240,1.409,Idle
0.003,-0.005,1.022,0.569,-2.249,1.356,Idle
0.001,0.000,1.019,0.569,-2.249,1.426,Idle
0.001,0.002,1.020,0.534,-2.257,1.383,Idle
0.004,-0.007,1.020,0.525,-2.266,1.383,Idle
0.003,-0.004,1.021,0.560,-2.249,1.356,Idle
0.000,0.002,1.019,0.543,-2.214,1.383,Idle
0.002,-0.001,1.018,0.534,-2.266,1.400,Idle
0.004,-0.006,1.022,0.560,-2.223,1.365,Idle
0.003,-0.004,1.021,0.534,-2.240,1.400,Idle
0.000,0.002,1.021,0.543,-2.257,1.409,Idle
0.001,-0.001,1.020,0.499,-2.257,1.400,Idle
0.004,-0.004,1.019,0.569,-2.240,1.365,Idle
0.006,-0.011,1.020,0.551,-2.249,1.409,Idle
0.002,0.001,1.020,0.543,-2.249,1.383,Idle
-0.002,0.006,1.020,0.569,-2.231,1.374,Idle
0.003,-0.006,1.019,0.551,-2.240,1.374,Idle
0.006,-0.011,1.019,0.551,-2.231,1.400,Idle
0.002,-0.002,1.020,0.551,-2.257,1.356,Idle
0.001,0.004,1.022,0.534,-2.214,1.383,Idle
0.004,-0.004,1.018,0.551,-2.223,1.400,Idle
0.002,-0.006,1.017,0.534,-2.240,1.383,Idle
0.001,0.001,1.020,0.560,-2.240,1.426,Idle
0.001,0.001,1.021,0.551,-2.266,1.356,Idle
0.003,-0.008,1.019,0.543,-2.240,1.339,Idle
0.002,-0.005,1.018,0.543,-2.214,1.409,Idle
-0.001,0.005,1.020,0.569,-2.205,1.383,Idle
0.002,-0.002,1.020,0.534,-2.170,1.374,Idle
0.005,-0.009,1.021,0.551,-2.249,1.391,Idle
0.002,-0.004,1.021,0.595,-2.223,1.383,Idle
-0.001,0.004,1.021,0.543,-2.257,1.374,Idle
0.002,-0.005,1.019,0.516,-2.223,1.391,Idle
0.006,-0.011,1.021,0.516,-2.231,1.356,Idle
0.002,-0.002,1.022,0.551,-2.257,1.400,Idle
0.000,0.004,1.020,0.516,-2.249,1.383,Idle
0.004,-0.002,1.019,0.525,-2.240,1.383,Idle
0.003,-0.009,1.020,0.507,-2.257,1.400,Idle
0.004,-0.002,1.022,0.534,-2.240,1.347,Idle
-0.000,-0.000,1.018,0.534,-2.214,1.374,Idle
0.001,-0.001,1.020,0.516,-2.214,1.356,Idle
0.003,-0.004,1.020,0.560,-2.249,1.383,Idle
0.000,-0.002,1.020,0.551,-2.257,1.374,Idle
0.002,-0.001,1.022,0.569,-2.223,1.400,Idle
0.004,-0.005,1.020,0.525,-2.223,1.400,Idle
0.002,-0.004,1.021,0.551,-2.249,1.374,Idle
0.001,-0.002,1.019,0.560,-2.231,1.391,Idle
0.003,-0.003,1.019,0.516,-2.214,1.383,Idle
0.003,-0.006,1.021,0.516,-2.266,1.374,Idle
0.002,-0.004,1.020,0.543,-2.275,1.374,Idle
0.002,0.001,1.019,0.499,-2.293,1.383,Idle
0.001,-0.000,1.018,0.490,-2.257,1.356,Idle
0.001,-0.003,1.022,0.516,-2.240,1.374,Idle
0.003,-0.003,1.018,0.490,-2.293,1.312,Idle
0.002,-0.004,1.019,0.525,-2.223,1.409,Idle
0.003,-0.007,1.021,0.490,-2.293,1.374,Idle
0.003,-0.002,1.020,0.543,-2.257,1.400,Idle
-0.000,0.004,1.022,0.560,-2.275,1.383,Idle
0.001,-0.003,1.021,0.525,-2.223,1.383,Idle
0.002,-0.004,1.019,0.543,-2.240,1.409,Idle
0.001,-0.001,1.021,0.490,-2.257,1.374,Idle
0.002,-0.002,1.011,0.472,-2.240,1.383,Idle
0.003,-0.002,1.016,0.543,-2.249,1.356,Idle
0.001,-0.001,1.025,0.604,-2.205,1.374,Idle
0.002,0.001,1.019,0.569,-2.249,1.400,Idle
0.001,0.001,1.022,0.577,-2.275,1.383,Idle
0.002,-0.002,1.022,0.534,-2.231,1.374,Idle
0.001,-0.001,1.021,0.551,-2.231,1.400,Idle
0.001,-0.002,1.020,0.551,-2.257,1.356,Idle
0.002,-0.006,1.021,0.543,-2.257,1.365,Idle
0.006,-0.010,1.023,0.577,-2.275,1.383,Idle
0.003,-0.004,1.019,0.534,-2.205,1.383,Idle
-0.001,0.005,1.020,0.525,-2.249,1.426,Idle
0.001,0.000,1.021,0.595,-2.266,1.374,Idle
0.003,-0.006,1.020,0.507,-2.249,1.418,Idle
0.003,-0.002,1.020,0.507,-2.266,1.374,Idle
0.002,-0.002,1.020,0.507,-2.249,1.383,Idle
0.003,-0.004,1.021,0.560,-2.257,1.400,Idle
0.002,-0.001,1.020,0.516,-2.293,1.409,Idle
0.002,-0.001,1.016,0.551,-2.249,1.374,Idle
0.002,-0.005,1.018,0.586,-2.223,1.391,Idle
0.002,-0.003,1.021,0.551,-2.249,1.374,Idle
0.001,-0.000,1.021,0.534,-2.257,1.365,Idle
0.002,-0.001,1.022,0.507,-2.240,1.365,Idle
0.002,-0.004,1.021,0.490,-2.249,1.409,Idle
0.002,-0.002,1.017,0.534,-2.240,1.418,Idle
0.000,-0.000,1.020,0.543,-2.249,1.418,Idle
0.002,-0.002,1.018,0.543,-2.240,1.400,Idle
0.002,-0.004,1.020,0.577,-2.249,1.391,Idle
0.001,-0.002,1.020,0.543,-2.275,1.400,Idle
0.002,-0.001,1.020,0.551,-2.231,1.383,Idle
0.002,-0.001,1.020,0.577,-2.284,1.330,Idle
0.002,-0.001,1.020,0.516,-2.257,1.383,Idle
0.002,-0.001,1.020,0.481,-2.275,1.356,Idle
0.003,-0.003,1.019,0.507,-2.257,1.347,Idle
0.002,-0.005,1.020,0.534,-2.249,1.400,Idle
0.002,-0.002,1.018,0.551,-2.240,1.391,Idle
0.001,0.000,1.020,0.464,-2.231,1.418,Idle
0.002,-0.001,1.020,0.543,-2.231,1.356,Idle
0.002,-0.002,1.018,0.516,-2.257,1.400,Idle
0.001,-0.002,1.018,0.490,-2.249,1.409,Idle
0.001,-0.001,1.021,0.507,-2.223,1.365,Idle
0.001,-0.003,1.021,0.543,-2.214,1.365,Idle
0.003,-0.005,1.020,0.516,-2.240,1.409,Idle
0.001,-0.002,1.020,0.534,-2.275,1.383,Idle
0.002,-0.003,1.020,0.516,-2.231,1.400,Idle
0.002,-0.004,1.021,0.507,-2.231,1.374,Idle
0.003,-0.004,1.018,0.551,-2.249,1.374,Idle
0.002,-0.001,1.020,0.490,-2.284,1.365,Idle
0.001,-0.000,1.023,0.577,-2.257,1.383,Idle
0.002,-0.001,1.021,0.551,-2.240,1.409,Idle
0.002,-0.001,1.022,0.543,-2.275,1.365,Idle
0.002,-0.001,1.022,0.534,-2.257,1.383,Idle
0.003,-0.002,1.020,0.507,-2.240,1.383,Idle
0.002,-0.002,1.021,0.551,-2.284,1.383,Idle
0.002,-0.001,1.021,0.543,-2.257,1.409,Idle
0.003,-0.002,1.020,0.586,-2.240,1.409,Idle
0.002,-0.003,1.019,0.507,-2.266,1.347,Idle
0.002,-0.004,1.020,0.586,-2.249,1.400,Idle
0.003,-0.005,1.020,0.577,-2.231,1.383,Idle
0.002,-0.005,1.019,0.560,-2.240,1.383,Idle
0.001,-0.002,1.020,0.525,-2.257,1.374,Idle
0.002,-0.001,1.020,0.516,-2.266,1.391,Idle
0.003,-0.003,1.021,0.543,-2.231,1.391,Idle
0.002,-0.000,1.019,0.507,-2.266,1.374,Idle
0.002,0.001,1.019,0.516,-2.249,1.400,Idle
0.002,-0.003,1.021,0.499,-2.231,1.409,Idle
0.003,-0.002,1.021,0.551,-2.257,1.374,Idle
0.001,-0.000,1.020,0.569,-2.214,1.374,Idle
0.002,-0.001,1.022,0.507,-2.240,1.374,Idle
0.002,-0.004,1.018,0.534,-2.257,1.383,Idle
0.002,-0.002,1.018,0.525,-2.223,1.383,Idle
0.001,-0.001,1.022,0.507,-2.223,1.383,Idle
0.002,-0.002,1.018,0.516,-2.223,1.374,Idle
0.002,-0.005,1.021,0.551,-2.257,1.400,Idle
0.002,-0.003,1.021,0.543,-2.266,1.400,Idle
0.001,-0.002,1.021,0.525,-2.257,1.356,Idle
0.002,-0.002,1.019,0.551,-2.249,1.365,Idle
0.002,-0.004,1.021,0.525,-2.249,1.330,Idle
0.001,0.001,1.019,0.560,-2.231,1.418,Idle
0.001,0.001,1.019,0.560,-2.231,1.365,Idle
0.002,-0.003,1.018,0.534,-2.240,1.365,Idle
0.003,-0.005,1.018,0.525,-2.257,1.391,Idle
0.001,-0.003,1.020,0.551,-2.249,1.347,Idle
0.002,-0.003,1.021,0.560,-2.266,1.391,Idle
0.004,-0.008,1.020,0.525,-2.240,1.365,Idle
0.002,-0.005,1.022,0.534,-2.240,1.374,Idle
0.002,0.002,1.018,0.499,-2.266,1.365,Idle
-0.000,0.000,1.021,0.551,-2.231,1.400,Idle
0.001,0.003,1.019,0.551,-2.223,1.391,Idle
-0.000,-0.001,1.018,0.516,-2.214,1.365,Idle
0.004,-0.003,1.019,0.507,-2.223,1.365,Idle
0.002,-0.000,1.018,0.516,-2.240,1.374,Idle
0.000,0.003,1.017,0.516,-2.249,1.356,Idle
0.002,-0.004,1.018,0.560,-2.223,1.365,Idle
0.003,-0.008,1.021,0.551,-2.223,1.383,Idle
0.004,-0.006,1.021,0.543,-2.223,1.374,Idle
0.003,-0.005,1.019,0.534,-2.214,1.356,Idle
0.001,-0.018,1.018,0.516,-2.257,1.347,Idle
-0.000,0.003,1.013,0.481,-2.249,1.383,Idle
-0.001,0.003,1.021,0.490,-2.257,1.374,Idle
0.003,-0.004,1.018,0.569,-2.231,1.365,Idle
0.003,-0.005,1.017,0.499,-2.257,1.339,Idle
0.001,0.006,1.020,0.516,-2.257,1.400,Idle
-0.003,0.004,1.023,0.560,-2.240,1.374,Idle
0.000,-0.006,1.021,0.551,-2.240,1.418,Idle
0.003,-0.005,1.019,0.525,-2.275,1.365,Idle
-0.001,0.006,1.021,0.534,-2.240,1.365,Idle
-0.001,0.005,1.020,0.560,-2.223,1.365,Idle
0.004,-0.008,1.020,0.525,-2.240,1.400,Idle
0.005,-0.007,1.016,0.525,-2.231,1.365,Idle
0.001,-0.001,1.020,0.534,-2.266,1.347,Idle
-0.002,0.013,1.020,0.543,-2.275,1.383,Idle
0.000,0.003,1.016,0.534,-2.214,1.426,Idle
0.007,-0.020,1.019,0.516,-2.293,1.383,Idle
0.002,-0.005,1.024,0.569,-2.275,1.356,Idle
-0.001,0.008,1.021,0.464,-2.275,1.383,Idle
0.001,0.002,1.021,0.499,-2.231,1.356,Idle
0.005,-0.012,1.021,0.481,-2.293,1.383,Idle
0.003,-0.005,1.022,0.543,-2.249,1.383,Idle
-0.000,0.006,1.022,0.551,-2.266,1.400,Idle
0.003,-0.008,1.022,0.534,-2.240,1.365,Idle
0.006,-0.010,1.016,0.543,-2.231,1.365,Idle
-0.000,0.000,1.021,0.543,-2.231,1.391,Idle
0.000,0.004,1.021,0.569,-2.266,1.365,Idle
0.003,-0.007,1.019,0.525,-2.223,1.400,Idle
0.001,-0.004,1.019,0.569,-2.257,1.409,Idle
-0.001,0.003,1.019,0.551,-2.240,1.391,Idle
-0.001,-0.000,1.020,0.551,-2.293,1.409,Idle
0.004,-0.006,1.020,0.551,-2.275,1.374,Idle
0.001,-0.001,1.019,0.577,-2.231,1.374,Idle
0.000,0.004,1.021,0.525,-2.231,1.409,Idle
0.001,-0.000,1.020,0.516,-2.223,1.339,Idle
0.003,-0.007,1.016,0.516,-2.240,1.365,Idle
0.004,-0.003,1.019,0.516,-2.257,1.356,Idle
0.001,-0.002,1.019,0.543,-2.266,1.383,Idle
0.002,-0.002,1.019,0.543,-2.240,1.409,Idle
0.002,-0.005,1.020,0.569,-2.205,1.356,Idle
0.002,-0.002,1.021,0.525,-2.257,1.391,Idle
-0.001,0.000,1.021,0.577,-2.266,1.391,Idle
0.001,-0.001,1.019,0.543,-2.240,1.356,Idle
0.002,-0.002,1.021,0.551,-2.275,1.383,Idle
0.002,-0.004,1.019,0.534,-2.266,1.400,Idle
0.002,-0.002,1.021,0.516,-2.231,1.400,Idle
0.001,-0.001,1.021,0.560,-2.231,1.409,Idle
0.001,-0.002,1.019,0.490,-2.266,1.365,Idle
0.003,-0.003,1.020,0.516,-2.266,1.374,Idle
0.003,-0.002,1.020,0.534,-2.214,1.426,Idle
0.001,-0.001,1.019,0.569,-2.249,1.383,Idle
0.000,-0.001,1.021,0.569,-2.284,1.391,Idle
0.002,-0.002,1.018,0.534,-2.214,1.374,Idle
0.003,-0.003,1.021,0.543,-2.240,1.409,Idle
0.003,-0.002,1.019,0.525,-2.293,1.347,Idle
0.002,-0.001,1.018,0.516,-2.240,1.365,Idle
0.002,-0.001,1.021,0.543,-2.240,1.435,Idle
0.002,-0.003,1.018,0.490,-2.223,1.418,Idle
0.003,-0.003,1.016,0.507,-2.240,1.400,Idle
0.001,-0.003,1.020,0.551,-2.257,1.374,Idle
0.001,-0.002,1.019,0.525,-2.249,1.356,Idle
0.001,-0.001,1.019,0.560,-2.257,1.374,Idle
0.002,-0.003,1.021,0.543,-2.231,1.400,Idle
0.003,-0.004,1.022,0.525,-2.249,1.400,Idle
0.003,-0.002,1.021,0.577,-2.257,1.374,Idle
0.002,-0.001,1.022,0.551,-2.223,1.383,Idle
0.003,-0.003,1.019,0.525,-2.231,1.418,Idle
0.002,-0.002,1.018,0.525,-2.266,1.383,Idle
0.001,-0.001,1.019,0.534,-2.231,1.400,Idle
-0.000,-0.001,1.020,0.569,-2.257,1.409,Idle
0.002,-0.002,1.019,0.507,-2.249,1.383,Idle
0.002,-0.003,1.021,0.534,-2.240,1.383,Idle
0.003,-0.003,1.019,0.543,-2.284,1.374,Idle
0.002,-0.000,1.018,0.543,-2.249,1.409,Idle
0.000,0.001,1.021,0.586,-2.284,1.383,Idle
0.001,-0.001,1.019,0.569,-2.266,1.365,Idle
0.002,-0.005,1.021,0.499,-2.249,1.356,Idle
0.004,-0.003,1.021,0.507,-2.275,1.383,Idle
0.002,-0.002,1.018,0.525,-2.284,1.356,Idle
0.002,-0.002,1.018,0.507,-2.275,1.418,Idle
0.003,-0.005,1.018,0.569,-2.257,1.374,Idle
0.002,-0.003,1.020,0.551,-2.231,1.347,Idle
0.001,-0.000,1.019,0.534,-2.249,1.391,Idle
0.001,-0.002,1.019,0.525,-2.266,1.365,Idle
0.002,-0.003,1.021,0.534,-2.249,1.356,Idle
0.002,-0.002,1.022,0.543,-2.214,1.400,Idle
0.001,-0.001,1.019,0.534,-2.249,1.365,Idle
0.002,-0.001,1.020,0.543,-2.240,1.418,Idle
0.002,-0.003,1.020,0.534,-2.231,1.426,Idle
0.004,-0.004,1.018,0.560,-2.214,1.391,Idle
0.000,0.001,1.019,0.560,-2.257,1.383,Idle
0.001,0.001,1.017,0.551,-2.249,1.374,Idle
0.003,-0.005,1.019,0.560,-2.257,1.391,Idle
0.003,-0.004,1.020,0.543,-2.231,1.409,Idle
0.001,-0.000,1.020,0.551,-2.231,1.365,Idle
0.000,-0.002,1.019,0.516,-2.249,1.391,Idle
0.002,-0.003,1.021,0.551,-2.257,1.374,Idle
0.001,-0.001,1.020,0.507,-2.240,1.400,Idle
0.002,-0.002,1.022,0.472,-2.249,1.400,Idle
0.002,-0.005,1.021,0.516,-2.257,1.400,Idle
0.004,-0.006,1.018,0.534,-2.257,1.374,Idle
0.002,0.002,1.019,0.499,-2.275,1.365,Idle
0.000,0.004,1.019,0.534,-2.257,1.409,Idle
0.003,-0.003,1.019,0.534,-2.231,1.391,Idle
0.003,-0.005,1.018,0.516,-2.214,1.365,Idle
0.000,0.001,1.021,0.551,-2.257,1.400,Idle
0.000,0.002,1.017,0.507,-2.257,1.383,Idle
0.002,-0.004,1.020,0.516,-2.249,1.365,Idle
0.001,-0.003,1.020,0.534,-2.249,1.435,Idle
0.002,-0.001,1.020,0.525,-2.249,1.347,Idle
0.003,-0.004,1.020,0.516,-2.240,1.409,Idle
0.003,-0.006,1.019,0.534,-2.223,1.365,Idle
0.003,-0.002,1.018,0.490,-2.266,1.330,Idle
0.002,-0.000,1.020,0.543,-2.231,1.391,Idle
0.002,-0.001,1.020,0.534,-2.257,1.374,Idle
0.003,-0.003,1.020,0.525,-2.231,1.356,Idle
0.001,-0.001,1.020,0.534,-2.240,1.356,Idle
0.001,-0.001,1.021,0.534,-2.240,1.383,Idle
0.002,-0.002,1.019,0.525,-2.223,1.400,Idle
0.002,-0.003,1.019,0.543,-2.249,1.356,Idle
0.002,-0.000,1.019,0.534,-2.231,1.418,Idle
0.002,-0.001,1.020,0.507,-2.231,1.383,Idle
0.002,-0.003,1.020,0.569,-2.214,1.400,Idle
0.002,-0.003,1.020,0.516,-2.275,1.391,Idle
0.002,-0.003,1.019,0.534,-2.257,1.383,Idle
0.002,-0.003,1.019,0.569,-2.231,1.409,Idle
0.001,0.002,1.021,0.516,-2.240,1.365,Idle
-0.001,0.005,1.020,0.507,-2.223,1.374,Idle
0.005,-0.009,1.019,0.534,-2.257,1.391,Idle
0.006,-0.013,1.020,0.525,-2.275,1.383,Idle
0.003,-0.004,1.020,0.534,-2.293,1.391,Idle
0.001,0.002,1.019,0.543,-2.284,1.391,Idle
0.002,-0.004,1.019,0.534,-2.249,1.391,Idle
0.002,-0.002,1.018,0.525,-2.231,1.374,Idle
0.002,0.002,1.022,0.525,-2.240,1.391,Idle
0.001,-0.001,1.019,0.543,-2.249,1.391,Idle
0.003,-0.003,1.021,0.543,-2.266,1.391,Idle
0.003,-0.002,1.019,0.507,-2.214,1.418,Idle
0.000,0.002,1.020,0.525,-2.214,1.426,Idle
0.001,0.001,1.019,0.516,-2.223,1.400,Idle
0.003,-0.003,1.021,0.560,-2.214,1.374,Idle
0.003,-0.004,1.020,0.516,-2.240,1.391,Idle
0.003,-0.004,1.019,0.534,-2.249,1.347,Idle
0.006,-0.011,1.020,0.534,-2.249,1.356,Idle
0.006,-0.012,1.019,0.543,-2.266,1.418,Idle
0.001,-0.002,1.018,0.560,-2.249,1.374,Idle
0.000,0.005,1.020,0.516,-2.231,1.383,Idle
0.002,-0.003,1.019,0.516,-2.240,1.374,Idle
0.003,-0.005,1.018,0.551,-2.249,1.374,Idle
0.001,-0.000,1.022,0.534,-2.231,1.391,Idle
-0.001,0.003,1.020,0.525,-2.240,1.356,Idle
0.002,-0.003,1.019,0.516,-2.214,1.383,Idle
0.002,-0.004,1.020,0.534,-2.257,1.383,Idle
0.002,-0.002,1.019,0.499,-2.240,1.374,Idle
0.002,-0.000,1.019,0.551,-2.231,1.365,Idle
0.002,-0.002,1.020,0.560,-2.275,1.391,Idle
0.003,-0.003,1.019,0.543,-2.240,1.418,Idle
0.002,-0.002,1.019,0.543,-2.249,1.409,Idle
0.002,-0.002,1.019,0.534,-2.249,1.391,Idle
0.002,-0.002,1.022,0.543,-2.240,1.383,Idle
0.001,-0.001,1.023,0.551,-2.266,1.391,Idle
0.001,-0.001,1.021,0.525,-2.231,1.339,Idle
0.002,-0.002,1.020,0.560,-2.240,1.365,Idle
0.002,-0.003,1.019,0.534,-2.275,1.365,Idle
0.002,-0.002,1.019,0.551,-2.240,1.383,Idle
0.001,-0.001,1.018,0.516,-2.257,1.356,Idle
0.002,-0.003,1.020,0.534,-2.179,1.383,Idle
0.003,-0.003,1.019,0.569,-2.240,1.365,Idle
0.002,-0.002,1.022,0.560,-2.223,1.383,Idle
0.002,-0.001,1.020,0.560,-2.249,1.374,Idle
0.001,-0.001,1.021,0.551,-2.257,1.400,Idle
0.002,-0.003,1.021,0.516,-2.240,1.383,Idle
0.001,-0.003,1.021,0.525,-2.223,1.347,Idle
0.001,-0.003,1.018,0.543,-2.266,1.374,Idle
0.001,-0.001,1.020,0.490,-2.284,1.400,Idle
0.003,-0.004,1.019,0.499,-2.240,1.374,Idle
0.003,-0.003,1.017,0.516,-2.249,1.409,Idle
0.003,-0.001,1.021,0.534,-2.257,1.391,Idle
0.002,-0.001,1.021,0.543,-2.284,1.400,Idle
0.002,-0.002,1.019,0.534,-2.231,1.365,Idle
0.002,-0.002,1.021,0.525,-2.214,1.452,Idle
0.002,-0.003,1.019,0.534,-2.231,1.347,Idle
0.002,-0.002,1.020,0.499,-2.275,1.400,Idle
0.000,-0.001,1.018,0.560,-2.240,1.409,Idle
0.002,-0.003,1.020,0.569,-2.249,1.365,Idle
0.003,-0.004,1.017,0.534,-2.196,1.347,Idle
0.002,-0.005,1.020,0.613,-2.257,1.400,Idle
0.003,-0.001,1.020,0.516,-2.249,1.356,Idle
0.001,-0.001,1.018,0.543,-2.223,1.383,Idle
0.002,-0.002,1.018,0.534,-2.266,1.400,Idle
0.002,-0.003,1.019,0.551,-2.231,1.426,Idle
0.001,0.000,1.018,0.551,-2.223,1.391,Idle
0.000,0.000,1.020,0.499,-2.240,1.383,Idle
0.000,0.000,1.021,0.516,-2.275,1.347,Idle
0.009,0.008,1.017,0.551,-2.135,1.461,Idle
0.016,-0.006,1.020,0.516,-2.319,1.418,Idle
-0.007,-0.022,1.028,0.630,-2.196,1.418,Idle
-0.015,-0.006,1.018,0.490,-2.179,1.400,Idle
0.005,-0.001,1.017,0.455,-2.293,1.400,Idle
-0.001,-0.003,1.027,0.621,-2.214,1.374,Idle
-0.001,-0.005,1.025,0.639,-2.214,1.330,Idle
-0.002,-0.003,1.018,0.516,-2.249,1.383,Idle
0.003,0.001,1.026,0.586,-2.275,1.374,Idle
0.003,-0.004,1.024,0.604,-2.205,1.374,Idle
0.001,-0.006,1.016,0.569,-2.205,1.400,Idle
0.000,-0.002,1.016,0.481,-2.266,1.339,Idle
0.003,-0.001,1.023,0.569,-2.188,1.347,Idle
0.005,-0.007,1.020,0.577,-2.205,1.365,Idle
0.001,-0.002,1.015,0.481,-2.223,1.365,Idle
-0.001,0.004,1.017,0.472,-2.275,1.409,Idle
0.002,0.001,1.022,0.551,-2.205,1.383,Idle
0.004,-0.006,1.019,0.551,-2.231,1.418,Idle
0.000,-0.001,1.017,0.499,-2.257,1.365,Idle
0.001,0.003,1.019,0.534,-2.249,1.374,Idle
0.002,-0.002,1.019,0.577,-2.223,1.391,Idle
0.003,-0.006,1.019,0.499,-2.257,1.356,Idle
0.000,0.001,1.020,0.569,-2.257,1.383,Idle
0.001,0.002,1.022,0.499,-2.249,1.374,Idle
0.003,-0.002,1.020,0.560,-2.223,1.435,Idle
0.003,-0.006,1.018,0.534,-2.240,1.365,Idle
0.001,-0.001,1.019,0.499,-2.240,1.347,Idle
0.001,-0.000,1.020,0.569,-2.257,1.409,Idle
0.001,-0.003,1.018,0.543,-2.240,1.400,Idle
0.002,-0.004,1.018,0.490,-2.249,1.374,Idle
0.001,-0.000,1.021,0.543,-2.231,1.391,Idle
0.001,-0.002,1.019,0.534,-2.249,1.400,Idle
0.003,-0.004,1.020,0.551,-2.240,1.409,Idle
0.002,-0.002,1.019,0.560,-2.284,1.418,Idle
0.000,-0.001,1.021,0.490,-2.266,1.374,Idle
0.001,-0.001,1.019,0.551,-2.231,1.383,Idle
0.002,-0.002,1.018,0.507,-2.275,1.365,Idle
0.001,-0.001,1.019,0.543,-2.240,1.374,Idle
0.000,0.002,1.020,0.543,-2.240,1.409,Idle
0.001,0.002,1.019,0.534,-2.249,1.409,Idle
0.002,-0.002,1.020,0.534,-2.266,1.409,Idle
0.004,-0.009,1.019,0.543,-2.223,1.383,Idle
0.004,-0.009,1.019,0.543,-2.223,1.418,Idle
0.002,-0.004,1.020,0.534,-2.223,1.426,Idle
0.001,-0.000,1.018,0.534,-2.240,1.391,Idle
0.002,-0.002,1.019,0.516,-2.223,1.383,Idle
0.002,-0.003,1.020,0.516,-2.257,1.374,Idle
0.003,-0.002,1.021,0.543,-2.249,1.365,Idle
0.001,-0.003,1.019,0.525,-2.223,1.391,Idle
0.002,-0.004,1.017,0.525,-2.240,1.400,Idle
0.001,-0.004,1.018,0.551,-2.231,1.374,Idle
0.002,-0.003,1.018,0.543,-2.231,1.391,Idle
0.002,-0.004,1.019,0.516,-2.223,1.409,Idle
0.001,-0.002,1.020,0.560,-2.249,1.374,Idle
0.002,-0.000,1.021,0.586,-2.266,1.374,Idle
0.001,-0.001,1.019,0.534,-2.249,1.418,Idle
0.001,-0.003,1.018,0.507,-2.249,1.365,Idle
0.001,-0.002,1.019,0.499,-2.231,1.391,Idle
0.001,-0.000,1.020,0.534,-2.257,1.356,Idle
0.002,-0.001,1.019,0.534,-2.231,1.391,Idle
0.002,-0.002,1.021,0.516,-2.257,1.374,Idle
0.002,-0.002,1.019,0.525,-2.240,1.356,Idle
0.000,0.000,1.020,0.534,-2.231,1.374,Idle
0.001,0.000,1.019,0.516,-2.240,1.347,Idle
0.006,-0.010,1.020,0.516,-2.257,1.365,Idle
0.003,-0.010,1.019,0.534,-2.231,1.400,Idle
0.003,-0.002,1.018,0.543,-2.257,1.391,Idle
-0.001,0.004,1.020,0.516,-2.214,1.374,Idle
0.002,-0.001,1.020,0.560,-2.249,1.383,Idle
0.003,-0.005,1.019,0.560,-2.284,1.374,Idle
0.001,-0.003,1.020,0.543,-2.249,1.383,Idle
0.001,-0.001,1.019,0.543,-2.231,1.356,Idle
0.003,-0.005,1.019,0.516,-2.257,1.374,Idle
0.004,-0.006,1.020,0.516,-2.231,1.409,Idle
0.003,-0.003,1.019,0.507,-2.249,1.400,Idle
0.002,-0.002,1.018,0.543,-2.214,1.418,Idle
0.002,-0.003,1.021,0.543,-2.240,1.383,Idle
0.003,-0.003,1.019,0.534,-2.249,1.330,Idle
0.002,-0.001,1.020,0.543,-2.275,1.383,Idle
0.002,-0.002,1.019,0.543,-2.257,1.347,Idle
0.003,-0.004,1.020,0.534,-2.249,1.383,Idle
0.003,-0.005,1.019,0.569,-2.240,1.383,Idle
0.003,-0.003,1.018,0.525,-2.266,1.383,Idle
0.002,-0.002,1.019,0.525,-2.249,1.409,Idle
0.002,-0.002,1.019,0.543,-2.240,1.418,Idle
0.001,-0.000,1.020,0.534,-2.257,1.383,Idle
0.001,0.000,1.019,0.525,-2.249,1.383,Idle
0.002,-0.004,1.020,0.543,-2.266,1.426,Idle
0.003,-0.004,1.020,0.525,-2.257,1.400,Idle
0.002,-0.002,1.021,0.551,-2.266,1.383,Idle
0.000,0.000,1.019,0.543,-2.214,1.383,Idle
0.002,-0.003,1.019,0.569,-2.249,1.374,Idle
0.003,-0.003,1.020,0.507,-2.214,1.400,Idle
0.002,-0.003,1.021,0.516,-2.231,1.409,Idle
0.002,-0.001,1.019,0.569,-2.214,1.400,Idle
0.002,-0.002,1.018,0.534,-2.240,1.383,Idle
0.002,-0.004,1.020,0.534,-2.266,1.383,Idle
0.002,-0.005,1.019,0.577,-2.214,1.383,Idle
0.000,-0.002,1.021,0.534,-2.249,1.383,Idle
0.002,-0.001,1.020,0.507,-2.249,1.365,Idle
0.003,-0.003,1.019,0.543,-2.275,1.400,Idle
0.003,-0.004,1.021,0.551,-2.257,1.391,Idle
0.002,-0.002,1.020,0.534,-2.249,1.356,Idle
0.000,0.000,1.018,0.516,-2.240,1.365,Idle
0.001,-0.000,1.020,0.560,-2.275,1.374,Idle
0.002,-0.003,1.019,0.507,-2.240,1.383,Idle
0.002,-0.004,1.019,0.516,-2.249,1.409,Idle
0.001,-0.002,1.019,0.490,-2.266,1.383,Idle
0.001,-0.001,1.020,0.569,-2.223,1.339,Idle
0.002,-0.002,1.019,0.534,-2.223,1.365,Idle
0.002,-0.003,1.019,0.551,-2.240,1.391,Idle
0.002,-0.003,1.019,0.525,-2.275,1.400,Idle
0.001,-0.003,1.018,0.551,-2.240,1.383,Idle
0.002,-0.003,1.019,0.560,-2.249,1.391,Idle
0.000,-0.002,1.028,0.543,-2.249,1.374,Idle
0.003,-0.001,1.024,0.569,-2.240,1.400,Idle
0.002,-0.004,1.021,0.543,-2.240,1.374,Idle
0.003,-0.002,1.019,0.560,-2.275,1.347,Idle
0.000,0.000,1.018,0.543,-2.266,1.365,Idle
0.000,-0.003,1.019,0.551,-2.240,1.347,Idle
0.004,-0.005,1.018,0.569,-2.231,1.374,Idle
0.002,-0.004,1.021,0.551,-2.214,1.383,Idle
0.001,0.002,1.020,0.534,-2.275,1.374,Idle
-0.000,0.000,1.019,0.525,-2.231,1.365,Idle
0.006,-0.012,1.019,0.534,-2.231,1.400,Idle
0.003,-0.004,1.019,0.534,-2.249,1.426,Idle
-0.002,0.008,1.018,0.516,-2.257,1.365,Idle
-0.000,0.003,1.020,0.560,-2.240,1.339,Idle
0.005,-0.011,1.017,0.507,-2.249,1.391,Idle
0.003,-0.005,1.018,0.499,-2.240,1.391,Idle
-0.001,0.003,1.020,0.569,-2.249,1.409,Idle
0.001,-0.001,1.020,0.543,-2.249,1.365,Idle
0.003,-0.007,1.019,0.577,-2.240,1.356,Idle
0.001,-0.000,1.020,0.560,-2.249,1.374,Idle
0.000,0.001,1.021,0.560,-2.284,1.330,Idle
0.001,-0.004,1.019,0.551,-2.257,1.418,Idle
0.003,-0.006,1.020,0.543,-2.240,1.356,Idle
-0.000,0.001,1.020,0.507,-2.249,1.383,Idle
-0.000,0.001,1.018,0.490,-2.231,1.391,Idle
0.003,-0.003,1.020,0.516,-2.257,1.383,Idle
0.002,-0.004,1.018,0.551,-2.249,1.365,Idle
0.000,0.001,1.020,0.551,-2.249,1.365,Idle
0.002,-0.002,1.019,0.551,-2.231,1.383,Idle
0.004,-0.007,1.020,0.551,-2.249,1.365,Idle
0.004,-0.005,1.021,0.551,-2.249,1.391,Idle
-0.001,0.003,1.020,0.543,-2.240,1.383,Idle
-0.001,-0.000,1.019,0.551,-2.257,1.347,Idle
0.003,-0.006,1.019,0.525,-2.249,1.409,Idle
0.005,-0.008,1.019,0.543,-2.223,1.391,Idle
0.000,0.002,1.019,0.543,-2.275,1.330,Idle
-0.001,0.004,1.021,0.499,-2.214,1.374,Idle
0.003,-0.006,1.018,0.499,-2.231,1.391,Idle
0.003,-0.005,1.018,0.516,-2.231,1.383,Idle
0.000,0.001,1.019,0.525,-2.223,1.391,Idle
0.001,0.000,1.019,0.569,-2.257,1.391,Idle
0.000,0.002,1.022,0.551,-2.266,1.383,Idle
0.002,-0.004,1.021,0.551,-2.257,1.365,Idle
0.000,-0.004,1.020,0.543,-2.240,1.365,Idle
0.002,0.000,1.019,0.551,-2.293,1.356,Idle
0.001,-0.002,1.020,0.516,-2.223,1.400,Idle
0.002,-0.003,1.018,0.516,-2.266,1.409,Idle
0.000,-0.002,1.019,0.534,-2.223,1.391,Idle
0.002,-0.003,1.018,0.551,-2.240,1.391,Idle
0.003,-0.003,1.018,0.551,-2.231,1.409,Idle
0.001,-0.001,1.019,0.507,-2.257,1.347,Idle
0.001,-0.003,1.021,0.534,-2.196,1.374,Idle
0.003,-0.004,1.021,0.534,-2.293,1.339,Idle
0.002,-0.004,1.020,0.525,-2.214,1.383,Idle
0.001,0.000,1.020,0.577,-2.275,1.391,Idle
0.001,-0.002,1.019,0.543,-2.240,1.409,Idle
0.003,-0.004,1.020,0.560,-2.240,1.400,Idle
0.002,-0.004,1.018,0.499,-2.196,1.356,Idle
0.001,-0.001,1.018,0.534,-2.231,1.374,Idle
0.001,-0.002,1.019,0.525,-2.223,1.391,Idle
0.002,-0.003,1.017,0.534,-2.257,1.365,Idle
0.001,-0.003,1.020,0.560,-2.231,1.347,Idle
0.002,-0.002,1.020,0.534,-2.257,1.347,Idle
0.001,-0.002,1.020,0.586,-2.257,1.374,Idle
0.001,-0.003,1.020,0.551,-2.240,1.400,Idle
0.000,-0.002,1.020,0.551,-2.284,1.374,Idle
0.002,-0.002,1.019,0.525,-2.266,1.391,Idle
0.002,-0.004,1.019,0.551,-2.293,1.391,Idle
0.002,-0.003,1.016,0.516,-2.240,1.391,Idle
0.002,-0.000,1.019,0.516,-2.240,1.391,Idle
-0.014,0.026,1.021,0.560,-2.275,1.383,Idle
-0.010,0.063,1.008,0.516,-2.214,1.365,Idle
0.044,-0.130,1.015,0.560,-2.240,1.820,Idle
-0.012,0.031,1.026,0.577,-2.293,1.356,Idle
-0.033,0.086,1.026,0.586,-2.223,1.365,Idle
-0.009,0.026,1.027,0.543,-2.161,1.426,Idle
0.031,-0.089,1.021,0.551,-2.205,1.400,Idle
-0.001,0.001,1.015,0.595,-2.223,1.365,Idle
-0.020,0.053,1.018,0.560,-2.275,1.374,Idle
0.001,-0.007,1.022,0.525,-2.223,1.400,Idle
0.016,-0.043,1.022,0.586,-2.240,1.391,Idle
-0.002,0.008,1.018,0.543,-2.249,1.339,Idle
-0.011,0.022,1.020,0.534,-2.240,1.400,Idle
0.004,-0.006,1.020,0.543,-2.231,1.461,Idle
0.012,-0.029,1.019,0.490,-2.231,1.418,Idle
-0.004,0.013,1.019,0.543,-2.293,1.391,Idle
-0.008,0.026,1.017,0.551,-2.275,1.391,Idle
0.005,-0.011,1.021,0.525,-2.240,1.391,Idle
0.008,-0.022,1.019,0.534,-2.223,1.391,Idle
-0.005,0.013,1.018,0.499,-2.240,1.409,Idle
-0.004,0.017,1.020,0.569,-2.240,1.400,Idle
0.003,-0.009,1.020,0.551,-2.231,1.444,Idle
0.005,-0.014,1.019,0.560,-2.214,1.383,Idle
-0.001,0.008,1.019,0.507,-2.284,1.391,Idle
-0.004,0.010,1.018,0.543,-2.257,1.365,Idle
0.004,-0.007,1.017,0.543,-2.275,1.374,Idle
0.004,-0.010,1.019,0.543,-2.257,1.374,Idle
-0.000,0.002,1.019,0.516,-2.249,1.400,Idle
-0.000,0.002,1.019,0.560,-2.257,1.391,Idle
0.005,-0.006,1.020,0.525,-2.223,1.339,Idle
0.003,-0.005,1.017,0.534,-2.275,1.383,Idle
-0.001,0.001,1.019,0.516,-2.266,1.400,Idle
0.001,0.000,1.018,0.507,-2.275,1.391,Idle
0.003,-0.006,1.022,0.516,-2.266,1.383,Idle
0.001,-0.001,1.018,0.507,-2.257,1.374,Idle
0.000,0.000,1.019,0.507,-2.249,1.374,Idle
0.002,-0.003,1.020,0.534,-2.249,1.400,Idle
0.002,-0.004,1.021,0.516,-2.240,1.365,Idle
0.001,-0.001,1.021,0.560,-2.266,1.339,Idle
0.000,-0.005,1.017,0.543,-2.266,1.374,Idle
0.005,-0.001,1.020,0.507,-2.240,1.365,Idle
0.007,-0.004,1.014,0.507,-2.249,1.356,Idle
-0.009,-0.004,1.027,0.543,-2.214,1.418,Idle
-0.006,0.003,1.019,0.525,-2.257,1.400,Idle
0.001,-0.011,1.023,0.569,-2.257,1.418,Idle
0.007,-0.006,1.021,0.543,-2.240,1.400,Idle
0.005,-0.003,1.017,0.534,-2.275,1.356,Idle
-0.000,0.003,1.020,0.551,-2.231,1.409,Idle
0.001,0.002,1.018,0.551,-2.223,1.383,Idle
0.002,-0.002,1.019,0.490,-2.275,1.356,Idle
0.001,-0.002,1.019,0.560,-2.223,1.391,Idle
0.003,-0.002,1.021,0.560,-2.240,1.400,Idle
0.002,-0.007,1.020,0.560,-2.284,1.383,Idle
0.001,-0.002,1.020,0.525,-2.231,1.391,Idle
-0.001,0.003,1.020,0.551,-2.214,1.365,Idle
0.001,-0.001,1.018,0.507,-2.240,1.409,Idle
0.003,-0.005,1.022,0.525,-2.249,1.365,Idle
0.002,0.000,1.021,0.551,-2.257,1.339,Idle
0.002,0.000,1.019,0.551,-2.240,1.391,Idle
0.003,-0.002,1.020,0.560,-2.249,1.409,Idle
0.003,-0.008,1.019,0.534,-2.266,1.339,Idle
0.001,-0.002,1.019,0.516,-2.223,1.409,Idle
-0.000,0.003,1.021,0.507,-2.249,1.391,Idle
0.002,-0.003,1.019,0.490,-2.266,1.400,Idle
0.003,-0.007,1.018,0.543,-2.249,1.374,Idle
0.001,-0.001,1.020,0.525,-2.240,1.400,Idle
0.001,0.001,1.020,0.551,-2.266,1.400,Idle
0.001,-0.000,1.020,0.534,-2.257,1.374,Idle
0.001,-0.004,1.021,0.507,-2.231,1.374,Idle
0.002,-0.002,1.018,0.507,-2.231,1.400,Idle
0.002,-0.002,1.022,0.534,-2.266,1.409,Idle
0.003,-0.005,1.021,0.499,-2.257,1.391,Idle
0.001,-0.001,1.021,0.525,-2.240,1.374,Idle
0.001,0.000,1.018,0.534,-2.223,1.391,Idle
0.003,-0.004,1.020,0.534,-2.257,1.391,Idle
0.003,-0.004,1.020,0.507,-2.196,1.374,Idle
0.001,-0.000,1.018,0.543,-2.257,1.365,Idle
0.002,-0.002,1.021,0.534,-2.249,1.356,Idle
0.002,-0.004,1.018,0.507,-2.249,1.391,Idle
0.002,-0.003,1.020,0.560,-2.284,1.365,Idle
0.001,-0.001,1.019,0.534,-2.284,1.374,Idle
0.002,-0.002,1.017,0.560,-2.231,1.418,Idle
0.002,-0.003,1.021,0.534,-2.240,1.391,Idle
0.002,-0.003,1.020,0.560,-2.214,1.383,Idle
0.001,-0.002,1.018,0.543,-2.231,1.400,Idle
0.002,-0.003,1.019,0.560,-2.249,1.391,Idle
0.003,-0.003,1.017,0.507,-2.249,1.391,Idle
0.001,-0.001,1.019,0.551,-2.240,1.409,Idle
0.002,-0.002,1.020,0.543,-2.214,1.374,Idle
0.002,-0.004,1.021,0.507,-2.249,1.383,Idle
0.001,-0.003,1.020,0.543,-2.240,1.339,Idle
0.001,-0.000,1.021,0.516,-2.240,1.356,Idle
0.002,-0.004,1.018,0.516,-2.231,1.444,Idle
0.001,-0.005,1.016,0.551,-2.240,1.391,Idle
0.001,-0.002,1.015,0.543,-2.266,1.391,Idle
0.002,-0.000,1.019,0.543,-2.205,1.374,Idle
0.001,-0.004,1.019,0.525,-2.205,1.374,Idle
0.003,-0.002,1.020,0.481,-2.240,1.356,Idle
0.001,-0.002,1.020,0.569,-2.223,1.409,Idle
0.002,-0.004,1.019,0.534,-2.231,1.400,Idle
0.002,-0.002,1.018,0.577,-2.231,1.391,Idle
0.001,0.000,1.020,0.525,-2.231,1.383,Idle
0.002,-0.000,1.021,0.525,-2.257,1.365,Idle
0.003,-0.004,1.021,0.543,-2.196,1.347,Idle
0.003,-0.003,1.018,0.534,-2.231,1.409,Idle
0.002,-0.002,1.020,0.516,-2.249,1.356,Idle
0.002,-0.003,1.018,0.569,-2.231,1.418,Idle
0.002,-0.004,1.020,0.525,-2.231,1.374,Idle
0.001,-0.002,1.019,0.534,-2.231,1.356,Idle
0.002,-0.001,1.018,0.534,-2.257,1.374,Idle
0.003,-0.004,1.019,0.551,-2.240,1.400,Idle
0.003,-0.004,1.021,0.560,-2.231,1.391,Idle
0.001,-0.001,1.019,0.507,-2.249,1.374,Idle
0.000,-0.000,1.020,0.551,-2.240,1.391,Idle
0.002,-0.003,1.019,0.551,-2.275,1.400,Idle
0.003,-0.003,1.019,0.507,-2.205,1.391,Idle
0.001,-0.002,1.018,0.534,-2.275,1.356,Idle
0.001,-0.001,1.018,0.507,-2.231,1.374,Idle
0.002,-0.004,1.015,0.490,-2.249,1.409,Idle
0.003,-0.004,1.018,0.516,-2.266,1.374,Idle
0.003,-0.003,1.021,0.551,-2.257,1.356,Idle
0.001,-0.001,1.018,0.569,-2.231,1.374,Idle
0.001,-0.002,1.020,0.551,-2.257,1.312,Idle
0.002,-0.003,1.020,0.525,-2.240,1.339,Idle
0.003,-0.003,1.020,0.525,-2.223,1.418,Idle
0.001,-0.002,1.019,0.490,-2.266,1.365,Idle
0.001,-0.003,1.018,0.525,-2.275,1.374,Idle
0.001,-0.002,1.019,0.534,-2.266,1.374,Idle
0.002,-0.001,1.022,0.525,-2.249,1.347,Idle
0.001,0.001,1.019,0.534,-2.249,1.383,Idle
0.002,-0.005,1.021,0.569,-2.231,1.365,Idle
0.003,-0.006,1.019,0.560,-2.240,1.409,Idle
0.003,-0.001,1.017,0.560,-2.249,1.383,Idle
0.000,0.001,1.021,0.551,-2.249,1.347,Idle
0.002,-0.004,1.019,0.516,-2.223,1.461,Idle
0.003,-0.005,1.020,0.560,-2.249,1.356,Idle
0.001,-0.002,1.021,0.507,-2.257,1.391,Idle
0.001,0.001,1.020,0.534,-2.223,1.356,Idle
0.003,-0.005,1.018,0.543,-2.257,1.391,Idle
0.004,-0.005,1.020,0.499,-2.231,1.383,Idle
0.002,-0.002,1.018,0.543,-2.231,1.383,Idle
0.001,-0.002,1.019,0.516,-2.240,1.374,Idle
0.001,-0.004,1.020,0.534,-2.240,1.383,Idle
0.001,0.001,1.021,0.551,-2.223,1.391,Idle
0.000,0.003,1.019,0.525,-2.257,1.409,Idle
0.000,-0.003,1.022,0.525,-2.240,1.391,Idle
0.003,-0.007,1.020,0.525,-2.223,1.356,Idle
0.003,-0.002,1.022,0.569,-2.257,1.365,Idle
0.001,0.003,1.021,0.525,-2.240,1.356,Idle
0.002,-0.001,1.019,0.569,-2.240,1.418,Idle
0.004,-0.006,1.019,0.551,-2.266,1.409,Idle
0.003,-0.003,1.018,0.534,-2.249,1.347,Idle
0.001,-0.001,1.018,0.525,-2.257,1.391,Idle
0.002,-0.005,1.020,0.490,-2.257,1.383,Idle
0.002,-0.004,1.020,0.481,-2.240,1.383,Idle
0.002,-0.003,1.019,0.586,-2.266,1.409,Idle
0.002,0.000,1.020,0.551,-2.214,1.365,Idle
0.000,-0.001,1.020,0.551,-2.257,1.409,Idle
0.001,-0.002,1.018,0.551,-2.249,1.426,Idle
0.002,-0.004,1.018,0.543,-2.249,1.400,Idle
0.002,-0.003,1.019,0.543,-2.257,1.452,Idle
-0.001,0.000,1.020,0.525,-2.231,1.426,Idle
0.001,-0.003,1.020,0.516,-2.214,1.409,Idle
0.003,-0.007,1.020,0.499,-2.240,1.347,Idle
0.001,-0.004,1.020,0.551,-2.240,1.365,Idle
-0.001,0.002,1.019,0.525,-2.249,1.374,Idle
0.003,-0.005,1.019,0.507,-2.257,1.400,Idle
0.002,-0.005,1.020,0.534,-2.240,1.383,Idle
0.002,0.002,1.019,0.516,-2.240,1.374,Idle
0.003,-0.000,1.020,0.516,-2.240,1.391,Idle
0.005,-0.008,1.017,0.560,-2.214,1.400,Idle
0.001,-0.002,1.020,0.525,-2.214,1.374,Idle
0.000,0.003,1.017,0.516,-2.249,1.391,Idle
0.002,-0.005,1.018,0.499,-2.266,1.391,Idle
0.004,-0.005,1.019,0.525,-2.231,1.356,Idle
0.002,-0.002,1.020,0.543,-2.231,1.365,Idle
0.000,-0.000,1.020,0.551,-2.257,1.418,Idle
0.002,-0.003,1.020,0.507,-2.223,1.383,Idle
0.002,-0.004,1.021,0.569,-2.240,1.400,Idle
0.002,-0.003,1.020,0.560,-2.231,1.374,Idle
0.002,-0.001,1.019,0.516,-2.231,1.356,Idle
0.003,-0.003,1.019,0.551,-2.257,1.409,Idle
0.002,-0.003,1.019,0.534,-2.249,1.356,Idle
0.001,-0.001,1.019,0.534,-2.257,1.418,Idle
0.000,-0.004,1.019,0.560,-2.223,1.391,Idle
0.005,-0.007,1.020,0.516,-2.240,1.391,Idle
0.005,-0.007,1.019,0.543,-2.240,1.365,Idle
0.003,-0.004,1.020,0.543,-2.223,1.356,Idle
0.001,-0.002,1.019,0.543,-2.240,1.409,Idle
0.002,-0.000,1.019,0.551,-2.266,1.383,Idle
-0.001,-0.000,1.019,0.525,-2.257,1.347,Idle
0.000,-0.002,1.017,0.543,-2.240,1.400,Idle
0.002,-0.003,1.020,0.525,-2.231,1.391,Idle
0.002,-0.000,1.019,0.534,-2.231,1.418,Idle
0.002,-0.001,1.019,0.577,-2.240,1.374,Idle
0.001,-0.002,1.019,0.543,-2.249,1.400,Idle
0.001,-0.003,1.020,0.534,-2.231,1.391,Idle
0.002,-0.002,1.021,0.507,-2.249,1.400,Idle
0.002,-0.003,1.019,0.525,-2.257,1.400,Idle
0.002,-0.003,1.021,0.569,-2.240,1.374,Idle
0.001,-0.001,1.019,0.534,-2.257,1.374,Idle
0.001,-0.001,1.020,0.534,-2.240,1.365,Idle
0.002,-0.002,1.018,0.499,-2.214,1.400,Idle
0.003,-0.003,1.014,0.516,-2.240,1.374,Idle
0.003,-0.003,1.019,0.577,-2.240,1.383,Idle
0.002,-0.001,1.017,0.551,-2.257,1.409,Idle
0.003,-0.002,1.019,0.490,-2.240,1.426,Idle
0.003,-0.002,1.020,0.507,-2.214,1.400,Idle
0.002,-0.001,1.020,0.534,-2.240,1.400,Idle
0.000,-0.001,1.020,0.551,-2.223,1.400,Idle
0.002,-0.002,1.020,0.507,-2.231,1.374,Idle
0.002,-0.003,1.019,0.551,-2.231,1.409,Idle
0.001,-0.002,1.018,0.534,-2.257,1.400,Idle
0.002,-0.002,1.019,0.499,-2.275,1.426,Idle
0.001,-0.003,1.020,0.507,-2.231,1.418,Idle
0.002,-0.008,1.012,0.516,-2.240,1.400,Idle
0.001,-0.007,1.010,0.507,-2.240,1.409,Idle
0.001,-0.003,1.020,0.525,-2.240,1.391,Idle
0.001,-0.001,1.017,0.543,-2.231,1.418,Idle
0.002,-0.003,1.019,0.551,-2.231,1.374,Idle
0.002,-0.002,1.021,0.551,-2.249,1.383,Idle
0.001,-0.002,1.020,0.525,-2.205,1.409,Idle
0.002,-0.004,1.019,0.516,-2.223,1.400,Idle
0.002,-0.001,1.018,0.543,-2.249,1.409,Idle
0.002,-0.001,1.019,0.569,-2.231,1.391,Idle
0.001,-0.003,1.018,0.525,-2.205,1.365,Idle
0.003,-0.003,1.019,0.534,-2.249,1.374,Idle
0.001,-0.003,1.021,0.543,-2.249,1.356,Idle
0.001,-0.001,1.019,0.543,-2.249,1.356,Idle
0.002,-0.003,1.018,0.551,-2.214,1.347,Idle
0.003,-0.002,1.018,0.499,-2.249,1.383,Idle
0.002,-0.002,1.020,0.499,-2.223,1.400,Idle
0.002,-0.005,1.024,0.516,-2.257,1.391,Idle
0.002,-0.005,1.020,0.499,-2.249,1.356,Idle
-0.001,-0.000,1.018,0.577,-2.214,1.400,Idle
0.001,-0.000,1.018,0.551,-2.231,1.418,Idle
0.003,-0.003,1.020,0.525,-2.249,1.400,Idle
0.003,-0.003,1.019,0.525,-2.240,1.409,Idle
0.001,0.000,1.021,0.525,-2.205,1.374,Idle
0.002,-0.005,1.022,0.525,-2.249,1.383,Idle
0.004,-0.007,1.020,0.516,-2.249,1.365,Idle
0.001,-0.001,1.019,0.516,-2.249,1.391,Idle
0.002,-0.002,1.020,0.543,-2.249,1.383,Idle
0.001,-0.005,1.021,0.534,-2.214,1.383,Idle
0.002,-0.003,1.022,0.525,-2.231,1.365,Idle
-0.000,-0.002,1.018,0.507,-2.231,1.374,Idle
0.001,-0.001,1.019,0.543,-2.266,1.374,Idle
0.003,-0.003,1.018,0.534,-2.249,1.400,Idle
0.002,-0.003,1.019,0.534,-2.231,1.391,Idle
0.001,-0.003,1.018,0.569,-2.257,1.374,Idle
0.003,-0.004,1.018,0.516,-2.249,1.426,Idle
0.002,-0.003,1.021,0.534,-2.249,1.400,Idle
0.001,-0.002,1.020,0.499,-2.275,1.356,Idle
0.000,0.001,1.022,0.551,-2.188,1.400,Idle
0.002,-0.003,1.019,0.534,-2.249,1.391,Idle
0.004,-0.003,1.017,0.507,-2.231,1.383,Idle
0.003,-0.002,1.019,0.534,-2.231,1.444,Idle
0.001,-0.002,1.018,0.569,-2.249,1.374,Idle
0.003,-0.003,1.019,0.516,-2.249,1.374,Idle
0.003,-0.001,1.018,0.525,-2.284,1.391,Idle
0.002,0.002,1.019,0.516,-2.214,1.356,Idle
0.001,-0.002,1.020,0.551,-2.266,1.409,Idle
0.003,-0.004,1.022,0.481,-2.223,1.409,Idle
0.000,0.003,1.019,0.525,-2.196,1.391,Idle
0.007,-0.008,1.019,0.525,-2.240,1.444,Idle
0.000,-0.005,1.019,0.551,-2.170,1.391,Idle
-0.000,-0.001,1.018,0.534,-2.257,1.400,Idle
0.001,-0.003,1.019,0.534,-2.223,1.426,Idle
0.003,-0.003,1.019,0.551,-2.240,1.347,Idle
0.002,0.001,1.019,0.569,-2.240,1.383,Idle
0.003,-0.005,1.019,0.516,-2.240,1.391,Idle
0.003,-0.005,1.022,0.525,-2.249,1.383,Idle
0.002,-0.001,1.019,0.516,-2.240,1.418,Idle
0.003,-0.005,1.018,0.516,-2.284,1.365,Idle
-0.002,-0.000,1.018,0.507,-2.214,1.400,Idle
0.004,-0.003,1.017,0.490,-2.257,1.426,Idle
0.004,-0.008,1.021,0.577,-2.240,1.418,Idle
0.000,-0.001,1.020,0.551,-2.266,1.374,Idle
-0.000,0.002,1.017,0.464,-2.231,1.365,Idle
0.002,0.000,1.019,0.534,-2.231,1.365,Idle
0.002,-0.005,1.019,0.534,-2.223,1.409,Idle
0.002,-0.003,1.020,0.543,-2.240,1.400,Idle
0.000,-0.001,1.019,0.534,-2.223,1.383,Idle
0.002,-0.001,1.021,0.577,-2.214,1.374,Idle
0.003,-0.004,1.019,0.543,-2.231,1.383,Idle
0.002,-0.002,1.018,0.534,-2.249,1.391,Idle
0.003,-0.002,1.020,0.516,-2.214,1.383,Idle
0.003,-0.003,1.019,0.525,-2.257,1.365,Idle
0.001,-0.000,1.018,0.525,-2.266,1.374,Idle
0.002,-0.005,1.019,0.481,-2.214,1.409,Idle
0.002,-0.005,1.018,0.481,-2.214,1.383,Idle
0.002,-0.001,1.018,0.543,-2.249,1.391,Idle
0.002,-0.002,1.019,0.507,-2.223,1.356,Idle
0.002,-0.003,1.021,0.551,-2.214,1.365,Idle
0.003,-0.003,1.019,0.543,-2.205,1.391,Idle
0.002,-0.002,1.020,0.516,-2.284,1.365,Idle
0.001,-0.002,1.018,0.551,-2.240,1.400,Idle
0.001,-0.000,1.020,0.516,-2.231,1.400,Idle
0.001,-0.001,1.020,0.525,-2.231,1.391,Idle
0.004,-0.004,1.020,0.560,-2.223,1.409,Idle
0.003,-0.006,1.020,0.551,-2.257,1.383,Idle
0.001,-0.000,1.019,0.507,-2.223,1.409,Idle
0.001,0.000,1.018,0.534,-2.249,1.391,Idle
0.002,-0.003,1.019,0.516,-2.266,1.435,Idle
0.002,-0.004,1.019,0.507,-2.240,1.374,Idle
0.001,0.001,1.021,0.551,-2.240,1.383,Idle
-0.001,-0.000,1.020,0.534,-2.257,1.426,Idle
0.002,-0.004,1.020,0.516,-2.249,1.374,Idle
0.001,-0.001,1.020,0.499,-2.249,1.391,Idle
-0.001,0.003,1.018,0.516,-2.249,1.383,Idle
0.003,-0.006,1.022,0.543,-2.231,1.400,Idle
0.003,-0.007,1.019,0.507,-2.240,1.383,Idle
0.000,0.002,1.018,0.534,-2.249,1.356,Idle
0.000,0.001,1.020,0.516,-2.214,1.356,Idle
0.003,-0.008,1.019,0.490,-2.214,1.347,Idle
0.003,-0.005,1.019,0.534,-2.249,1.400,Idle
-0.000,0.003,1.019,0.543,-2.223,1.374,Idle
0.001,-0.000,1.020,0.595,-2.214,1.391,Idle
0.003,-0.007,1.020,0.543,-2.188,1.391,Idle
0.001,-0.001,1.018,0.543,-2.231,1.383,Idle
0.000,0.004,1.019,0.490,-2.249,1.409,Idle
0.001,-0.001,1.017,0.525,-2.231,1.365,Idle
0.003,-0.006,1.017,0.525,-2.257,1.374,Idle
0.001,-0.001,1.018,0.543,-2.257,1.383,Idle
0.001,0.000,1.018,0.534,-2.231,1.391,Idle
0.002,-0.004,1.020,0.551,-2.257,1.391,Idle
0.003,-0.005,1.019,0.560,-2.249,1.400,Idle
0.000,-0.000,1.019,0.507,-2.231,1.435,Idle
0.000,-0.001,1.018,0.516,-2.266,1.400,Idle
0.003,-0.004,1.020,0.516,-2.240,1.409,Idle
0.002,-0.004,1.018,0.534,-2.257,1.409,Idle
0.001,0.000,1.014,0.507,-2.231,1.383,Idle
0.002,-0.002,1.020,0.534,-2.257,1.435,Idle
0.003,-0.005,1.016,0.516,-2.266,1.365,Idle
0.002,-0.004,1.020,0.534,-2.205,1.391,Idle
0.001,-0.002,1.023,0.534,-2.223,1.418,Idle
0.001,-0.001,1.018,0.525,-2.249,1.374,Idle
0.002,-0.003,1.020,0.516,-2.223,1.409,Idle
0.003,-0.001,1.020,0.525,-2.275,1.409,Idle
0.000,-0.001,1.020,0.525,-2.223,1.400,Idle
0.001,-0.002,1.020,0.490,-2.214,1.400,Idle
0.003,-0.003,1.021,0.534,-2.257,1.365,Idle
0.000,-0.003,1.020,0.534,-2.275,1.409,Idle
0.001,-0.001,1.019,0.507,-2.231,1.374,Idle
0.001,-0.002,1.018,0.507,-2.231,1.374,Idle
0.001,-0.001,1.020,0.569,-2.231,1.391,Idle
0.002,-0.001,1.020,0.560,-2.231,1.400,Idle
0.002,-0.004,1.019,0.516,-2.223,1.409,Idle
0.002,-0.004,1.019,0.577,-2.257,1.418,Idle
0.002,-0.001,1.019,0.534,-2.249,1.383,Idle
0.001,0.002,1.018,0.516,-2.231,1.365,Idle
0.002,-0.001,1.023,0.543,-2.223,1.418,Idle
0.003,-0.008,1.023,0.560,-2.214,1.391,Idle
0.004,-0.006,1.018,0.534,-2.240,1.356,Idle
0.001,0.000,1.017,0.481,-2.249,1.391,Idle
0.001,-0.001,1.019,0.534,-2.257,1.409,Idle
0.002,-0.004,1.019,0.499,-2.240,1.365,Idle
0.002,-0.003,1.020,0.516,-2.275,1.383,Idle
0.000,-0.000,1.020,0.516,-2.240,1.356,Idle
0.002,-0.003,1.019,0.551,-2.231,1.383,Idle
0.002,-0.005,1.021,0.516,-2.240,1.383,Idle
0.003,-0.002,1.020,0.499,-2.223,1.418,Idle
-0.000,0.000,1.019,0.516,-2.223,1.374,Idle
0.001,-0.001,1.021,0.516,-2.231,1.418,Idle
0.003,-0.006,1.021,0.543,-2.223,1.400,Idle
0.002,-0.002,1.019,0.516,-2.257,1.391,Idle
0.001,0.000,1.021,0.525,-2.231,1.383,Idle
0.002,-0.003,1.019,0.534,-2.223,1.347,Idle
0.001,-0.003,1.020,0.516,-2.240,1.426,Idle
-0.001,0.000,1.021,0.543,-2.240,1.374,Idle
0.003,-0.006,1.017,0.525,-2.249,1.383,Idle
0.005,-0.004,1.022,0.551,-2.284,1.383,Idle
-0.001,-0.001,1.016,0.507,-2.214,1.365,Idle
-0.002,0.000,1.020,0.543,-2.223,1.391,Idle
0.003,-0.005,1.021,0.525,-2.249,1.374,Idle
0.003,-0.007,1.018,0.525,-2.249,1.391,Idle
0.003,-0.003,1.021,0.577,-2.249,1.383,Idle
0.001,-0.001,1.019,0.543,-2.240,1.391,Idle
0.003,-0.006,1.018,0.543,-2.205,1.339,Idle
0.002,-0.004,1.021,0.525,-2.231,1.418,Idle
0.002,-0.000,1.019,0.534,-2.205,1.409,Idle
0.001,0.001,1.016,0.534,-2.249,1.409,Idle
0.003,-0.005,1.018,0.525,-2.257,1.400,Idle
0.003,-0.005,1.018,0.569,-2.240,1.409,Idle
0.003,-0.003,1.018,0.499,-2.240,1.383,Idle
0.002,0.001,1.018,0.551,-2.249,1.383,Idle
-0.005,0.003,1.028,0.577,-2.257,1.374,Idle
0.004,0.001,1.019,0.507,-2.223,1.426,Idle
0.008,-0.015,1.023,0.499,-2.231,1.409,Idle
0.004,-0.017,1.017,0.525,-2.257,1.418,Idle
-0.002,0.008,1.015,0.516,-2.231,1.383,Idle
-0.005,0.018,1.020,0.490,-2.240,1.435,Idle
0.007,-0.013,1.024,0.569,-2.223,1.391,Idle
0.007,-0.015,1.023,0.551,-2.249,1.374,Idle
0.001,0.004,1.020,0.525,-2.214,1.374,Idle
-0.002,0.010,1.022,0.507,-2.231,1.356,Idle
0.006,-0.009,1.019,0.534,-2.257,1.409,Idle
0.003,-0.007,1.018,0.516,-2.266,1.374,Idle
-0.000,0.001,1.019,0.534,-2.257,1.400,Idle
0.001,-0.001,1.020,0.481,-2.223,1.374,Idle
0.003,-0.006,1.020,0.507,-2.205,1.391,Idle
-0.000,0.001,1.020,0.534,-2.249,1.391,Idle
0.000,0.002,1.021,0.507,-2.266,1.435,Idle
0.002,-0.005,1.020,0.516,-2.214,1.365,Idle
0.004,-0.007,1.016,0.507,-2.231,1.374,Idle
-0.001,0.003,1.019,0.525,-2.214,1.383,Idle
0.002,0.002,1.017,0.490,-2.240,1.330,Idle
0.003,-0.008,1.019,0.569,-2.266,1.400,Idle
0.004,-0.005,1.020,0.543,-2.214,1.426,Idle
-0.001,0.005,1.019,0.516,-2.257,1.365,Idle
-0.001,0.007,1.018,0.543,-2.257,1.374,Idle
0.004,-0.008,1.021,0.516,-2.196,1.409,Idle
0.005,-0.010,1.021,0.507,-2.240,1.400,Idle
0.002,-0.001,1.020,0.543,-2.257,1.400,Idle
0.000,0.003,1.020,0.516,-2.266,1.391,Idle
0.004,-0.007,1.020,0.516,-2.275,1.409,Idle
0.003,-0.006,1.019,0.534,-2.231,1.409,Idle
0.002,-0.001,1.018,0.569,-2.240,1.347,Idle
0.001,0.000,1.020,0.525,-2.223,1.374,Idle
0.002,-0.002,1.021,0.560,-2.266,1.365,Idle
-0.001,0.001,1.019,0.551,-2.223,1.356,Idle
0.003,-0.002,1.022,0.543,-2.266,1.365,Idle
0.004,-0.008,1.019,0.534,-2.249,1.374,Idle
0.003,-0.001,1.019,0.525,-2.275,1.435,Idle
0.001,0.000,1.019,0.525,-2.205,1.365,Idle
0.003,-0.005,1.018,0.516,-2.266,1.383,Idle
0.005,-0.007,1.019,0.543,-2.249,1.400,Idle
0.000,0.003,1.019,0.543,-2.257,1.400,Idle
0.000,0.000,1.020,0.560,-2.214,1.418,Idle
0.003,-0.006,1.020,0.560,-2.205,1.374,Idle
0.003,-0.006,1.020,0.534,-2.249,1.383,Idle
0.001,0.000,1.017,0.516,-2.231,1.435,Idle
0.001,-0.001,1.019,0.507,-2.240,1.365,Idle
0.003,-0.005,1.019,0.543,-2.266,1.383,Idle
0.002,-0.004,1.018,0.534,-2.240,1.391,Idle
0.001,0.000,1.019,0.525,-2.266,1.383,Idle
0.002,-0.003,1.019,0.525,-2.231,1.365,Idle
0.002,-0.003,1.018,0.499,-2.284,1.383,Idle
0.002,-0.001,1.020,0.525,-2.249,1.383,Idle
0.002,-0.003,1.019,0.551,-2.240,1.418,Idle
0.002,-0.005,1.019,0.560,-2.249,1.365,Idle
0.002,-0.002,1.020,0.534,-2.240,1.356,Idle
0.001,0.000,1.021,0.551,-2.205,1.391,Idle
0.002,-0.003,1.019,0.516,-2.240,1.383,Idle
0.003,-0.005,1.021,0.516,-2.249,1.374,Idle
0.002,-0.001,1.019,0.525,-2.214,1.374,Idle
0.000,0.001,1.018,0.534,-2.266,1.383,Idle
0.004,-0.005,1.019,0.534,-2.257,1.391,Idle
0.004,-0.007,1.018,0.534,-2.240,1.418,Idle
0.001,0.000,1.015,0.507,-2.231,1.400,Idle
0.001,0.001,1.020,0.534,-2.240,1.391,Idle
0.002,-0.004,1.019,0.543,-2.249,1.426,Idle
0.002,-0.005,1.018,0.551,-2.240,1.374,Idle
0.001,-0.001,1.023,0.551,-2.231,1.383,Idle
0.001,-0.001,1.022,0.525,-2.240,1.374,Idle
0.003,-0.003,1.018,0.464,-2.240,1.365,Idle
0.001,-0.004,1.021,0.560,-2.240,1.391,Idle
0.002,-0.001,1.017,0.551,-2.266,1.374,Idle
0.003,-0.004,1.018,0.543,-2.214,1.426,Idle
0.002,-0.003,1.018,0.551,-2.231,1.374,Idle
0.002,-0.003,1.017,0.525,-2.231,1.391,Idle
0.002,-0.002,1.020,0.525,-2.223,1.400,Idle
0.003,-0.003,1.020,0.525,-2.223,1.383,Idle
0.002,-0.002,1.020,0.534,-2.240,1.400,Idle
-0.001,-0.000,1.020,0.543,-2.249,1.374,Idle
0.002,-0.002,1.021,0.507,-2.223,1.426,Idle
0.003,-0.005,1.019,0.490,-2.205,1.391,Idle
0.002,-0.002,1.021,0.516,-2.257,1.383,Idle
0.000,-0.001,1.017,0.499,-2.249,1.365,Idle
0.002,-0.002,1.018,0.543,-2.249,1.418,Idle
0.004,-0.006,1.020,0.551,-2.257,1.391,Idle
0.002,-0.003,1.021,0.525,-2.231,1.418,Idle
-0.000,0.002,1.020,0.507,-2.257,1.365,Idle
0.001,-0.001,1.020,0.534,-2.240,1.418,Idle
0.003,-0.006,1.019,0.534,-2.231,1.391,Idle
0.003,-0.005,1.019,0.525,-2.257,1.365,Idle
0.001,-0.001,1.018,0.516,-2.249,1.365,Idle
0.002,-0.003,1.019,0.534,-2.240,1.391,Idle
0.002,-0.001,1.019,0.507,-2.231,1.400,Idle
0.001,-0.001,1.019,0.499,-2.266,1.374,Idle
0.002,-0.003,1.019,0.569,-2.240,1.365,Idle
0.003,-0.003,1.020,0.543,-2.240,1.330,Idle
0.001,-0.002,1.019,0.516,-2.223,1.383,Idle
0.001,-0.002,1.019,0.543,-2.257,1.347,Idle
0.003,-0.004,1.018,0.525,-2.231,1.383,Idle
0.002,-0.003,1.021,0.543,-2.231,1.391,Idle
0.002,-0.001,1.021,0.551,-2.266,1.347,Idle
0.001,-0.001,1.022,0.507,-2.240,1.365,Idle
0.002,-0.001,1.020,0.525,-2.249,1.435,Idle
0.003,-0.004,1.019,0.525,-2.266,1.426,Idle
0.002,-0.004,1.020,0.543,-2.205,1.400,Idle
0.002,-0.001,1.018,0.543,-2.249,1.383,Idle
0.001,-0.002,1.019,0.534,-2.231,1.356,Idle
0.002,-0.003,1.020,0.560,-2.223,1.383,Idle
0.002,-0.004,1.018,0.586,-2.266,1.391,Idle
0.001,-0.001,1.020,0.534,-2.231,1.347,Idle
0.001,-0.002,1.020,0.543,-2.205,1.347,Idle
0.003,-0.002,1.020,0.534,-2.257,1.418,Idle
0.001,-0.002,1.019,0.551,-2.249,1.383,Idle
0.001,-0.001,1.020,0.543,-2.240,1.400,Idle
0.002,-0.001,1.019,0.525,-2.223,1.383,Idle
0.002,-0.005,1.017,0.534,-2.240,1.383,Idle
0.003,-0.004,1.018,0.534,-2.249,1.400,Idle
0.001,-0.001,1.018,0.534,-2.231,1.330,Idle
0.001,-0.003,1.019,0.586,-2.231,1.391,Idle
0.002,-0.004,1.019,0.586,-2.240,1.383,Idle
-0.205,0.202,0.975,0.674,-4.568,4.620,Pitch
-0.182,0.206,0.965,0.070,-7.892,4.865,Pitch
-0.169,0.211,0.953,-1.496,-9.669,4.760,Pitch
-0.172,0.207,0.938,-2.144,-1.006,5.714,Pitch
-0.179,0.204,0.931,-0.166,10.771,5.924,Pitch
-0.192,0.219,0.909,-5.932,12.976,-0.613,Pitch
-0.210,0.203,0.948,-14.945,9.415,-2.013,Pitch
-0.236,0.158,1.054,-33.985,-6.326,7.166,Pitch
-0.189,0.136,1.041,-28.306,-13.554,13.676,Pitch
-0.138,0.213,1.018,-16.310,-18.174,22.575,Pitch
-0.228,0.137,0.992,-25.944,-32.944,31.045,Pitch
-0.268,0.067,0.916,-36.199,-2.572,7.201,Pitch
-0.334,0.186,0.881,-36.190,29.321,-4.436,Pitch
-0.370,0.115,0.880,-28.700,24.115,-9.940,Pitch
-0.320,0.060,1.039,-28.962,16.564,-1.803,Pitch
-0.180,0.116,1.131,-37.371,2.459,26.241,Pitch
-0.226,0.241,1.128,-25.681,22.400,32.795,Pitch
-0.102,0.213,1.218,-22.978,-2.966,30.835,Pitch
-0.132,0.300,1.190,-20.694,-21.892,36.689,Pitch
-0.056,0.324,1.215,23.179,-17.885,50.732,Pitch
0.035,0.302,1.219,45.316,14.394,53.987,Pitch
-0.018,0.318,1.212,61.521,31.789,23.459,Pitch
-0.049,0.232,1.205,82.338,28.009,5.171,Pitch
-0.077,0.225,1.128,79.817,55.020,-6.589,Pitch
-0.109,0.186,1.048,71.312,59.054,-14.796,Pitch
-0.140,0.117,1.001,71.418,64.838,-18.174,Pitch
-0.241,0.140,0.983,77.787,59.369,-5.775,Pitch
-0.505,0.265,1.236,82.626,28.149,57.505,Pitch
-0.514,-0.015,0.713,7.674,-28.263,39.016,Pitch
-0.642,0.145,0.640,32.821,35.446,0.980,Pitch
-0.384,0.156,0.864,41.125,84.936,6.221,Pitch
-0.345,0.225,0.454,78.374,107.074,-0.201,Pitch
-0.485,0.139,0.392,35.560,158.620,20.108,Pitch
-1.111,0.258,1.027,3.019,150.658,6.256,Pitch
-0.577,0.127,0.717,-5.731,98.569,10.605,Pitch
-0.277,0.227,0.536,-2.196,42.385,52.649,Pitch
-0.441,0.464,0.660,71.785,-18.410,170.678,Pitch
-0.601,0.669,0.539,75.749,-71.164,222.661,Pitch
-0.966,1.055,0.519,211.995,-106.452,236.259,Pitch
-0.162,0.444,0.056,286.685,-147.884,212.231,Pitch
-0.078,0.898,1.705,269.570,22.111,242.952,Pitch
0.326,0.980,0.478,103.206,22.208,256.270,Pitch
0.052,1.137,0.284,61.749,23.161,225.610,Pitch
0.028,0.843,0.387,109.287,18.664,182.857,Pitch
-0.001,0.860,0.481,104.632,9.826,175.577,Pitch
0.113,0.901,0.381,61.303,17.719,144.060,Pitch
0.095,0.988,0.351,59.369,31.728,104.738,Pitch
0.167,0.874,0.401,29.890,36.251,66.815,Pitch
0.131,0.908,0.326,4.130,21.140,33.854,Pitch
0.166,0.983,0.349,-7.508,34.344,-71.006,Pitch
0.148,1.050,0.071,-43.505,11.760,-140.367,Pitch
0.170,0.909,0.273,-45.684,1.242,-196.989,Pitch
0.102,0.836,0.212,-63.376,0.971,-236.714,Pitch
-0.081,1.052,0.566,-84.455,39.786,-286.449,Pitch
-0.177,0.960,0.294,-76.536,81.918,-284.559,Pitch
-0.163,0.890,0.504,6.195,45.491,-252.280,Pitch
-0.140,0.727,0.307,-7.884,17.806,-220.561,Pitch
-0.613,0.674,0.453,2.424,86.511,-214.428,Pitch
-0.448,0.761,0.468,22.846,86.144,-152.836,Pitch
-0.510,0.593,0.559,26.749,42.420,-117.171,Pitch
-0.718,0.591,0.385,28.061,33.950,-124.836,Pitch
-0.709,0.742,0.327,38.938,26.994,-71.348,Pitch
-0.672,0.568,0.354,21.061,33.827,-15.251,Pitch
-0.614,0.613,0.359,30.214,16.056,1.540,Pitch
-0.652,0.646,0.349,12.346,-4.191,54.504,Pitch
-0.687,0.660,0.273,-7.105,-39.935,115.509,Pitch
-0.658,0.674,0.257,2.170,-42.140,172.261,Pitch
-0.614,0.696,0.277,2.713,-46.410,197.111,Pitch
-0.589,0.752,0.310,0.464,-36.470,222.268,Pitch
-0.406,0.875,0.307,-14.814,-32.340,252.989,Pitch
-0.460,0.830,0.340,-24.587,-46.314,271.390,Pitch
-0.310,0.828,0.351,-20.772,-61.259,264.924,Pitch
-0.198,0.993,0.349,-25.804,-60.357,232.925,Pitch
-0.083,0.927,0.424,4.725,-53.961,212.992,Pitch
0.071,0.928,0.373,3.666,-19.285,177.879,Pitch
0.186,0.940,0.333,2.459,-7.910,142.572,Pitch
0.213,0.890,0.346,-1.487,-11.148,83.414,Pitch
0.197,0.892,0.450,8.164,-8.724,40.066,Pitch
0.221,0.884,0.387,3.465,5.128,4.384,Pitch
0.249,0.869,0.219,16.888,0.289,-8.899,Pitch
0.120,0.845,0.304,6.641,-1.076,-25.847,Pitch
0.237,0.885,0.349,1.487,-17.255,-43.803,Pitch
0.310,0.883,0.315,-3.596,-22.540,-55.895,Pitch
0.140,0.931,0.385,-8.802,-11.725,-68.591,Pitch
0.184,1.003,0.273,5.731,24.824,-63.499,Pitch
0.309,1.016,0.273,-0.236,78.094,-61.399,Pitch
0.264,0.963,0.452,-20.843,74.961,-56.674,Pitch
0.114,0.872,0.342,-48.842,9.030,-32.401,Pitch
-0.078,0.863,0.417,-64.225,6.729,-10.229,Pitch
-0.114,0.909,0.338,-40.259,-45.351,-25.130,Pitch
-0.089,0.874,0.485,-21.455,-57.190,-36.732,Pitch
-0.180,1.025,0.571,-36.470,-39.655,-69.423,Pitch
0.101,0.968,0.584,-29.820,-8.873,-65.809,Pitch
0.120,0.962,0.555,-25.034,-3.491,-29.295,Pitch
-0.062,0.840,0.627,-23.686,-4.865,-24.237,Pitch
-0.115,0.815,0.562,-35.219,-25.821,-19.355,Pitch
-0.112,0.813,0.521,-35.525,-37.660,-25.034,Pitch
-0.027,1.084,0.316,-62.440,-12.618,-20.720,Pitch
-0.099,0.880,0.621,-73.308,-20.554,-6.685,Pitch
-0.029,0.801,0.597,-75.723,-7.648,-11.410,Pitch
-0.067,0.708,0.580,-57.829,-12.705,1.120,Pitch
-0.078,0.709,0.594,-52.412,-10.675,-4.935,Pitch
-0.095,0.741,0.541,-52.237,-16.459,-13.108,Pitch
-0.052,0.753,0.669,-64.120,-17.622,-13.991,Pitch
-0.100,0.722,0.611,-54.897,-12.722,-15.995,Pitch
-0.107,0.717,0.748,-43.706,-27.151,-15.794,Pitch
0.000,0.655,0.821,-51.739,-49.612,-10.203,Pitch
0.017,0.789,0.907,-80.518,-45.920,5.836,Pitch
0.009,0.640,0.852,-84.709,-50.234,-1.024,Pitch
0.114,0.577,0.838,-106.304,-19.206,-2.257,Pitch
0.198,0.620,1.063,-211.514,48.519,0.271,Pitch
-0.139,0.501,0.787,-257.390,107.004,25.183,Pitch
-0.240,0.342,0.712,-196.499,82.801,-2.616,Pitch
-0.038,0.228,0.662,-225.697,65.161,-14.980,Pitch
-0.145,0.192,1.207,-171.281,60.393,7.262,Pitch
-0.241,0.123,1.140,-219.363,35.175,0.403,Pitch
-0.315,0.098,0.922,-241.430,-6.361,-11.489,Pitch
-0.241,-0.002,0.908,-249.681,-55.965,-15.094,Pitch
0.321,-0.098,0.482,-220.605,-55.597,-21.341,Pitch
-0.091,-0.342,1.042,-193.725,-66.806,-24.071,Pitch
-0.187,-0.451,1.093,-197.890,-68.556,-6.738,Pitch
-0.167,-0.408,0.827,-226.012,-108.194,-15.137,Pitch
0.065,-0.571,0.853,-278.967,-167.440,-25.296,Pitch
0.127,-0.612,0.474,-203.831,-84.893,9.791,Pitch
0.004,-0.719,0.527,-173.591,-66.859,23.835,Pitch
0.031,-0.845,0.770,-180.241,-74.909,29.899,Pitch
0.087,-0.858,0.647,-166.976,-71.671,31.115,Pitch
0.092,-0.867,0.512,-121.809,-44.126,30.669,Pitch
0.060,-0.936,0.459,-94.894,-34.519,15.321,Pitch
0.084,-0.854,0.359,-71.260,-25.760,13.291,Pitch
0.002,-0.839,0.605,-62.318,-29.111,13.738,Pitch
0.099,-0.936,0.433,-65.835,-18.716,5.653,Pitch
0.124,-0.932,0.272,-48.667,-21.665,-0.726,Pitch
0.093,-0.979,0.344,-33.653,-35.105,-2.747,Pitch
0.049,-0.985,0.349,-19.548,-35.534,-9.319,Pitch
0.090,-0.980,0.327,-2.642,-24.334,-11.025,Pitch
0.147,-0.948,0.251,28.149,-6.108,-1.155,Pitch
0.219,-0.902,0.178,71.978,8.864,4.856,Pitch
0.127,-0.913,0.305,166.679,20.116,25.856,Pitch
0.045,-0.994,0.434,204.015,-1.768,7.227,Pitch
-0.083,-0.910,0.534,237.309,0.280,-8.820,Pitch
0.114,-0.786,0.636,275.809,2.905,-25.077,Pitch
0.073,-0.795,0.650,286.685,27.160,-33.862,Pitch
0.079,-0.477,0.729,286.685,18.209,-53.568,Pitch
0.160,-0.281,1.007,286.685,8.802,-72.853,Pitch
0.127,-0.146,1.024,286.685,-1.610,-84.026,Pitch
0.105,0.009,1.107,286.685,9.949,-80.518,Pitch
0.134,0.151,1.064,286.291,72.424,-51.214,Pitch
0.115,0.349,1.091,276.045,104.921,-40.556,Pitch
0.019,0.419,1.036,258.108,81.743,-42.044,Pitch
0.032,0.425,0.919,259.438,56.639,-34.842,Pitch
-0.030,0.467,0.845,261.931,71.768,-31.868,Pitch
-0.062,0.523,0.748,244.361,80.902,-30.336,Pitch
-0.084,0.717,0.649,223.571,69.755,-36.645,Pitch
-0.119,0.816,0.551,239.995,43.155,-36.216,Pitch
-0.216,0.854,0.426,222.215,32.638,-28.823,Pitch
-0.172,0.926,0.394,181.405,34.055,-35.866,Pitch
-0.128,1.010,0.433,139.694,20.790,-19.390,Pitch
-0.271,0.950,0.298,124.827,-6.641,-0.788,Pitch
-0.235,0.935,0.229,90.598,-8.689,-0.411,Pitch
-0.219,0.935,0.179,60.620,-3.675,-1.575,Pitch
-0.226,0.933,0.128,4.769,-7.079,-0.700,Pitch
-0.234,0.914,0.079,-54.092,-16.214,5.670,Pitch
-0.236,0.893,0.073,-107.573,-16.415,5.512,Pitch
-0.201,0.899,0.150,-137.051,-7.017,1.628,Pitch
-0.144,0.855,0.293,-172.970,11.060,-1.636,Pitch
-0.063,0.827,0.515,-184.012,-23.205,19.119,Pitch
-0.125,0.761,0.677,-226.021,-29.067,36.934,Pitch
-0.113,0.761,0.746,-279.125,-15.811,34.335,Pitch
-0.223,0.650,0.902,-286.685,-29.619,2.520,Pitch
-0.230,0.498,0.923,-286.685,-55.221,-2.940,Pitch
-0.244,0.417,0.989,-286.685,-88.156,1.986,Pitch
-0.104,0.248,0.984,-286.685,-107.179,1.697,Pitch
-0.036,0.166,0.890,-286.685,-117.985,22.278,Pitch
0.030,-0.080,0.935,-286.685,-118.283,14.429,Pitch
0.018,-0.307,1.121,-286.685,-89.381,33.661,Pitch
0.028,-0.430,0.842,-286.685,-63.674,43.076,Pitch
0.194,-0.591,0.843,-215.136,-27.676,48.842,Pitch
0.059,-0.589,0.830,-147.105,-25.060,40.740,Pitch
0.038,-0.631,0.753,-112.639,-16.949,18.646,Pitch
0.164,-0.735,0.806,-72.783,-14.341,4.156,Pitch
0.105,-0.692,0.832,-66.929,-21.901,10.001,Pitch
0.134,-0.687,0.865,-65.756,3.990,15.592,Pitch
0.092,-0.678,0.706,-54.889,20.046,19.355,Pitch
0.091,-0.702,0.686,-30.004,2.625,16.468,Pitch
0.050,-0.738,0.693,7.096,-5.801,10.456,Pitch
0.049,-0.799,0.727,37.441,-9.301,-1.811,Pitch
0.083,-0.790,0.799,45.124,-10.290,-7.280,Pitch
0.085,-0.728,0.811,59.693,-9.047,-15.680,Pitch
0.095,-0.652,0.780,88.357,-4.226,-17.211,Pitch
0.119,-0.658,0.785,151.261,-1.846,-21.814,Pitch
0.121,-0.567,0.882,210.761,-0.070,-32.708,Pitch
0.098,-0.389,0.980,259.595,-2.398,-51.966,Pitch
0.119,-0.337,1.111,281.444,6.659,-85.610,Pitch
0.155,-0.292,1.162,286.685,39.174,-76.632,Pitch
0.143,-0.194,1.096,286.685,45.885,-80.964,Pitch
0.043,0.034,1.029,286.685,80.535,-89.845,Pitch
0.054,0.178,0.984,286.685,88.550,-89.355,Pitch
0.064,0.353,1.097,286.685,77.158,-79.485,Pitch
0.024,0.457,1.080,286.685,48.772,-63.184,Pitch
0.037,0.514,0.902,286.685,64.671,-54.162,Pitch
-0.106,0.569,0.673,284.112,73.448,-50.846,Pitch
-0.143,0.650,0.602,250.617,70.306,-39.559,Pitch
-0.197,0.766,0.400,215.206,49.236,-32.165,Pitch
-0.244,0.768,0.135,213.273,25.585,-34.134,Pitch
-0.232,0.962,0.235,239.794,-14.472,-19.740,Pitch
-0.216,0.944,0.200,206.815,-21.114,-15.794,Pitch
-0.177,0.847,0.079,136.824,5.119,-8.356,Pitch
-0.246,0.866,-0.020,45.386,27.484,-6.519,Pitch
-0.244,0.836,-0.119,-29.750,33.276,8.417,Pitch
-0.262,0.888,-0.108,-76.668,25.655,14.831,Pitch
-0.218,0.867,0.019,-159.521,-25.821,24.911,Pitch
-0.235,0.875,0.218,-226.240,-52.824,28.192,Pitch
-0.224,0.861,0.267,-252.053,-53.812,31.413,Pitch
-0.135,0.751,0.372,-251.913,-41.309,39.506,Pitch
-0.071,0.591,0.405,-218.995,27.869,58.835,Pitch
-0.056,0.536,0.751,-269.526,-4.165,74.489,Pitch
-0.180,0.525,0.931,-286.685,-55.562,62.037,Pitch
-0.086,0.556,1.320,-286.685,-59.202,43.759,Pitch
-0.008,0.386,0.990,-286.685,-118.641,36.409,Pitch
0.045,0.250,0.922,-269.509,-94.535,20.921,Pitch
0.041,0.168,0.967,-276.229,-98.411,19.478,Pitch
0.148,-0.022,1.021,-286.256,-102.393,33.469,Pitch
0.177,-0.180,1.165,-284.436,-62.081,49.525,Pitch
0.174,-0.320,0.997,-275.940,-69.265,71.015,Pitch
0.200,-0.508,0.929,-246.452,-105.647,72.739,Pitch
0.278,-0.487,0.951,-159.941,-129.159,42.770,Pitch
0.397,-0.575,0.951,-29.978,-111.256,-7.052,Pitch
0.371,-0.526,0.969,65.949,-151.480,-40.408,Pitch
0.517,-0.413,1.141,76.886,-188.221,-44.529,Pitch
0.562,-0.387,0.897,98.980,-225.995,-62.571,Pitch
0.649,-0.354,0.851,142.380,-286.685,-57.347,Pitch
0.849,-0.175,1.020,133.971,-258.064,-47.889,Pitch
0.869,-0.228,0.803,137.673,-218.269,-82.189,Pitch
0.934,-0.190,0.449,124.967,-182.385,-100.039,Pitch
0.807,-0.017,0.524,68.434,-216.580,-94.019,Pitch
0.734,0.128,0.487,89.924,-286.492,-51.021,Pitch
0.946,0.069,0.218,95.996,-286.685,-41.554,Pitch
1.055,0.066,0.116,33.679,-209.965,-51.292,Pitch
0.938,0.042,-0.001,3.395,-101.036,-45.447,Pitch
0.867,0.027,-0.052,25.445,-95.777,-12.057,Pitch
0.916,-0.012,-0.104,28.604,-95.637,-0.945,Pitch
0.876,0.075,-0.040,17.010,-99.260,1.339,Pitch
0.980,0.062,-0.104,24.780,-96.338,4.113,Pitch
0.947,0.085,-0.106,21.324,-85.750,8.225,Pitch
0.928,0.063,-0.142,13.764,-77.753,2.398,Pitch
0.859,0.051,-0.193,10.579,-65.205,2.432,Pitch
0.973,0.060,-0.285,10.727,-54.381,5.110,Pitch
0.978,0.047,-0.354,5.994,-36.234,2.354,Pitch
0.933,0.091,-0.304,-12.408,-7.184,0.928,Pitch
0.926,0.124,-0.337,-21.079,35.193,-1.312,Pitch
1.141,0.114,-0.247,-36.076,125.939,-12.049,Pitch
1.269,0.129,-0.188,-44.048,196.761,-16.538,Pitch
1.081,0.114,0.023,-9.748,286.685,2.993,Pitch
0.935,0.119,0.086,-37.765,249.550,6.230,Pitch
0.833,0.073,0.175,-25.095,238.726,58.529,Pitch
0.949,0.101,0.400,-17.325,259.805,44.643,Pitch
1.085,0.054,0.620,-51.153,286.685,11.462,Pitch
0.745,-0.010,0.628,13.939,286.685,-1.689,Pitch
0.431,0.021,0.605,39.314,286.685,12.539,Pitch
0.239,0.102,0.643,87.124,286.685,-4.156,Pitch
0.290,0.040,0.937,103.688,286.685,-46.235,Pitch
0.208,0.072,1.016,80.911,286.685,-75.478,Pitch
0.111,0.037,0.950,62.431,286.685,-121.144,Pitch
-0.475,0.391,0.931,13.108,284.261,-113.592,Pitch
-0.154,0.195,1.009,-3.203,236.399,-43.811,Pitch
-0.150,0.236,1.043,28.910,223.195,-40.959,Pitch
-0.263,0.175,1.001,33.075,192.421,-49.989,Pitch
-0.375,0.136,1.051,7.227,152.880,-65.713,Pitch
-0.377,0.009,0.826,-33.521,158.419,-96.661,Pitch
-0.594,0.032,0.542,-89.311,210.551,-103.460,Pitch
-0.546,0.162,0.463,-21.683,183.934,-47.276,Pitch
-0.649,0.066,0.760,20.746,173.854,-5.758,Pitch
-0.845,0.073,0.831,10.010,140.254,15.837,Pitch
-0.956,0.159,0.615,-22.601,88.909,5.075,Pitch
-0.949,0.116,0.599,-33.722,90.370,29.138,Pitch
-0.867,0.115,0.551,29.286,78.277,26.749,Pitch
-0.989,0.160,0.340,27.571,85.190,19.959,Pitch
-0.928,0.171,0.487,11.209,32.165,19.600,Pitch
-0.983,0.157,0.550,16.608,14.210,17.938,Pitch
-1.012,0.179,0.570,25.077,8.312,27.562,Pitch
-0.971,0.186,0.542,32.550,-20.011,42.656,Pitch
-0.940,0.201,0.599,15.724,-55.230,55.659,Pitch
-0.901,0.240,0.793,12.547,-61.574,66.868,Pitch
-0.810,0.268,0.433,33.819,-88.664,60.725,Pitch
-0.638,0.247,0.483,37.345,-161.131,56.866,Pitch
-0.641,0.293,0.506,22.199,-172.917,68.040,Pitch
-0.474,0.234,0.773,-28.630,-150.386,77.026,Pitch
-0.869,0.602,0.546,-37.284,-64.181,61.810,Pitch
-0.463,0.330,0.450,-9.380,-23.756,2.380,Pitch
-0.470,0.374,0.658,-12.967,-42.070,13.738,Pitch
-0.377,0.591,0.844,0.525,-42.455,19.915,Pitch
-0.465,0.533,0.907,0.298,-29.032,-27.659,Pitch
-0.550,0.286,0.742,-0.858,16.100,-40.119,Pitch
-0.614,0.155,0.655,8.024,-5.915,-25.830,Pitch
-0.673,0.025,0.704,7.543,-55.790,12.302,Pitch
-0.549,0.077,0.555,7.219,-101.999,62.860,Pitch
-0.400,0.412,0.736,36.225,-161.997,96.162,Pitch
-0.373,0.605,0.845,58.039,-154.604,69.195,Pitch
-0.428,0.397,0.744,73.465,-140.105,-6.764,Pitch
-0.290,0.197,0.757,93.853,-179.970,9.818,Pitch
-0.241,0.291,0.921,70.122,-182.639,53.839,Pitch
-0.193,0.482,1.057,41.510,-148.277,57.697,Pitch
-0.073,0.704,1.199,39.603,-119.096,44.275,Pitch
0.008,0.856,1.275,130.699,-68.504,-9.748,Pitch
0.055,0.653,1.121,206.640,-24.019,-17.561,Pitch
0.071,0.738,0.911,286.685,-7.114,1.391,Pitch
0.179,1.076,0.276,286.685,-22.435,-21.499,Pitch
0.080,0.803,0.417,286.685,78.802,-37.643,Pitch
-0.031,0.880,0.274,286.685,103.801,-19.583,Pitch
-0.116,0.864,0.140,286.685,72.301,11.217,Pitch
-0.159,0.894,-0.113,286.536,2.310,38.019,Pitch
-0.199,0.964,-0.239,235.760,-51.625,39.594,Pitch
-0.253,0.952,-0.291,197.383,-45.220,25.410,Pitch
-0.150,0.928,-0.436,160.239,-1.461,-4.095,Pitch
0.022,0.880,-0.566,129.824,15.365,-15.523,Pitch
0.074,0.789,-0.595,62.912,12.302,-4.865,Pitch
0.019,0.769,-0.585,3.141,9.415,5.276,Pitch
-0.016,0.769,-0.571,-91.394,-9.100,8.382,Pitch
-0.026,0.867,-0.365,-173.994,-24.990,7.639,Pitch
-0.012,0.925,-0.147,-255.605,-21.989,7.525,Pitch
-0.107,0.935,-0.013,-286.685,-11.585,31.036,Pitch
-0.078,0.852,0.152,-286.685,-25.944,18.314,Pitch
0.007,0.675,0.340,-286.685,4.218,2.179,Pitch
-0.110,0.715,0.561,-286.685,8.059,-44.441,Pitch
0.233,0.572,0.545,-286.685,-36.645,-60.926,Pitch
0.122,0.508,0.819,-250.915,-67.655,-59.071,Pitch
-0.065,0.317,0.837,-286.685,-94.929,-72.205,Pitch
-0.033,0.478,0.885,-286.685,-104.571,-28.245,Pitch
0.207,0.499,0.437,-279.029,-49.088,67.585,Pitch
-0.206,0.204,0.911,-190.015,4.489,40.241,Pitch
-0.061,0.005,0.988,-180.530,1.312,9.966,Pitch
0.059,-0.024,1.123,-211.680,-33.127,-4.060,Pitch
0.190,-0.078,1.054,-212.984,-23.389,3.973,Pitch
0.126,-0.031,1.160,-156.905,-1.523,37.021,Pitch
0.081,-0.212,1.053,-136.841,5.390,54.661,Pitch
-0.033,-0.221,1.169,-97.003,8.050,46.139,Pitch
-0.088,-0.167,1.347,-56.455,-2.695,23.817,Pitch
0.010,-0.288,1.361,-32.716,-20.755,-7.201,Pitch
0.013,-0.427,1.298,-2.039,-23.984,-11.961,Pitch
0.082,-0.589,1.292,33.119,-16.345,-8.426,Pitch
0.197,-0.538,1.170,137.288,12.145,-3.859,Pitch
0.092,-0.243,1.360,267.444,42.114,9.292,Pitch
-0.005,-0.038,1.101,286.685,19.670,-2.100,Pitch
-0.007,0.131,1.132,286.685,8.382,-12.495,Pitch
-0.012,0.212,0.891,286.685,20.921,-16.756,Pitch
-0.022,0.332,0.740,286.685,22.846,-27.755,Pitch
-0.073,0.581,0.541,286.685,36.671,-36.347,Pitch
-0.122,0.713,0.441,286.685,52.229,-42.420,Pitch
-0.160,0.727,0.343,286.685,76.886,-53.778,Pitch
-0.108,0.739,0.062,286.685,82.372,-57.829,Pitch
-0.057,0.759,-0.090,286.685,39.891,-45.999,Pitch
0.036,0.726,-0.355,286.685,-5.495,-37.319,Pitch
-0.281,0.770,-0.529,286.685,-44.870,-8.741,Pitch
-0.317,0.906,-0.433,202.300,-31.220,-26.058,Pitch
-0.227,0.877,-0.492,126.464,-15.304,-42.280,Pitch
-0.224,0.695,-0.523,96.268,-11.113,-54.959,Pitch
-0.198,0.757,-0.654,70.035,-3.763,-48.055,Pitch
-0.255,0.700,-0.775,7.394,-0.262,-31.325,Pitch
-0.262,0.749,-0.834,-52.334,7.210,-18.191,Pitch
-0.259,0.952,-0.751,-156.083,14.613,-1.321,Pitch
-0.212,0.987,-0.508,-264.267,-2.398,16.231,Pitch
-0.341,0.979,-0.313,-286.685,-46.244,24.981,Pitch
-0.236,0.785,-0.182,-286.685,-54.521,34.825,Pitch
-0.173,0.794,-0.149,-286.685,-46.778,42.726,Pitch
-0.146,0.775,0.041,-286.685,-53.121,48.213,Pitch
-0.114,0.643,0.293,-286.685,-65.485,45.220,Pitch
-0.072,0.541,0.249,-286.685,-74.077,41.624,Pitch
-0.035,0.049,0.361,-286.685,-74.918,48.186,Pitch
-0.058,0.107,0.699,-286.685,-71.969,38.045,Pitch
-0.166,0.220,0.640,-286.685,-66.369,22.076,Pitch
-0.058,0.073,0.717,-286.685,-71.750,11.909,Pitch
0.062,-0.098,1.145,-257.705,-60.970,13.589,Pitch
0.072,-0.268,1.310,-219.432,-50.164,4.918,Pitch
0.084,-0.313,1.271,-194.434,-27.405,11.708,Pitch
0.023,-0.302,1.320,-155.592,-11.506,11.909,Pitch
0.039,-0.340,1.357,-79.747,-4.034,7.691,Pitch
0.061,-0.358,1.532,-2.634,-25.778,-5.031,Pitch
0.053,-0.368,1.523,9.975,-36.934,-9.196,Pitch
0.118,-0.360,1.470,-3.693,-57.356,-12.757,Pitch
0.135,-0.394,1.292,26.136,-46.498,-17.824,Pitch
0.284,-0.381,1.166,127.750,-22.750,-10.972,Pitch
0.287,-0.239,1.007,189.586,-6.423,9.642,Pitch
0.132,-0.049,0.943,283.902,41.554,28.858,Pitch
-0.000,-0.100,0.896,286.685,83.011,55.195,Pitch
-0.158,0.245,0.879,286.685,61.110,27.667,Pitch
-0.001,0.281,0.520,286.685,20.038,9.765,Pitch
0.075,0.521,0.527,286.685,37.362,25.235,Pitch
-0.009,0.616,0.500,286.685,39.384,37.257,Pitch
0.030,0.882,0.551,286.685,24.728,35.070,Pitch
0.049,1.041,0.638,286.685,17.929,33.740,Pitch
0.013,0.973,0.489,286.685,15.908,45.089,Pitch
-0.047,1.012,0.138,286.685,-4.585,29.251,Pitch
-0.010,0.905,-0.040,286.685,-29.339,14.429,Pitch
0.024,0.799,-0.127,286.685,-44.188,13.440,Pitch
0.039,0.727,-0.450,286.685,-72.817,19.950,Pitch
0.083,0.774,-0.659,257.469,-81.384,12.626,Pitch
-0.015,0.670,-0.728,196.613,-78.190,-10.780,Pitch
-0.076,0.581,-0.880,51.625,-75.031,-34.781,Pitch
-0.108,0.558,-0.962,-88.611,-67.244,-63.963,Pitch
-0.016,0.693,-0.730,-253.015,-18.743,-68.469,Pitch
0.028,0.807,-0.567,-286.685,24.421,-35.193,Pitch
0.091,1.001,-0.412,-286.685,26.145,21.595,Pitch
-0.019,1.124,-0.097,-286.685,24.535,41.536,Pitch
-0.136,0.745,-0.165,-286.685,11.191,6.379,Pitch
-0.135,0.842,-0.003,-286.685,-6.116,25.051,Pitch
-0.076,0.787,0.528,-286.685,-4.427,24.132,Pitch
0.024,0.364,0.328,-279.851,10.229,66.474,Pitch
-0.095,0.309,0.460,-255.920,-36.094,61.932,Pitch
-0.137,0.309,0.635,-283.867,-45.596,27.169,Pitch
-0.006,0.321,1.076,-262.465,-35.324,-13.571,Pitch
0.050,0.234,0.989,-231.236,-0.796,-31.386,Pitch
0.045,0.156,0.739,-180.355,-6.843,-16.651,Pitch
0.008,0.184,0.830,-164.202,-36.435,5.758,Pitch
-0.007,0.171,1.271,-174.667,-23.336,10.194,Pitch
-0.043,-0.081,1.304,-209.379,36.330,-10.815,Pitch
0.063,-0.224,1.059,-187.810,71.619,-20.414,Pitch
0.004,-0.185,1.163,-129.981,60.603,0.639,Pitch
0.064,-0.192,1.346,-90.213,6.125,-10.377,Pitch
-0.103,-0.176,1.428,26.740,-13.475,-7.472,Pitch
-0.001,-0.312,1.297,90.799,-27.177,-9.642,Pitch
-0.006,-0.256,1.369,117.784,-21.149,-14.131,Pitch
-0.045,-0.197,1.409,130.139,-23.931,-16.975,Pitch
0.046,-0.157,1.341,170.406,-17.089,-39.401,Pitch
0.026,-0.222,1.055,271.696,23.056,-32.498,Pitch
0.073,-0.065,0.754,286.685,25.410,-1.418,Pitch
-0.155,0.349,0.711,286.685,57.356,18.524,Pitch
-0.098,0.528,0.705,286.685,-6.177,5.320,Pitch
0.055,0.676,0.722,286.685,-43.540,-6.151,Pitch
-0.018,0.574,0.343,286.685,-12.670,9.301,Pitch
-0.064,0.819,0.450,286.685,-1.951,7.656,Pitch
-0.034,0.828,0.334,286.685,-1.321,-5.801,Pitch
0.038,0.842,0.078,286.685,-14.726,-13.904,Pitch
0.008,0.740,-0.246,271.198,2.214,-20.064,Pitch
-0.064,0.879,-0.253,258.484,26.504,-13.825,Pitch
-0.087,0.975,-0.474,208.801,3.902,-20.440,Pitch
-0.003,0.967,-0.615,202.694,-0.070,-21.070,Pitch
0.061,1.033,-0.633,174.090,-33.731,-1.041,Pitch
0.133,1.023,-0.501,89.582,-1.487,2.634,Pitch
0.064,0.961,-0.511,-0.140,47.232,-14.717,Pitch
-0.064,0.680,-0.677,-51.861,45.789,-33.014,Pitch
-0.092,0.553,-0.778,-110.180,-7.044,-28.420,Pitch
-0.168,0.935,-0.662,-152.740,-40.451,33.889,Pitch
-0.263,1.100,-0.485,-213.762,-31.465,22.610,Pitch
-0.128,1.279,-0.315,-272.825,-10.771,-11.602,Pitch
-0.081,1.162,-0.160,-286.685,-8.549,-10.509,Pitch
-0.094,0.719,-0.087,-286.685,-24.176,26.346,Pitch
-0.071,0.525,0.326,-286.685,-28.289,29.899,Pitch
-0.088,0.367,0.286,-286.685,32.979,11.121,Pitch
-0.059,0.307,0.271,-286.685,30.923,37.607,Pitch
0.014,0.200,0.640,-286.685,-83.720,-14.551,Pitch
0.030,0.008,0.945,-286.527,-68.810,8.986,Pitch
0.046,0.123,1.331,-286.685,-17.754,18.515,Pitch
0.008,-0.044,0.927,-244.650,23.144,6.676,Pitch
-0.093,0.102,1.115,-219.231,41.169,-14.368,Pitch
-0.082,0.112,0.993,-264.521,66.640,-3.378,Pitch
0.009,0.101,1.105,-231.822,3.194,-11.113,Pitch
-0.001,-0.222,1.161,-181.598,-8.514,-0.438,Pitch
-0.011,-0.736,1.323,-51.835,-45.019,4.016,Pitch
-0.054,-0.693,1.410,40.784,-52.544,11.331,Pitch
-0.065,-0.467,1.320,124.276,-27.597,14.717,Pitch
0.038,-0.090,0.917,197.391,-15.453,-5.154,Pitch
0.337,0.139,0.916,212.835,-15.916,-39.489,Pitch
0.177,0.015,0.879,240.538,-1.251,29.006,Pitch
-0.124,0.074,0.994,286.685,-16.013,66.281,Pitch
-0.072,0.611,0.956,286.685,-55.676,32.515,Pitch
0.037,0.711,0.660,286.685,-101.351,-23.809,Pitch
0.249,0.594,0.805,286.685,-86.835,-0.026,Pitch
0.150,0.684,1.017,286.685,-53.112,53.568,Pitch
0.092,0.869,0.626,286.685,-20.064,47.618,Pitch
0.158,1.030,0.153,286.195,15.925,-13.449,Pitch
0.157,0.904,-0.055,286.685,21.175,-52.089,Pitch
0.155,0.761,0.163,284.699,-8.829,-77.079,Pitch
0.158,0.819,0.019,196.814,-1.278,-42.481,Pitch
-0.051,0.850,-0.183,136.535,-5.836,-33.688,Pitch
-0.140,0.949,-0.322,107.415,-25.734,-59.623,Pitch
-0.044,0.886,-0.130,96.364,-36.164,-69.886,Pitch
0.070,0.782,-0.378,45.876,-2.179,-43.216,Pitch
0.083,0.851,-0.386,-0.061,23.923,-20.536,Pitch
0.065,0.989,-0.520,-83.842,21.997,3.062,Pitch
0.037,1.374,-0.379,-158.375,-10.141,29.540,Pitch
-0.010,1.531,-0.300,-232.619,14.044,1.426,Pitch
-0.012,1.392,-0.422,-284.961,25.900,-36.978,Pitch
0.179,1.060,-0.524,-286.685,17.229,-56.490,Pitch
0.108,0.760,-0.016,-286.685,3.885,-26.093,Pitch
-0.109,0.413,0.160,-286.685,24.544,-29.024,Pitch
-0.165,0.295,0.385,-286.685,14.026,-28.647,Pitch
-0.040,0.022,0.603,-286.685,-5.915,-65.039,Pitch
-0.169,-0.170,0.789,-286.685,-50.155,-64.418,Pitch
-0.252,-0.018,1.251,-283.316,-82.198,-16.677,Pitch
-0.060,-0.083,1.069,-251.755,-66.535,-8.356,Pitch
0.124,-0.154,1.007,-229.294,-16.292,12.057,Pitch
0.036,-0.096,1.003,-144.244,48.055,50.934,Pitch
-0.067,-0.027,1.249,-14.586,43.724,13.475,Pitch
-0.064,-0.133,1.409,41.632,14.140,2.432,Pitch
-0.158,-0.160,1.444,83.317,-2.564,9.188,Pitch
-0.187,-0.022,1.503,84.052,-9.887,-9.809,Pitch
0.029,-0.042,1.218,129.115,-67.331,-16.284,Pitch
0.026,0.121,0.885,221.620,-39.673,24.080,Pitch
-0.104,0.502,0.839,286.685,19.688,50.522,Pitch
-0.019,0.565,0.865,286.685,-18.191,72.152,Pitch
-0.167,0.777,0.911,286.685,-44.319,91.665,Pitch
-0.115,0.674,0.629,286.685,-73.806,41.676,Pitch
-0.060,0.876,0.796,286.685,-12.714,-3.027,Pitch
0.074,0.923,0.731,286.685,33.259,-31.299,Pitch
0.137,0.688,0.074,246.829,-57.190,13.011,Pitch
0.050,0.916,0.038,269.710,-108.089,20.667,Pitch
0.154,1.242,0.054,252.831,-20.519,-1.837,Pitch
-0.039,1.029,-0.142,266.525,16.109,-12.285,Pitch
-0.049,0.840,-0.353,286.685,-6.571,-38.990,Pitch
0.026,0.716,-0.397,252.359,-20.108,-24.535,Pitch
-0.014,0.773,-0.505,141.925,-28.875,-38.903,Pitch
0.069,0.806,-0.616,97.939,-11.086,-61.119,Pitch
0.050,0.728,-0.364,30.135,-6.195,-61.994,Pitch
0.151,0.692,-0.480,-193.051,37.083,-42.271,Pitch
0.041,0.846,-0.634,-286.685,44.188,-29.452,Pitch
0.075,0.913,-0.826,-286.685,26.093,-2.555,Pitch
-0.106,0.938,-0.847,-286.685,9.940,18.690,Pitch
-0.158,1.054,-0.205,-286.685,-12.101,18.121,Pitch
-0.268,1.221,0.436,-286.685,20.808,-4.375,Pitch
-0.067,0.955,0.448,-286.685,93.459,-42.053,Pitch
-0.070,0.828,0.642,-286.685,51.783,-39.086,Pitch
-0.027,0.395,0.261,-286.685,-29.190,-29.628,Pitch
-0.088,0.288,0.355,-286.685,-51.450,20.064,Pitch
-0.161,0.376,0.723,-286.685,-4.725,-2.432,Pitch
-0.254,0.144,0.817,-286.685,7.324,-13.142,Pitch
-0.071,-0.105,1.063,-286.685,-54.504,-23.433,Pitch
0.021,-0.128,0.773,-286.361,-102.384,18.253,Pitch
0.026,-0.112,1.031,-178.194,-26.609,45.658,Pitch
0.066,-0.135,1.160,-116.007,12.688,42.919,Pitch
-0.039,-0.144,1.133,-94.841,15.846,13.545,Pitch
0.054,-0.188,1.140,-159.976,-47.539,-37.039,Pitch
0.001,-0.536,1.105,-117.827,-7.341,-43.951,Pitch
-0.032,-0.722,1.075,-42.682,-0.831,-29.374,Pitch
0.089,-0.449,0.779,43.006,-16.958,-1.864,Pitch
0.155,-0.008,0.879,78.330,-42.647,21.105,Pitch
0.116,-0.066,1.028,79.826,-40.740,37.835,Pitch
-0.122,-0.287,1.247,108.185,-48.169,52.089,Pitch
-0.121,-0.273,1.472,210.324,-32.716,12.373,Pitch
0.048,-0.143,1.465,285.810,-14.271,-35.131,Pitch
0.070,0.039,1.480,276.622,-10.964,-37.564,Pitch
0.130,0.200,1.182,271.469,0.604,-44.879,Pitch
0.108,0.204,0.730,286.685,19.661,-27.685,Pitch
0.031,0.445,0.729,286.685,0.866,14.254,Pitch
0.010,0.702,0.752,286.685,-11.384,17.351,Pitch
0.107,0.912,0.560,286.685,-28.814,-9.975,Pitch
0.108,0.802,0.500,286.685,-6.790,-40.792,Pitch
0.099,0.814,0.506,286.685,28.901,-44.153,Pitch
0.112,0.819,0.348,286.685,28.945,-40.722,Pitch
-0.050,0.686,0.159,286.685,19.337,-39.725,Pitch
-0.037,0.559,-0.051,280.595,40.644,-45.062,Pitch
0.020,0.678,-0.264,213.745,-9.091,-21.035,Pitch
0.040,0.663,-0.433,159.206,-49.280,-8.330,Pitch
-0.008,0.707,-0.581,84.936,-19.442,-14.429,Pitch
-0.057,1.014,-0.709,-7.779,14.201,-14.621,Pitch
-0.027,1.255,-0.844,-65.739,40.171,-7.682,Pitch
-0.075,1.334,-0.705,-83.886,25.042,2.074,Pitch
-0.099,1.182,-0.412,-160.904,-4.121,-11.795,Pitch
-0.046,1.034,-0.230,-237.606,-8.540,-17.833,Pitch
-0.045,1.020,-0.188,-286.405,-26.058,-25.323,Pitch
-0.063,0.926,0.022,-286.685,-60.060,-28.149,Pitch
-0.078,0.771,0.182,-286.685,-51.896,-24.780,Pitch
-0.031,0.670,-0.011,-286.685,52.482,14.315,Pitch
-0.165,0.696,0.552,-286.685,43.181,-36.732,Pitch
-0.031,0.384,0.614,-286.685,-60.042,-91.857,Pitch
0.018,-0.257,0.563,-286.685,-70.805,-25.778,Pitch
-0.308,-0.089,0.619,-286.685,-56.131,-4.751,Pitch
-0.336,0.069,1.221,-259.350,22.155,-70.875,Pitch
-0.211,0.339,1.373,-280.394,104.501,-122.132,Pitch
0.142,0.013,0.797,-253.479,36.592,-65.310,Pitch
0.112,-0.075,0.944,-164.754,-67.086,21.149,Pitch
-0.049,-0.050,1.324,-77.368,-109.900,73.229,Pitch
-0.203,-0.099,1.539,-50.365,-108.272,56.429,Pitch
-0.209,-0.416,1.414,-31.850,-81.086,7.586,Pitch
-0.098,-0.712,1.341,44.809,-26.224,-30.371,Pitch
-0.025,-0.784,1.322,147.402,-14.245,-28.516,Pitch
0.288,-0.383,1.256,220.500,-13.606,16.126,Pitch
-0.025,0.119,0.990,278.250,5.198,71.706,Pitch
-0.292,0.058,0.796,286.685,64.391,39.366,Pitch
-0.051,0.052,0.819,286.685,42.499,4.637,Pitch
0.118,0.360,0.827,276.859,4.673,42.586,Pitch
-0.240,0.644,0.786,286.142,-71.794,83.956,Pitch
0.019,0.904,0.665,286.685,-70.052,58.853,Pitch
-0.072,0.924,0.864,286.606,-37.643,26.206,Pitch
0.127,0.840,0.756,219.879,-19.670,7.577,Pitch
0.208,0.828,0.477,195.913,-19.285,3.561,Pitch
0.073,0.923,0.104,269.535,5.644,-27.177,Pitch
0.136,0.831,0.010,286.685,36.461,-62.239,Pitch
-0.092,0.597,0.088,286.685,55.300,-75.845,Pitch
0.233,1.067,-0.078,286.685,80.238,-75.381,Pitch
0.084,1.057,-0.234,237.729,70.621,-39.349,Pitch
0.166,0.879,-0.359,123.664,20.029,-37.888,Pitch
-0.242,0.453,-0.696,-22.986,-40.513,-28.761,Pitch
-0.245,1.002,-0.749,-19.294,-45.474,-44.214,Pitch
0.057,1.401,-0.635,-45.369,-134.523,11.314,Pitch
-0.114,1.328,-0.544,-78.146,-119.298,26.189,Pitch
-0.141,1.005,-0.320,-126.376,-47.443,-3.885,Pitch
-0.050,0.912,-0.151,-191.599,33.504,-21.997,Pitch
-0.056,0.947,-0.096,-286.099,21.394,-8.085,Pitch
-0.130,0.935,-0.194,-286.685,-28.709,12.337,Pitch
-0.250,0.978,-0.160,-286.685,-111.423,47.688,Pitch
-0.245,0.687,0.199,-286.501,-5.040,77.018,Pitch
-0.392,0.281,0.643,-260.426,63.009,4.086,Pitch
-0.195,0.075,0.923,-286.388,32.436,-18.060,Pitch
-0.211,0.039,1.288,-286.685,39.393,-5.617,Pitch
0.049,0.054,1.245,-286.685,-24.561,-36.347,Pitch
0.032,0.075,0.838,-194.906,-91.306,35.647,Pitch
-0.084,0.145,0.816,-155.409,-81.069,37.153,Pitch
0.069,0.009,0.892,-204.899,-35.516,41.318,Pitch
-0.074,0.177,1.193,-207.454,21.997,41.790,Pitch
-0.017,0.236,1.302,-108.395,1.724,-28.481,Pitch
-0.092,0.007,0.914,-11.996,-8.041,-37.021,Pitch
-0.008,-0.082,0.876,68.994,-47.364,-46.708,Pitch
-0.046,0.032,1.336,132.842,-63.621,-65.144,Pitch
0.087,-0.076,1.447,192.001,-84.306,-78.724,Pitch
0.260,-0.071,1.379,285.591,-73.281,-56.280,Pitch
0.083,0.408,1.205,286.685,-19.836,-28.849,Pitch
0.104,0.590,0.933,286.676,15.934,-64.566,Pitch
0.094,0.586,0.843,257.206,36.654,-70.402,Pitch
0.049,0.771,0.774,221.777,71.173,-74.961,Pitch
0.063,0.668,0.719,223.003,96.408,-84.796,Pitch
-0.136,0.528,0.598,256.812,156.643,-41.764,Pitch
-0.407,0.795,0.450,283.658,210.726,-19.836,Pitch
-0.194,0.750,0.067,266.919,133.621,-38.553,Pitch
-0.164,0.777,0.005,286.685,84.954,-4.655,Pitch
-0.100,1.021,0.026,286.685,69.247,33.232,Pitch
-0.217,1.057,-0.029,234.482,72.914,34.160,Pitch
-0.100,0.836,-0.294,153.886,49.446,28.017,Pitch
-0.175,0.901,-0.272,147.035,1.855,44.625,Pitch
-0.175,0.915,-0.207,79.896,-11.200,17.036,Pitch
-0.109,0.814,-0.308,24.894,-12.014,-2.809,Pitch
-0.097,0.859,-0.292,-25.147,-16.546,-11.900,Pitch
-0.147,0.878,-0.283,-60.804,-23.599,-11.436,Pitch
-0.198,1.017,-0.232,-65.616,-32.524,-12.110,Pitch
-0.170,1.096,-0.066,-56.630,-25.935,-9.109,Pitch
-0.169,1.009,-0.146,-30.170,-4.008,-4.401,Pitch
-0.186,0.905,-0.185,13.597,18.646,3.806,Pitch
-0.198,0.912,-0.175,16.459,31.237,0.709,Pitch
-0.187,0.891,-0.166,-42.866,17.001,-7.201,Pitch
-0.194,0.859,-0.072,-163.074,-22.522,-12.329,Pitch
-0.248,0.859,0.071,-284.979,-21.647,-30.695,Pitch
-0.178,0.889,0.087,-286.685,-38.062,-58.459,Pitch
-0.059,0.902,0.234,-286.685,-99.304,-38.841,Pitch
-0.153,0.760,0.620,-286.685,-175.376,21.000,Pitch
-0.191,0.679,0.913,-286.685,-170.249,13.720,Pitch
-0.108,0.575,1.025,-286.685,-99.470,-1.951,Pitch
-0.055,0.502,1.105,-286.685,-70.875,0.315,Pitch
-0.083,0.356,1.047,-286.685,-52.544,5.460,Pitch
-0.062,0.104,0.809,-286.685,-45.377,7.516,Pitch
-0.042,0.025,0.832,-275.695,-22.286,22.487,Pitch
-0.073,-0.130,0.984,-183.943,-19.722,24.868,Pitch
-0.036,-0.136,1.042,-103.521,-29.234,8.750,Pitch
-0.062,-0.200,0.959,-31.325,-23.144,5.775,Pitch
-0.070,-0.148,0.969,33.250,-13.361,-1.619,Pitch
-0.005,-0.158,0.999,137.891,1.741,-6.755,Pitch
0.017,0.032,1.125,268.957,31.929,-16.853,Pitch
-0.012,0.213,1.128,286.685,65.415,-2.109,Pitch
-0.080,0.377,1.056,286.685,48.921,3.964,Pitch
-0.094,0.595,1.072,286.685,-7.525,18.086,Pitch
-0.084,0.679,0.997,286.685,-26.329,3.395,Pitch
-0.078,0.774,1.022,285.906,-26.994,-4.673,Pitch
0.004,0.789,0.904,222.066,-26.407,-4.401,Pitch
-0.009,0.810,0.629,110.644,-21.341,5.171,Pitch
-0.120,0.709,0.395,90.291,11.436,-8.155,Pitch
-0.189,0.622,0.340,108.430,16.888,-16.179,Pitch
-0.144,0.655,0.282,117.372,-2.529,-2.572,Pitch
-0.186,0.826,0.260,113.435,-14.630,-11.349,Pitch
-0.127,0.912,0.246,123.147,-2.047,-45.693,Pitch
-0.114,0.889,0.236,120.470,-7.376,-48.449,Pitch
-0.062,0.903,0.279,117.976,-35.919,-34.388,Pitch
-0.086,0.937,0.276,148.242,-21.919,-16.975,Pitch
-0.096,0.986,0.122,161.061,-2.704,-13.458,Pitch
-0.067,1.054,-0.028,137.637,23.074,-13.204,Pitch
-0.026,1.053,-0.108,89.618,32.856,-8.312,Pitch
-0.005,1.009,-0.022,56.534,50.627,1.531,Pitch
-0.009,0.917,0.029,-7.385,37.144,5.512,Pitch
0.065,0.928,-0.028,-84.306,14.499,24.097,Pitch
0.024,1.026,-0.009,-174.046,-8.409,57.995,Pitch
0.054,1.069,0.322,-221.979,12.609,61.031,Pitch
-0.002,1.132,0.459,-279.318,33.504,43.514,Pitch
0.018,1.106,0.549,-286.685,1.479,58.730,Pitch
-0.051,0.974,0.588,-286.685,-50.251,35.945,Pitch
-0.021,0.864,0.739,-286.685,-5.915,20.388,Pitch
-0.061,0.759,0.811,-286.685,9.380,-36.873,Pitch
0.002,0.378,0.630,-285.758,-47.530,-69.335,Pitch
0.095,0.348,0.822,-231.341,-70.009,-4.655,Pitch
0.089,0.291,0.910,-158.489,-20.309,41.466,Pitch
-0.036,0.226,0.977,-114.747,-13.983,24.972,Pitch
-0.035,0.322,0.986,-58.975,-45.272,-8.488,Pitch
-0.048,0.242,0.789,-32.314,-51.888,-32.970,Pitch
0.012,0.181,1.055,31.308,-14.542,-62.423,Pitch
0.033,0.302,1.016,40.355,12.688,-71.872,Pitch
0.126,0.323,1.102,58.004,-23.695,-89.075,Pitch
0.202,0.334,0.708,83.484,-17.080,-86.940,Pitch
-0.002,0.591,0.722,242.839,46.812,-93.730,Pitch
-0.006,0.738,1.124,245.061,3.456,-66.894,Pitch
0.027,0.669,1.027,192.133,-6.099,-58.301,Pitch
0.096,0.682,0.849,175.298,4.008,-72.853,Pitch
0.029,0.714,0.739,171.351,8.733,-83.545,Pitch
0.022,0.817,0.641,167.930,20.510,-81.314,Pitch
-0.014,0.749,0.530,159.775,20.869,-65.940,Pitch
-0.090,0.819,0.503,107.240,25.112,-43.094,Pitch
-0.102,0.876,0.667,82.600,23.494,-14.158,Pitch
-0.176,0.767,0.512,54.521,18.778,7.140,Pitch
-0.173,0.712,0.419,58.809,6.773,12.399,Pitch
-0.143,0.883,0.414,80.622,7.621,9.914,Pitch
-0.137,0.888,0.399,87.605,22.995,-0.971,Pitch
-0.173,0.895,0.364,79.730,38.920,-14.542,Pitch
-0.141,0.952,0.370,58.153,31.150,-16.564,Pitch
-0.160,0.918,0.306,40.618,32.909,-12.233,Pitch
-0.143,1.006,0.295,37.292,12.871,-5.801,Pitch
-0.215,1.021,0.320,36.312,2.835,7.910,Pitch
-0.195,1.026,0.334,22.216,-10.745,5.040,Pitch
-0.198,0.932,0.228,28.490,-6.501,-4.244,Pitch
-0.236,0.941,0.234,36.470,-5.477,-3.868,Pitch
-0.244,0.972,0.201,35.752,1.916,-7.385,Pitch
-0.235,0.951,0.155,41.877,13.405,-11.839,Pitch
-0.245,0.963,0.170,30.844,10.273,-9.450,Pitch
-0.206,0.933,0.155,22.155,11.506,-13.676,Pitch
-0.140,0.892,0.210,14.026,6.851,-12.495,Pitch
-0.158,0.901,0.220,21.962,4.218,-13.685,Pitch
-0.196,0.902,0.203,16.389,-2.888,-7.630,Pitch
-0.220,0.961,0.160,5.845,-0.928,-1.628,Pitch
-0.225,0.994,0.137,5.381,7.122,7.245,Pitch
-0.236,1.016,0.168,-10.229,11.436,6.571,Pitch
-0.259,1.062,0.196,-62.825,4.454,39.576,Pitch
-0.258,0.974,0.268,-190.514,-8.330,65.319,Pitch
-0.119,0.879,0.255,-272.204,-32.296,82.364,Pitch
-0.020,0.778,0.252,-244.764,-70.350,116.882,Pitch
-0.030,0.891,0.695,-210.131,-73.876,136.518,Pitch
0.074,0.924,0.901,-286.177,-58.555,144.270,Pitch
0.112,0.911,0.715,-286.685,-3.701,112.875,Pitch
0.035,0.657,0.749,-286.685,24.885,33.600,Pitch
0.088,0.363,0.972,-286.685,72.091,-6.528,Pitch
0.170,0.132,1.138,-286.685,111.956,3.027,Pitch
-0.020,0.016,1.080,-286.685,116.104,24.701,Pitch
-0.203,-0.264,0.806,-242.086,51.292,0.630,Pitch
-0.173,-0.309,0.759,-148.846,-7.271,-7.070,Pitch
-0.192,-0.140,0.958,-40.722,-58.397,3.246,Pitch
-0.186,-0.117,1.014,15.925,-46.104,-10.360,Pitch
-0.151,-0.135,1.001,70.000,-29.138,-36.654,Pitch
-0.068,-0.081,1.018,111.466,-32.909,-35.919,Pitch
0.008,0.055,1.005,165.445,46.524,-22.916,Pitch
-0.049,0.142,0.956,285.241,72.625,-53.471,Pitch
-0.009,0.323,0.854,286.685,88.419,-33.801,Pitch
-0.172,0.583,0.696,286.685,86.170,-23.677,Pitch
-0.242,0.796,0.747,286.685,29.899,-4.226,Pitch
-0.161,0.965,0.761,286.685,13.335,-15.767,Pitch
-0.090,1.013,0.627,286.685,12.539,-14.971,Pitch
-0.199,0.941,0.303,270.165,17.990,16.433,Pitch
-0.180,0.796,0.178,274.225,12.801,30.319,Pitch
-0.191,0.903,0.178,274.654,-6.711,33.232,Pitch
-0.165,0.987,0.136,249.008,-14.079,27.755,Pitch
-0.186,1.099,-0.059,206.509,-8.470,21.481,Pitch
-0.146,0.998,-0.103,163.441,-7.332,7.665,Pitch
-0.133,0.990,0.046,93.503,20.913,7.823,Pitch
-0.109,0.994,0.170,7.884,18.795,3.237,Pitch
-0.024,1.034,0.425,-242.113,-11.664,14.315,Pitch
-0.024,1.065,0.213,-286.685,-55.055,62.405,Pitch
0.035,0.936,0.214,-286.685,-20.711,62.151,Pitch
-0.035,0.841,0.334,-286.685,-9.599,30.625,Pitch
-0.131,0.706,0.635,-286.685,-47.731,22.759,Pitch
-0.106,0.688,0.742,-286.685,-50.645,-28.612,Pitch
-0.070,0.467,0.693,-286.685,-59.054,-42.700,Pitch
0.148,0.179,0.719,-286.492,-90.624,-19.539,Pitch
-0.004,0.078,0.984,-274.960,-34.116,-12.276,Pitch
0.036,-0.004,0.980,-176.339,-17.649,2.170,Pitch
0.078,-0.095,0.950,-129.526,11.812,13.274,Pitch
0.059,-0.110,0.969,-38.728,35.849,9.083,Pitch
0.013,-0.038,0.988,109.944,51.975,2.590,Pitch
0.067,0.144,1.102,264.311,92.715,10.552,Pitch
-0.101,0.426,1.028,286.685,123.340,28.403,Pitch
-0.139,0.617,0.746,286.685,99.024,47.399,Pitch
-0.121,0.757,0.698,286.685,37.039,58.940,Pitch
-0.167,1.061,0.559,286.685,15.794,91.402,Pitch
-0.113,1.102,0.445,286.685,-5.364,97.160,Pitch
-0.034,1.109,0.456,286.685,-44.091,35.018,Pitch
-0.011,1.082,0.221,286.571,-16.021,24.806,Pitch
-0.036,0.997,0.017,245.289,-23.756,21.114,Pitch
-0.018,1.027,0.042,207.533,-26.372,9.292,Pitch
0.001,1.010,0.108,90.598,-1.601,-9.826,Pitch
0.007,1.051,0.228,-83.790,21.446,-20.081,Pitch
-0.054,1.019,0.303,-283.203,38.728,-21.271,Pitch
-0.010,1.016,0.286,-286.685,18.314,-9.459,Pitch
-0.025,1.041,0.296,-286.685,-42.490,53.077,Pitch
-0.013,0.835,0.469,-286.685,-4.489,42.761,Pitch
-0.067,0.841,0.547,-286.685,-54.040,46.086,Pitch
0.034,0.864,0.843,-286.685,-39.856,-12.477,Pitch
-0.047,0.449,0.724,-286.685,62.291,-45.097,Pitch
-0.021,0.378,0.943,-286.685,35.822,-48.860,Pitch
-0.041,0.108,0.682,-246.374,64.461,-38.710,Pitch
-0.025,0.049,0.885,-66.561,15.347,14.245,Pitch
-0.078,0.056,0.943,22.671,23.905,14.044,Pitch
-0.024,0.142,0.932,149.607,29.330,10.876,Pitch
-0.116,0.276,0.902,256.165,63.096,12.119,Pitch
-0.067,0.549,0.816,286.685,75.425,8.575,Pitch
-0.025,0.742,0.743,286.685,21.403,54.504,Pitch
-0.264,0.960,0.630,286.685,-14.560,41.037,Pitch
-0.066,1.040,0.593,286.685,-19.171,32.340,Pitch
-0.100,1.101,0.496,286.685,-29.610,36.216,Pitch
-0.046,1.100,0.384,286.685,-29.654,19.101,Pitch
-0.035,1.029,0.100,286.685,-22.225,21.595,Pitch
-0.081,0.992,-0.062,274.881,-28.980,19.618,Pitch
-0.056,0.896,-0.104,209.160,-24.640,0.376,Pitch
-0.071,0.856,-0.071,113.934,-10.097,-7.577,Pitch
-0.092,0.816,-0.135,-16.257,-7.648,-10.036,Pitch
-0.144,0.867,-0.032,-117.994,-2.599,-13.930,Pitch
-0.118,0.956,0.309,-286.519,-22.689,-14.823,Pitch
-0.005,1.137,0.209,-286.685,-55.335,-18.743,Pitch
-0.001,1.181,0.286,-286.685,10.911,-34.221,Pitch
-0.114,1.145,0.831,-286.685,62.449,-55.493,Pitch
-0.187,0.882,0.545,-286.685,-25.611,-22.890,Pitch
-0.250,0.626,0.677,-286.685,-46.760,-93.152,Pitch
-0.199,0.483,0.552,-283.640,-41.134,-88.996,Pitch
-0.022,0.495,0.678,-225.225,-54.416,-18.253,Pitch
-0.097,0.312,0.864,-140.446,-27.353,16.170,Pitch
-0.122,0.162,0.995,-87.369,-16.844,19.031,Pitch
-0.146,0.123,0.961,-57.627,-20.799,8.899,Pitch
-0.060,0.232,0.999,-9.651,-53.226,5.276,Pitch
-0.004,0.303,0.996,58.643,-65.257,21.577,Pitch
-0.124,0.492,0.971,116.664,-30.931,11.156,Pitch
-0.028,0.487,1.054,118.037,-29.120,-6.414,Pitch
-0.191,0.321,1.210,78.435,-24.894,9.922,Pitch
-0.301,0.269,1.117,82.101,30.292,0.438,Pitch
-0.191,0.428,0.864,94.526,50.636,-73.920,Pitch
-0.075,0.594,0.910,82.827,85.802,-95.567,Pitch
-0.513,0.506,0.995,83.055,75.810,-83.580,Pitch
-0.372,0.483,0.777,14.980,3.955,-146.545,Pitch
-0.123,0.380,0.608,41.667,3.640,-172.891,Pitch
0.222,0.592,0.760,88.646,65.984,-162.514,Pitch
0.031,0.591,0.848,27.702,-18.296,45.045,Pitch
-0.620,0.483,1.171,-49.429,-64.155,96.652,Pitch
-0.241,0.446,1.048,-47.880,-69.029,9.389,Pitch
-0.336,0.536,0.844,-97.825,-71.802,-4.287,Pitch
-0.204,0.423,0.687,-57.208,-47.591,-4.611,Pitch
-0.170,0.334,0.775,2.826,37.301,-8.400,Pitch
-0.248,0.392,0.849,23.406,53.069,-14.499,Pitch
-0.291,0.486,0.905,59.474,47.792,-16.931,Pitch
-0.157,0.442,0.982,73.692,24.115,-9.721,Pitch
-0.229,0.614,0.906,75.950,18.042,3.920,Pitch
-0.364,0.649,0.852,89.705,28.026,16.266,Pitch
-0.326,0.650,0.861,119.420,53.725,3.439,Pitch
-0.325,0.878,1.026,110.346,51.284,-0.184,Pitch
-0.262,0.874,0.832,92.514,38.728,22.024,Pitch
-0.405,0.974,0.673,94.876,68.390,73.561,Pitch
-0.416,0.656,0.592,95.786,60.734,142.695,Pitch
-0.389,0.808,0.880,170.030,-19.653,136.185,Pitch
-0.234,0.792,0.673,144.716,-48.309,128.634,Pitch
-0.040,0.648,0.392,168.245,-4.699,127.330,Pitch
0.098,0.507,0.289,167.414,30.914,75.206,Pitch
-0.112,0.734,0.540,126.306,35.018,26.574,Pitch
0.139,0.763,0.128,124.504,-42.088,10.211,Pitch
0.146,0.674,0.185,122.482,-6.624,-15.829,Pitch
0.077,0.883,-0.054,170.223,81.725,15.321,Pitch
-0.123,1.040,0.101,223.659,119.744,50.111,Pitch
-0.021,1.027,-0.056,229.836,99.260,47.408,Pitch
0.027,0.785,-0.351,286.668,40.731,60.961,Pitch
0.014,0.718,-0.567,286.685,-23.292,90.344,Pitch
-0.051,0.953,-0.359,286.685,-38.894,96.241,Pitch
-0.081,0.922,-0.281,246.540,-23.135,61.355,Pitch
-0.015,0.836,-0.508,108.054,-7.709,8.706,Pitch
0.013,0.765,-0.656,40.425,-0.928,-13.536,Pitch
0.089,0.789,-0.529,1.540,-3.220,-26.329,Pitch
0.059,0.909,-0.484,-93.188,24.080,-24.517,Pitch
0.016,0.977,-0.309,-267.295,24.308,-28.823,Pitch
0.084,1.027,-0.268,-286.685,22.907,-21.639,Pitch
0.146,1.120,-0.116,-286.685,21.289,17.220,Pitch
0.102,1.114,-0.095,-286.685,14.578,39.515,Pitch
0.061,0.904,0.033,-286.685,10.745,48.396,Pitch
0.038,0.845,0.609,-286.685,-6.230,69.842,Pitch
-0.020,0.856,0.582,-286.685,20.825,19.460,Pitch
0.125,0.715,0.823,-286.685,19.311,-6.790,Pitch
0.126,0.522,0.786,-267.286,-51.774,18.996,Pitch
0.168,0.490,1.083,-223.492,-101.465,19.364,Pitch
0.080,0.525,1.124,-270.918,-73.841,-6.265,Pitch
0.295,0.367,0.907,-261.686,9.047,-8.767,Pitch
0.284,0.036,0.968,-150.955,32.480,0.201,Pitch
0.221,0.059,0.933,-57.199,14.280,6.895,Pitch
0.150,0.119,1.061,11.708,27.528,-6.974,Pitch
0.189,0.210,1.149,70.324,51.949,-28.919,Pitch
0.172,0.389,1.216,136.456,38.369,-46.252,Pitch
0.166,0.269,1.023,201.784,38.815,-28.114,Pitch
0.082,0.419,0.928,259.052,58.214,-28.455,Pitch
-0.048,0.716,0.822,286.685,70.674,-73.649,Pitch
-0.047,0.598,0.749,286.685,56.175,-66.692,Pitch
-0.123,0.570,0.808,286.685,93.643,-15.549,Pitch
-0.148,0.900,0.528,286.685,127.645,-4.174,Pitch
-0.130,1.043,0.236,286.685,95.918,-7.298,Pitch
-0.158,1.107,0.154,286.685,49.499,-6.860,Pitch
-0.051,1.109,0.077,286.685,47.722,-17.596,Pitch
-0.072,1.037,-0.117,286.685,62.685,-9.179,Pitch
-0.204,0.968,-0.223,238.298,51.905,-3.412,Pitch
-0.125,0.837,-0.327,157.500,6.352,0.192,Pitch
-0.066,0.787,-0.470,126.569,-11.786,6.037,Pitch
-0.115,0.706,-0.402,80.684,-23.144,16.319,Pitch
-0.107,0.658,-0.200,-53.410,-45.509,26.267,Pitch
-0.110,0.857,-0.151,-283.237,-55.624,10.377,Pitch
-0.064,1.019,-0.073,-286.685,-70.376,3.859,Pitch
-0.066,1.021,-0.040,-286.685,-90.414,29.663,Pitch
-0.031,0.970,0.149,-286.685,-70.884,58.415,Pitch
-0.023,0.891,0.389,-286.685,-23.765,79.293,Pitch
-0.018,0.875,0.484,-286.685,7.525,87.649,Pitch
-0.118,0.685,0.583,-286.685,16.730,90.606,Pitch
-0.107,0.651,0.961,-286.685,-72.415,92.680,Pitch
-0.009,0.558,0.856,-286.685,-98.691,7.341,Pitch
0.062,0.239,0.866,-286.685,-37.800,-19.583,Pitch
0.064,0.048,0.865,-216.510,24.465,-13.746,Pitch
0.097,-0.062,1.031,-129.307,24.167,-1.418,Pitch
0.069,-0.206,1.009,-42.271,37.958,-5.285,Pitch
0.039,-0.032,1.016,101.141,39.454,-15.750,Pitch
0.028,0.108,1.073,204.383,41.912,-26.731,Pitch
-0.030,0.234,0.962,282.397,36.776,-28.718,Pitch
-0.006,0.487,0.948,286.685,32.060,-1.592,Pitch
-0.120,0.680,0.689,286.685,34.318,3.098,Pitch
-0.052,0.889,0.556,286.685,51.467,-4.568,Pitch
-0.090,1.234,0.490,286.685,43.575,15.102,Pitch
-0.147,1.338,0.361,286.685,32.909,7.499,Pitch
-0.026,1.358,0.107,286.685,6.930,0.647,Pitch
-0.068,1.117,-0.022,286.685,-0.866,9.564,Pitch
-0.059,1.011,-0.159,286.685,-12.565,-10.141,Pitch
-0.028,0.978,-0.248,286.676,-4.174,-22.715,Pitch
-0.055,0.820,-0.400,193.253,-3.474,-36.925,Pitch
-0.049,0.615,-0.416,87.666,0.499,-41.895,Pitch
-0.095,0.538,-0.359,-26.136,-1.514,-45.124,Pitch
-0.125,0.576,-0.305,-134.759,-14.578,-52.946,Pitch
-0.029,0.807,-0.205,-286.125,-34.221,-57.645,Pitch
-0.068,0.950,-0.201,-286.685,-41.816,-2.074,Pitch
-0.166,1.032,-0.158,-286.685,-61.548,42.735,Pitch
-0.177,1.052,-0.031,-286.685,-63.359,57.173,Pitch
-0.149,0.984,0.218,-286.685,-32.664,39.804,Pitch
-0.127,0.913,0.366,-286.685,23.056,4.629,Pitch
-0.146,0.849,0.466,-286.685,8.724,1.803,Pitch
-0.166,0.771,0.621,-286.685,-48.265,25.156,Pitch
-0.111,0.496,0.728,-250.740,-137.742,82.495,Pitch
0.072,0.470,0.867,-180.932,-166.057,62.195,Pitch
0.032,0.517,0.886,-190.155,-63.998,39.463,Pitch
0.051,0.546,0.940,-201.626,-14.472,35.717,Pitch
0.116,0.366,0.994,-143.561,-2.975,41.431,Pitch
0.065,0.173,1.079,-89.714,7.201,36.706,Pitch
0.055,0.115,1.188,-85.479,49.070,22.776,Pitch
0.016,0.095,1.236,-109.427,61.311,5.941,Pitch
-0.012,-0.023,1.115,-115.938,29.645,-10.395,Pitch
-0.062,-0.033,1.047,-59.745,30.065,-33.057,Pitch
0.070,0.118,0.903,74.183,19.049,-29.522,Pitch
0.056,0.168,0.859,176.837,16.319,-8.715,Pitch
0.033,0.362,0.905,286.685,33.906,19.390,Pitch
-0.027,0.495,0.866,286.685,26.031,9.573,Pitch
-0.082,0.707,0.638,286.685,7.499,-0.525,Pitch
-0.044,0.873,0.411,286.685,3.561,3.876,Pitch
0.000,1.099,0.353,286.685,14.201,13.283,Pitch
-0.048,1.188,0.313,286.685,4.174,22.916,Pitch
-0.032,1.277,0.344,286.685,-26.880,15.382,Pitch
-0.005,1.253,0.153,286.685,-50.873,14.499,Pitch
-0.004,1.076,-0.143,281.304,-51.188,-17.334,Pitch
0.056,0.877,-0.298,198.406,-0.044,-36.811,Pitch
-0.055,0.646,-0.360,135.511,40.801,-39.550,Pitch
-0.018,0.687,-0.367,98.840,34.037,-36.776,Pitch
-0.070,0.775,-0.364,2.126,15.689,-16.074,Pitch
-0.043,0.862,-0.221,-161.997,2.783,-10.290,Pitch
-0.007,0.903,-0.157,-286.685,1.033,-9.538,Pitch
-0.057,1.132,0.097,-286.685,-19.136,20.606,Pitch
-0.097,1.263,0.259,-286.685,-54.066,31.929,Pitch
-0.030,1.109,0.231,-286.685,-42.910,30.397,Pitch
-0.056,0.917,0.320,-286.685,-21.612,14.035,Pitch
-0.056,0.692,0.469,-286.685,1.269,-7.044,Pitch
-0.080,0.696,0.801,-286.685,-15.391,-9.231,Pitch
0.009,0.464,0.823,-271.180,-63.341,-3.203,Pitch
0.039,0.274,0.745,-230.781,-53.847,-1.531,Pitch
0.026,0.196,0.898,-144.366,-21.149,-1.129,Pitch
0.025,0.162,1.215,-73.736,-9.424,-2.800,Pitch
0.032,0.030,1.113,-47.224,-22.689,-3.150,Pitch
0.042,0.040,0.987,-12.766,-16.634,-2.931,Pitch
0.058,0.142,0.833,84.551,3.176,-2.135,Pitch
0.046,0.314,0.806,247.809,36.111,1.584,Pitch
0.052,0.551,0.824,286.685,66.561,14.770,Pitch
-0.005,0.677,0.785,286.685,59.964,20.913,Pitch
0.014,0.836,0.574,286.685,27.615,32.996,Pitch
-0.049,1.045,0.387,286.685,-4.305,45.614,Pitch
-0.087,1.216,0.387,286.685,-23.406,34.965,Pitch
-0.013,1.187,0.314,286.685,-35.980,23.730,Pitch
0.082,1.132,0.147,286.685,-38.299,-3.815,Pitch
0.059,1.072,-0.110,252.254,-8.820,-21.674,Pitch
0.031,0.882,-0.174,183.680,1.278,-23.319,Pitch
0.014,0.866,-0.215,136.885,12.530,-22.829,Pitch
0.032,0.888,-0.299,41.965,23.406,-16.380,Pitch
-0.028,0.826,-0.258,-60.856,28.131,-10.097,Pitch
-0.071,0.821,-0.234,-143.553,20.571,-18.856,Pitch
0.013,1.005,-0.075,-285.390,2.713,-20.737,Pitch
-0.045,1.019,0.056,-286.685,-31.159,-11.637,Pitch
-0.003,1.018,0.217,-286.685,-46.305,-6.440,Pitch
-0.016,0.943,0.311,-286.685,-11.891,-14.035,Pitch
-0.095,0.994,0.722,-286.685,42.787,-25.603,Pitch
-0.101,0.851,0.539,-286.685,43.514,-25.961,Pitch
-0.132,0.692,0.697,-286.685,-44.039,-10.964,Pitch
-0.026,0.529,0.723,-283.876,-75.863,-0.350,Pitch
-0.003,0.409,0.850,-209.869,-29.505,8.356,Pitch
-0.012,0.362,0.921,-137.375,-1.059,12.171,Pitch
-0.062,0.302,0.993,-97.668,-3.412,5.626,Pitch
-0.076,0.260,1.024,-76.956,-15.802,3.693,Pitch
-0.037,0.186,1.060,-39.270,-18.743,-0.245,Pitch
-0.031,0.188,0.956,8.479,-20.064,0.403,Pitch
0.029,0.231,0.804,115.430,-27.886,2.039,Pitch
0.061,0.342,0.777,239.934,-3.001,5.425,Pitch
0.023,0.654,0.828,286.685,47.294,12.626,Pitch
-0.012,0.785,0.796,286.685,31.990,18.165,Pitch
-0.052,0.923,0.704,286.685,6.939,21.840,Pitch
-0.026,1.098,0.452,286.685,-2.362,16.774,Pitch
-0.027,1.203,0.299,286.685,-40.162,36.024,Pitch
0.032,1.201,0.288,286.685,-53.156,18.077,Pitch
0.060,1.126,0.124,286.685,-36.260,-4.410,Pitch
0.033,0.973,-0.034,250.758,-20.519,-6.773,Pitch
0.008,0.796,-0.160,180.443,-10.062,-16.362,Pitch
0.027,0.858,-0.158,78.330,2.319,-14.971,Pitch
-0.015,0.826,-0.139,-20.808,10.614,-13.195,Pitch
0.012,0.845,0.046,-221.734,22.584,-16.774,Pitch
-0.023,1.076,0.309,-286.685,-4.148,-6.055,Pitch
0.022,1.214,0.322,-286.685,-43.995,-29.173,Pitch
0.055,0.951,0.229,-286.685,-25.419,-17.246,Pitch
-0.027,0.809,0.536,-286.685,7.009,6.073,Pitch
-0.093,0.713,0.797,-286.685,-29.216,17.640,Pitch
-0.005,0.557,0.811,-248.955,-53.025,9.852,Pitch
0.003,0.454,0.687,-208.548,-73.272,4.673,Pitch
0.047,0.224,0.818,-151.042,-62.414,6.773,Pitch
0.093,0.307,1.077,26.355,-29.050,23.415,Pitch
0.063,0.373,1.008,3.255,5.985,-5.653,Pitch
0.043,0.197,0.804,47.197,29.776,-14.586,Pitch
0.024,0.389,0.873,268.765,55.072,-6.650,Pitch
0.038,0.807,0.856,286.685,59.421,-0.647,Pitch
0.031,0.877,0.722,286.685,41.344,16.266,Pitch
-0.059,0.993,0.452,286.685,39.646,14.262,Pitch
-0.040,1.232,0.292,286.685,6.396,19.145,Pitch
-0.054,1.326,0.440,286.685,-38.342,30.940,Pitch
-0.059,1.292,0.226,286.685,-57.496,21.499,Pitch
0.047,1.267,0.015,286.685,-60.270,-13.011,Pitch
0.035,0.942,-0.184,225.155,-34.510,-28.735,Pitch
-0.036,0.728,-0.244,107.511,-21.647,-29.724,Pitch
-0.008,0.691,-0.327,36.776,-24.745,-27.834,Pitch
-0.021,0.834,-0.169,-71.811,-25.427,-14.184,Pitch
0.076,1.181,0.269,-272.396,-38.728,2.179,Pitch
-0.105,1.611,0.262,-286.685,-90.353,-2.494,Pitch
0.121,1.380,-0.047,-286.685,-83.073,44.616,Pitch
-0.068,0.775,-0.119,-286.685,-50.916,108.675,Pitch
-0.225,0.664,0.438,-286.685,4.375,44.074,Pitch
0.022,0.647,0.741,-242.515,-8.024,-2.362,Pitch
0.051,0.651,0.975,-209.650,-33.836,5.889,Pitch
0.025,0.416,0.811,-171.736,-18.069,25.952,Pitch
0.019,0.205,0.788,-81.821,9.494,8.689,Pitch
0.042,0.228,1.029,-10.561,10.727,-1.173,Pitch
0.037,0.285,1.106,13.090,-2.678,0.280,Pitch
-0.021,0.299,0.963,36.041,-21.726,2.380,Pitch
0.030,0.368,0.873,101.124,-22.146,-3.211,Pitch
0.148,0.504,1.010,269.867,67.567,-4.148,Pitch
-0.004,0.682,0.947,286.685,95.051,9.432,Pitch
-0.057,0.826,0.614,286.685,44.572,15.899,Pitch
0.008,0.975,0.378,286.685,29.006,9.608,Pitch
-0.059,0.982,0.293,286.685,17.421,12.985,Pitch
0.014,1.221,0.196,286.685,13.711,14.131,Pitch
-0.046,1.207,0.268,286.685,-7.149,16.030,Pitch
-0.073,1.114,0.055,286.685,-17.062,2.721,Pitch
0.007,0.952,-0.175,277.314,-16.380,-18.734,Pitch
-0.009,0.741,-0.166,219.424,-29.986,-13.501,Pitch
0.060,0.901,-0.069,74.882,-31.430,-6.090,Pitch
0.109,0.874,-0.029,-185.080,-19.574,9.004,Pitch
0.101,0.861,0.003,-286.633,4.104,21.114,Pitch
0.025,1.090,0.019,-286.685,35.744,27.466,Pitch
-0.074,1.103,0.157,-286.685,32.664,34.037,Pitch
-0.152,1.042,0.377,-286.685,30.397,3.763,Pitch
-0.140,0.932,0.615,-286.685,9.398,-10.605,Pitch
-0.035,0.714,0.816,-285.154,-50.006,-12.967,Pitch
-0.029,0.626,0.708,-206.500,-51.616,-16.905,Pitch
0.001,0.449,0.699,-210.193,-65.205,-21.805,Pitch
0.111,0.424,0.954,-228.069,-66.640,-13.842,Pitch
0.099,0.355,1.038,-102.069,-33.618,6.685,Pitch
0.071,0.221,0.857,0.385,-24.491,1.881,Pitch
0.057,0.288,0.800,105.271,1.094,-0.236,Pitch
0.046,0.420,0.686,190.566,28.621,-2.459,Pitch
0.019,0.739,0.639,286.685,102.331,-19.968,Pitch
0.015,1.056,0.582,286.685,129.133,-12.145,Pitch
-0.046,1.103,0.371,286.685,117.688,12.836,Pitch
-0.093,1.156,0.394,286.685,85.146,0.298,Pitch
-0.120,1.369,0.253,286.685,46.996,13.799,Pitch
-0.102,1.218,-0.018,286.685,39.121,-2.511,Pitch
-0.115,1.017,-0.076,286.685,13.528,1.960,Pitch
-0.081,0.810,-0.104,206.246,-32.454,7.945,Pitch
-0.021,0.793,-0.159,42.411,-33.635,-8.636,Pitch
-0.000,0.809,-0.076,-153.720,-35.700,-5.023,Pitch
0.023,0.885,-0.032,-278.224,-39.314,3.273,Pitch
-0.033,1.119,0.123,-286.685,-40.950,1.934,Pitch
-0.050,1.170,0.440,-286.685,-38.815,13.501,Pitch
-0.250,1.222,0.388,-286.685,-33.057,33.232,Pitch
-0.272,1.236,0.773,-286.685,-35.709,9.993,Pitch
-0.150,0.895,0.562,-286.685,-59.141,4.681,Pitch
-0.091,0.480,0.347,-280.980,-26.906,-9.800,Pitch
-0.157,0.474,0.520,-193.104,-58.520,-22.916,Pitch
0.035,0.402,0.787,-167.807,-83.247,-25.305,Pitch
0.090,0.279,0.949,-77.919,-30.546,-0.009,Pitch
0.054,0.228,0.909,26.705,-15.216,3.973,Pitch
0.072,0.250,0.845,124.574,-28.507,2.949,Pitch
0.081,0.434,0.817,209.685,-8.960,10.159,Pitch
0.044,0.845,0.812,286.685,71.181,5.827,Pitch
0.035,0.959,0.466,286.685,112.726,6.064,Pitch
-0.028,1.042,0.245,286.685,112.201,20.624,Pitch
-0.138,1.236,0.211,286.685,91.586,6.729,Pitch
-0.124,1.326,0.252,286.685,35.980,-4.034,Pitch
-0.048,1.422,0.155,286.685,37.625,-6.895,Pitch
-0.103,1.271,0.053,286.685,40.679,-2.135,Pitch
-0.100,0.922,-0.115,217.306,-25.856,4.480,Pitch
0.020,0.672,-0.247,119.674,-47.670,-3.570,Pitch
0.039,0.738,-0.274,5.644,-25.900,-6.895,Pitch
0.070,0.854,-0.159,-101.745,-12.740,3.045,Pitch
0.000,1.100,0.120,-286.414,-34.816,35.228,Pitch
-0.074,1.081,0.213,-286.685,-79.914,57.234,Pitch
-0.177,1.216,0.097,-286.685,-62.116,61.985,Pitch
-0.122,1.135,-0.043,-286.685,-32.095,59.264,Pitch
-0.068,0.983,0.369,-286.685,9.118,6.624,Pitch
-0.014,0.800,0.705,-286.685,17.141,-15.129,Pitch
0.002,0.662,0.624,-285.198,-36.041,0.298,Pitch
0.005,0.392,0.505,-230.624,-71.374,18.454,Pitch
0.051,0.462,0.855,-85.838,-50.269,26.591,Pitch
0.028,0.435,1.104,8.269,-12.023,3.465,Pitch
0.063,0.389,1.083,39.725,-5.959,-13.650,Pitch
0.062,0.461,0.926,103.836,4.716,-12.521,Pitch
0.077,0.660,0.648,267.487,52.001,-14.805,Pitch
0.075,0.893,0.432,286.685,58.870,19.372,Pitch
-0.043,1.103,0.461,286.685,50.732,41.107,Pitch
-0.058,1.346,0.384,286.685,39.147,29.899,Pitch
-0.078,1.270,0.298,286.685,30.275,0.507,Pitch
-0.098,1.076,0.126,286.685,6.492,-15.969,Pitch
0.024,1.099,0.011,286.685,-15.146,-23.021,Pitch
0.033,0.899,0.041,235.419,-35.674,-5.407,Pitch
0.080,0.726,-0.237,52.841,-25.130,-6.589,Pitch
0.028,0.692,-0.391,-50.199,-6.597,2.739,Pitch
0.041,0.793,-0.275,-117.198,-4.707,11.454,Pitch
0.024,1.076,0.118,-281.006,-32.235,22.251,Pitch
0.023,1.001,0.132,-286.685,-77.884,59.264,Pitch
-0.216,1.175,0.353,-286.685,-34.956,57.654,Pitch
0.122,1.194,0.058,-286.685,-3.710,31.456,Pitch
0.013,0.886,0.547,-286.685,55.501,15.488,Pitch
-0.042,0.495,0.649,-286.685,-1.750,-0.096,Pitch
-0.008,0.400,0.648,-227.579,-29.409,-7.875,Pitch
0.035,0.498,0.818,-148.330,-16.914,-13.510,Pitch
0.060,0.398,0.857,-43.251,-7.298,-0.201,Pitch
-0.006,0.326,0.756,78.243,8.654,4.568,Pitch
-0.025,0.442,0.857,165.935,17.421,-5.609,Pitch
0.083,0.681,0.954,283.587,29.864,-11.200,Pitch
0.084,1.064,0.857,286.685,54.775,3.115,Pitch
-0.026,1.278,0.598,286.685,32.629,41.370,Pitch
-0.033,1.256,0.540,286.685,4.891,50.138,Pitch
-0.048,1.168,0.273,286.685,-8.908,18.839,Pitch
-0.097,1.031,0.020,286.685,-4.401,-2.415,Pitch
0.020,1.121,0.089,286.685,-18.804,-15.496,Pitch
0.019,1.068,0.146,284.392,-48.256,-1.960,Pitch
0.092,0.697,-0.260,116.270,-45.885,-17.001,Pitch
0.046,0.590,-0.461,19.259,3.553,-23.354,Pitch
0.019,0.677,-0.387,-50.706,1.269,-5.661,Pitch
0.025,0.771,-0.203,-136.273,3.500,4.375,Pitch
0.036,0.889,-0.007,-286.685,-16.074,24.622,Pitch
-0.076,0.966,-0.074,-286.685,-24.745,43.181,Pitch
-0.101,1.131,0.231,-286.685,56.901,-12.381,Pitch
-0.006,1.092,0.323,-286.685,50.969,-46.926,Pitch
-0.073,0.913,0.599,-286.685,12.679,-24.237,Pitch
0.010,0.680,0.495,-286.685,-35.166,-15.829,Pitch
-0.003,0.625,0.545,-285.092,-33.075,-1.645,Pitch
-0.004,0.574,0.815,-214.646,-30.013,6.282,Pitch
-0.027,0.390,1.045,-126.429,-29.225,11.856,Pitch
-0.003,0.341,0.892,-46.769,-16.494,4.926,Pitch
0.025,0.462,0.782,26.889,-12.040,7.438,Pitch
0.008,0.616,0.750,183.592,-1.601,3.859,Pitch
0.035,0.752,0.683,286.685,39.209,14.752,Pitch
-0.021,1.227,0.757,286.685,40.600,47.504,Pitch
-0.086,1.459,0.819,286.685,7.621,62.615,Pitch
-0.081,1.403,0.627,286.685,-31.675,45.237,Pitch
-0.039,1.076,0.090,286.685,-32.261,4.506,Pitch
0.002,0.999,-0.153,286.685,-55.440,-11.594,Pitch
0.103,1.000,-0.166,286.685,-53.839,-27.247,Pitch
0.078,0.763,-0.196,286.685,-44.118,-17.299,Pitch
-0.026,0.585,-0.470,206.526,-16.231,-30.319,Pitch
0.005,0.541,-0.530,95.174,-23.004,-33.136,Pitch
-0.014,0.566,-0.455,9.494,-21.665,-26.968,Pitch
0.027,0.539,-0.333,-164.447,-15.102,-12.967,Pitch
0.014,0.673,-0.220,-286.685,-18.095,9.712,Pitch
-0.020,0.794,0.108,-286.685,-9.371,18.218,Pitch
-0.037,1.186,0.109,-286.685,3.719,17.421,Pitch
-0.095,1.242,0.192,-286.685,24.378,19.653,Pitch
-0.152,1.170,0.579,-286.685,11.646,-11.086,Pitch
-0.014,1.004,0.649,-286.685,10.413,-30.975,Pitch
-0.093,0.746,0.501,-286.685,-5.845,-20.545,Pitch
-0.082,0.612,0.568,-283.027,-47.801,-8.566,Pitch
0.021,0.539,0.917,-148.033,-44.074,-15.575,Pitch
0.025,0.425,0.883,-96.084,-26.198,0.796,Pitch
-0.025,0.389,0.807,-23.765,-14.052,12.556,Pitch
-0.069,0.574,0.864,80.850,-34.055,23.459,Pitch
-0.096,0.700,0.994,183.365,-23.642,2.844,Pitch
0.005,0.849,0.996,282.712,10.885,-3.824,Pitch
0.097,0.923,0.599,286.685,59.386,30.677,Pitch
-0.052,0.933,0.396,286.685,83.317,59.412,Pitch
-0.110,1.314,0.410,286.685,19.766,67.410,Pitch
-0.154,1.425,0.298,286.685,-29.680,59.097,Pitch
0.071,1.154,0.059,286.685,-54.338,17.229,Pitch
0.061,0.885,-0.016,286.685,-27.825,-9.450,Pitch
0.033,0.580,-0.198,159.504,-4.594,-29.304,Pitch
0.007,0.494,-0.403,47.346,-16.257,-25.288,Pitch
0.033,0.650,-0.487,-46.638,-31.824,-10.710,Pitch
0.047,0.760,-0.283,-143.133,-26.416,1.531,Pitch
-0.021,0.808,-0.101,-285.784,-15.855,2.293,Pitch
0.049,0.769,0.210,-286.685,-8.943,-6.274,Pitch
0.012,1.072,0.323,-286.685,5.784,-5.075,Pitch
-0.007,1.121,0.225,-286.685,18.830,-15.190,Pitch
-0.151,0.899,0.393,-286.685,-36.059,-0.613,Pitch
-0.111,0.697,0.773,-286.685,-71.522,-4.812,Pitch
0.037,0.628,0.903,-263.480,-98.560,-8.181,Pitch
0.074,0.570,0.901,-153.020,-77.105,25.603,Pitch
0.013,0.531,0.813,-85.698,-39.882,19.801,Pitch
0.077,0.460,0.827,2.380,-25.305,-9.450,Pitch
0.107,0.610,0.966,95.463,2.371,-8.041,Pitch
0.068,0.720,1.026,187.863,23.459,-0.971,Pitch
0.108,0.757,0.912,272.195,31.736,-4.218,Pitch
0.074,0.815,0.664,286.685,50.829,12.906,Pitch
0.003,1.205,0.520,286.685,39.463,32.935,Pitch
-0.064,1.247,0.551,286.685,4.016,19.696,Pitch
0.041,1.270,0.433,286.685,-2.642,0.901,Pitch
0.037,1.197,0.136,286.685,-9.502,-4.218,Pitch
0.038,0.920,-0.019,286.685,-20.423,-20.860,Pitch
0.064,0.818,-0.149,270.340,-21.333,-27.615,Pitch
-0.027,0.614,-0.313,175.849,-28.263,-34.921,Pitch
0.033,0.473,-0.450,52.649,-28.140,-51.853,Pitch
0.054,0.526,-0.337,-86.616,-14.114,-21.718,Pitch
0.010,0.658,-0.275,-201.320,-11.489,2.170,Pitch
0.045,0.834,-0.006,-286.685,-7.770,12.390,Pitch
-0.046,0.971,0.033,-286.685,-0.228,22.846,Pitch
-0.127,1.210,0.052,-286.685,-5.259,13.431,Pitch
-0.031,1.063,0.132,-286.685,-30.905,5.320,Pitch
0.014,0.794,0.469,-286.685,-18.856,-12.722,Pitch
0.070,0.720,0.657,-286.685,-25.235,-5.241,Pitch
0.103,0.676,0.875,-247.511,-28.061,27.081,Pitch
0.108,0.622,1.034,-192.518,-22.173,45.141,Pitch
0.036,0.359,0.951,-149.249,-3.649,64.698,Pitch
0.019,0.375,0.807,-61.985,8.172,72.196,Pitch
-0.066,0.650,0.992,36.243,-11.568,65.336,Pitch
-0.129,0.729,0.976,85.706,-31.999,25.060,Pitch
0.017,0.615,0.917,208.031,-74.060,-25.436,Pitch
0.222,0.809,0.707,286.685,-63.236,-21.770,Pitch
0.207,0.947,0.775,286.685,-10.421,21.665,Pitch
0.043,1.329,0.814,286.685,3.141,9.135,Pitch
0.124,1.297,0.466,286.685,-31.474,-39.664,Pitch
0.127,1.041,0.131,286.685,4.646,-58.993,Pitch
0.137,0.914,0.044,286.685,32.226,-65.257,Pitch
0.022,0.697,-0.118,286.685,14.017,-55.694,Pitch
-0.012,0.599,-0.309,184.424,-42.849,-45.911,Pitch
0.045,0.550,-0.280,17.106,-39.174,-44.109,Pitch
0.006,0.600,-0.249,-120.312,-12.626,-36.496,Pitch
0.022,0.635,-0.311,-281.741,-5.871,-27.466,Pitch
-0.026,0.759,-0.296,-286.685,-15.234,1.496,Pitch
-0.062,0.719,-0.090,-286.685,-2.993,4.786,Pitch
-0.099,0.637,0.040,-286.685,-35.079,18.095,Pitch
-0.150,0.851,0.682,-286.685,-32.104,9.091,Pitch
0.023,1.110,1.047,-286.685,-7.735,-41.886,Pitch
-0.027,0.809,0.980,-286.685,-6.641,-31.229,Pitch
-0.055,0.519,0.733,-286.221,-18.882,-21.735,Pitch
-0.010,0.387,0.658,-164.080,-26.163,-11.646,Pitch
0.102,0.547,1.090,-12.959,0.254,11.874,Pitch
0.035,0.622,1.278,3.631,53.690,11.174,Pitch
-0.180,0.562,1.295,12.381,62.248,0.061,Pitch
-0.256,0.431,1.105,58.153,11.217,-13.108,Pitch
-0.101,0.468,0.809,202.982,-61.495,7.175,Pitch
0.029,0.682,0.648,286.685,-71.059,47.399,Pitch
-0.022,0.928,0.657,286.685,-19.722,54.556,Pitch
-0.086,1.501,0.974,286.685,39.970,18.812,Pitch
-0.001,1.170,0.530,286.685,36.164,-17.824,Pitch
-0.044,0.984,0.198,286.685,34.134,-20.177,Pitch
-0.058,0.705,-0.078,286.685,19.302,-36.864,Pitch
-0.040,0.768,-0.206,286.685,18.847,-49.849,Pitch
0.031,0.669,-0.242,254.039,11.034,-38.089,Pitch
0.014,0.507,-0.316,104.335,6.099,-26.950,Pitch
-0.023,0.454,-0.410,-93.555,-26.924,-8.540,Pitch
-0.027,0.587,-0.412,-240.931,-45.474,16.721,Pitch
-0.104,0.752,-0.221,-286.685,-56.263,44.406,Pitch
-0.125,0.801,-0.104,-286.685,-65.476,56.289,Pitch
-0.148,0.962,0.030,-286.685,-24.019,40.941,Pitch
-0.104,0.786,0.230,-286.685,20.344,-13.659,Pitch
-0.009,0.726,0.394,-286.685,-27.991,-36.654,Pitch
0.023,0.679,0.667,-286.685,-58.923,-3.579,Pitch
-0.006,0.557,0.949,-286.685,-93.345,31.745,Pitch
0.008,0.419,0.978,-222.232,-43.347,26.924,Pitch
-0.013,0.325,1.121,-107.853,-17.010,21.709,Pitch
0.044,0.389,1.249,-114.056,-14.788,17.430,Pitch
-0.037,0.393,1.312,-52.071,-16.354,15.627,Pitch
-0.022,0.457,1.274,14.586,-16.704,-1.111,Pitch
0.032,0.488,1.218,70.201,-1.837,-9.467,Pitch
0.104,0.447,1.093,191.581,40.504,-6.344,Pitch
0.103,0.513,0.839,286.685,72.424,28.516,Pitch
-0.116,0.869,0.907,286.685,44.013,51.888,Pitch
-0.112,0.970,0.906,286.685,15.794,36.024,Pitch
-0.014,1.120,0.693,286.685,-5.355,19.049,Pitch
0.051,1.101,0.464,286.685,-5.758,23.861,Pitch
0.013,0.883,0.211,286.685,5.346,18.147,Pitch
0.022,0.779,0.063,286.685,-9.765,12.583,Pitch
-0.034,0.756,-0.152,279.449,-36.986,4.497,Pitch
0.030,0.631,-0.277,170.380,-28.761,-25.392,Pitch
0.043,0.546,-0.345,32.401,-8.969,-25.812,Pitch
0.037,0.550,-0.421,-39.287,5.250,-19.556,Pitch
0.038,0.584,-0.319,-121.590,-2.695,-5.241,Pitch
-0.025,0.694,-0.234,-206.001,-6.344,8.164,Pitch
-0.002,0.872,0.096,-286.510,-1.523,19.224,Pitch
-0.019,0.949,0.164,-286.685,-2.896,28.639,Pitch
-0.239,0.838,0.182,-286.685,29.304,17.308,Pitch
0.002,0.768,0.359,-286.685,42.726,-58.704,Pitch
0.125,0.622,0.574,-286.685,20.562,-49.464,Pitch
-0.122,0.699,0.954,-286.685,-29.698,-20.676,Pitch
0.058,0.590,1.280,-202.659,-113.496,4.734,Pitch
0.051,0.382,0.991,-187.276,-39.261,5.731,Pitch
-0.038,0.430,1.137,-118.291,-24.413,12.810,Pitch
-0.010,0.438,1.129,-75.976,-34.825,7.787,Pitch
0.039,0.433,1.100,9.660,-17.981,4.760,Pitch
0.062,0.543,1.114,92.374,10.238,0.543,Pitch
0.051,0.526,1.091,162.829,25.007,-2.284,Pitch
-0.037,0.614,0.983,279.457,34.440,-3.019,Pitch
0.056,0.748,0.793,286.685,0.166,8.951,Pitch
0.020,0.915,0.747,286.685,1.015,11.462,Pitch
0.071,1.031,0.765,286.685,-1.680,5.355,Pitch
0.033,1.076,0.508,286.685,1.173,-1.750,Pitch
0.010,1.004,0.372,286.685,-1.820,-17.036,Pitch
0.032,0.901,0.059,286.685,-12.163,-24.605,Pitch
-0.020,0.780,-0.175,286.685,-22.312,-31.771,Pitch
-0.087,0.700,-0.238,286.685,-35.674,-59.132,Pitch
-0.030,0.609,-0.381,274.601,-7.298,-85.514,Pitch
0.062,0.594,-0.349,71.706,10.693,-41.037,Pitch
-0.078,0.510,-0.427,-45.596,3.351,-4.935,Pitch
-0.117,0.528,-0.470,-175.158,-6.116,-2.310,Pitch
-0.080,0.580,-0.479,-275.949,-9.940,-5.434,Pitch
-0.110,0.641,-0.286,-286.685,-30.179,7.324,Pitch
-0.168,0.791,0.023,-286.685,-42.849,1.592,Pitch
-0.144,0.938,0.384,-286.685,-39.795,-12.495,Pitch
-0.055,1.084,0.388,-286.685,-46.463,-8.523,Pitch
-0.038,1.115,0.560,-286.685,-74.226,24.789,Pitch
0.021,1.016,0.960,-285.329,-85.470,47.897,Pitch
-0.034,0.766,0.950,-247.467,-73.859,64.942,Pitch
-0.102,0.399,0.720,-246.732,-87.062,62.501,Pitch
-0.045,0.382,0.791,-257.819,-111.107,32.069,Pitch
0.192,0.645,1.387,-169.111,-95.436,15.505,Pitch
0.148,0.481,1.184,-152.197,-40.722,8.820,Pitch
0.150,0.242,0.835,-67.104,-10.649,0.928,Pitch
0.118,0.394,0.980,15.365,16.485,1.383,Pitch
0.110,0.431,1.123,102.016,32.655,-1.697,Pitch
0.098,0.444,1.045,207.462,52.964,3.701,Pitch
0.153,0.605,0.934,286.344,37.958,7.026,Pitch
0.091,0.622,0.889,286.685,23.756,25.839,Pitch
-0.038,0.613,0.724,286.685,7.332,10.159,Pitch
0.124,0.900,0.544,286.685,2.931,-14.989,Pitch
0.066,0.968,0.266,286.685,35.822,-23.861,Pitch
0.015,1.009,0.247,286.685,42.149,-28.289,Pitch
0.056,1.107,0.324,286.685,52.518,-43.339,Pitch
0.079,1.026,0.065,286.256,23.231,-10.430,Pitch
-0.099,0.673,-0.454,264.408,12.941,-23.712,Pitch
-0.009,0.509,-0.639,286.510,-7.770,-37.362,Pitch
0.029,0.628,-0.473,283.448,-11.392,-29.103,Pitch
-0.048,0.645,-0.438,176.995,-7.884,-21.910,Pitch
-0.058,0.589,-0.450,26.311,6.764,-38.255,Pitch
-0.038,0.573,-0.421,-80.325,1.173,-42.236,Pitch
-0.026,0.707,-0.275,-257.967,9.529,-43.934,Pitch
-0.006,0.793,-0.147,-286.685,14.254,-53.016,Pitch
-0.076,0.912,-0.166,-286.685,-15.243,-31.920,Pitch
-0.097,1.122,0.044,-286.685,-49.639,-23.651,Pitch
-0.106,1.175,0.470,-286.685,-63.656,7.892,Pitch
-0.184,1.111,0.666,-286.685,-45.789,14.262,Pitch
-0.039,0.921,0.577,-286.685,-27.921,4.463,Pitch
-0.045,0.581,0.677,-286.685,-26.075,2.503,Pitch
0.011,0.679,1.074,-283.649,-79.310,19.154,Pitch
-0.081,0.501,1.017,-274.654,-69.702,45.570,Pitch
-0.071,0.488,1.258,-213.999,-57.076,27.020,Pitch
0.041,0.440,0.930,-152.915,-40.854,20.046,Pitch
0.092,0.426,0.918,6.073,-30.327,25.760,Pitch
0.137,0.423,1.126,122.334,-17.728,21.656,Pitch
0.048,0.480,1.078,191.039,-31.045,27.694,Pitch
0.096,0.494,0.963,243.145,-45.412,9.222,Pitch
0.078,0.539,0.652,286.396,-33.679,10.605,Pitch
0.103,0.791,0.581,286.685,-17.972,-3.999,Pitch
0.090,0.962,0.575,286.685,1.951,-11.244,Pitch
0.128,1.072,0.485,286.685,16.459,-14.752,Pitch
0.128,1.078,0.185,286.685,-4.988,-2.056,Pitch
0.139,0.995,-0.028,286.685,-24.211,-3.509,Pitch
0.138,1.058,-0.053,286.685,-25.751,0.971,Pitch
0.077,0.972,-0.141,286.685,-24.237,-20.519,Pitch
0.103,0.769,-0.195,232.584,-4.463,-37.651,Pitch
0.101,0.628,-0.547,87.841,-7.236,-28.858,Pitch
0.009,0.474,-0.664,57.068,-3.535,-33.005,Pitch
-0.032,0.483,-0.574,39.987,-1.435,-38.272,Pitch
-0.018,0.544,-0.405,-53.839,7.936,-54.136,Pitch
-0.025,0.659,-0.308,-263.130,10.727,-57.768,Pitch
0.013,0.615,-0.175,-286.685,-5.338,-51.966,Pitch
0.038,0.998,0.088,-286.685,-55.449,-15.208,Pitch
-0.081,1.171,0.195,-286.685,-45.763,-8.514,Pitch
-0.057,1.067,0.364,-286.685,-17.946,-19.670,Pitch
-0.087,1.033,0.746,-286.685,-21.595,-13.554,Pitch
-0.028,0.758,0.749,-274.365,-34.239,-0.368,Pitch
0.017,0.739,1.107,-252.000,-36.864,-1.663,Pitch
0.004,0.675,1.000,-276.789,4.988,-2.922,Pitch
-0.061,0.485,0.895,-226.791,28.166,-1.575,Pitch
-0.031,0.363,0.905,-68.451,19.915,3.973,Pitch
-0.084,0.406,1.170,29.671,26.897,8.094,Pitch
-0.122,0.335,1.115,37.039,6.466,5.162,Pitch
-0.058,0.280,1.066,149.354,-17.045,34.825,Pitch
0.022,0.550,0.766,286.422,-14.262,43.662,Pitch
-0.041,0.791,0.631,286.685,15.776,44.424,Pitch
-0.115,0.925,0.675,286.685,35.744,24.124,Pitch
0.009,1.220,0.485,286.685,45.868,15.820,Pitch
-0.123,1.188,0.164,286.685,39.638,28.087,Pitch
-0.108,1.028,0.041,286.685,10.719,11.007,Pitch
-0.089,1.112,0.002,286.685,-16.275,22.400,Pitch
0.003,0.918,-0.162,286.676,-57.575,11.244,Pitch
0.125,0.529,-0.423,200.576,-48.221,-11.244,Pitch
0.109,0.392,-0.540,141.216,-5.171,-2.415,Pitch
-0.073,0.443,-0.534,53.436,-8.208,4.734,Pitch
-0.036,0.499,-0.336,-77.438,-29.435,-14.691,Pitch
-0.014,0.524,-0.163,-285.206,-57.671,-3.649,Pitch
-0.083,0.707,-0.154,-286.685,-68.504,10.526,Pitch
-0.046,0.889,-0.191,-286.685,-34.982,10.439,Pitch
-0.297,0.816,0.825,-286.685,-0.184,3.036,Pitch
-0.012,1.179,0.692,-286.685,-10.806,13.169,Pitch
-0.023,1.125,0.841,-286.685,14.376,22.050,Pitch
-0.081,0.675,0.510,-286.685,-33.985,29.487,Pitch
-0.099,0.658,0.906,-169.216,-72.415,80.325,Pitch
-0.074,0.563,1.028,-163.021,-33.539,-3.973,Pitch
-0.031,0.585,1.167,-143.482,-22.059,-32.217,Pitch
0.091,0.473,0.916,-46.296,0.298,-9.205,Pitch
0.023,0.552,0.907,116.541,47.206,6.659,Pitch
0.004,0.592,0.780,284.804,64.549,10.019,Pitch
-0.081,1.034,0.597,286.685,56.569,16.170,Pitch
-0.114,1.288,0.522,286.685,30.065,30.861,Pitch
-0.001,1.396,0.341,286.685,43.584,11.349,Pitch
-0.047,1.348,0.245,286.685,32.042,31.675,Pitch
-0.201,1.248,0.103,286.685,22.855,39.865,Pitch
-0.070,0.950,-0.106,286.685,10.868,-36.654,Pitch
0.107,0.681,-0.239,282.984,-28.263,-4.349,Pitch
0.085,0.481,-0.338,212.800,-23.030,20.177,Pitch
-0.068,0.397,-0.496,89.670,11.988,10.377,Pitch
-0.009,0.496,-0.407,-82.731,-1.015,-15.409,Pitch
0.007,0.608,-0.238,-281.908,-15.557,3.080,Pitch
-0.046,0.605,-0.243,-286.685,-26.337,18.778,Pitch
-0.105,0.740,-0.265,-286.685,-17.894,-2.861,Pitch
-0.291,1.063,0.292,-286.685,-5.731,-34.676,Pitch
0.037,1.276,0.512,-286.685,-42.359,-10.868,Pitch
0.023,1.088,0.451,-286.685,-56.779,31.964,Pitch
-0.198,0.740,0.455,-286.685,-82.180,76.694,Pitch
-0.038,0.399,0.731,-286.685,-50.645,70.840,Pitch
-0.068,0.584,0.991,-268.669,45.316,24.062,Pitch
-0.032,0.724,1.438,-220.115,30.013,-5.722,Pitch
0.065,0.142,1.008,-214.436,-32.550,-30.765,Pitch
0.080,0.020,0.974,-26.810,-7.289,-15.251,Pitch
0.096,0.256,1.124,119.175,-9.065,-1.365,Pitch
0.147,0.254,1.059,225.549,2.713,7.079,Pitch
0.013,0.687,0.984,286.685,1.890,-6.773,Pitch
0.108,0.965,0.799,286.685,-2.608,8.068,Pitch
-0.021,1.240,0.837,286.685,20.151,12.224,Pitch
-0.068,1.317,0.737,286.685,15.794,-5.136,Pitch
-0.015,1.181,0.293,286.685,6.528,-10.028,Pitch
0.069,1.163,0.112,286.685,-10.010,0.822,Pitch
0.102,1.024,0.049,286.685,-8.146,13.081,Pitch
0.072,0.647,-0.267,286.685,-14.254,13.580,Pitch
0.033,0.452,-0.412,204.488,-1.190,-1.566,Pitch
0.008,0.413,-0.402,36.015,-28.788,-7.219,Pitch
0.061,0.429,-0.431,-57.487,-26.635,-10.789,Pitch
0.006,0.421,-0.356,-177.012,3.535,-12.486,Pitch
-0.089,0.482,-0.264,-286.685,-18.961,-10.176,Pitch
-0.151,0.769,0.382,-286.685,-20.335,-13.764,Pitch
-0.063,1.050,0.374,-286.685,8.724,-18.515,Pitch
-0.062,1.130,0.387,-286.685,83.729,-83.221,Pitch
-0.035,0.780,0.122,-286.685,43.059,-75.381,Pitch
-0.089,0.951,1.083,-258.554,-63.324,-18.935,Pitch
-0.159,0.741,1.074,-245.402,-114.975,1.636,Pitch
-0.144,0.492,0.774,-229.766,-82.434,-38.859,Pitch
-0.011,0.556,0.904,-102.970,-71.243,-43.339,Pitch
0.095,0.511,1.259,20.808,-21.534,-15.698,Pitch
0.084,0.453,1.291,41.921,14.210,17.815,Pitch
-0.066,0.739,1.241,68.224,8.068,42.726,Pitch
-0.031,0.835,1.045,122.841,-48.834,17.343,Pitch
0.071,0.789,0.796,218.706,-45.824,17.237,Pitch
-0.025,0.709,0.534,286.580,-3.666,4.804,Pitch
-0.005,0.924,0.390,286.685,35.000,-4.419,Pitch
0.007,1.403,0.496,286.685,53.428,-1.881,Pitch
-0.059,1.454,0.492,286.685,49.735,-8.995,Pitch
-0.069,1.075,0.039,286.685,45.824,-29.689,Pitch
-0.011,0.872,-0.189,286.685,32.585,-26.058,Pitch
0.079,0.580,-0.324,286.685,-14.936,11.830,Pitch
-0.049,0.374,-0.361,286.685,-19.451,4.716,Pitch
-0.010,0.135,-0.390,186.760,-0.298,-10.167,Pitch
-0.018,0.284,-0.482,-34.274,-8.698,-14.044,Pitch
-0.030,0.368,-0.400,-232.628,-25.410,-17.894,Pitch
-0.037,0.549,-0.336,-286.685,-31.378,-12.530,Pitch
-0.200,0.800,-0.222,-286.685,-31.343,-19.714,Pitch
-0.242,1.223,0.215,-286.685,-8.951,-74.165,Pitch
-0.064,1.282,0.284,-286.685,17.124,-75.644,Pitch
-0.182,1.132,0.555,-286.685,-43.059,-25.279,Pitch
-0.124,1.001,0.506,-286.685,-93.056,-0.805,Pitch
-0.131,0.749,0.810,-286.685,-108.325,49.420,Pitch
-0.234,0.811,1.115,-286.685,-26.766,25.559,Pitch
-0.065,0.399,1.078,-280.473,-44.231,-25.051,Pitch
0.054,0.142,0.864,-277.769,-90.869,-19.189,Pitch
-0.031,0.118,0.979,-94.482,-48.991,3.447,Pitch
0.117,0.202,1.043,82.259,-0.683,19.530,Pitch
-0.016,0.266,0.892,227.307,13.414,17.972,Pitch
-0.040,0.455,0.931,286.685,25.506,21.989,Pitch
-0.064,0.707,1.090,286.685,22.426,11.716,Pitch
-0.012,1.017,1.046,286.685,14.971,-1.067,Pitch
0.013,1.048,0.392,286.685,43.304,-16.362,Pitch
-0.025,1.073,0.048,286.685,40.618,-3.797,Pitch
-0.089,1.311,0.257,286.685,23.056,5.162,Pitch
0.087,1.536,0.538,286.685,-4.182,50.173,Pitch
-0.101,1.043,0.181,286.685,-84.927,38.693,Pitch
-0.077,0.081,-0.506,235.786,-46.821,-12.889,Pitch
-0.099,0.207,-0.658,182.761,28.814,-7.298,Pitch
-0.039,0.466,-0.503,57.505,-40.932,-0.245,Pitch
0.005,0.488,-0.377,-22.304,-30.301,3.579,Pitch
-0.065,0.592,-0.285,-190.829,-9.196,-6.213,Pitch
-0.108,0.805,-0.095,-286.685,-8.278,-11.060,Pitch
-0.070,0.947,0.056,-286.685,25.209,-34.186,Pitch
0.057,1.006,0.179,-286.685,33.548,-27.746,Pitch
-0.069,1.220,0.445,-286.685,-29.216,28.464,Pitch
-0.065,1.361,0.413,-286.685,10.290,11.375,Pitch
-0.146,0.691,0.111,-282.021,56.709,-27.667,Pitch
-0.163,0.714,0.661,-250.005,-21.901,-21.927,Pitch
-0.034,0.623,1.035,-251.081,-63.018,-27.641,Pitch
0.031,0.657,1.119,-259.744,-30.739,-0.525,Pitch
-0.057,0.509,0.900,-222.268,0.752,24.080,Pitch
-0.060,0.341,1.022,-142.441,-24.763,40.924,Pitch
-0.159,0.316,1.225,-118.676,-24.308,31.657,Pitch
-0.140,0.421,1.165,-30.747,-3.246,-7.175,Pitch
-0.065,0.513,1.016,65.214,-1.584,-25.016,Pitch
0.011,0.467,0.851,162.173,-5.827,-26.600,Pitch
0.098,0.334,0.769,286.685,-14.534,11.594,Pitch
-0.097,1.171,0.888,286.685,44.809,33.574,Pitch
-0.163,1.322,0.876,286.685,17.246,1.207,Pitch
-0.086,1.139,0.453,286.685,5.189,-18.358,Pitch
-0.021,1.293,0.245,286.685,16.485,-18.900,Pitch
-0.037,0.965,0.198,286.685,45.859,-4.952,Pitch
-0.034,0.826,0.060,286.685,54.827,17.579,Pitch
-0.143,0.484,-0.349,286.650,-11.882,21.017,Pitch
-0.075,0.250,-0.599,175.717,-73.596,-19.854,Pitch
-0.099,0.239,-0.592,65.809,-32.357,-73.290,Pitch
-0.084,0.273,-0.531,6.974,-14.604,-82.241,Pitch
-0.114,0.421,-0.446,-107.931,-3.553,-54.670,Pitch
-0.293,0.696,-0.317,-283.920,6.799,-66.552,Pitch
-0.269,0.746,-0.085,-286.685,-19.119,-124.950,Pitch
-0.086,0.910,-0.007,-286.685,-32.725,-148.951,Pitch
-0.061,1.144,-0.020,-286.685,-108.640,-119.595,Pitch
-0.212,1.487,0.407,-286.685,-165.550,-25.165,Pitch
-0.385,1.091,0.582,-286.685,-126.787,42.088,Pitch
-0.288,0.710,0.723,-286.685,-124.329,67.629,Pitch
-0.160,0.487,0.937,-286.309,-118.711,85.619,Pitch
-0.190,0.507,1.116,-239.986,-80.211,81.445,Pitch
-0.081,0.479,0.989,-276.299,-76.466,57.076,Pitch
0.010,0.222,0.881,-76.694,-40.460,70.376,Pitch
-0.101,0.307,0.980,58.494,-21.184,58.126,Pitch
-0.380,0.634,1.226,156.284,-0.105,-9.476,Pitch
-0.160,0.540,1.351,229.863,44.721,-93.634,Pitch
0.097,0.308,1.048,286.685,124.775,-57.050,Pitch
0.179,0.769,0.757,286.685,137.848,14.289,Pitch
-0.220,1.036,0.413,286.685,143.579,97.186,Pitch
-0.266,1.220,0.279,286.685,46.611,85.400,Pitch
-0.111,1.258,0.047,286.685,-17.439,109.874,Pitch
-0.072,0.973,-0.010,286.685,-37.056,108.220,Pitch
0.006,0.673,-0.243,286.685,-28.980,60.585,Pitch
-0.025,0.422,-0.532,285.486,-29.899,21.814,Pitch
-0.087,0.465,-0.526,175.131,-22.522,-38.456,Pitch
0.008,0.489,-0.408,81.279,-20.536,-61.670,Pitch
0.008,0.437,-0.507,-60.804,-15.426,-35.070,Pitch
0.014,0.466,-0.403,-183.732,-16.161,-15.251,Pitch
0.039,0.511,-0.241,-284.883,-67.165,38.885,Pitch
-0.085,0.720,0.074,-286.685,-107.704,63.963,Pitch
-0.086,0.898,0.263,-286.685,-109.655,78.601,Pitch
0.099,1.247,0.464,-286.685,-46.279,68.171,Pitch
0.107,1.217,0.506,-286.685,1.680,67.419,Pitch
-0.068,0.966,0.804,-286.685,30.529,78.794,Pitch
-0.052,0.709,1.049,-263.603,-57.076,104.055,Pitch
0.053,0.922,1.050,-250.372,-78.575,74.944,Pitch
0.087,0.831,0.969,-194.617,-10.806,39.996,Pitch
0.015,0.534,0.709,-53.917,27.370,19.670,Pitch
0.105,0.540,1.000,87.684,-13.256,-13.335,Pitch
0.144,0.695,1.166,196.831,-36.785,-30.205,Pitch
0.153,0.843,1.190,273.035,-10.684,-43.330,Pitch
0.179,1.016,0.929,286.685,33.469,-60.191,Pitch
0.195,1.084,0.591,286.685,36.103,-14.595,Pitch
0.046,0.891,0.418,286.685,60.428,19.836,Pitch
-0.081,1.076,0.410,286.685,7.586,36.916,Pitch
-0.130,1.093,0.200,286.685,-84.341,6.720,Pitch
0.187,0.988,-0.099,286.685,-86.599,-40.303,Pitch
0.150,0.789,-0.215,286.685,-21.429,-37.266,Pitch
0.086,0.472,-0.323,273.770,3.535,-36.059,Pitch
-0.019,0.431,-0.419,184.336,-21.542,-7.963,Pitch
0.022,0.456,-0.471,94.360,-0.324,-5.477,Pitch
0.034,0.438,-0.483,19.591,0.175,13.571,Pitch
-0.041,0.382,-0.508,-85.838,-11.366,22.593,Pitch
-0.030,0.593,-0.424,-171.342,13.466,15.137,Pitch
-0.230,0.773,-0.340,-283.990,-28.096,-48.956,Pitch
-0.083,0.630,-0.052,-286.685,-45.255,-67.909,Pitch
-0.062,1.099,0.179,-286.685,88.533,-67.541,Pitch
-0.019,1.116,0.156,-286.685,63.131,-90.204,Pitch
-0.008,0.874,0.369,-286.685,-8.549,-52.920,Pitch
-0.142,0.680,0.882,-286.685,-86.030,11.821,Pitch
-0.173,0.752,1.224,-286.685,-95.314,85.514,Pitch
-0.143,1.258,1.454,-286.685,-50.654,62.396,Pitch
-0.080,0.778,0.954,-286.685,-53.515,39.331,Pitch
-0.076,0.475,0.579,-206.167,-98.893,13.545,Pitch
0.071,0.309,0.663,-5.294,-52.307,-4.524,Pitch
0.263,0.378,0.986,256.139,0.822,11.427,Pitch
0.005,1.017,1.254,286.685,-4.944,6.335,Pitch
0.024,1.102,1.172,286.685,16.039,-19.950,Pitch
0.103,1.149,0.929,286.685,25.751,-20.160,Pitch
0.032,1.110,0.607,286.685,53.821,-15.050,Pitch
-0.160,0.944,0.317,286.685,35.507,3.841,Pitch
-0.095,1.167,0.086,286.685,15.050,-13.011,Pitch
0.042,1.038,-0.058,286.685,-33.915,-13.484,Pitch
0.150,0.984,-0.057,286.685,-44.748,-4.515,Pitch
-0.079,0.573,-0.225,286.615,-46.550,11.182,Pitch
0.006,0.389,-0.528,206.176,-36.899,-18.576,Pitch
-0.061,0.318,-0.473,82.749,-25.410,-23.940,Pitch
0.027,0.342,-0.533,-16.791,-32.856,-20.755,Pitch
-0.054,0.261,-0.546,-69.335,-16.642,6.247,Pitch
-0.098,0.285,-0.460,-145.530,-13.108,14.621,Pitch
-0.014,0.424,-0.226,-286.650,-18.095,41.055,Pitch
-0.106,0.645,-0.024,-286.685,-15.951,91.271,Pitch
-0.166,1.087,0.030,-286.685,15.479,54.320,Pitch
-0.321,1.199,0.865,-286.685,30.616,-7.044,Pitch
0.174,1.152,0.585,-286.685,0.472,2.109,Pitch
0.086,0.627,0.047,-286.685,-42.359,94.509,Pitch
-0.014,1.090,0.928,-230.633,0.788,119.823,Pitch
-0.080,1.104,0.865,-243.652,-29.347,36.103,Pitch
0.121,0.724,0.708,-175.901,-27.484,-13.851,Pitch
0.127,0.689,0.857,-36.566,-27.886,5.145,Pitch
0.164,0.694,0.969,37.730,-4.287,16.039,Pitch
0.159,0.806,1.192,46.620,20.134,24.325,Pitch
0.076,0.937,1.054,19.005,11.375,15.645,Pitch
0.105,0.927,0.734,56.166,-12.880,-7.543,Pitch
0.175,0.895,0.665,143.386,-3.019,-19.915,Pitch
0.045,1.204,0.613,286.650,7.490,2.791,Pitch
-0.002,0.983,0.653,286.685,-7.017,-38.272,Pitch
0.192,1.337,0.468,286.685,0.613,-27.939,Pitch
0.091,1.277,0.375,286.685,8.873,-21.298,Pitch
0.003,0.901,0.090,286.685,14.534,-50.452,Pitch
0.082,0.654,-0.190,286.685,-3.307,-59.999,Pitch
0.071,0.619,-0.239,286.685,-56.560,-10.587,Pitch
-0.043,0.319,-0.112,268.214,-63.166,-8.102,Pitch
-0.056,0.046,-0.525,79.074,-27.825,-20.667,Pitch
-0.005,0.212,-0.493,-65.844,-22.050,-17.552,Pitch
-0.058,0.421,-0.387,-201.215,-22.234,3.675,Pitch
-0.045,0.437,-0.187,-285.714,-17.334,20.370,Pitch
-0.176,0.723,0.000,-286.685,-6.344,33.390,Pitch
-0.090,1.321,0.226,-286.685,15.094,-8.050,Pitch
-0.012,1.412,0.350,-286.685,40.162,-29.907,Pitch
-0.071,1.279,0.744,-286.685,45.264,-40.399,Pitch
0.013,0.885,0.648,-286.685,12.915,-18.436,Pitch
-0.053,0.732,0.788,-286.685,-54.162,28.157,Pitch
-0.007,0.706,0.804,-286.685,-94.841,91.035,Pitch
-0.097,0.907,1.396,-263.707,-68.897,89.399,Pitch
-0.004,0.463,0.946,-256.401,-48.300,30.284,Pitch
-0.027,0.338,0.639,-47.967,-21.105,12.775,Pitch
0.171,0.406,0.665,137.489,11.900,5.416,Pitch
0.133,0.750,0.743,286.685,-5.329,-0.123,Pitch
0.012,0.871,0.896,286.685,-22.645,19.311,Pitch
0.052,1.409,1.114,286.685,-44.651,0.586,Pitch
0.191,1.455,0.847,286.685,-43.068,-14.175,Pitch
0.130,1.232,0.283,286.685,-12.136,-14.788,Pitch
-0.058,1.159,0.113,286.685,-21.289,-23.231,Pitch
0.084,1.175,0.149,286.685,-57.969,-44.572,Pitch
0.238,1.162,0.042,286.685,-78.041,-28.350,Pitch
-0.056,0.580,-0.296,286.685,-71.522,-18.594,Pitch
-0.055,0.198,-0.594,206.526,2.616,-59.535,Pitch
-0.058,0.316,-0.539,85.006,-25.261,-41.440,Pitch
-0.075,0.204,-0.603,10.325,-38.439,-36.164,Pitch
-0.053,0.172,-0.554,-57.724,-28.105,-11.856,Pitch
-0.103,0.366,-0.499,-177.503,-22.724,8.278,Pitch
-0.064,0.478,-0.378,-286.685,-23.118,28.761,Pitch
-0.026,0.851,-0.237,-286.685,-20.335,66.518,Pitch
-0.063,1.361,0.258,-286.685,8.654,100.284,Pitch
0.010,1.398,0.169,-286.685,78.549,80.535,Pitch
0.039,1.425,0.241,-286.685,102.848,50.479,Pitch
0.166,1.215,0.594,-286.685,24.019,73.194,Pitch
-0.187,0.681,0.454,-286.685,58.424,118.449,Pitch
-0.244,0.579,0.738,-278.434,56.534,43.006,Pitch
0.001,0.574,0.738,-239.339,16.564,-0.140,Pitch
0.264,0.742,0.870,-36.295,-6.738,10.526,Pitch
-0.017,0.547,0.909,42.910,-40.705,-8.260,Pitch
0.007,0.538,1.068,90.720,-59.167,-30.310,Pitch
0.139,0.719,1.128,95.935,-64.768,-43.435,Pitch
0.154,0.731,1.067,128.616,-7.744,-51.450,Pitch
0.110,0.762,0.793,211.584,36.864,-49.368,Pitch
0.065,0.882,0.598,286.685,-6.213,-22.671,Pitch
-0.012,0.867,0.466,286.685,-10.587,-24.028,Pitch
0.061,1.038,0.401,286.685,-38.325,-20.746,Pitch
0.092,1.385,0.463,286.685,11.524,-13.711,Pitch
0.038,1.209,0.376,286.685,39.226,-25.734,Pitch
-0.075,0.717,0.041,286.685,11.786,-11.961,Pitch
-0.042,0.449,-0.526,286.685,-38.701,4.988,Pitch
-0.082,0.270,-0.731,271.163,-53.209,3.325,Pitch
-0.051,0.320,-0.701,198.030,-38.911,-9.686,Pitch
0.001,0.360,-0.569,138.154,-44.004,-8.129,Pitch
-0.082,0.326,-0.692,86.275,-36.960,2.581,Pitch
-0.157,0.384,-0.641,36.654,-23.039,-22.890,Pitch
-0.112,0.452,-0.666,-12.451,-19.757,-55.947,Pitch
-0.162,0.453,-0.552,-121.354,0.744,-67.585,Pitch
-0.074,0.605,-0.383,-285.513,9.091,-65.293,Pitch
-0.159,0.987,-0.039,-286.685,17.614,-47.548,Pitch
-0.121,1.175,0.143,-286.685,17.500,-26.819,Pitch
-0.131,1.608,0.358,-286.685,22.934,-8.190,Pitch
-0.150,1.419,0.575,-286.685,7.621,-19.302,Pitch
-0.234,0.944,0.677,-286.685,-57.041,-1.461,Pitch
-0.167,0.332,0.334,-286.685,-96.276,22.032,Pitch
-0.090,1.103,1.270,-286.685,-116.629,62.361,Pitch
-0.151,0.772,1.133,-210.411,-60.042,22.024,Pitch
-0.035,0.026,0.579,-150.658,-43.321,-14.079,Pitch
-0.007,0.103,0.667,2.695,-26.784,-5.416,Pitch
0.036,0.508,0.741,194.092,-10.483,-21.718,Pitch
-0.028,0.767,0.608,286.685,0.315,-10.544,Pitch
0.045,0.835,0.435,286.685,18.218,3.710,Pitch
-0.063,1.222,0.573,286.685,-10.684,26.346,Pitch
-0.003,1.372,0.645,286.685,-40.180,-11.751,Pitch
0.035,1.425,0.148,286.685,-5.976,-10.194,Pitch
-0.104,1.223,0.190,286.685,-2.161,-53.603,Pitch
0.118,0.901,-0.031,286.685,-46.541,-46.865,Pitch
-0.081,0.791,0.197,286.396,-61.495,-3.071,Pitch
0.061,0.546,-0.897,63.053,-43.934,-40.530,Pitch
-0.159,0.526,-0.694,108.132,36.592,-40.985,Pitch
-0.116,0.528,-0.616,75.635,10.631,-43.592,Pitch
-0.056,0.541,-0.500,-33.775,3.474,-30.354,Pitch
-0.067,0.544,-0.397,-218.452,24.141,0.166,Pitch
-0.122,0.614,-0.187,-286.685,20.370,9.774,Pitch
-0.089,0.902,-0.038,-286.685,-8.601,26.224,Pitch
-0.119,1.281,0.284,-286.685,6.344,12.828,Pitch
-0.101,1.348,0.393,-286.685,9.739,5.066,Pitch
-0.129,1.390,0.392,-286.685,12.154,-15.908,Pitch
-0.092,0.993,0.373,-286.685,-45.159,21.621,Pitch
-0.128,0.850,1.092,-286.685,-83.379,-10.614,Pitch
0.115,0.379,1.070,-286.685,-88.419,24.246,Pitch
-0.118,0.587,1.049,-286.685,-44.301,-3.089,Pitch
0.039,0.426,0.606,-170.555,-22.444,-33.443,Pitch
0.224,0.115,0.525,122.876,-8.706,16.476,Pitch
-0.038,0.528,0.679,286.685,-10.911,3.351,Pitch
0.009,0.908,0.933,286.685,-10.080,11.681,Pitch
-0.025,0.921,0.858,286.685,13.755,4.751,Pitch
-0.061,1.267,0.457,286.685,40.836,-12.653,Pitch
-0.001,1.275,0.235,286.685,9.284,-19.145,Pitch
-0.079,1.208,0.371,286.685,1.111,-46.979,Pitch
0.058,1.156,0.250,286.685,-10.273,-46.454,Pitch
-0.009,1.007,-0.144,286.685,-36.155,-20.921,Pitch
0.028,0.800,-0.262,284.681,-15.321,-13.352,Pitch
-0.087,0.532,-0.442,148.654,15.986,6.361,Pitch
-0.097,0.608,-0.554,26.390,-10.071,-5.775,Pitch
-0.080,0.482,-0.518,-40.232,-8.960,-16.879,Pitch
-0.055,0.503,-0.455,-94.500,-3.500,-12.924,Pitch
-0.005,0.824,-0.197,-249.673,11.900,5.880,Pitch
0.032,0.824,-0.094,-286.685,6.659,45.386,Pitch
-0.171,1.009,0.280,-286.685,-12.766,69.431,Pitch
0.091,1.314,0.160,-286.685,-23.511,65.817,Pitch
-0.112,1.195,0.475,-286.685,-12.294,67.760,Pitch
-0.171,0.981,0.705,-286.685,41.930,5.189,Pitch
-0.033,0.726,0.876,-286.685,40.653,-34.239,Pitch
0.107,0.686,1.057,-286.685,4.585,-29.461,Pitch
0.079,0.188,0.819,-282.616,-6.895,-12.819,Pitch
-0.101,0.063,0.882,-79.048,-3.001,27.991,Pitch
-0.013,0.132,1.015,20.317,2.572,-0.665,Pitch
-0.009,0.266,1.093,58.380,11.795,-1.225,Pitch
-0.043,0.295,0.847,168.184,34.353,-25.812,Pitch
0.039,0.524,0.615,286.685,19.337,-0.639,Pitch
-0.041,0.800,0.664,286.685,-33.810,49.910,Pitch
-0.066,1.088,0.869,286.685,-11.760,50.146,Pitch
-0.041,1.359,0.951,286.685,30.056,26.416,Pitch
-0.121,1.325,0.473,286.685,15.951,32.209,Pitch
-0.152,1.192,0.199,286.685,-36.129,7.875,Pitch
0.033,0.687,-0.323,286.685,-86.441,-23.459,Pitch
0.053,0.703,-0.191,286.685,-20.983,-35.044,Pitch
0.015,0.744,-0.222,201.985,-1.260,-25.226,Pitch
0.048,0.598,-0.280,51.870,-7.227,-19.924,Pitch
-0.015,0.450,-0.347,-108.456,6.912,0.499,Pitch
-0.082,0.694,-0.416,-236.434,8.068,5.416,Pitch
-0.023,0.827,-0.239,-286.685,24.343,11.078,Pitch
0.011,0.746,-0.061,-286.685,8.837,32.944,Pitch
-0.122,0.904,0.085,-286.685,6.046,52.614,Pitch
-0.184,1.052,0.216,-286.685,40.583,-1.067,Pitch
-0.048,0.654,0.317,-286.685,32.795,-53.708,Pitch
-0.208,0.596,0.809,-269.010,-69.055,-2.424,Pitch
0.135,1.025,1.263,-286.685,-86.844,-35.919,Pitch
0.151,1.174,1.530,-286.685,-69.869,1.496,Pitch
0.001,0.821,1.309,-286.685,-17.132,-17.019,Pitch
0.112,0.075,0.601,-273.534,-38.675,-12.486,Pitch
-0.132,0.444,1.092,-43.811,-40.259,-2.118,Pitch
0.110,0.301,1.202,34.597,12.477,-27.519,Pitch
0.077,0.289,1.088,65.266,20.116,-17.605,Pitch
0.028,0.443,0.892,199.701,39.086,-22.645,Pitch
0.015,0.570,0.586,286.685,73.938,-33.460,Pitch
-0.129,0.947,0.533,286.685,75.390,8.269,Pitch
-0.148,1.188,0.631,286.685,73.098,18.130,Pitch
-0.090,1.199,0.566,286.685,62.729,-0.945,Pitch
-0.100,1.019,0.087,286.685,102.559,-17.159,Pitch
-0.327,0.830,-0.136,286.685,77.429,-43.173,Pitch
0.009,1.057,-0.069,286.685,38.185,-79.170,Pitch
-0.087,0.775,-0.033,281.855,-16.599,-14.717,Pitch
0.106,0.519,-0.226,10.658,-51.625,10.491,Pitch
-0.058,0.622,-0.233,-244.913,-15.409,27.090,Pitch
-0.111,0.743,-0.255,-286.685,-28.464,31.211,Pitch
0.018,0.773,-0.060,-286.685,-51.993,73.036,Pitch
-0.214,0.879,0.051,-286.685,-44.879,67.524,Pitch
-0.106,1.056,0.225,-286.685,-37.301,26.434,Pitch
-0.195,1.094,0.549,-286.685,-49.219,16.013,Pitch
0.071,0.861,0.521,-286.685,-47.521,6.746,Pitch
-0.046,0.723,0.721,-280.070,-43.487,75.661,Pitch
-0.193,0.574,1.339,-286.685,-60.051,-13.886,Pitch
-0.013,0.502,1.178,-286.685,26.302,-59.605,Pitch
0.147,0.288,0.848,-79.695,-14.788,10.517,Pitch
-0.005,0.405,0.901,136.395,-18.567,-1.549,Pitch
0.065,0.513,1.052,266.455,7.805,12.469,Pitch
-0.011,1.075,1.279,286.685,25.034,4.918,Pitch
-0.008,0.913,1.014,286.685,15.129,7.577,Pitch
-0.050,0.810,0.699,286.685,29.907,12.924,Pitch
-0.164,0.784,0.155,286.685,80.325,-22.347,Pitch
-0.069,0.923,0.146,286.685,55.816,-81.261,Pitch
0.062,1.197,-0.083,286.685,-8.033,-79.879,Pitch
0.005,1.030,-0.034,286.685,-65.511,25.664,Pitch
0.046,0.793,-0.258,254.275,-37.756,54.591,Pitch
-0.173,0.529,-0.248,177.791,7.753,32.760,Pitch
-0.046,0.508,-0.265,39.244,8.085,-29.706,Pitch
-0.017,0.473,-0.250,-125.247,-4.392,-26.320,Pitch
-0.064,0.637,-0.176,-247.284,-12.906,-9.783,Pitch
-0.028,0.911,0.120,-286.685,-28.919,31.868,Pitch
-0.117,1.151,0.269,-286.685,-46.331,92.444,Pitch
-0.076,1.273,0.482,-286.685,10.036,80.552,Pitch
0.110,1.263,0.622,-286.685,70.893,53.331,Pitch
0.038,1.262,0.702,-286.685,102.629,14.858,Pitch
-0.283,0.658,0.749,-286.685,31.308,25.576,Pitch
-0.240,0.553,0.932,-286.685,-87.920,9.109,Pitch
0.118,0.108,0.792,-253.085,-45.115,-21.901,Pitch
0.016,0.216,1.108,-59.430,16.634,45.491,Pitch
-0.043,0.235,0.958,30.485,21.665,21.691,Pitch
-0.065,0.352,0.971,108.168,-43.243,34.597,Pitch
-0.023,0.528,1.039,248.395,-75.206,1.724,Pitch
-0.041,0.486,0.896,286.685,-37.529,-7.648,Pitch
0.047,0.882,0.638,286.685,-50.873,3.859,Pitch
0.028,1.163,0.593,286.685,-60.305,3.588,Pitch
-0.117,1.447,0.360,286.685,-25.104,-28.997,Pitch
-0.116,1.189,0.124,286.685,1.138,-105.009,Pitch
0.151,1.049,0.200,286.685,24.334,-141.768,Pitch
0.080,0.871,0.072,286.685,42.971,-110.845,Pitch
0.220,0.500,-0.324,109.769,2.082,-20.230,Pitch
-0.073,0.426,-0.467,-90.834,-4.778,36.873,Pitch
-0.137,0.500,-0.441,-171.001,-42.333,3.386,Pitch
-0.047,0.597,-0.414,-200.874,-50.951,-6.790,Pitch
-0.047,0.849,-0.120,-286.633,-25.165,5.985,Pitch
0.002,1.145,0.058,-286.685,-12.775,5.871,Pitch
-0.087,1.496,0.352,-286.685,-40.276,37.765,Pitch
0.007,1.294,0.407,-286.685,-12.696,92.155,Pitch
-0.190,1.014,0.558,-286.685,52.876,66.885,Pitch
-0.261,0.685,0.486,-286.685,39.086,-9.179,Pitch
-0.077,0.485,0.391,-286.685,-87.080,-15.400,Pitch
0.056,0.592,1.181,-286.685,-121.721,-16.135,Pitch
-0.104,0.186,0.798,-210.018,-18.296,-12.661,Pitch
-0.059,0.062,0.764,25.935,-3.938,23.730,Pitch
0.003,0.356,0.924,108.544,-11.182,-3.990,Pitch
0.099,0.486,0.917,277.489,2.030,20.562,Pitch
0.019,0.751,0.812,286.685,-3.710,21.586,Pitch
-0.035,0.924,0.559,286.685,-30.669,-4.113,Pitch
-0.089,1.014,0.589,286.685,-53.086,-24.202,Pitch
0.062,1.535,0.322,286.685,0.700,-70.919,Pitch
-0.017,1.411,0.185,286.685,21.718,-79.625,Pitch
-0.134,1.100,0.006,286.685,38.806,-83.265,Pitch
0.017,0.995,-0.072,286.685,27.090,-73.841,Pitch
-0.033,0.639,-0.337,251.160,7.630,-19.198,Pitch
-0.094,0.338,-0.465,74.060,7.455,-33.346,Pitch
-0.063,0.422,-0.389,-101.973,-12.941,-39.725,Pitch
-0.024,0.565,-0.363,-236.224,-10.806,-23.704,Pitch
-0.060,0.676,-0.167,-286.685,-8.986,7.840,Pitch
-0.040,0.892,-0.008,-286.685,-33.303,17.929,Pitch
-0.101,1.424,0.276,-286.685,-100.721,39.349,Pitch
0.015,1.429,0.308,-286.685,-85.207,135.730,Pitch
-0.080,0.984,0.670,-286.685,-31.981,114.503,Pitch
-0.048,0.975,1.043,-286.685,2.914,71.872,Pitch
-0.086,0.874,1.296,-196.534,-56.674,64.356,Pitch
0.041,0.565,1.146,-286.090,-43.803,-46.200,Pitch
0.086,0.074,0.512,-217.053,70.368,-5.031,Pitch
0.111,0.281,0.670,136.798,9.363,39.139,Pitch
0.003,0.681,1.008,286.685,-43.794,-8.934,Pitch
0.093,0.604,0.935,286.685,-9.459,-12.757,Pitch
0.067,1.059,0.856,286.685,34.685,13.886,Pitch
-0.032,1.376,0.762,286.685,17.115,12.626,Pitch
-0.102,1.040,0.383,286.685,-19.451,-3.693,Pitch
0.026,0.982,-0.018,286.685,-26.128,-19.994,Pitch
0.095,1.233,0.020,286.685,-49.105,-13.781,Pitch
0.101,0.951,-0.014,286.685,-62.221,10.605,Pitch
0.112,0.570,-0.416,253.759,-24.421,3.675,Pitch
0.068,0.465,-0.458,194.512,1.067,11.375,Pitch
-0.073,0.517,-0.412,102.147,-9.564,24.999,Pitch
-0.046,0.409,-0.391,-36.278,-40.075,5.302,Pitch
-0.049,0.393,-0.422,-176.251,-35.333,-4.751,Pitch
-0.008,0.653,-0.233,-277.480,-14.184,-6.974,Pitch
-0.054,0.736,-0.055,-286.685,12.731,-10.124,Pitch
0.019,1.103,0.190,-286.685,45.614,-21.577,Pitch
-0.008,1.215,0.351,-286.685,31.798,-35.674,Pitch
0.064,1.189,0.448,-286.685,1.435,-10.307,Pitch
-0.201,0.705,0.631,-286.685,11.602,60.559,Pitch
-0.311,1.135,1.212,-286.685,29.575,-40.049,Pitch
-0.013,0.898,0.869,-275.494,10.421,-62.256,Pitch
-0.024,0.841,1.354,-236.539,-50.908,-73.080,Pitch
-0.015,0.376,0.512,-121.721,3.727,-16.196,Pitch
0.107,0.638,0.532,256.769,16.993,35.324,Pitch
-0.023,0.959,0.643,286.685,-6.204,42.989,Pitch
-0.109,1.170,0.819,286.685,7.096,53.541,Pitch
-0.068,1.279,0.699,286.685,7.875,33.241,Pitch
-0.101,1.133,0.246,286.685,-5.968,30.468,Pitch
-0.081,1.111,0.073,286.685,2.126,20.991,Pitch
0.029,1.090,-0.001,286.685,-20.370,14.998,Pitch
0.027,0.831,-0.139,286.685,-40.206,35.254,Pitch
0.020,0.506,-0.373,270.707,-9.415,25.445,Pitch
-0.037,0.448,-0.395,146.291,1.356,11.392,Pitch
-0.043,0.364,-0.400,-54.066,-0.368,-18.786,Pitch
-0.014,0.472,-0.361,-216.492,-8.488,-28.569,Pitch
0.013,0.575,-0.284,-286.685,3.421,-17.386,Pitch
0.000,0.580,-0.154,-286.685,9.056,-15.216,Pitch
-0.066,0.914,0.170,-286.685,-13.038,-13.125,Pitch
-0.027,1.341,0.579,-286.685,-46.917,-31.605,Pitch
0.082,1.221,0.611,-286.685,-79.564,-5.714,Pitch
0.000,0.790,0.629,-286.685,-127.103,83.169,Pitch
-0.038,0.638,1.179,-286.685,-115.176,54.110,Pitch
0.240,1.021,0.968,-286.685,-44.826,15.776,Pitch
0.009,0.808,1.008,-206.080,-10.684,52.631,Pitch
-0.025,0.426,0.759,-182.805,47.583,-24.167,Pitch
0.132,0.276,0.976,86.135,23.844,-42.306,Pitch
0.108,0.782,1.145,284.550,27.335,11.681,Pitch
-0.056,0.824,0.968,286.685,39.261,-46.725,Pitch
0.018,0.951,0.877,286.685,70.849,-56.079,Pitch
-0.022,1.057,0.531,286.685,130.996,-43.033,Pitch
-0.135,0.907,0.239,286.685,121.800,-30.371,Pitch
-0.089,1.203,0.383,286.685,53.646,-26.827,Pitch
-0.068,0.996,0.193,286.685,0.131,-8.759,Pitch
0.034,0.687,-0.240,284.043,-6.650,22.234,Pitch
-0.089,0.395,-0.339,128.266,-1.260,43.487,Pitch
-0.106,0.427,-0.316,33.285,0.201,29.190,Pitch
-0.092,0.467,-0.209,-117.652,-9.581,15.566,Pitch
-0.084,0.595,0.016,-285.889,-40.040,13.781,Pitch
-0.069,0.609,0.025,-286.685,-66.027,29.776,Pitch
-0.036,0.734,0.167,-286.685,-63.735,26.163,Pitch
-0.027,0.909,0.604,-286.685,-53.174,18.165,Pitch
-0.031,0.964,0.974,-286.685,-16.599,5.574,Pitch
0.005,0.818,1.046,-286.685,-39.795,2.774,Pitch
-0.055,0.821,1.375,-286.685,-116.594,50.689,Pitch
0.072,0.860,1.550,-286.685,-60.331,13.011,Pitch
0.130,0.282,0.854,-271.705,-0.236,26.959,Pitch
-0.084,0.341,0.734,-102.777,-3.027,68.906,Pitch
0.094,0.437,1.004,127.225,-24.299,0.822,Pitch
0.129,0.439,1.172,250.705,19.233,-18.830,Pitch
0.093,0.667,1.015,286.685,53.996,-15.461,Pitch
0.049,0.968,0.883,286.685,47.941,-8.251,Pitch
-0.038,1.108,0.649,286.685,43.356,12.688,Pitch
-0.067,1.169,0.432,286.685,40.049,-11.533,Pitch
-0.053,1.331,0.624,286.685,7.534,-12.215,Pitch
-0.001,1.086,0.506,286.685,-33.705,-24.054,Pitch
0.116,0.854,-0.145,286.685,-24.369,-9.135,Pitch
0.020,0.566,-0.233,273.297,12.565,1.697,Pitch
-0.049,0.391,-0.198,170.196,14.359,4.891,Pitch
-0.061,0.313,-0.273,-3.771,5.276,-6.440,Pitch
-0.040,0.399,-0.225,-144.559,-2.809,-11.996,Pitch
0.011,0.328,-0.079,-286.527,-12.591,5.600,Pitch
-0.069,0.281,0.053,-286.685,-28.438,25.331,Pitch
0.117,0.649,0.464,-286.685,-50.260,43.085,Pitch
0.375,1.224,0.997,-286.685,-56.884,112.245,Pitch
-0.088,1.209,0.811,-286.685,-41.248,183.724,Pitch
-0.027,0.803,0.546,-286.536,3.832,138.171,Pitch
0.108,1.306,1.537,-267.295,108.561,-34.939,Pitch
0.366,0.713,1.235,-283.859,42.700,-65.196,Pitch
0.034,0.670,1.111,-57.365,20.904,31.666,Pitch
0.016,0.794,1.012,97.484,45.430,-4.996,Pitch
0.027,0.656,0.780,266.612,7.682,-21.542,Pitch
-0.072,0.686,0.785,286.685,20.851,-20.632,Pitch
-0.084,1.168,0.838,286.685,7.665,-37.958,Pitch
0.145,1.290,0.686,286.685,-10.456,-31.675,Pitch
-0.015,1.065,0.184,286.685,55.125,-16.257,Pitch
-0.241,1.054,0.312,286.685,16.835,-14.262,Pitch
-0.017,1.053,0.060,286.685,-23.118,-42.245,Pitch
0.093,0.943,-0.013,286.685,-32.804,-24.824,Pitch
0.046,0.379,-0.062,282.013,-0.140,1.768,Pitch
-0.057,0.184,-0.262,54.827,23.642,5.390,Pitch
-0.083,0.237,-0.301,-81.926,14.324,-4.655,Pitch
-0.098,0.404,-0.254,-224.971,0.919,-19.337,Pitch
-0.019,0.466,0.036,-286.685,4.594,-25.366,Pitch
0.043,0.713,0.396,-286.685,-26.084,-4.524,Pitch
0.083,1.044,0.762,-286.685,-60.734,30.485,Pitch
-0.036,1.407,0.982,-286.685,-78.426,87.605,Pitch
-0.084,1.428,0.969,-286.685,-8.584,62.318,Pitch
-0.153,1.136,1.139,-286.685,20.965,20.230,Pitch
-0.162,1.109,1.485,-286.685,-12.005,-64.094,Pitch
0.244,0.595,0.650,-283.159,-19.014,-45.824,Pitch
-0.013,0.378,0.673,-5.198,-25.891,-7.009,Pitch
0.161,0.656,0.843,249.191,-15.216,15.120,Pitch
0.002,0.994,0.803,286.685,-0.971,30.083,Pitch
-0.015,0.990,0.732,286.685,-4.191,12.871,Pitch
0.066,1.404,0.752,286.685,-56.709,-4.375,Pitch
0.095,1.573,0.675,286.685,-46.734,-27.746,Pitch
-0.067,1.249,0.563,286.685,-16.179,-56.884,Pitch
-0.014,0.794,0.074,286.685,-4.620,-103.451,Pitch
0.090,0.585,-0.191,286.685,-12.661,-57.225,Pitch
-0.033,0.451,-0.199,218.155,6.073,-19.941,Pitch
-0.112,0.339,-0.268,99.601,15.540,-20.737,Pitch
-0.053,0.302,-0.170,-82.162,-8.041,-24.369,Pitch
-0.059,0.513,-0.009,-283.369,-4.454,8.908,Pitch
-0.107,0.528,0.011,-286.685,-12.346,21.709,Pitch
0.001,0.748,0.397,-286.685,-0.604,11.410,Pitch
0.061,1.221,0.741,-286.685,-2.004,13.956,Pitch
-0.014,1.505,0.917,-286.685,4.734,34.405,Pitch
-0.040,1.241,0.605,-286.685,42.333,11.358,Pitch
-0.268,1.239,1.376,-285.740,-54.145,-3.500,Pitch
0.005,0.813,1.106,-286.685,-36.829,-76.405,Pitch
-0.122,0.816,0.841,-128.144,-35.831,54.373,Pitch
-0.049,0.668,0.805,63.980,-52.728,25.821,Pitch
-0.004,0.653,0.575,285.652,-11.576,19.661,Pitch
0.043,0.976,0.430,286.685,4.034,5.924,Pitch
-0.108,1.480,0.616,286.685,-23.503,13.230,Pitch
-0.083,1.657,0.654,286.685,-22.470,-28.376,Pitch
-0.079,1.349,0.538,286.685,-11.515,-85.811,Pitch
0.046,0.830,0.138,286.685,12.653,-83.466,Pitch
0.041,0.606,-0.229,286.685,7.665,-42.324,Pitch
-0.021,0.319,-0.259,258.116,5.775,-16.931,Pitch
-0.104,0.225,-0.294,87.308,5.626,-4.909,Pitch
-0.039,0.265,-0.183,-102.471,-13.177,2.625,Pitch
0.039,0.356,-0.049,-286.685,-25.708,58.581,Pitch
0.022,0.459,0.168,-286.685,-18.497,102.305,Pitch
0.017,0.955,0.657,-286.685,20.475,108.885,Pitch
0.030,1.387,0.958,-286.685,-8.802,87.019,Pitch
0.125,1.601,1.093,-286.685,7.726,69.895,Pitch
0.371,1.439,0.774,-286.685,65.363,36.864,Pitch
-0.107,1.024,1.065,-219.450,-38.518,78.137,Pitch
-0.153,0.650,1.143,-286.685,-72.993,-104.851,Pitch
0.337,0.557,0.416,-73.920,25.952,-32.060,Pitch
-0.059,0.701,0.652,223.055,19.626,35.674,Pitch
0.048,0.795,0.604,286.685,-5.941,-59.071,Pitch
0.096,1.183,0.430,286.685,-34.939,-60.104,Pitch
0.047,1.533,0.597,286.685,-32.393,-74.226,Pitch
0.202,1.660,0.719,286.685,-12.915,-103.950,Pitch
0.000,1.035,0.496,286.685,-13.046,-92.540,Pitch
0.071,0.610,0.013,279.685,-42.394,-34.449,Pitch
0.021,0.431,-0.235,169.400,-46.428,10.876,Pitch
-0.125,0.325,-0.357,56.149,3.719,10.841,Pitch
-0.085,0.466,-0.111,-100.161,30.126,11.865,Pitch
0.025,0.666,0.385,-286.396,49.420,47.136,Pitch
-0.031,0.777,0.423,-286.685,30.083,80.290,Pitch
-0.014,0.976,0.380,-286.685,32.882,69.738,Pitch
0.199,1.187,0.679,-286.685,38.019,13.930,Pitch
0.193,1.053,0.885,-286.685,23.739,0.551,Pitch
-0.023,0.725,0.862,-282.336,12.066,89.749,Pitch
-0.227,1.074,1.495,-285.390,-28.096,-61.609,Pitch
0.391,0.465,0.631,-256.174,-49.656,-76.387,Pitch
0.200,0.475,0.498,226.240,20.519,22.864,Pitch
0.100,0.982,0.572,286.685,54.548,10.544,Pitch
-0.137,1.181,0.633,286.685,15.260,18.436,Pitch
-0.082,1.666,0.705,286.685,-47.513,-7.131,Pitch
-0.022,1.704,0.567,286.685,-14.315,-62.755,Pitch
0.074,1.387,0.348,286.685,10.342,-53.419,Pitch
0.041,0.532,0.127,286.685,-31.509,-25.183,Pitch
-0.133,0.166,-0.511,160.335,-26.504,3.019,Pitch
-0.118,0.394,-0.349,106.680,12.512,-23.747,Pitch
-0.043,0.701,-0.053,-68.049,21.779,-25.261,Pitch
-0.084,0.881,0.239,-283.745,11.620,-14.892,Pitch
0.029,0.927,0.265,-286.685,-24.754,-3.675,Pitch
-0.039,1.135,0.211,-286.685,-19.644,1.278,Pitch
0.053,1.104,0.443,-286.685,55.309,-26.556,Pitch
0.038,0.803,0.443,-286.685,16.555,-45.526,Pitch
-0.226,0.763,1.064,-286.685,-44.660,4.305,Pitch
-0.275,1.067,1.355,-274.111,-23.284,-24.351,Pitch
-0.124,0.687,0.940,-154.131,-29.601,23.625,Pitch
0.068,0.461,0.804,122.474,-62.326,22.330,Pitch
-0.127,0.742,0.564,286.685,-2.616,15.724,Pitch
-0.047,0.910,0.449,286.685,32.620,-12.267,Pitch
0.020,1.469,0.406,286.685,-18.778,27.720,Pitch
-0.149,1.721,0.557,286.685,-33.897,17.649,Pitch
0.025,1.497,0.336,286.685,-12.337,-36.173,Pitch
-0.049,1.020,0.195,286.685,-14.333,-58.074,Pitch
-0.001,0.442,-0.118,275.538,18.454,-47.626,Pitch
-0.122,0.322,-0.231,61.871,27.073,-28.263,Pitch
-0.091,0.452,-0.138,-192.649,15.855,-13.965,Pitch
-0.057,0.601,0.005,-286.685,4.226,2.581,Pitch
-0.054,0.720,0.354,-286.685,-19.337,45.342,Pitch
0.023,1.046,0.617,-286.685,0.455,53.961,Pitch
0.045,1.099,0.721,-286.685,10.605,29.181,Pitch
0.180,1.169,0.810,-286.685,5.609,31.806,Pitch
-0.191,1.254,1.155,-216.667,-7.341,189.254,Pitch
-0.527,1.170,1.494,-264.967,17.351,5.075,Pitch
0.290,0.172,0.399,-241.220,2.555,-65.056,Pitch
-0.011,0.578,0.418,182.271,-2.013,-20.772,Pitch
0.126,0.913,0.672,286.685,-20.300,-25.690,Pitch
0.117,1.137,0.631,286.685,-66.316,15.479,Pitch
0.028,1.388,0.674,286.685,-82.766,30.424,Pitch
0.043,1.533,0.418,286.685,-83.755,1.251,Pitch
0.021,1.192,0.370,286.685,-61.679,-59.500,Pitch
0.098,0.633,0.179,286.685,-57.908,-68.442,Pitch
0.079,0.423,-0.156,256.130,-37.713,-45.272,Pitch
-0.106,0.392,-0.315,30.931,7.875,-16.441,Pitch
-0.091,0.592,-0.156,-183.251,30.923,-8.496,Pitch
-0.050,0.596,0.094,-286.685,19.224,5.005,Pitch
-0.098,0.571,0.433,-286.685,-2.424,31.798,Pitch
0.179,1.097,0.621,-286.685,0.446,45.290,Pitch
0.188,1.435,0.986,-286.685,22.986,77.691,Pitch
0.074,1.385,0.596,-286.685,83.948,59.535,Pitch
-0.320,1.246,0.980,-250.924,111.029,62.020,Pitch
0.015,0.861,1.186,-286.221,-44.888,-98.744,Pitch
0.442,0.325,0.450,-179.602,-64.085,1.645,Pitch
-0.103,0.546,0.412,120.619,19.442,40.451,Pitch
-0.079,1.018,0.623,286.685,4.392,-43.846,Pitch
0.127,1.022,0.889,286.685,-71.864,-48.072,Pitch
0.218,1.451,0.873,286.685,-120.768,-20.256,Pitch
0.140,1.362,0.856,286.685,-75.224,-4.506,Pitch
-0.080,0.909,0.036,286.685,2.467,-10.028,Pitch
0.074,0.286,-0.402,286.685,2.888,-2.870,Pitch
0.051,0.289,-0.231,257.215,-6.589,72.459,Pitch
-0.023,0.304,-0.218,140.857,13.851,97.213,Pitch
0.065,0.442,-0.219,-86.826,23.573,85.960,Pitch
-0.044,0.681,0.208,-285.688,39.664,52.754,Pitch
0.154,1.043,0.362,-286.685,88.253,5.434,Pitch
0.290,1.280,0.518,-286.685,76.676,-2.572,Pitch
0.532,1.345,1.166,-286.685,181.107,2.844,Pitch
0.212,1.172,1.051,-286.685,219.940,-4.340,Pitch
-0.224,1.182,0.973,-217.577,184.949,-23.459,Pitch
-0.021,1.768,1.344,-208.915,84.000,-124.058,Pitch
0.290,1.058,0.955,-249.515,27.458,-105.009,Pitch
0.189,0.137,0.454,-3.509,40.486,-22.138,Pitch
-0.235,0.606,0.242,240.599,-22.417,21.700,Pitch
0.045,0.819,0.367,286.685,-90.143,13.825,Pitch
0.082,0.958,0.531,286.685,-133.962,51.984,Pitch
-0.008,1.116,0.606,286.685,-72.284,69.230,Pitch
-0.119,1.180,0.493,286.685,-59.850,90.239,Pitch
0.033,0.720,-0.394,286.685,-96.810,32.261,Pitch
-0.045,0.436,-0.261,286.379,-60.270,-8.960,Pitch
0.094,0.313,-0.056,39.638,-33.486,-12.084,Pitch
0.024,0.212,-0.214,-166.355,-19.862,14.866,Pitch
0.135,0.506,0.116,-286.685,29.969,54.661,Pitch
-0.067,1.080,0.556,-286.685,132.387,62.248,Pitch
0.140,1.362,0.745,-286.685,101.465,-39.568,Pitch
0.308,1.346,1.119,-286.685,68.128,-51.599,Pitch
0.140,1.261,1.357,-286.685,55.396,42.499,Pitch
-0.218,1.726,1.254,-286.685,113.155,69.011,Pitch
-0.121,1.372,1.299,-286.685,31.010,-113.960,Pitch
0.097,0.237,0.421,-245.289,-21.420,-50.715,Pitch
-0.161,0.485,0.285,155.068,-14.604,40.381,Pitch
0.188,0.915,0.478,286.685,-24.605,-3.255,Pitch
-0.180,1.088,0.419,286.685,-10.491,14.858,Pitch
-0.123,1.183,0.619,286.685,-22.199,-30.301,Pitch
0.228,1.564,0.429,286.685,-11.970,-14.280,Pitch
-0.059,1.206,0.187,286.685,27.379,14.210,Pitch
-0.123,0.833,0.120,286.685,13.195,5.941,Pitch
0.042,0.327,-0.310,286.685,-51.502,0.228,Pitch
0.019,0.293,-0.275,279.983,-53.051,8.330,Pitch
-0.044,0.482,-0.254,8.146,-15.409,-19.827,Pitch
-0.045,0.582,-0.209,-159.268,0.061,-35.595,Pitch
-0.047,0.707,0.078,-286.685,-17.806,-26.504,Pitch
-0.032,0.918,0.179,-286.685,-28.665,9.949,Pitch
-0.072,1.605,0.490,-286.685,18.638,1.199,Pitch
-0.054,1.689,0.805,-286.685,-24.185,-16.231,Pitch
-0.046,1.028,0.922,-286.685,-54.206,14.735,Pitch
-0.204,0.730,0.936,-286.685,-57.234,99.260,Pitch
-0.217,1.258,1.649,-286.685,14.035,-43.146,Pitch
0.079,1.090,1.039,-286.685,51.529,-79.467,Pitch
-0.086,-0.112,0.149,-108.132,7.315,37.616,Pitch
0.021,0.332,0.544,239.400,-14.158,-18.288,Pitch
-0.059,0.964,0.613,286.685,-1.067,-15.041,Pitch
0.013,0.766,0.419,286.685,20.536,-12.145,Pitch
-0.065,1.316,0.608,286.685,43.662,18.375,Pitch
-0.160,1.710,0.685,286.685,79.467,37.065,Pitch
-0.365,1.395,0.439,286.685,80.386,20.562,Pitch
-0.129,1.158,0.127,286.685,5.443,-69.738,Pitch
0.224,0.405,-0.257,286.685,-54.285,-34.265,Pitch
-0.067,0.413,-0.201,184.581,10.640,12.171,Pitch
-0.173,0.556,-0.262,-22.776,22.671,-6.633,Pitch
-0.098,0.629,0.040,-281.321,4.760,-33.731,Pitch
-0.063,0.505,0.163,-286.685,-50.505,-18.489,Pitch
-0.125,0.746,0.250,-286.685,-81.200,-20.029,Pitch
-0.136,1.011,0.633,-286.685,-42.385,-43.243,Pitch
-0.264,1.676,1.261,-286.685,-62.904,-25.550,Pitch
-0.057,1.461,0.926,-286.685,-22.934,32.585,Pitch
-0.339,1.206,1.437,-286.685,14.752,-34.125,Pitch
-0.154,0.432,0.778,-286.685,16.800,-49.376,Pitch
0.036,0.405,0.141,-137.716,-57.208,43.041,Pitch
-0.066,0.769,0.333,278.775,-22.645,26.574,Pitch
-0.053,0.965,0.281,286.685,15.890,80.001,Pitch
-0.213,1.201,0.574,286.685,4.594,77.709,Pitch
-0.196,1.777,0.762,286.685,-23.362,49.971,Pitch
0.022,1.502,0.533,286.685,2.966,45.080,Pitch
-0.037,0.988,0.309,286.685,4.865,50.461,Pitch
-0.110,0.418,-0.211,286.685,-22.522,41.143,Pitch
0.010,0.477,-0.378,286.685,-32.498,-0.525,Pitch
-0.037,0.474,-0.157,142.800,-56.009,-52.220,Pitch
0.048,0.524,-0.136,-108.658,-24.605,-73.518,Pitch
-0.024,0.825,-0.029,-286.685,20.519,-53.051,Pitch
-0.117,0.928,0.036,-286.685,-2.590,-38.605,Pitch
-0.086,1.236,0.512,-286.685,-49.919,-34.256,Pitch
-0.048,1.599,0.799,-286.685,-81.069,-4.296,Pitch
-0.188,1.645,0.727,-286.685,-100.397,45.911,Pitch
-0.051,1.049,0.691,-286.685,-19.609,-8.899,Pitch
-0.247,0.882,0.945,-286.685,68.320,-67.681,Pitch
-0.005,0.748,1.012,-286.685,14.630,-104.055,Pitch
0.019,0.070,0.399,-117.066,-38.859,-9.861,Pitch
-0.225,0.579,0.435,192.833,-22.802,43.225,Pitch
-0.078,0.989,0.301,286.685,10.413,11.419,Pitch
-0.024,0.964,0.350,286.685,37.301,14.866,Pitch
-0.139,1.742,0.756,286.685,13.134,73.141,Pitch
-0.118,1.865,0.545,286.685,-23.739,39.778,Pitch
-0.024,1.348,0.329,286.685,-35.271,8.881,Pitch
0.057,0.765,0.109,286.685,-64.067,7.963,Pitch
-0.006,0.449,-0.365,286.685,35.499,24.237,Pitch
-0.059,0.523,-0.343,214.051,54.320,28.236,Pitch
-0.059,0.526,-0.361,41.072,30.949,-8.024,Pitch
-0.005,0.546,-0.365,-150.290,-6.659,-13.659,Pitch
0.084,0.764,0.014,-286.685,-5.609,4.025,Pitch
0.083,0.975,0.348,-286.685,-2.572,62.685,Pitch
0.120,1.190,0.377,-286.685,26.688,90.396,Pitch
0.160,1.741,0.631,-286.685,57.041,92.111,Pitch
0.423,1.697,0.446,-286.685,-19.897,71.129,Pitch
-0.022,0.725,0.397,-280.735,129.798,105.534,Pitch
-0.255,0.633,0.851,-258.685,114.293,-5.670,Pitch
0.108,0.684,0.040,-146.939,-1.155,-61.513,Pitch
-0.062,0.856,0.153,284.524,16.056,11.042,Pitch
0.050,1.177,0.458,286.685,-30.660,-22.741,Pitch
0.198,1.645,0.732,286.685,-73.325,15.382,Pitch
0.192,1.997,0.774,286.685,-69.676,26.294,Pitch
-0.064,1.355,0.069,286.685,-104.816,-37.013,Pitch
0.081,0.790,-0.022,286.685,-66.325,-57.531,Pitch
0.056,0.590,0.027,286.685,-40.215,-39.952,Pitch
0.078,0.368,-0.096,286.291,1.347,-3.745,Pitch
0.002,0.358,-0.392,68.224,35.376,-9.852,Pitch
-0.063,0.427,-0.358,-82.285,14.052,-34.291,Pitch
-0.052,0.646,-0.178,-275.476,-5.346,-42.263,Pitch
0.046,0.811,0.164,-286.685,-29.278,-28.000,Pitch
0.126,1.334,0.507,-286.685,20.344,0.604,Pitch
0.179,1.837,0.583,-286.685,30.336,27.099,Pitch
0.098,1.997,0.607,-286.685,14.989,53.594,Pitch
-0.132,0.943,0.113,-286.685,24.237,82.906,Pitch
-0.395,0.541,0.636,-286.685,63.919,98.919,Pitch
-0.227,0.761,0.929,-286.685,32.051,-28.735,Pitch
0.134,0.980,0.504,-255.622,-28.157,-94.762,Pitch
0.427,0.439,0.274,105.516,-28.735,-38.728,Pitch
-0.115,0.946,0.379,286.685,-7.149,-1.033,Pitch
0.126,1.133,0.411,286.685,-22.663,-1.050,Pitch
0.149,1.777,0.829,286.685,-62.493,56.289,Pitch
0.055,1.698,0.607,286.685,-76.431,24.657,Pitch
0.077,1.577,0.395,286.685,-44.065,-17.622,Pitch
0.034,0.890,0.149,286.685,-44.914,-32.594,Pitch
0.101,0.475,-0.165,286.685,-40.014,-16.433,Pitch
0.122,0.402,-0.305,239.706,38.124,-0.761,Pitch
0.052,0.536,-0.278,-16.914,30.529,-5.976,Pitch
0.005,0.533,-0.211,-167.064,11.051,-15.146,Pitch
0.039,0.790,0.156,-286.685,17.194,-28.149,Pitch
-0.031,1.298,0.242,-286.685,9.818,-56.919,Pitch
0.004,1.590,0.299,-286.685,37.257,-98.560,Pitch
0.263,1.474,0.669,-286.685,14.175,-85.181,Pitch
0.020,1.018,0.309,-286.685,-3.868,28.017,Pitch
-0.362,0.790,0.608,-286.685,-42.254,116.436,Pitch
-0.187,1.093,1.153,-275.520,-45.369,18.532,Pitch
0.098,0.787,0.642,-213.815,-5.372,-21.472,Pitch
0.072,0.194,0.449,75.058,20.423,5.976,Pitch
0.002,0.788,0.589,286.676,-17.815,-13.685,Pitch
0.037,1.271,0.534,286.685,-23.564,-8.925,Pitch
0.088,1.500,0.436,286.685,-17.605,-0.455,Pitch
0.054,1.799,0.621,286.685,-57.286,15.829,Pitch
-0.040,1.498,0.608,286.685,-57.391,-16.170,Pitch
-0.010,0.968,0.494,286.685,-51.126,-58.091,Pitch
0.164,0.496,0.033,286.685,-7.858,-49.831,Pitch
0.086,0.425,-0.266,167.816,34.895,14.927,Pitch
0.012,0.417,-0.143,-58.091,35.123,31.789,Pitch
-0.022,0.553,-0.030,-230.527,37.301,38.377,Pitch
-0.070,0.995,0.583,-286.685,8.234,27.475,Pitch
0.103,1.673,0.373,-286.685,1.146,-16.380,Pitch
0.315,1.595,0.434,-286.685,81.707,-4.043,Pitch
0.070,1.318,0.930,-286.685,59.701,24.202,Pitch
0.168,0.474,0.218,-286.685,-60.322,113.181,Pitch
0.044,0.838,1.287,-263.856,-136.141,151.130,Pitch
0.262,1.178,1.168,-254.616,0.752,-1.015,Pitch
0.109,0.206,-0.023,-109.217,145.950,-71.960,Pitch
-0.032,0.165,0.101,279.589,17.798,-34.274,Pitch
0.075,1.386,0.938,286.685,-82.556,-39.226,Pitch
0.152,1.354,0.945,286.685,-59.623,-70.035,Pitch
0.283,1.530,0.970,286.685,-10.614,-45.561,Pitch
0.035,1.585,0.384,286.685,-24.036,-3.500,Pitch
-0.210,1.276,0.419,286.685,-55.353,-38.946,Pitch
-0.023,1.119,0.272,286.685,-64.531,-107.966,Pitch
0.184,0.823,0.011,286.685,-19.714,-117.171,Pitch
0.073,0.370,-0.176,274.339,18.716,-39.174,Pitch
-0.006,0.161,-0.193,18.664,17.089,5.906,Pitch
-0.034,0.233,-0.286,-138.819,-26.022,13.825,Pitch
-0.072,0.641,-0.158,-282.494,-44.362,31.036,Pitch
0.018,0.933,0.181,-286.685,31.220,23.415,Pitch
0.173,1.243,0.519,-286.685,16.231,50.470,Pitch
0.177,1.646,0.808,-286.685,4.900,113.698,Pitch
0.056,1.720,0.700,-286.685,11.489,162.076,Pitch
-0.084,1.018,0.579,-286.685,108.019,72.573,Pitch
-0.127,0.831,1.420,-286.685,69.143,13.895,Pitch
0.147,0.189,0.561,-286.685,28.306,35.840,Pitch
-0.177,0.359,0.290,-50.033,30.905,26.766,Pitch
0.089,0.359,0.295,216.825,-35.499,-55.799,Pitch
0.023,0.557,0.551,286.685,-64.829,-51.161,Pitch
0.314,1.408,1.012,286.685,-63.919,-28.009,Pitch
0.131,1.650,1.268,286.685,-92.006,-2.100,Pitch
0.131,1.442,0.882,286.685,-98.884,-57.024,Pitch
0.150,1.464,0.554,286.685,-99.085,-76.589,Pitch
0.013,1.008,0.252,286.685,-39.025,-143.299,Pitch
0.049,0.568,0.078,286.685,-4.568,-116.349,Pitch
0.029,0.356,-0.162,203.315,27.300,-50.417,Pitch
0.017,0.347,-0.139,68.364,14.744,-7.166,Pitch
-0.038,0.304,-0.208,-122.745,-24.246,25.559,Pitch
0.048,0.531,0.097,-284.848,-49.893,79.179,Pitch
-0.031,0.895,0.396,-286.685,2.415,114.765,Pitch
-0.067,1.143,0.535,-286.685,56.682,82.276,Pitch
0.210,1.647,0.711,-286.685,46.900,50.015,Pitch
0.115,1.239,0.663,-286.685,41.676,46.847,Pitch
-0.026,0.701,0.654,-286.685,49.368,50.706,Pitch
0.008,0.551,1.201,-286.685,43.225,1.864,Pitch
0.106,0.567,0.887,-285.897,27.904,52.045,Pitch
-0.027,0.857,0.605,-61.031,-3.561,37.643,Pitch
-0.019,0.920,0.448,115.509,-29.234,-40.066,Pitch
0.060,0.764,0.481,286.685,-49.341,-44.879,Pitch
0.200,1.431,1.042,286.685,-92.846,-26.005,Pitch
0.277,1.497,1.098,286.685,-136.176,-10.526,Pitch
0.132,1.343,0.910,286.685,-113.321,-18.016,Pitch
-0.104,1.181,0.236,286.685,-59.649,-89.066,Pitch
0.048,0.863,0.061,286.685,-48.519,-147.070,Pitch
0.072,0.653,-0.078,273.980,0.254,-77.840,Pitch
-0.052,0.576,-0.142,169.732,33.513,-46.191,Pitch
-0.099,0.435,-0.266,27.991,38.553,-45.482,Pitch
-0.030,0.499,-0.148,-89.285,22.741,-30.660,Pitch
-0.016,0.706,0.226,-281.242,32.051,1.426,Pitch
-0.001,0.848,0.412,-286.685,25.051,8.050,Pitch
0.076,1.249,0.515,-286.685,2.152,32.638,Pitch
0.080,1.465,0.940,-286.685,3.902,49.507,Pitch
0.083,0.945,0.685,-286.685,-44.879,100.590,Pitch
-0.023,0.552,0.829,-286.685,-30.625,148.628,Pitch
0.061,0.691,1.089,-286.685,36.452,131.023,Pitch
0.009,0.783,0.611,-211.461,10.736,170.555,Pitch
-0.038,0.656,0.453,55.982,-45.482,57.811,Pitch
0.079,0.757,0.356,222.241,-67.769,-18.314,Pitch
0.140,0.926,0.654,286.685,-83.073,-77.473,Pitch
0.315,1.504,1.147,286.685,-142.844,-66.771,Pitch
0.209,1.328,1.339,286.685,-172.253,-62.991,Pitch
0.281,1.310,0.939,286.685,-166.705,-48.230,Pitch
0.043,1.042,0.083,286.685,-136.596,-86.467,Pitch
0.113,0.897,0.119,286.685,-99.076,-112.674,Pitch
0.164,0.700,-0.032,286.685,-60.296,-73.159,Pitch
0.020,0.517,0.065,175.674,15.741,-15.102,Pitch
-0.109,0.568,-0.236,-38.561,37.721,-23.774,Pitch
-0.075,0.889,-0.192,-177.852,42.534,-50.610,Pitch
-0.082,1.104,0.042,-278.337,57.531,-64.601,Pitch
-0.006,1.239,0.286,-286.685,123.217,-111.431,Pitch
0.143,1.356,0.447,-286.685,144.646,-149.345,Pitch
0.104,1.333,0.619,-286.685,27.904,-102.935,Pitch
0.048,1.000,0.518,-286.685,-73.658,-24.841,Pitch
-0.272,0.483,0.498,-286.685,-140.070,84.184,Pitch
-0.182,0.735,0.857,-286.685,13.256,1.260,Pitch
-0.220,0.966,0.919,-117.285,78.374,-13.379,Pitch
-0.146,0.482,0.544,13.029,3.684,-45.649,Pitch
0.043,0.279,0.362,212.424,-21.263,-43.986,Pitch
-0.078,1.113,0.634,286.685,3.316,18.104,Pitch
-0.090,1.332,1.024,286.685,-14.175,63.210,Pitch
-0.353,1.631,1.373,286.685,4.725,74.637,Pitch
-0.297,1.359,1.035,286.685,19.539,-10.806,Pitch
0.132,0.719,0.084,286.685,47.171,-37.275,Pitch
0.145,0.223,-0.700,286.685,-8.881,30.686,Pitch
-0.111,0.575,-0.282,272.659,-43.225,40.338,Pitch
-0.035,0.351,-0.256,50.190,-59.474,-12.749,Pitch
0.045,0.288,-0.345,-104.309,-11.856,2.984,Pitch
0.029,0.462,-0.077,-277.926,-33.311,33.145,Pitch
0.105,0.604,0.098,-286.685,-52.990,69.107,Pitch
-0.313,1.112,0.011,-286.685,-44.074,112.481,Pitch
-0.191,1.057,0.383,-286.685,47.031,-2.354,Pitch
-0.065,1.029,0.650,-286.685,31.281,-46.909,Pitch
-0.396,0.999,1.008,-283.351,-46.296,13.387,Pitch
-0.071,1.009,1.205,-190.470,-93.573,78.277,Pitch
0.355,0.864,1.327,-286.685,13.134,34.431,Pitch
-0.212,0.400,1.481,-286.685,67.603,66.264,Pitch
0.361,0.430,0.949,-122.019,-47.994,97.580,Pitch
-0.120,0.080,0.949,95.961,-136.544,92.321,Pitch
-0.154,0.609,1.005,286.685,30.231,51.301,Pitch
-0.169,0.520,1.002,286.685,-1.164,23.065,Pitch
0.030,1.113,1.132,286.685,12.653,-79.310,Pitch
0.178,1.114,0.684,286.685,-6.352,-57.111,Pitch
-0.137,0.738,0.407,286.685,0.910,-60.769,Pitch
-0.006,0.872,0.106,286.685,-24.771,-91.551,Pitch
0.138,0.893,0.076,286.685,-48.493,-105.796,Pitch
0.211,1.030,0.091,286.685,39.716,-58.739,Pitch
-0.128,0.716,-0.325,206.631,182.140,-38.579,Pitch
-0.037,0.307,-0.597,122.386,160.720,-78.601,Pitch
0.018,0.133,-0.559,54.906,31.106,-56.385,Pitch
-0.041,0.321,-0.138,-148.339,-75.294,-0.201,Pitch
0.071,0.053,-0.056,-286.685,-174.554,109.086,Pitch
-0.232,1.076,0.361,-286.685,-174.011,191.450,Pitch
0.303,1.297,0.572,-286.685,-40.644,53.699,Pitch
0.152,1.201,0.867,-286.685,-70.166,132.886,Pitch
0.175,0.936,1.167,-286.685,-78.575,140.184,Pitch
0.121,0.815,1.306,-286.685,-57.190,152.836,Pitch
0.344,1.180,1.423,-286.685,-31.001,29.969,Pitch
0.361,0.816,0.872,-276.316,13.676,-10.229,Pitch
0.199,0.492,0.858,2.082,28.149,11.699,Pitch
0.139,0.275,0.837,118.204,45.045,-35.630,Pitch
0.118,0.494,0.747,283.605,102.384,-77.228,Pitch
0.078,0.750,0.564,286.685,81.436,-58.748,Pitch
-0.098,1.026,0.521,286.685,91.481,-65.424,Pitch
-0.113,1.264,0.518,286.685,89.731,-86.450,Pitch
-0.001,1.077,0.226,286.685,65.205,-81.751,Pitch
0.051,1.067,-0.116,286.685,59.255,-48.055,Pitch
-0.015,0.765,-0.216,286.685,77.411,21.472,Pitch
0.005,0.524,-0.258,286.685,65.914,49.464,Pitch
-0.088,0.415,-0.369,271.889,-8.208,19.591,Pitch
0.016,0.419,-0.589,16.923,-35.368,0.394,Pitch
-0.042,0.545,-0.523,-234.465,-57.225,-10.903,Pitch
-0.049,0.817,-0.338,-286.685,-61.574,-13.449,Pitch
-0.086,1.047,-0.015,-286.685,-83.221,-7.560,Pitch
-0.144,1.552,0.424,-286.685,-126.683,11.340,Pitch
0.059,1.055,0.555,-286.685,-56.796,95.541,Pitch
0.059,0.852,0.490,-286.685,-78.365,142.564,Pitch
0.051,1.058,1.193,-286.685,-59.342,212.205,Pitch
0.068,1.171,1.176,-250.731,46.690,130.769,Pitch
0.132,0.796,0.692,-208.381,-16.135,-44.984,Pitch
0.082,0.396,0.338,-28.560,-26.302,1.356,Pitch
-0.136,0.496,0.420,285.845,7.630,0.849,Pitch
0.131,0.841,0.476,286.685,-38.929,-87.062,Pitch
-0.057,1.336,0.733,286.685,33.976,-15.085,Pitch
-0.208,1.507,0.403,286.685,54.451,-75.705,Pitch
0.018,1.484,0.252,286.685,-1.592,-115.920,Pitch
0.035,0.955,-0.127,286.685,0.910,-130.804,Pitch
0.035,0.577,-0.012,286.685,52.876,-166.845,Pitch
-0.021,0.422,-0.309,245.910,36.680,-113.706,Pitch
-0.076,0.483,-0.528,-116.069,-41.702,-14.578,Pitch
-0.227,0.806,-0.220,-286.685,-100.056,4.944,Pitch
-0.211,0.929,0.291,-286.685,-180.197,36.006,Pitch
-0.146,1.079,0.410,-286.685,-183.409,76.011,Pitch
-0.153,1.300,0.690,-286.685,-197.908,147.656,Pitch
-0.112,1.350,0.845,-286.685,-164.990,164.421,Pitch
-0.059,1.305,1.288,-286.685,-14.586,101.106,Pitch
0.089,0.892,0.368,-107.695,-2.791,85.006,Pitch
-0.094,0.638,0.393,13.580,-33.250,-82.696,Pitch
-0.109,0.520,0.042,286.685,62.213,22.479,Pitch
-0.225,1.606,0.085,286.685,50.391,15.514,Pitch
-0.228,1.637,0.197,286.685,31.211,-84.114,Pitch
-0.142,1.815,0.553,286.685,31.631,-113.890,Pitch
-0.006,1.202,0.116,286.685,37.476,-201.898,Pitch
0.071,0.434,-0.149,286.685,77.866,-130.568,Pitch
-0.177,0.287,-0.209,235.664,69.431,-71.601,Pitch
-0.110,0.357,-0.431,-77.394,-25.462,-21.551,Pitch
-0.159,0.838,-0.059,-286.685,-91.394,43.181,Pitch
-0.162,1.196,0.368,-286.685,-168.210,142.634,Pitch
-0.223,1.605,0.492,-286.685,-167.860,199.771,Pitch
-0.195,1.693,0.494,-286.685,-90.405,159.792,Pitch
-0.140,1.085,0.617,-286.685,-41.510,62.921,Pitch
0.248,0.346,0.377,-285.705,-65.966,67.043,Pitch
-0.132,0.917,0.679,-9.721,-87.675,58.643,Pitch
0.061,0.747,0.324,127.356,-62.291,-52.579,Pitch
0.139,0.588,0.309,286.685,8.873,-52.596,Pitch
-0.103,1.446,0.288,286.685,-13.142,-110.548,Pitch
0.132,1.741,0.291,286.685,-6.983,-112.779,Pitch
-0.179,1.725,0.365,286.685,48.921,-114.993,Pitch
0.076,0.873,0.064,286.685,54.600,-171.622,Pitch
-0.013,0.533,-0.119,286.685,47.127,-128.747,Pitch
-0.044,0.320,-0.237,286.685,71.820,-108.745,Pitch
-0.018,0.344,-0.501,189.140,91.026,-38.631,Pitch
-0.130,0.414,-0.608,-25.769,63.569,2.993,Pitch
-0.142,0.500,-0.574,-164.360,30.712,-20.746,Pitch
-0.115,0.514,-0.296,-274.960,-16.730,-26.066,Pitch
-0.230,1.045,0.364,-286.685,-148.120,-0.131,Pitch
-0.081,1.693,0.620,-286.685,-183.689,24.299,Pitch
0.057,1.758,0.794,-286.685,-95.235,84.770,Pitch
-0.170,1.926,0.752,-286.685,-154.210,167.011,Pitch
-0.057,1.080,0.610,-282.047,-140.149,282.223,Pitch
-0.289,0.890,0.809,-75.696,-18.209,26.775,Pitch
0.112,0.345,0.212,-87.902,41.956,-103.171,Pitch
0.009,0.827,0.217,230.335,21.525,-33.390,Pitch
0.137,1.275,0.215,286.685,-10.421,-88.900,Pitch
-0.047,1.415,0.404,286.685,24.404,-52.894,Pitch
-0.120,1.604,0.386,286.685,14.254,-73.395,Pitch
0.081,1.596,0.240,286.685,-3.999,-95.777,Pitch
0.103,1.035,0.170,286.685,30.126,-53.961,Pitch
-0.019,0.466,-0.239,286.685,58.826,-60.961,Pitch
0.043,0.264,-0.541,176.837,-7.709,-23.039,Pitch
-0.119,0.380,-0.491,-52.894,-55.309,13.405,Pitch
-0.059,0.594,-0.438,-186.979,-73.911,4.830,Pitch
-0.059,0.714,-0.041,-286.685,-71.899,1.908,Pitch
0.112,0.879,0.451,-286.685,-70.613,94.194,Pitch
-0.025,1.303,0.501,-286.685,-67.139,168.753,Pitch
-0.052,1.600,0.370,-286.685,-60.436,157.360,Pitch
0.326,1.339,0.448,-286.685,-66.255,198.301,Pitch
-0.017,0.947,0.366,-185.833,51.537,198.039,Pitch
-0.325,1.221,0.481,115.614,37.940,51.686,Pitch
0.327,0.887,0.101,163.389,-94.684,-115.456,Pitch
0.112,1.049,0.064,286.685,-17.509,-47.119,Pitch
-0.055,1.749,0.239,286.685,10.841,-88.305,Pitch
0.147,1.575,0.372,286.685,-9.030,-141.295,Pitch
0.281,1.467,0.302,286.685,26.539,-108.649,Pitch
0.038,0.633,-0.323,286.685,39.760,14.175,Pitch
-0.028,0.300,-0.329,276.307,29.146,20.816,Pitch
-0.079,0.295,-0.321,97.720,-9.380,21.823,Pitch
0.054,0.625,-0.233,-172.182,-43.680,3.946,Pitch
0.016,1.056,-0.015,-286.685,-30.914,-1.251,Pitch
0.032,1.297,0.217,-286.685,-56.219,20.186,Pitch
0.085,1.348,0.296,-286.685,-42.411,65.879,Pitch
0.008,1.272,0.294,-286.685,23.634,75.670,Pitch
0.057,1.099,0.495,-286.685,77.499,10.071,Pitch
0.181,0.795,0.535,-234.833,69.939,86.739,Pitch
0.006,1.063,1.009,-211.619,14.131,14.682,Pitch
0.118,0.748,-0.028,-36.636,-104.589,-13.807,Pitch
-0.066,0.856,0.122,286.685,-59.150,-34.107,Pitch
0.078,1.102,0.323,286.685,-42.333,-66.194,Pitch
0.324,1.750,0.516,286.685,-33.057,-51.923,Pitch
-0.015,1.607,0.414,286.685,59.736,-20.414,Pitch
-0.009,1.079,0.079,286.685,57.295,-68.521,Pitch
0.010,0.648,-0.121,286.685,17.325,-41.256,Pitch
-0.029,0.249,-0.444,285.705,-57.094,-21.236,Pitch
0.023,0.438,-0.329,133.709,-47.749,-56.612,Pitch
0.147,0.691,-0.159,-145.539,23.599,-42.875,Pitch
0.058,0.778,0.002,-286.440,45.798,-21.140,Pitch
0.094,1.138,0.295,-286.685,-24.552,19.259,Pitch
0.031,1.435,0.377,-286.685,-61.232,134.365,Pitch
-0.132,1.376,0.434,-286.685,-4.699,127.409,Pitch
-0.022,1.132,0.454,-286.685,58.441,37.319,Pitch
0.170,1.177,0.673,-274.636,62.081,56.875,Pitch
0.058,1.100,0.745,-101.658,-80.089,1.776,Pitch
0.096,0.669,0.129,142.135,-94.491,13.921,Pitch
0.183,0.732,0.076,286.685,-24.439,-2.118,Pitch
0.042,1.379,0.228,286.685,-84.114,-85.732,Pitch
0.158,1.502,0.577,286.685,-53.147,-61.443,Pitch
-0.041,1.446,0.396,286.685,19.189,-107.529,Pitch
0.105,1.173,-0.277,286.685,54.757,-115.911,Pitch
-0.028,0.617,-0.091,286.685,53.182,-91.735,Pitch
0.053,0.308,-0.341,257.819,-4.900,-74.454,Pitch
0.049,0.407,-0.412,96.390,-1.794,-25.279,Pitch
0.004,0.621,-0.416,-153.011,5.198,-3.509,Pitch
-0.080,0.754,-0.089,-286.685,0.315,-26.084,Pitch
-0.037,0.924,0.182,-286.685,-82.162,-4.130,Pitch
-0.112,1.343,0.261,-286.685,-112.849,30.109,Pitch
-0.030,1.330,0.708,-286.685,-29.050,9.852,Pitch
-0.107,1.426,0.735,-286.685,-32.454,34.493,Pitch
-0.143,1.481,0.863,-286.685,32.112,95.217,Pitch
0.043,1.386,1.051,-279.772,-18.060,27.755,Pitch
-0.028,0.764,0.280,-182.254,-53.585,1.006,Pitch
-0.101,0.540,-0.213,239.803,-43.978,42.403,Pitch
0.112,1.126,-0.046,286.685,-65.135,-33.303,Pitch
-0.006,1.407,0.334,286.685,-52.404,-23.275,Pitch
0.111,1.694,0.593,286.685,-32.786,-48.562,Pitch
0.053,1.490,0.263,286.685,27.125,-2.118,Pitch
0.012,1.106,-0.213,286.685,63.070,16.485,Pitch
-0.092,0.392,-0.310,286.685,12.390,-12.714,Pitch
0.048,0.326,-0.311,169.470,-34.414,-43.566,Pitch
0.095,0.589,-0.207,-54.092,-28.700,-21.070,Pitch
0.204,0.738,-0.325,-285.574,-15.969,39.594,Pitch
-0.035,0.922,0.206,-286.685,-28.499,41.904,Pitch
0.029,1.127,0.356,-286.685,5.066,2.450,Pitch
0.100,1.242,0.375,-286.685,34.221,8.330,Pitch
0.033,1.260,0.768,-286.685,21.927,40.031,Pitch
0.196,1.164,1.232,-286.685,-1.173,118.501,Pitch
0.067,1.484,1.296,-286.685,57.636,153.274,Pitch
0.319,1.052,0.301,-286.685,-0.236,79.065,Pitch
0.110,0.431,-0.049,-129.526,-24.202,63.131,Pitch
-0.217,0.689,-0.068,284.375,-91.009,-11.804,Pitch
0.144,1.150,0.172,286.685,-150.929,-91.884,Pitch
0.179,1.665,0.459,286.685,-130.349,-100.704,Pitch
0.240,1.785,0.389,286.685,-102.594,-135.800,Pitch
0.101,1.293,0.384,286.685,-13.151,-149.923,Pitch
0.029,0.983,0.016,286.685,101.001,-169.312,Pitch
-0.032,0.697,-0.282,284.918,71.908,-154.018,Pitch
-0.040,0.522,-0.323,183.417,0.157,-131.495,Pitch
0.046,0.480,-0.364,-29.872,-65.424,-54.495,Pitch
0.032,0.707,0.029,-271.897,-104.668,31.159,Pitch
0.070,0.889,0.754,-286.685,-90.860,116.436,Pitch
0.148,1.309,0.886,-286.685,-67.209,172.226,Pitch
-0.208,1.809,0.771,-286.685,-49.464,185.981,Pitch
0.054,1.791,0.833,-286.685,-3.850,125.676,Pitch
0.219,1.317,0.877,-286.685,75.416,192.509,Pitch
-0.148,1.158,0.942,-286.685,80.938,47.276,Pitch
0.170,0.015,-0.522,-279.449,-81.751,41.037,Pitch
-0.240,0.266,0.368,212.363,-28.131,-27.921,Pitch
0.209,0.900,-0.202,286.685,-132.738,-81.725,Pitch
-0.016,1.460,0.285,286.685,-60.716,-115.238,Pitch
0.027,1.997,0.862,286.685,-5.346,-177.284,Pitch
0.245,1.997,0.246,286.685,-38.342,-234.211,Pitch
0.071,1.765,0.253,286.685,-22.750,-207.988,Pitch
-0.058,0.637,0.205,286.685,56.219,-124.005,Pitch
0.081,0.182,-0.172,286.685,81.594,-69.029,Pitch
0.035,0.361,-0.290,181.186,67.357,7.735,Pitch
0.029,0.482,-0.380,12.661,15.111,64.006,Pitch
0.007,0.895,-0.003,-265.344,-33.574,130.681,Pitch
-0.083,1.267,0.697,-286.685,-66.439,158.270,Pitch
0.011,1.746,0.593,-286.685,-47.513,148.216,Pitch
0.018,1.662,0.588,-286.685,85.960,90.431,Pitch
0.068,1.537,0.715,-286.685,164.553,-40.092,Pitch
-0.208,0.931,0.741,-286.685,84.140,50.881,Pitch
0.077,1.101,0.626,-217.849,-118.834,49.236,Pitch
0.460,1.015,0.112,-80.062,-100.266,98.306,Pitch
-0.456,0.879,-0.269,286.160,-36.225,0.788,Pitch
-0.113,1.092,0.140,286.685,-51.616,-107.450,Pitch
-0.104,1.653,0.527,286.685,-55.169,-125.589,Pitch
0.041,1.997,0.656,286.685,-58.791,-154.341,Pitch
0.088,1.691,0.268,286.685,-1.076,-157.587,Pitch
-0.108,0.746,0.325,286.685,80.019,-110.136,Pitch
-0.107,0.400,-0.029,201.145,34.405,-89.731,Pitch
-0.072,0.414,-0.234,-30.397,-21.157,-74.419,Pitch
-0.101,0.765,-0.121,-254.678,-69.160,-24.517,Pitch
-0.012,0.901,0.569,-286.685,-98.945,44.205,Pitch
0.031,1.114,0.841,-286.685,-85.969,148.610,Pitch
-0.125,1.663,0.883,-286.685,-103.346,198.625,Pitch
-0.162,1.632,0.863,-286.685,-73.491,173.583,Pitch
-0.108,1.502,0.435,-286.685,53.979,101.798,Pitch
0.160,1.184,0.570,-284.821,-20.860,76.772,Pitch
-0.064,0.574,0.341,-139.309,-100.397,152.040,Pitch
-0.170,0.473,0.332,169.995,-87.255,32.463,Pitch
0.172,1.206,0.180,286.685,-57.916,-64.409,Pitch
-0.113,1.215,0.477,286.685,-82.670,-72.914,Pitch
-0.026,1.396,0.446,286.685,-84.647,-118.317,Pitch
0.341,1.997,0.143,286.685,-67.821,-154.394,Pitch
0.019,1.179,0.756,286.685,-3.491,-132.895,Pitch
0.027,0.353,0.004,286.685,45.631,-157.579,Pitch
0.059,0.286,-0.249,286.641,49.026,-136.500,Pitch
0.016,0.438,-0.254,124.460,-9.345,-67.734,Pitch
-0.034,0.634,-0.157,-166.381,-43.190,3.307,Pitch
-0.093,0.743,0.317,-286.685,-84.324,38.736,Pitch
0.109,0.711,0.562,-286.685,-53.760,96.775,Pitch
-0.133,1.535,0.904,-286.685,-40.810,150.027,Pitch
-0.053,1.784,0.931,-286.685,-25.034,120.592,Pitch
-0.035,1.693,0.653,-286.685,73.168,49.096,Pitch
-0.193,1.888,1.027,-233.756,87.369,44.984,Pitch
0.333,1.310,0.574,-122.465,-53.498,35.166,Pitch
0.007,0.827,0.194,156.861,-142.529,140.201,Pitch
-0.231,0.645,0.068,286.685,-161.429,-1.794,Pitch
-0.114,1.024,0.069,286.685,-158.060,-94.071,Pitch
0.318,1.727,0.167,286.685,-136.946,-135.258,Pitch
0.060,1.487,0.362,286.685,-43.208,-138.486,Pitch
0.125,1.029,0.269,286.685,10.465,-158.428,Pitch
0.025,0.524,0.019,286.685,91.166,-149.958,Pitch
0.003,0.269,-0.223,158.786,102.830,-126.140,Pitch
-0.002,0.453,-0.295,-67.471,20.177,-59.062,Pitch
-0.027,0.614,-0.207,-199.439,-20.501,-15.190,Pitch
-0.024,0.642,0.271,-286.685,-87.360,22.487,Pitch
0.076,1.310,0.782,-286.685,-109.357,72.721,Pitch
0.083,1.997,0.840,-286.685,-8.461,117.101,Pitch
0.032,1.997,0.396,-286.685,56.070,89.014,Pitch
0.017,1.047,-0.107,-286.685,20.414,123.419,Pitch
-0.033,1.219,0.924,-286.685,-28.035,7.044,Pitch
0.293,1.000,0.286,-218.540,-17.316,67.848,Pitch
-0.143,0.844,0.017,46.480,2.914,55.746,Pitch
-0.048,1.066,0.013,286.685,-47.040,-57.006,Pitch
0.157,1.475,0.514,286.685,-58.083,-56.682,Pitch
-0.053,1.521,0.440,286.685,-40.355,-58.905,Pitch
0.092,1.349,0.193,286.685,-40.250,-72.905,Pitch
0.076,0.852,0.033,286.685,-22.391,-84.420,Pitch
0.035,0.512,-0.058,286.685,28.192,-76.615,Pitch
0.056,0.438,-0.184,191.459,19.040,-58.004,Pitch
0.025,0.463,-0.296,35.464,-0.403,-25.550,Pitch
0.027,0.625,-0.330,-175.656,-35.289,10.623,Pitch
0.004,0.741,0.015,-286.685,-52.404,35.928,Pitch
-0.035,0.924,0.373,-286.685,-85.601,67.961,Pitch
0.098,1.349,0.715,-286.685,-22.304,85.934,Pitch
0.100,1.923,0.686,-286.685,75.390,52.841,Pitch
0.138,1.501,0.335,-286.685,12.250,62.055,Pitch
-0.402,1.471,1.028,-286.685,-3.010,80.579,Pitch
0.091,1.054,1.060,-286.685,-27.116,-2.091,Pitch
0.007,0.534,0.333,-233.546,-14.516,96.119,Pitch
-0.103,0.754,0.187,138.924,10.614,-24.841,Pitch
0.125,1.109,-0.063,284.130,-46.638,-65.415,Pitch
0.055,1.106,0.299,286.685,-49.647,-71.243,Pitch
0.095,1.389,0.544,286.685,-57.697,-57.811,Pitch
0.107,1.724,0.320,286.685,-43.295,-53.051,Pitch
0.061,1.486,0.222,286.685,-27.326,-55.388,Pitch
0.027,0.810,0.093,286.685,1.365,-58.756,Pitch
0.007,0.460,-0.171,286.256,37.030,-50.225,Pitch
-0.002,0.417,-0.264,154.184,23.179,-43.120,Pitch
0.044,0.431,-0.258,34.676,3.045,-29.907,Pitch
0.057,0.607,-0.281,-105.105,-5.023,7.026,Pitch
-0.062,0.772,0.010,-284.559,-5.320,32.261,Pitch
0.030,0.931,0.734,-286.685,-57.549,22.645,Pitch
-0.128,1.608,0.772,-286.685,-82.101,40.906,Pitch
0.059,1.578,0.689,-286.685,-51.634,77.700,Pitch
0.588,1.089,-0.079,-286.685,-54.994,83.878,Pitch
0.092,1.587,1.565,-267.663,-86.984,156.809,Pitch
0.390,1.515,1.163,-252.227,14.394,142.520,Pitch
-0.110,0.755,-0.012,-42.376,70.192,60.121,Pitch
-0.153,0.685,-0.141,273.420,-67.480,-77.192,Pitch
0.289,0.925,0.264,286.685,-85.514,-107.476,Pitch
0.197,1.506,0.646,286.685,-71.969,-61.066,Pitch
0.083,1.563,0.655,286.685,-17.360,-75.845,Pitch
0.126,1.265,0.245,286.685,-0.070,-87.789,Pitch
-0.031,0.915,0.062,286.685,-32.804,-100.100,Pitch
-0.012,0.290,-0.418,286.685,5.128,-141.374,Pitch
0.102,0.410,-0.128,286.405,57.601,-130.515,Pitch
0.186,0.604,0.100,56.770,26.635,-46.725,Pitch
0.163,0.708,-0.034,-153.125,17.920,2.205,Pitch
0.091,0.857,0.174,-286.685,20.151,54.320,Pitch
-0.185,1.029,0.519,-286.685,-58.459,74.734,Pitch
-0.122,1.221,0.522,-286.685,20.116,41.274,Pitch
-0.129,1.300,0.608,-286.685,82.976,-18.497,Pitch
0.079,0.791,0.227,-286.685,91.131,-67.445,Pitch
-0.077,1.631,1.522,-286.685,-18.454,-31.903,Pitch
0.114,1.498,1.113,-286.685,-104.309,33.530,Pitch
-0.048,0.519,0.713,-224.026,-55.545,71.496,Pitch
-0.132,0.480,0.645,4.349,-15.260,19.478,Pitch
0.090,0.643,0.157,231.954,-76.440,-10.797,Pitch
0.106,0.840,-0.009,286.685,-43.838,0.438,Pitch
-0.108,1.294,0.232,286.685,-64.435,-2.537,Pitch
-0.036,1.680,0.331,286.685,-98.577,-54.705,Pitch
0.072,1.658,0.484,286.685,-25.778,-117.644,Pitch
-0.081,1.256,0.608,286.685,25.515,-158.742,Pitch
0.074,0.568,0.226,286.685,52.281,-150.964,Pitch
0.051,0.394,-0.052,153.667,44.835,-80.518,Pitch
0.079,0.532,-0.080,-109.497,-1.286,-3.517,Pitch
0.004,0.709,0.045,-264.617,-34.002,41.589,Pitch
-0.078,0.850,0.658,-286.685,-22.103,53.471,Pitch
-0.148,1.385,0.952,-286.685,0.052,13.326,Pitch
-0.164,1.658,1.064,-286.685,17.509,-16.677,Pitch
-0.118,1.383,0.699,-286.685,19.049,-39.060,Pitch
-0.251,1.226,1.090,-286.685,0.560,-15.733,Pitch
0.013,1.733,0.983,-270.060,-76.851,17.824,Pitch
-0.158,0.807,0.008,32.454,-56.901,67.961,Pitch
-0.245,0.592,0.285,256.909,-45.903,11.165,Pitch
-0.097,0.808,0.126,286.685,-34.230,-68.863,Pitch
0.001,1.444,0.461,286.685,-0.551,-44.590,Pitch
-0.162,1.691,0.338,286.685,42.481,-61.084,Pitch
-0.145,1.252,0.255,286.685,44.651,-103.731,Pitch
-0.055,0.770,0.530,286.685,27.825,-100.476,Pitch
-0.012,0.604,0.178,282.669,28.665,-62.484,Pitch
-0.025,0.670,-0.123,53.856,39.419,-9.328,Pitch
-0.047,0.892,-0.170,-117.644,16.441,35.403,Pitch
-0.073,1.173,0.188,-286.685,-48.746,105.490,Pitch
-0.114,0.839,0.624,-286.685,-35.201,115.614,Pitch
-0.074,1.043,0.438,-286.685,15.908,71.103,Pitch
-0.286,1.098,0.438,-286.685,90.370,-3.911,Pitch
0.001,0.869,0.209,-286.685,35.140,-59.684,Pitch
-0.119,1.228,1.477,-286.685,-74.550,0.709,Pitch
0.069,1.037,1.120,-286.685,-100.809,47.880,Pitch
-0.213,0.495,0.533,-114.546,-35.140,8.496,Pitch
0.120,0.534,0.383,229.679,-43.295,-16.161,Pitch
0.043,0.915,0.356,286.685,2.888,4.891,Pitch
-0.007,1.194,0.554,286.685,1.689,21.709,Pitch
-0.258,1.500,0.697,286.685,-36.916,-9.441,Pitch
-0.073,1.150,0.385,286.685,-45.395,-71.995,Pitch
0.023,0.759,0.088,286.685,-10.710,-80.325,Pitch
0.008,0.592,-0.252,286.685,11.856,-56.534,Pitch
-0.153,0.622,-0.526,286.685,15.619,-52.167,Pitch
0.023,0.843,-0.006,254.730,21.000,-58.144,Pitch
-0.019,0.772,-0.158,-51.800,-16.179,-18.331,Pitch
0.025,0.646,0.066,-238.735,-29.698,9.590,Pitch
-0.032,0.681,0.313,-286.685,-43.610,47.871,Pitch
-0.137,0.925,0.623,-286.685,-31.395,54.154,Pitch
-0.200,1.136,0.785,-286.685,-21.901,-3.115,Pitch
-0.207,1.313,0.941,-286.685,-29.076,-31.903,Pitch
-0.129,1.387,1.495,-286.685,-116.226,26.136,Pitch
0.149,1.202,1.177,-286.685,-114.100,80.491,Pitch
-0.009,0.786,0.649,-286.221,-32.305,66.841,Pitch
-0.107,0.276,0.524,-29.733,35.884,34.204,Pitch
-0.050,0.556,0.921,134.216,-20.834,-7.315,Pitch
0.127,0.796,0.662,266.954,-33.740,-21.131,Pitch
0.037,0.840,0.412,286.685,-56.420,-4.778,Pitch
0.007,0.846,0.205,286.685,-30.958,-13.151,Pitch
-0.033,1.381,0.242,286.685,-9.818,-32.585,Pitch
-0.010,1.712,0.294,286.685,-29.522,-62.274,Pitch
-0.081,1.537,0.384,286.685,-18.165,-83.720,Pitch
0.047,0.929,0.303,286.685,23.573,-120.461,Pitch
0.144,0.532,-0.014,283.106,76.711,-71.103,Pitch
-0.031,0.460,-0.152,87.395,59.745,6.457,Pitch
-0.009,0.465,-0.197,-75.757,2.319,32.996,Pitch
0.020,0.769,0.168,-281.365,-46.270,74.988,Pitch
0.039,1.002,0.618,-286.685,-13.851,102.226,Pitch
-0.052,1.212,0.520,-286.685,21.910,81.349,Pitch
-0.119,1.437,0.391,-286.685,73.859,-4.410,Pitch
-0.090,1.143,0.424,-286.685,135.004,-113.986,Pitch
-0.138,1.178,1.607,-286.685,-91.315,36.312,Pitch
0.329,0.817,1.280,-286.685,-177.852,123.043,Pitch
0.012,1.120,0.711,-273.420,-40.757,135.800,Pitch
0.033,0.988,0.281,31.552,100.231,-45.115,Pitch
0.083,0.439,-0.015,284.926,1.496,-16.389,Pitch
-0.098,1.098,0.304,286.685,0.928,-8.033,Pitch
-0.147,1.796,0.621,286.685,-28.560,-27.948,Pitch
0.016,1.871,0.687,286.685,-49.105,-103.189,Pitch
-0.006,0.947,0.732,286.685,-36.181,-100.817,Pitch
0.195,0.617,0.229,286.685,50.820,-72.135,Pitch
0.145,0.363,-0.376,286.685,79.756,-18.708,Pitch
-0.022,0.332,-0.180,275.074,41.405,58.502,Pitch
0.035,0.551,-0.109,-0.831,-9.301,67.804,Pitch
0.014,0.805,-0.045,-195.239,-5.731,66.036,Pitch
-0.212,1.136,0.142,-286.685,-24.246,43.269,Pitch
-0.145,1.217,0.506,-286.685,-6.186,-47.066,Pitch
0.021,1.218,0.839,-286.685,62.974,-85.838,Pitch
0.004,1.400,1.067,-286.685,59.955,-94.439,Pitch
-0.101,1.552,1.255,-286.685,-40.469,37.292,Pitch
-0.049,1.587,1.096,-286.685,-95.559,58.362,Pitch
-0.235,0.394,-0.045,-237.624,48.694,57.741,Pitch
-0.325,-0.033,-0.144,32.830,65.984,-19.749,Pitch
0.098,0.680,0.167,286.589,-25.480,-27.597,Pitch
-0.086,1.414,0.507,286.685,-39.944,0.350,Pitch
0.002,1.566,0.467,286.685,-8.225,-19.933,Pitch
-0.019,1.638,0.169,286.685,12.154,0.333,Pitch
-0.331,1.729,0.326,286.685,13.799,-6.440,Pitch
0.000,1.292,0.469,286.685,16.704,-65.599,Pitch
0.038,0.528,0.421,286.685,79.800,-25.200,Pitch
-0.020,0.251,0.008,212.389,98.464,2.485,Pitch
-0.165,0.451,-0.263,-80.920,68.609,-17.903,Pitch
-0.109,0.574,-0.096,-268.170,-31.868,-49.018,Pitch
-0.155,0.739,0.428,-286.685,-103.766,-59.964,Pitch
-0.052,0.999,0.809,-286.685,-103.232,-49.507,Pitch
-0.018,1.761,0.935,-286.685,-77.184,-14.560,Pitch
-0.203,1.627,0.755,-286.685,-73.754,20.125,Pitch
-0.338,1.019,1.016,-286.685,-128.555,128.144,Pitch
-0.031,1.179,0.631,-282.783,-24.701,31.369,Pitch
0.048,1.278,0.194,-106.811,47.749,6.615,Pitch
-0.200,0.901,0.145,280.219,31.010,3.570,Pitch
-0.137,1.004,0.138,286.685,-17.763,-37.975,Pitch
0.090,1.994,0.715,286.685,8.024,8.295,Pitch
-0.239,1.997,0.759,286.685,8.137,18.445,Pitch
-0.193,1.833,0.321,286.685,-5.075,-76.982,Pitch
-0.178,0.994,0.660,286.685,37.529,-135.905,Pitch
-0.007,0.219,0.252,286.318,93.844,-167.624,Pitch
0.148,-0.257,-0.106,187.355,116.585,-144.804,Pitch
0.010,0.189,-0.096,-56.665,16.004,-80.640,Pitch
-0.254,0.767,0.099,-286.685,-98.324,-17.001,Pitch
-0.242,1.025,0.515,-286.685,-157.342,-4.025,Pitch
-0.553,1.739,0.544,-286.685,-103.145,-29.164,Pitch
-0.395,1.589,0.554,-286.685,-94.290,-130.988,Pitch
-0.351,1.340,0.583,-286.685,-213.622,-26.066,Pitch
-0.473,1.334,1.337,-286.685,-286.685,167.370,Pitch
-0.157,1.023,1.245,-286.685,-195.090,201.145,Pitch
-0.353,0.326,0.141,-186.550,64.033,-34.055,Pitch
0.148,0.132,-0.068,32.620,-3.500,-55.781,Pitch
0.124,0.660,0.214,286.668,-43.838,54.101,Pitch
-0.276,0.955,0.265,286.685,56.472,42.009,Pitch
-0.132,1.431,0.586,286.685,29.531,-11.734,Pitch
-0.027,1.979,0.644,286.685,1.977,-27.195,Pitch
0.055,1.318,0.397,286.685,-34.667,-9.170,Pitch
-0.061,0.699,0.151,286.685,-29.374,-48.431,Pitch
0.032,0.348,-0.148,286.685,-20.431,-39.620,Pitch
0.012,0.123,-0.255,285.582,17.728,-21.254,Pitch
-0.021,0.301,-0.076,86.721,23.747,11.252,Pitch
-0.031,0.619,0.228,-238.840,-33.425,63.779,Pitch
-0.115,0.820,0.452,-286.685,-33.792,74.926,Pitch
-0.018,1.426,0.632,-286.685,26.460,62.318,Pitch
0.123,1.805,0.738,-286.685,86.686,-4.323,Pitch
-0.005,1.407,0.908,-286.685,77.079,-23.870,Pitch
0.158,0.942,0.269,-286.685,76.930,0.438,Pitch
-0.046,1.697,1.450,-246.085,-21.892,-40.303,Pitch
0.324,1.292,0.533,-205.887,-61.766,3.727,Pitch
-0.160,1.065,0.055,149.065,21.962,48.169,Pitch
-0.130,0.764,0.006,286.457,11.244,32.340,Pitch
0.024,1.101,0.234,286.685,16.616,24.308,Pitch
-0.130,1.699,0.424,286.685,-49.350,44.118,Pitch
0.007,1.450,0.140,286.685,-87.605,-32.568,Pitch
0.000,1.226,0.180,286.685,-25.419,-69.668,Pitch
0.076,0.611,0.234,286.685,33.932,-28.744,Pitch
-0.038,-0.008,0.035,190.076,52.124,7.254,Pitch
-0.084,0.012,-0.117,-80.264,30.756,-8.321,Pitch
-0.018,0.391,-0.057,-227.579,-11.375,-0.131,Pitch
-0.147,0.804,0.300,-286.685,-53.471,14.210,Pitch
0.156,1.709,0.754,-286.685,-26.014,-10.194,Pitch
0.228,1.997,0.691,-286.685,3.999,70.140,Pitch
-0.024,1.993,0.533,-286.685,32.165,85.251,Pitch
0.084,1.205,0.275,-286.685,56.822,-10.430,Pitch
0.327,1.250,1.129,-286.685,-36.059,23.958,Pitch
0.182,1.103,0.615,-260.103,-42.998,108.579,Pitch
-0.153,0.852,0.361,90.974,25.392,40.600,Pitch
-0.011,0.888,0.049,286.685,-35.053,-19.302,Pitch
0.228,1.205,0.295,286.685,-28.254,14.464,Pitch
0.106,1.571,0.692,286.685,-32.156,69.379,Pitch
0.000,1.406,0.332,286.685,-109.699,22.610,Pitch
0.097,0.855,0.094,286.685,-141.321,-36.304,Pitch
0.094,0.421,-0.043,286.685,-59.132,-47.924,Pitch
0.103,0.261,0.160,280.962,-13.650,-37.818,Pitch
0.067,0.098,-0.071,43.426,36.916,-7.096,Pitch
-0.087,0.275,0.030,-193.550,7.866,23.809,Pitch
-0.055,0.634,0.691,-286.685,48.781,-2.931,Pitch
-0.032,1.051,1.062,-286.685,65.170,-29.356,Pitch
-0.009,1.595,1.145,-286.685,46.034,-83.379,Pitch
0.165,1.877,0.806,-286.685,-36.146,-51.966,Pitch
0.615,1.479,0.758,-234.071,-50.190,146.020,Pitch
-0.089,1.869,0.735,-157.631,16.494,61.460,Pitch
0.372,1.469,0.138,-49.026,22.531,-18.139,Pitch
0.055,1.645,0.088,198.030,8.243,61.897,Pitch
-0.049,1.392,0.192,286.685,-19.749,4.611,Pitch
-0.019,1.061,0.710,286.685,-27.851,-31.824,Pitch
0.145,1.135,0.809,286.685,-71.715,-5.084,Pitch
-0.076,0.813,0.226,219.266,-66.911,-12.477,Pitch
-0.149,0.737,0.068,131.381,-56.298,-43.278,Pitch
-0.087,0.675,-0.366,-18.664,-25.524,-49.070,Pitch
-0.110,0.778,-0.200,59.054,118.825,16.100,Pitch
-0.049,0.975,-0.043,118.659,46.104,-19.206,Pitch
0.052,1.074,-0.033,115.640,7.000,-22.689,Pitch
0.111,1.233,-0.184,83.886,-10.920,-5.574,Pitch
0.042,1.106,-0.026,31.115,33.075,30.573,Pitch
0.178,1.416,-0.316,6.519,45.815,24.833,Pitch
0.174,1.306,-0.282,40.845,22.347,43.864,Pitch
0.168,1.177,0.008,76.423,2.179,28.577,Pitch
0.389,1.567,-0.028,106.628,-41.458,4.655,Pitch
0.130,1.196,-0.339,194.652,-58.791,23.642,Pitch
-0.069,1.086,-0.373,282.450,-79.249,-21.114,Pitch
0.220,0.761,-0.015,286.685,-171.019,-73.281,Pitch
0.096,-0.033,0.215,286.676,-180.303,-20.212,Pitch
-0.249,-0.391,0.240,-3.745,89.530,31.010,Pitch
-0.292,-0.070,0.315,-273.193,233.538,4.909,Pitch
0.018,0.273,0.012,-286.685,197.155,49.857,Pitch
-0.113,0.826,0.118,-286.685,40.801,73.308,Pitch
-0.029,1.230,0.320,-286.685,38.841,38.561,Pitch
0.191,1.530,1.059,-286.685,85.768,29.339,Pitch
0.437,1.739,1.624,-286.685,158.261,0.438,Pitch
-0.248,1.492,1.347,-286.685,-30.800,-17.439,Pitch
-0.050,1.221,0.546,-286.685,-189.315,-167.318,Pitch
0.716,0.653,-0.584,-236.180,4.506,-97.772,Pitch
-0.174,0.519,0.791,235.769,21.017,13.632,Pitch
0.010,0.684,0.696,286.685,10.360,-81.567,Pitch
0.056,1.111,0.589,286.685,-48.676,-138.906,Pitch
0.084,1.565,0.190,286.685,-88.253,-174.956,Pitch
-0.231,1.584,0.136,286.685,-75.950,-215.644,Pitch
-0.251,1.504,0.060,286.685,-82.688,-286.685,Pitch
-0.056,1.404,-0.081,286.685,-49.674,-286.685,Pitch
0.170,1.157,0.229,286.685,-58.406,-286.676,Pitch
0.410,1.191,0.369,217.954,-23.109,-86.520,Pitch
0.199,1.198,0.117,-260.418,161.919,259.525,Pitch
-0.463,0.986,-0.374,-286.685,189.193,286.685,Pitch
-0.541,0.547,-0.468,-286.685,105.901,262.500,Pitch
-0.662,0.063,0.160,-286.685,25.576,126.700,Pitch
-0.304,1.017,1.651,-286.685,7.735,-83.344,Pitch
0.741,1.997,0.952,-286.685,-86.074,-105.429,Pitch
0.942,1.997,1.282,-286.685,-147.831,182.376,Pitch
-0.154,1.892,1.292,-286.685,-186.506,271.005,Pitch
-0.675,0.939,-0.266,-286.685,-202.423,218.628,Pitch
-0.428,0.790,-1.071,-181.212,-44.923,-14.324,Pitch
-0.108,1.060,-0.860,211.986,80.325,-70.096,Pitch
-0.421,1.211,-0.153,286.685,157.990,-95.235,Pitch
-0.642,1.531,0.292,286.685,189.621,-177.643,Pitch
-0.383,1.997,0.097,286.685,197.741,-285.250,Pitch
-0.584,1.997,0.198,286.685,175.726,-282.608,Pitch
-0.398,1.997,0.666,286.685,72.949,-286.685,Pitch
0.301,1.553,1.217,286.685,-35.857,-285.976,Pitch
0.460,0.812,1.377,259.805,-85.129,-152.390,Pitch
0.053,0.991,-0.194,-278.749,23.511,103.565,Pitch
-0.336,1.191,-0.512,-286.685,117.661,209.195,Pitch
-0.281,1.030,-0.420,-286.685,113.015,209.711,Pitch
-0.196,1.065,0.643,-286.685,9.651,250.329,Pitch
-0.320,1.784,0.655,-286.685,-10.185,243.924,Pitch
-0.097,1.997,0.653,-286.685,-64.741,221.209,Pitch
0.019,1.986,0.594,-286.685,-58.222,170.161,Pitch
-0.040,1.155,0.315,-286.685,-132.807,139.335,Pitch
-0.103,0.479,-0.187,-286.685,-88.576,79.581,Pitch
0.082,0.366,-0.112,-82.381,-12.014,10.360,Pitch
0.136,0.495,0.164,166.119,-9.161,-35.446,Pitch
0.080,0.894,0.146,286.685,1.487,-70.744,Pitch
-0.148,1.304,0.028,286.685,31.054,-144.480,Pitch
-0.489,1.766,0.204,286.685,108.771,-249.060,Pitch
-0.270,1.997,0.047,286.685,134.969,-286.685,Pitch
-0.193,1.997,0.147,286.685,60.795,-286.685,Pitch
0.375,1.779,0.910,286.685,-80.229,-286.668,Pitch
0.582,1.129,0.959,286.230,-173.871,-121.555,Pitch
0.006,0.798,-0.205,30.774,-68.259,94.448,Pitch
-0.696,0.540,-0.972,-265.177,143.194,201.775,Pitch
-0.519,0.393,-0.671,-221.541,128.354,121.485,Pitch
-0.087,0.695,-0.086,-145.932,20.003,66.185,Pitch
0.155,1.138,0.272,-285.994,1.592,131.784,Pitch
-0.031,1.987,-0.796,-286.685,-1.199,190.234,Pitch
-0.067,1.598,-0.244,-286.685,-2.065,259.954,Pitch
-0.164,1.123,-0.407,-286.685,16.634,286.685,Pitch
-0.546,1.055,-0.996,-286.685,26.066,242.760,Pitch
-0.916,0.295,-1.818,30.188,105.105,57.234,Pitch
-0.593,1.462,-0.443,286.685,103.145,-280.612,Pitch
0.616,1.997,0.372,286.685,-99.829,-286.685,Pitch
0.727,1.578,0.975,286.685,-147.770,-200.874,Pitch
0.379,0.842,0.546,68.976,-118.125,-33.521,Pitch
-0.292,1.221,-0.529,-286.685,-25.681,168.271,Pitch
-0.549,1.107,-1.025,-286.685,58.118,170.572,Pitch
-0.613,0.679,-0.879,-135.800,36.033,37.179,Pitch
-0.337,0.903,-0.468,56.053,6.195,-58.861,Pitch
0.073,1.016,0.307,-26.364,-1.732,-30.625,Pitch
0.213,0.900,0.852,-286.466,63.446,82.101,Pitch
0.131,1.131,0.939,-286.685,28.840,159.145,Pitch
0.121,1.733,0.638,-286.685,-1.330,154.674,Pitch
0.276,1.772,0.274,-286.685,-26.434,79.774,Pitch
0.214,0.951,0.562,-286.685,-87.509,94.920,Pitch
0.078,0.603,0.395,-268.791,-38.666,118.615,Pitch
0.066,0.444,0.063,-125.764,3.176,58.301,Pitch
0.101,0.439,-0.053,184.004,26.688,-26.119,Pitch
0.017,1.071,0.195,286.685,29.190,-115.168,Pitch
0.050,1.275,0.422,286.685,2.310,-165.104,Pitch
0.073,1.405,0.990,286.685,-20.186,-201.337,Pitch
0.334,1.629,0.741,286.685,-89.635,-183.864,Pitch
-0.436,1.151,0.308,286.685,-21.534,-54.556,Pitch
-0.163,0.433,-0.251,265.545,-51.179,-94.482,Pitch
-0.178,0.752,0.362,286.685,-53.226,-103.311,Pitch
-0.089,0.930,-0.089,171.421,-86.161,-58.572,Pitch
-0.474,0.593,-0.827,-36.409,29.243,48.379,Pitch
-0.399,0.704,-0.457,-108.649,90.457,101.894,Pitch
-0.053,0.858,0.379,-267.566,24.815,135.625,Pitch
0.249,0.977,0.600,-286.685,4.664,149.774,Pitch
-0.077,1.813,0.425,-286.685,40.618,193.349,Pitch
-0.014,1.637,0.289,-286.685,62.405,102.909,Pitch
0.121,1.131,0.993,-286.685,38.815,67.113,Pitch
-0.022,0.791,1.279,-286.685,-25.926,62.624,Pitch
0.244,0.751,0.792,-286.685,-49.919,112.438,Pitch
0.328,0.757,0.670,-228.480,-11.585,144.568,Pitch
-0.188,0.553,0.377,105.560,71.137,27.466,Pitch
0.200,0.474,0.495,286.685,-58.835,-91.262,Pitch
0.366,0.653,0.554,286.685,-118.274,-31.894,Pitch
-0.028,0.795,0.838,286.685,-82.408,-27.108,Pitch
0.077,0.994,0.834,286.685,-34.239,-40.180,Pitch
0.199,0.704,0.412,286.685,-2.459,9.669,Pitch
-0.028,0.696,0.041,286.685,17.964,19.355,Pitch
0.032,0.914,-0.208,286.685,-61.985,-45.693,Pitch
0.328,0.669,-0.031,262.351,-104.230,-13.729,Pitch
0.035,0.918,-0.047,85.619,-40.556,18.541,Pitch
0.087,0.808,0.008,-32.646,80.596,-37.310,Pitch
-0.002,-0.006,1.023,0.534,-2.214,1.409,Roll
-0.001,-0.006,1.023,0.534,-2.214,1.409,Roll
-0.001,-0.005,1.022,0.595,-2.179,1.400,Roll
-0.001,-0.006,1.022,0.551,-2.170,1.409,Roll
-0.002,-0.006,1.026,0.577,-2.179,1.426,Roll
-0.002,-0.006,1.026,0.507,-2.144,1.383,Roll
-0.001,-0.007,1.028,0.481,-2.170,1.444,Roll
-0.001,-0.007,1.023,0.551,-2.179,1.435,Roll
-0.003,-0.006,1.020,0.499,-2.144,1.418,Roll
-0.003,-0.005,1.022,0.551,-2.188,1.391,Roll
-0.001,-0.007,1.021,0.516,-2.214,1.435,Roll
-0.001,-0.006,1.023,0.543,-2.223,1.435,Roll
-0.002,-0.005,1.022,0.516,-2.170,1.444,Roll
-0.002,-0.007,1.021,0.534,-2.152,1.400,Roll
-0.003,-0.007,1.022,0.543,-2.188,1.426,Roll
-0.001,-0.007,1.023,0.543,-2.179,1.444,Roll
-0.001,-0.007,1.024,0.577,-2.144,1.444,Roll
-0.003,-0.006,1.020,0.525,-2.205,1.435,Roll
-0.163,-0.100,1.021,0.551,-2.240,0.385,Roll
-0.006,-0.028,1.018,0.289,-2.013,-29.575,Roll
-0.153,0.028,1.063,0.709,-2.467,-20.597,Roll
1.038,0.124,1.175,7.044,-7.315,21.788,Roll
0.050,-0.019,0.993,0.586,-2.231,25.375,Roll
-0.137,0.095,1.184,1.260,10.789,3.517,Roll
0.183,0.041,1.192,-13.108,43.750,-2.529,Roll
-0.061,0.047,0.956,-36.654,7.971,-3.386,Roll
-0.183,0.083,1.302,-118.396,-47.329,6.195,Roll
0.045,0.057,1.394,-139.562,-41.580,-3.378,Roll
0.172,0.077,1.272,-150.526,-41.886,-14.140,Roll
0.398,0.114,1.304,-128.345,-15.724,-2.678,Roll
0.546,-0.079,1.441,-144.445,-17.159,0.630,Roll
0.622,-0.104,1.122,-178.281,-55.239,12.880,Roll
0.504,-0.214,0.913,-188.536,-64.295,27.930,Roll
0.220,-0.215,0.638,-175.717,-18.349,39.051,Roll
0.308,-0.294,0.440,-149.511,50.496,45.640,Roll
0.119,-0.607,0.419,-119.114,67.069,69.641,Roll
-0.279,-0.608,0.518,-104.501,72.905,79.476,Roll
-0.425,-0.594,0.311,-105.166,68.854,54.565,Roll
-0.617,-0.726,0.234,-44.660,93.686,50.575,Roll
-0.593,-0.733,0.338,-13.344,92.374,25.847,Roll
-1.527,-0.981,0.449,-10.666,28.315,4.673,Roll
-0.164,-0.663,0.480,-47.591,-10.062,-78.260,Roll
0.002,-0.817,0.330,17.106,-7.892,-34.449,Roll
0.038,-0.733,0.366,38.360,-33.574,-13.046,Roll
0.102,-0.667,0.857,85.592,-43.059,14.551,Roll
0.216,-0.989,0.457,51.354,-37.975,18.436,Roll
0.070,-0.867,0.869,77.674,22.540,-38.526,Roll
-0.094,-0.610,0.700,22.251,26.556,-74.891,Roll
-0.052,-0.851,0.849,-12.302,28.858,-104.825,Roll
-0.056,-0.817,0.899,-32.533,106.592,-73.728,Roll
-0.169,-0.752,0.835,-42.682,143.658,-53.611,Roll
-0.119,-0.987,0.926,-58.231,164.938,4.174,Roll
-0.323,-0.573,0.662,-62.414,128.004,51.345,Roll
-0.519,-0.527,0.651,-83.571,41.458,13.764,Roll
-0.403,-0.319,0.883,-73.894,32.734,-82.495,Roll
-0.452,-0.641,0.921,-96.941,91.455,-156.870,Roll
-0.128,-0.895,0.634,-113.750,201.548,-256.751,Roll
-0.747,-1.595,0.043,-55.956,-32.891,-242.795,Roll
-0.616,-1.230,-0.201,-55.501,-31.386,-286.685,Roll
-0.104,-0.733,0.030,28.858,-109.489,-286.685,Roll
0.223,-0.308,0.128,59.806,-113.628,-286.685,Roll
0.527,-0.373,0.255,83.440,-108.570,-286.685,Roll
0.887,-0.266,0.390,90.414,-70.070,-284.296,Roll
1.169,-0.290,0.457,49.472,-57.356,-189.831,Roll
1.314,-0.427,0.480,22.015,-74.401,-127.339,Roll
1.657,-0.694,0.668,-20.064,-66.692,8.531,Roll
1.699,-0.688,0.729,-65.406,-23.056,218.216,Roll
1.485,-0.345,0.227,-121.030,0.858,286.685,Roll
1.358,-0.297,-0.102,-129.185,-17.552,286.685,Roll
1.149,-0.243,-0.136,-1.846,-84.577,286.685,Roll
0.516,-0.096,0.362,165.436,-45.745,286.685,Roll
0.216,-0.098,0.772,182.893,46.016,286.685,Roll
-0.186,-0.176,0.472,103.442,134.374,286.685,Roll
-0.480,-0.232,0.176,-18.121,155.943,286.685,Roll
-0.708,-0.152,0.188,38.334,64.137,286.685,Roll
-0.721,0.005,0.499,131.180,5.066,286.685,Roll
-0.826,0.020,0.418,68.302,32.664,286.685,Roll
-0.824,0.425,0.188,20.108,102.279,286.685,Roll
-1.005,0.701,-0.005,42.604,115.264,283.867,Roll
-1.370,0.739,0.159,60.533,99.732,152.346,Roll
-1.371,0.624,0.333,33.259,59.220,68.162,Roll
-1.367,0.449,0.332,-31.938,-2.511,-66.964,Roll
-1.289,0.378,0.163,-59.360,-37.791,-166.766,Roll
-1.171,0.343,0.097,-76.177,-63.674,-258.974,Roll
-1.151,0.357,0.013,-69.939,-77.464,-286.685,Roll
-1.300,0.439,0.084,-69.974,-61.801,-286.685,Roll
-1.552,0.699,0.496,-103.180,-3.920,-286.685,Roll
-1.235,0.972,0.421,-114.065,92.908,-286.685,Roll
-0.379,0.786,0.142,-49.717,121.012,-286.685,Roll
0.182,0.391,0.177,78.330,114.196,-286.685,Roll
0.493,0.045,0.262,145.504,72.800,-286.685,Roll
0.692,-0.354,0.418,150.150,43.785,-286.685,Roll
1.015,-0.482,0.755,110.180,-22.382,-286.685,Roll
1.228,-0.299,0.353,-20.921,-9.467,-286.685,Roll
1.411,-0.085,0.081,-28.455,-7.000,-286.466,Roll
1.303,-0.134,0.053,-9.389,-16.354,-238.499,Roll
1.341,-0.098,0.092,13.589,-48.860,-122.351,Roll
1.522,-0.151,0.276,75.582,-53.585,-22.934,Roll
1.598,-0.369,0.543,69.641,-9.879,81.165,Roll
1.603,-0.390,0.624,0.805,6.387,139.694,Roll
1.581,-0.390,0.572,-97.790,31.255,227.902,Roll
1.330,-0.354,0.139,-145.337,11.672,286.685,Roll
1.323,-0.417,0.031,-73.552,-98.814,286.685,Roll
1.133,-0.381,-0.080,5.565,-153.107,286.685,Roll
0.475,-0.319,0.324,68.950,-168.438,286.685,Roll
0.641,-0.429,0.273,174.484,-112.070,286.685,Roll
0.385,-0.289,0.128,223.370,2.380,286.685,Roll
-0.235,-0.114,0.235,194.250,91.184,286.685,Roll
-0.612,-0.315,0.539,104.213,91.411,286.685,Roll
-0.985,-0.488,0.748,61.057,-36.925,286.685,Roll
-0.971,-0.286,0.673,11.926,-113.137,286.685,Roll
-0.749,0.035,0.401,-36.146,-78.768,280.980,Roll
-0.740,0.272,0.187,-71.260,39.086,243.854,Roll
-1.009,0.288,0.325,-40.390,102.743,181.458,Roll
-1.162,0.219,0.510,-21.289,99.584,82.749,Roll
-1.317,0.007,0.627,-29.076,53.882,-4.419,Roll
-1.325,-0.077,0.574,-49.096,42.595,-117.591,Roll
-1.272,-0.129,0.430,-109.865,66.815,-219.520,Roll
-1.256,-0.114,0.341,-140.446,79.188,-286.685,Roll
-1.303,-0.082,0.237,-154.674,98.525,-286.685,Roll
-1.208,-0.057,0.007,-129.640,133.525,-286.685,Roll
-0.894,-0.114,0.249,-19.478,131.784,-286.685,Roll
-0.311,-0.232,0.181,-4.008,97.423,-286.685,Roll
0.146,-0.247,0.103,-17.876,62.178,-286.685,Roll
0.380,-0.212,0.021,-41.020,43.190,-286.685,Roll
0.593,-0.474,-0.171,7.735,62.169,-286.685,Roll
0.586,-0.303,0.028,67.375,61.373,-286.685,Roll
0.883,-0.234,-0.067,70.000,21.551,-286.685,Roll
1.158,-0.211,-0.073,74.707,2.205,-286.685,Roll
1.087,-0.193,-0.128,66.806,0.052,-254.931,Roll
1.257,-0.190,-0.119,79.747,27.151,-152.591,Roll
1.424,-0.307,0.092,94.973,30.450,-42.376,Roll
1.625,-0.509,0.366,70.507,25.314,19.233,Roll
1.705,-0.683,0.606,-16.284,62.501,123.253,Roll
1.664,-0.766,0.529,-81.314,80.500,237.300,Roll
1.634,-0.650,0.347,-103.827,73.500,286.685,Roll
1.401,-0.407,0.239,-97.344,53.970,286.685,Roll
0.863,-0.216,0.096,-88.086,-10.439,286.685,Roll
0.431,-0.351,0.064,-42.831,-76.808,286.685,Roll
0.284,-0.312,0.235,3.098,-117.110,286.685,Roll
0.196,-0.455,0.276,54.478,-73.351,286.685,Roll
-0.180,-0.288,0.040,6.580,7.744,286.685,Roll
-0.565,-0.140,-0.071,-19.670,-61.250,286.685,Roll
-0.783,-0.020,0.016,68.967,-152.163,286.685,Roll
-0.967,0.071,0.384,111.519,-141.120,286.685,Roll
-1.205,0.055,0.595,67.944,-75.206,286.685,Roll
-1.176,0.146,0.499,12.373,16.056,229.801,Roll
-1.159,0.155,0.473,-23.266,66.535,133.184,Roll
-1.191,0.145,0.443,-22.050,55.562,50.540,Roll
-1.139,0.132,0.341,-13.029,52.553,-45.561,Roll
-1.156,0.074,0.306,-17.351,82.504,-110.451,Roll
-1.236,-0.033,0.298,-13.632,87.106,-185.071,Roll
-1.358,-0.102,0.185,-8.951,76.755,-238.989,Roll
-1.320,-0.074,0.097,-28.341,100.179,-286.685,Roll
-1.227,0.000,0.019,-9.196,138.381,-286.685,Roll
-1.153,0.064,0.179,91.857,101.386,-286.685,Roll
-0.865,0.034,0.232,73.535,30.520,-286.685,Roll
-0.262,0.007,0.166,54.976,-57.881,-286.685,Roll
0.245,-0.046,0.095,37.888,-81.707,-286.685,Roll
0.467,-0.217,0.099,81.244,-58.476,-286.685,Roll
0.720,-0.195,0.122,125.948,-59.290,-286.685,Roll
1.054,-0.393,0.069,32.909,-57.330,-286.685,Roll
1.020,-0.362,0.007,-35.236,-64.899,-286.685,Roll
1.099,-0.230,-0.147,-42.368,-92.409,-251.764,Roll
1.187,-0.140,-0.133,-10.710,-84.411,-171.316,Roll
1.362,-0.208,-0.166,39.769,-60.445,-91.438,Roll
1.371,-0.295,-0.050,54.653,-21.805,-35.665,Roll
1.356,-0.399,0.050,64.129,2.756,-4.559,Roll
1.406,-0.509,0.103,56.656,15.951,21.472,Roll
1.432,-0.604,0.157,17.474,21.936,75.967,Roll
1.435,-0.666,0.061,-32.147,28.621,163.590,Roll
1.406,-0.648,-0.074,-47.022,25.279,280.438,Roll
1.372,-0.613,-0.111,-19.618,2.039,286.685,Roll
1.170,-0.598,0.250,5.381,28.184,286.685,Roll
1.280,-0.599,0.272,-18.340,48.037,286.685,Roll
1.166,-0.461,0.121,49.044,-6.685,286.685,Roll
0.687,-0.118,0.155,100.336,-2.503,286.685,Roll
-0.118,-0.143,0.359,21.604,6.344,286.685,Roll
-0.533,-0.243,0.223,-66.202,-89.040,286.685,Roll
-0.696,-0.096,0.094,48.939,-175.814,286.685,Roll
-0.842,-0.013,0.074,95.427,-176.601,286.685,Roll
-0.884,-0.020,0.252,72.835,-154.385,286.685,Roll
-0.933,0.064,0.336,42.586,-93.607,267.409,Roll
-1.031,0.106,0.444,10.850,-22.400,207.769,Roll
-1.120,0.051,0.550,-25.296,44.100,163.800,Roll
-0.930,-0.058,0.466,-41.318,76.204,107.004,Roll
-0.981,-0.019,0.322,-67.655,103.136,67.681,Roll
-1.053,0.060,0.244,-52.124,101.736,47.224,Roll
-1.134,0.210,0.245,-10.019,93.249,29.251,Roll
-1.293,0.129,0.208,26.145,75.924,-8.496,Roll
-1.287,-0.023,0.193,43.943,43.400,-108.159,Roll
-1.276,-0.057,0.213,35.263,38.255,-205.870,Roll
-1.211,-0.014,0.176,12.504,43.120,-286.685,Roll
-1.034,0.060,0.086,5.521,74.480,-286.685,Roll
-0.882,0.115,-0.008,7.525,150.176,-286.685,Roll
-0.696,0.043,0.024,57.960,186.445,-286.685,Roll
-0.007,-0.019,0.276,121.205,184.712,-286.685,Roll
0.535,0.157,0.263,145.967,88.235,-286.685,Roll
0.872,0.007,0.432,112.525,-50.164,-286.685,Roll
1.280,-0.131,0.338,155.444,-104.842,-286.685,Roll
1.551,-0.486,0.309,72.074,-115.106,-286.685,Roll
1.302,-0.352,0.190,-37.704,-84.823,-286.685,Roll
1.247,-0.387,-0.115,-21.962,-25.524,-231.227,Roll
1.336,-0.457,-0.238,18.218,5.539,-129.141,Roll
1.296,-0.505,-0.045,39.463,6.860,-66.255,Roll
1.332,-0.595,0.327,14.551,-11.392,22.934,Roll
1.411,-0.629,0.409,-58.616,-48.440,89.766,Roll
1.468,-0.629,0.305,-87.412,-71.312,152.311,Roll
1.578,-0.734,0.249,-65.529,-74.865,214.349,Roll
1.568,-0.615,-0.177,-43.409,-59.675,286.685,Roll
1.350,-0.389,-0.229,-48.029,-80.054,286.685,Roll
1.162,-0.289,-0.140,-22.601,-85.452,286.685,Roll
0.931,-0.221,-0.184,38.763,-64.173,286.685,Roll
0.808,-0.171,-0.135,118.387,-15.575,286.685,Roll
0.142,0.020,-0.104,128.765,31.587,286.685,Roll
-0.388,0.219,0.030,100.406,36.400,286.685,Roll
-0.895,0.054,0.032,75.705,-23.739,286.685,Roll
-0.908,0.193,0.020,100.529,-77.787,286.685,Roll
-0.916,0.316,0.158,57.216,-98.647,286.685,Roll
-0.947,0.421,0.131,25.235,-65.170,286.685,Roll
-1.071,0.533,0.052,-0.123,21.621,273.228,Roll
-1.023,0.437,0.117,9.144,75.749,200.235,Roll
-1.169,0.337,0.261,16.774,105.044,106.452,Roll
-1.241,0.401,0.301,5.740,114.030,26.329,Roll
-1.320,0.420,0.163,-4.489,106.741,-59.062,Roll
-1.370,0.284,0.093,11.716,42.228,-130.524,Roll
-1.324,0.227,0.039,11.025,-14.123,-228.585,Roll
-1.243,0.124,0.027,0.219,-26.302,-285.871,Roll
-1.132,0.122,0.060,-32.541,-10.675,-286.685,Roll
-1.038,0.172,0.026,-47.766,47.792,-286.685,Roll
-0.990,0.230,-0.107,-35.910,104.825,-286.685,Roll
-0.593,0.162,-0.315,44.599,137.795,-286.685,Roll
-0.017,-0.167,-0.052,131.040,77.079,-286.685,Roll
0.171,-0.327,0.223,56.612,28.735,-286.685,Roll
0.468,-0.032,0.526,58.284,18.454,-286.685,Roll
0.796,-0.438,0.121,172.821,-23.599,-286.685,Roll
1.346,0.116,-0.153,164.885,4.086,-286.685,Roll
1.382,-0.217,0.120,46.121,18.392,-286.685,Roll
1.327,-0.135,0.268,92.400,2.809,-286.685,Roll
1.346,-0.194,0.300,65.529,3.973,-271.276,Roll
1.614,-0.215,0.140,55.816,35.507,-136.360,Roll
1.558,-0.360,0.251,71.374,53.996,-4.305,Roll
1.647,-0.435,0.509,-2.721,42.665,107.975,Roll
1.654,-0.506,0.586,-60.961,39.270,177.030,Roll
1.506,-0.380,0.461,-142.975,21.630,275.179,Roll
1.559,-0.335,0.174,-77.875,-16.214,286.685,Roll
1.419,-0.328,0.174,-25.069,-41.396,286.685,Roll
0.910,-0.199,0.213,-24.771,-60.165,286.685,Roll
0.377,-0.354,0.312,-28.910,-35.053,286.685,Roll
0.471,-0.281,0.146,23.433,-25.532,286.685,Roll
0.082,-0.422,0.089,44.048,-39.060,286.685,Roll
-0.252,-0.385,0.205,54.827,-62.886,286.685,Roll
-0.533,-0.229,0.268,21.560,-52.369,286.685,Roll
-0.858,-0.031,0.353,27.685,-55.834,286.685,Roll
-0.968,0.049,0.436,61.022,-61.434,286.685,Roll
-0.974,0.042,0.425,34.545,-32.996,262.299,Roll
-0.949,0.036,0.310,30.546,16.774,210.053,Roll
-1.011,-0.024,0.230,12.512,43.794,161.577,Roll
-1.038,-0.028,0.197,2.572,52.176,120.584,Roll
-1.050,0.036,0.173,-5.250,57.820,52.763,Roll
-1.139,0.067,0.173,-15.033,55.265,-18.821,Roll
-1.232,0.057,0.171,-11.217,45.920,-98.079,Roll
-1.331,0.028,0.208,-11.725,39.279,-162.383,Roll
-1.416,-0.087,0.299,-35.263,47.880,-276.439,Roll
-1.427,-0.025,0.319,-64.776,67.025,-286.685,Roll
-1.352,0.208,0.133,4.401,79.021,-286.685,Roll
-1.026,0.304,0.168,-41.493,112.052,-286.685,Roll
-0.089,0.066,-0.001,-4.427,145.014,-286.685,Roll
0.229,0.031,0.072,32.725,122.089,-286.685,Roll
0.767,0.004,0.222,92.566,53.533,-286.685,Roll
1.141,-0.478,0.185,111.300,-14.193,-286.685,Roll
0.944,-0.513,0.228,25.200,-41.081,-286.685,Roll
1.221,-0.100,-0.021,0.087,-38.281,-286.685,Roll
1.341,-0.082,-0.170,45.596,-13.965,-257.819,Roll
1.389,-0.086,-0.136,68.460,13.562,-191.887,Roll
1.336,-0.287,-0.008,98.980,36.181,-99.488,Roll
1.419,-0.404,0.174,77.796,37.949,-6.475,Roll
1.444,-0.483,0.326,25.638,20.108,83.370,Roll
1.541,-0.531,0.391,-27.606,3.894,145.985,Roll
1.561,-0.537,0.220,-56.542,-18.051,270.856,Roll
1.543,-0.506,0.015,-62.816,-52.141,286.685,Roll
1.267,-0.365,0.026,-47.329,-65.923,286.685,Roll
0.897,-0.268,0.149,-15.216,-41.107,286.685,Roll
0.755,-0.278,0.281,24.080,-14.105,286.685,Roll
0.556,-0.321,0.170,38.080,-59.150,286.685,Roll
0.300,-0.138,0.091,72.791,-113.312,286.685,Roll
-0.333,0.030,0.196,108.762,-169.129,286.685,Roll
-0.941,0.037,0.221,91.560,-179.217,286.685,Roll
-0.909,0.217,0.365,148.575,-171.238,286.685,Roll
-0.979,0.240,0.454,123.051,-112.665,286.685,Roll
-0.939,0.423,0.486,52.369,-11.209,284.270,Roll
-1.072,0.512,0.458,8.199,63.000,235.585,Roll
-1.090,0.456,0.425,-15.102,85.951,158.104,Roll
-1.117,0.407,0.382,-15.496,81.156,87.071,Roll
-1.172,0.345,0.333,-12.259,67.104,-27.221,Roll
-1.242,0.394,0.347,-10.824,51.415,-119.298,Roll
-1.264,0.301,0.343,0.262,37.153,-191.249,Roll
-1.229,0.165,0.334,0.236,44.678,-252.175,Roll
-1.247,0.191,0.357,-24.780,76.029,-286.685,Roll
-1.168,0.223,0.312,-70.368,127.995,-286.685,Roll
-1.142,0.381,0.370,-68.469,187.644,-286.685,Roll
-0.916,0.464,0.336,-18.270,200.812,-286.685,Roll
-0.310,0.400,0.350,-0.166,199.911,-286.685,Roll
0.600,0.067,0.111,29.601,110.486,-286.685,Roll
1.111,-0.136,0.075,65.179,16.030,-286.685,Roll
1.283,-0.198,0.163,100.091,-17.343,-286.685,Roll
1.258,-0.291,-0.065,33.443,0.980,-286.685,Roll
1.249,-0.113,0.018,54.040,45.194,-285.976,Roll
1.279,-0.096,-0.174,62.379,54.959,-199.981,Roll
1.539,-0.155,-0.198,68.679,41.528,-104.606,Roll
1.602,-0.508,0.081,70.455,15.400,30.065,Roll
1.768,-0.753,0.469,19.941,24.483,176.628,Roll
1.740,-0.804,0.531,-67.331,41.545,286.685,Roll
1.880,-0.721,0.419,-89.189,28.140,286.685,Roll
1.553,-0.476,0.288,-92.671,9.739,286.685,Roll
1.070,-0.115,0.211,-104.694,-22.103,286.685,Roll
0.674,-0.137,0.460,-80.561,-71.137,286.685,Roll
0.066,-0.220,0.448,-75.145,-142.450,286.685,Roll
-0.295,-0.026,0.039,-48.650,-186.760,286.685,Roll
-0.590,0.133,0.051,34.116,-184.301,286.685,Roll
-0.730,0.246,0.089,70.945,-150.010,286.685,Roll
-0.821,0.351,0.246,97.037,-105.971,286.685,Roll
-0.959,0.367,0.353,51.704,-31.378,286.685,Roll
-1.219,0.369,0.400,-1.837,-3.421,270.909,Roll
-1.255,0.418,0.323,-15.549,5.495,160.212,Roll
-1.300,0.499,0.222,-20.326,15.479,92.619,Roll
-1.265,0.546,0.185,-3.430,31.526,-11.821,Roll
-1.279,0.503,0.255,14.866,32.812,-132.501,Roll
-1.259,0.416,0.317,11.611,34.134,-208.591,Roll
-1.183,0.274,0.320,-14.149,61.057,-286.624,Roll
-1.117,0.253,0.291,-45.596,103.250,-286.685,Roll
-1.145,0.257,0.367,-57.033,138.259,-286.685,Roll
-1.036,0.320,0.369,-56.219,166.136,-286.685,Roll
-0.709,0.380,0.488,-0.822,186.139,-286.685,Roll
0.344,0.400,0.144,15.750,161.857,-286.685,Roll
1.008,-0.231,0.141,41.624,107.030,-286.685,Roll
1.120,-0.454,0.150,44.748,77.831,-286.685,Roll
0.819,-0.329,0.279,102.235,51.126,-286.685,Roll
1.076,-0.453,-0.180,-12.784,34.204,-286.685,Roll
1.123,-0.191,-0.240,-15.190,-30.371,-246.960,Roll
1.348,-0.114,-0.206,23.415,-56.105,-152.154,Roll
1.673,-0.337,-0.108,17.938,-20.221,-4.270,Roll
1.646,-0.580,0.106,-8.155,12.924,128.467,Roll
1.593,-0.711,0.188,-87.378,9.012,254.048,Roll
1.498,-0.657,-0.044,-91.026,-6.081,286.685,Roll
1.291,-0.592,-0.205,-19.407,-33.705,286.685,Roll
0.937,-0.625,-0.121,54.653,-43.601,286.685,Roll
0.643,-0.617,-0.021,95.909,-37.354,286.685,Roll
0.614,-0.610,0.094,118.589,-26.128,286.685,Roll
0.316,-0.688,0.259,122.596,-24.946,286.685,Roll
-0.111,-0.436,0.382,89.268,19.994,286.685,Roll
-0.327,-0.300,0.311,15.050,30.835,286.685,Roll
-0.513,-0.093,0.222,-12.976,12.084,286.685,Roll
-0.709,0.319,0.229,9.424,-50.382,286.685,Roll
-0.961,0.585,0.169,-42.472,-71.339,286.685,Roll
-0.994,0.535,0.179,-23.555,-46.795,285.775,Roll
-1.057,0.459,0.318,3.500,-13.956,236.784,Roll
-1.165,0.400,0.294,-20.720,42.910,146.562,Roll
-1.235,0.393,0.207,-51.205,76.510,60.104,Roll
-1.278,0.400,0.111,-60.296,88.935,-3.727,Roll
-1.393,0.425,0.049,-80.412,96.933,-46.270,Roll
-1.501,0.465,0.003,-81.769,91.787,-151.025,Roll
-1.522,0.541,0.090,-45.535,65.012,-284.104,Roll
-1.508,0.419,0.166,-22.356,56.980,-286.685,Roll
-1.416,0.373,0.238,-50.295,87.229,-286.685,Roll
-1.171,0.422,0.323,-74.156,171.141,-286.685,Roll
-0.716,0.606,0.322,-55.256,208.950,-286.685,Roll
-0.092,0.552,0.050,-18.830,173.057,-286.685,Roll
0.521,0.228,-0.035,26.337,114.327,-286.685,Roll
0.831,0.199,-0.114,31.649,42.438,-286.685,Roll
1.280,0.302,-0.051,76.265,-17.369,-286.685,Roll
1.217,-0.124,-0.150,58.555,-31.500,-286.685,Roll
1.339,-0.150,-0.199,43.138,-16.292,-286.685,Roll
1.428,-0.091,-0.469,36.050,9.590,-250.337,Roll
1.584,-0.164,-0.485,51.240,20.790,-116.436,Roll
1.741,-0.318,-0.229,69.484,30.371,-27.659,Roll
1.995,-0.605,0.135,42.341,61.057,112.298,Roll
1.912,-0.597,0.157,-17.132,89.206,268.293,Roll
1.790,-0.632,0.096,-66.062,82.801,286.685,Roll
1.521,-0.332,0.049,-67.743,62.283,286.685,Roll
0.921,-0.024,-0.147,-40.136,52.903,286.685,Roll
0.520,-0.372,0.155,23.179,-1.697,286.685,Roll
0.465,-0.679,0.363,-14.927,-86.975,286.685,Roll
0.397,-0.400,0.297,-8.059,-159.469,286.685,Roll
-0.020,0.038,-0.253,114.450,-246.759,286.685,Roll
-0.617,0.441,-0.232,197.785,-131.679,286.685,Roll
-0.977,0.366,0.289,225.934,-133.674,286.685,Roll
-0.947,0.349,0.389,229.434,-150.080,286.685,Roll
-1.031,0.448,0.403,163.835,-77.647,286.685,Roll
-1.014,0.554,0.452,86.853,-15.645,280.980,Roll
-0.948,0.471,0.388,59.666,47.792,208.023,Roll
-0.993,0.472,0.396,44.809,105.000,155.846,Roll
-1.179,0.449,0.448,-1.024,158.952,66.955,Roll
-1.208,0.498,0.355,-37.380,144.270,-47.889,Roll
-1.195,0.512,0.300,-59.377,110.232,-142.607,Roll
-1.253,0.473,0.268,-59.553,80.614,-198.809,Roll
-1.253,0.347,0.241,-51.616,45.272,-286.011,Roll
-1.159,0.297,0.199,-85.662,47.232,-286.685,Roll
-1.172,0.293,0.181,-127.908,83.064,-286.685,Roll
-1.184,0.354,0.221,-131.101,105.875,-286.685,Roll
-0.995,0.411,0.429,-84.683,112.490,-286.685,Roll
-0.225,0.312,0.137,-92.741,137.856,-286.685,Roll
0.574,0.145,-0.183,-27.151,96.749,-286.685,Roll
0.896,0.036,-0.111,32.515,59.570,-286.685,Roll
1.107,0.026,-0.036,84.324,37.179,-286.685,Roll
1.089,-0.344,-0.074,47.827,37.844,-286.685,Roll
1.164,-0.161,-0.174,65.607,29.951,-286.685,Roll
1.295,-0.153,-0.219,104.335,18.042,-286.405,Roll
1.496,-0.381,0.059,117.994,17.255,-170.231,Roll
1.645,-0.525,0.236,66.894,49.245,-13.528,Roll
1.726,-0.639,0.367,0.070,67.034,139.064,Roll
1.799,-0.723,0.572,-65.319,66.754,240.336,Roll
1.802,-0.705,0.323,-117.390,56.516,286.685,Roll
1.543,-0.452,0.167,-160.667,78.846,286.685,Roll
1.092,-0.141,0.108,-164.229,59.377,286.685,Roll
0.427,-0.275,0.045,-95.436,20.317,286.685,Roll
0.196,-0.488,0.123,-36.855,-47.932,286.685,Roll
0.040,-0.657,0.018,-56.884,-99.925,286.685,Roll
-0.208,-0.403,0.032,-61.408,-128.616,286.685,Roll
-0.577,-0.262,0.076,23.695,-134.663,286.685,Roll
-0.840,-0.005,0.050,53.314,-105.569,286.685,Roll
-0.939,0.121,0.160,51.625,-57.487,286.685,Roll
-0.968,0.109,0.133,9.275,-19.119,285.521,Roll
-1.064,0.191,0.083,-0.525,10.754,248.307,Roll
-1.243,0.193,0.099,-8.094,51.529,172.156,Roll
-1.384,0.169,0.193,-14.000,58.450,95.690,Roll
-1.411,0.168,0.206,-27.440,57.024,22.505,Roll
-1.395,0.178,0.135,-52.999,56.656,-34.361,Roll
-1.370,0.180,0.012,-48.466,49.709,-130.602,Roll
-1.335,0.190,-0.068,-31.413,42.481,-237.466,Roll
-1.302,0.211,-0.077,-19.731,49.822,-286.449,Roll
-1.195,0.228,-0.052,-16.336,78.724,-286.685,Roll
-0.954,0.276,0.060,5.512,111.247,-286.685,Roll
-0.570,0.335,0.202,55.055,107.082,-286.685,Roll
-0.212,0.218,0.244,95.235,69.107,-286.685,Roll
0.432,0.114,0.034,92.864,-7.919,-286.685,Roll
0.786,-0.045,0.170,104.186,-62.816,-286.685,Roll
1.088,-0.226,0.290,117.442,-140.630,-286.685,Roll
1.459,-0.158,-0.319,101.911,-127.391,-286.685,Roll
1.121,-0.765,-0.121,61.486,-26.084,-286.685,Roll
1.170,-0.340,-0.283,73.238,-70.543,-286.685,Roll
1.309,-0.491,-0.256,81.427,-50.199,-191.747,Roll
1.432,-0.638,-0.112,47.932,0.490,-49.350,Roll
1.833,-0.807,0.175,11.856,63.910,65.879,Roll
1.826,-0.792,0.244,-92.505,142.345,238.648,Roll
1.661,-0.657,0.172,-132.423,110.967,286.685,Roll
1.524,-0.544,0.072,-118.020,71.881,286.685,Roll
1.224,-0.321,-0.058,-74.777,47.792,286.685,Roll
0.816,-0.098,-0.120,2.879,56.245,286.685,Roll
0.090,-0.335,0.211,-20.974,41.493,286.685,Roll
-0.150,-0.614,0.024,-45.167,-3.789,286.685,Roll
-0.167,-0.185,-0.066,-31.579,-30.642,286.685,Roll
-0.621,-0.101,-0.080,-17.360,-39.690,286.685,Roll
-0.862,-0.001,0.111,45.579,-78.321,286.685,Roll
-0.979,0.287,0.192,70.586,-73.089,286.685,Roll
-1.127,0.299,0.144,20.562,-31.334,281.356,Roll
-1.087,0.341,0.106,-9.529,31.806,200.331,Roll
-1.261,0.343,0.158,-18.795,74.480,118.457,Roll
-1.315,0.358,0.187,-22.514,72.485,12.233,Roll
-1.332,0.323,0.111,-17.710,69.562,-56.682,Roll
-1.343,0.301,0.024,-13.230,55.037,-160.379,Roll
-1.308,0.260,-0.031,0.254,35.735,-264.364,Roll
-1.273,0.207,-0.053,11.209,21.175,-286.685,Roll
-1.162,0.094,0.008,5.530,15.829,-286.685,Roll
-1.024,0.162,0.065,-6.186,35.857,-286.685,Roll
-0.945,0.202,0.142,30.538,79.599,-286.685,Roll
-0.788,0.154,0.334,43.908,99.960,-286.685,Roll
-0.389,0.123,0.190,49.315,105.158,-286.685,Roll
0.167,0.162,0.141,48.064,46.524,-286.685,Roll
0.893,0.143,0.238,93.616,-20.895,-286.685,Roll
1.196,0.024,0.035,80.728,-55.729,-286.685,Roll
1.318,-0.425,-0.057,100.109,-67.489,-286.685,Roll
1.288,-0.606,-0.222,81.926,-34.326,-286.685,Roll
1.357,-0.472,-0.414,43.208,-24.351,-260.654,Roll
1.454,-0.523,-0.197,56.026,-8.155,-127.522,Roll
1.826,-0.792,0.156,31.692,61.416,1.837,Roll
1.844,-1.017,0.374,-53.699,138.950,179.716,Roll
1.759,-0.957,0.511,-124.460,125.370,282.704,Roll
1.569,-0.832,0.453,-144.777,79.459,286.685,Roll
1.354,-0.562,0.110,-126.691,6.528,286.685,Roll
1.147,-0.472,-0.087,-56.796,-33.565,286.685,Roll
0.806,-0.462,-0.025,40.731,-60.856,286.685,Roll
0.495,-0.562,0.222,64.164,-56.350,286.685,Roll
0.160,-0.526,0.290,-14.201,-7.403,286.685,Roll
-0.054,-0.206,0.061,-40.285,11.979,286.685,Roll
-0.238,-0.092,-0.053,12.364,-13.816,286.685,Roll
-0.393,-0.159,0.025,66.045,-39.970,286.685,Roll
-0.656,0.036,0.238,56.805,-60.051,286.685,Roll
-0.922,0.158,0.064,-37.607,-83.554,286.685,Roll
-0.987,0.235,-0.071,-34.248,-80.316,220.325,Roll
-1.061,0.330,-0.008,-0.245,-57.164,165.786,Roll
-1.180,0.233,0.333,19.635,-24.159,94.973,Roll
-1.317,0.041,0.474,-6.256,11.314,15.426,Roll
-1.365,0.084,0.426,-66.159,63.814,-56.805,Roll
-1.531,0.134,0.262,-86.205,90.055,-90.493,Roll
-1.658,0.240,0.146,-95.104,93.905,-157.036,Roll
-1.623,0.206,0.121,-93.564,101.456,-249.821,Roll
-1.551,0.172,0.091,-97.641,113.488,-286.685,Roll
-1.369,0.146,0.137,-83.650,119.201,-286.685,Roll
-1.035,0.111,0.200,-52.780,127.050,-286.685,Roll
-0.647,0.102,0.298,-50.575,130.917,-286.685,Roll
-0.202,0.082,0.091,-25.585,108.911,-286.685,Roll
0.368,-0.091,-0.089,-0.814,29.776,-286.685,Roll
0.496,-0.137,-0.067,-3.596,15.584,-286.685,Roll
0.677,-0.086,0.013,-17.185,58.030,-286.685,Roll
0.940,-0.003,-0.211,-1.269,95.323,-286.685,Roll
1.061,0.041,-0.221,33.854,129.841,-286.685,Roll
1.289,-0.117,-0.165,47.276,148.619,-238.717,Roll
1.577,-0.420,-0.030,56.674,147.411,-107.844,Roll
1.680,-0.778,0.254,40.381,140.910,1.409,Roll
1.841,-1.124,0.554,-53.121,98.840,161.770,Roll
1.920,-0.968,0.295,-115.456,37.170,283.316,Roll
1.825,-0.719,0.003,-90.055,37.923,286.685,Roll
1.423,-0.381,0.006,-52.553,59.745,286.685,Roll
0.937,-0.348,0.173,-32.769,46.996,286.685,Roll
0.514,-0.399,0.511,-53.130,9.179,286.685,Roll
0.169,-0.342,0.384,-96.591,-53.891,286.685,Roll
-0.165,-0.271,0.135,-99.881,-109.681,286.685,Roll
-0.440,-0.039,0.146,-42.586,-161.087,286.685,Roll
-0.843,-0.054,0.204,69.011,-169.383,286.685,Roll
-0.870,0.109,0.262,180.136,-90.659,286.685,Roll
-0.899,0.049,0.281,80.614,-13.160,286.685,Roll
-1.108,0.266,0.251,-30.739,52.623,282.573,Roll
-1.178,0.354,0.126,-21.350,59.658,212.721,Roll
-1.128,0.385,0.120,-36.654,65.091,125.134,Roll
-1.148,0.400,0.120,-50.540,66.395,52.868,Roll
-1.189,0.446,0.002,-49.324,59.080,-52.868,Roll
-1.203,0.315,-0.018,-45.964,48.002,-145.976,Roll
-1.227,0.209,0.046,-28.254,25.174,-244.239,Roll
-1.242,0.145,0.034,-22.382,5.740,-286.554,Roll
-1.283,0.066,0.062,-46.244,-23.625,-286.685,Roll
-1.026,-0.028,0.155,-65.704,-26.206,-286.685,Roll
-0.822,-0.046,0.297,-68.548,-13.134,-286.685,Roll
-0.480,0.053,0.175,-70.665,-3.456,-286.685,Roll
0.014,-0.002,0.105,-96.180,23.888,-286.685,Roll
0.042,-0.310,0.140,14.193,40.320,-286.685,Roll
0.402,-0.044,0.286,8.234,1.094,-286.685,Roll
0.895,-0.151,0.014,24.491,-52.964,-286.685,Roll
1.041,-0.509,-0.071,28.263,-38.299,-286.685,Roll
0.971,-0.423,-0.225,-19.827,-20.702,-286.685,Roll
1.261,-0.569,-0.168,42.919,18.121,-268.345,Roll
1.324,-0.662,-0.053,68.609,15.330,-164.798,Roll
1.508,-0.851,0.045,74.611,4.856,-83.991,Roll
1.509,-0.792,0.191,25.874,-3.071,55.641,Roll
1.501,-0.776,0.304,-63.079,31.981,176.365,Roll
1.509,-0.707,0.181,-109.253,63.324,258.108,Roll
1.383,-0.692,0.112,-142.100,66.202,286.431,Roll
1.318,-0.558,-0.038,-139.807,64.628,286.685,Roll
1.286,-0.396,-0.046,-111.746,30.266,286.685,Roll
1.057,-0.255,-0.101,-67.865,13.746,286.685,Roll
0.522,-0.129,-0.003,-51.993,3.868,286.685,Roll
-0.238,-0.111,-0.191,-83.956,-27.370,286.685,Roll
-0.409,-0.135,-0.266,-49.569,-47.355,286.685,Roll
-0.703,0.011,-0.042,22.155,-79.144,286.685,Roll
-0.921,-0.039,0.155,70.963,-100.231,286.685,Roll
-1.159,0.032,0.186,126.464,-126.945,286.685,Roll
-1.063,0.283,0.155,52.439,-89.128,286.685,Roll
-0.954,0.395,0.135,-19.976,-56.884,286.685,Roll
-0.977,0.427,0.191,-28.464,-36.592,279.230,Roll
-1.002,0.555,0.226,-39.778,-16.336,198.432,Roll
-1.093,0.558,0.169,-41.755,11.445,123.620,Roll
-1.160,0.563,0.137,-53.961,37.765,23.222,Roll
-1.218,0.584,0.036,-57.435,52.806,-52.334,Roll
-1.188,0.716,0.092,-55.729,55.186,-136.474,Roll
-1.284,0.488,0.019,-52.439,39.034,-238.656,Roll
-1.321,0.408,0.047,-15.671,-4.646,-286.685,Roll
-1.288,0.227,0.175,-17.325,-26.451,-286.685,Roll
-0.961,0.154,0.297,-48.772,-0.499,-286.685,Roll
-0.728,0.089,0.186,-90.772,97.668,-286.685,Roll
-0.756,0.121,0.111,-74.996,121.923,-286.685,Roll
-0.765,-0.106,0.036,20.685,93.118,-286.685,Roll
-0.399,-0.111,0.268,41.239,56.166,-286.685,Roll
0.037,-0.422,0.250,-33.101,36.024,-286.685,Roll
0.354,-0.329,0.136,-14.376,12.539,-286.685,Roll
0.950,-0.020,-0.146,83.414,-46.366,-286.685,Roll
1.205,-0.323,-0.422,102.751,10.544,-286.685,Roll
1.251,-0.427,-0.027,70.507,59.868,-265.965,Roll
1.318,-0.528,0.085,77.105,72.494,-200.244,Roll
1.354,-0.784,0.326,55.562,81.891,-84.035,Roll
1.421,-0.880,0.508,-20.886,79.695,72.721,Roll
1.385,-0.913,0.431,-104.939,66.211,236.898,Roll
1.448,-0.912,0.407,-130.812,67.874,286.685,Roll
1.189,-0.800,0.284,-141.312,66.430,286.685,Roll
1.113,-0.774,0.376,-175.000,34.711,286.685,Roll
0.861,-0.603,0.355,-201.801,-46.147,286.685,Roll
0.295,-0.517,0.188,-198.275,-108.938,286.685,Roll
-0.132,-0.567,-0.120,-149.607,-166.819,286.685,Roll
-0.282,-0.384,-0.208,-80.938,-170.739,286.685,Roll
-0.520,-0.256,-0.017,-43.129,-129.833,286.685,Roll
-0.740,-0.023,-0.030,-52.658,-81.121,286.685,Roll
-0.882,0.059,-0.120,-14.297,-42.639,286.685,Roll
-0.996,0.091,-0.091,-17.509,-18.419,283.141,Roll
-1.015,0.215,-0.059,-27.755,-12.119,200.288,Roll
-1.162,0.264,-0.030,-32.296,5.880,135.747,Roll
-1.116,0.251,-0.033,-38.124,11.226,79.826,Roll
-0.992,0.176,-0.004,-44.205,10.028,36.295,Roll
-0.922,0.226,-0.077,-39.244,14.761,-13.860,Roll
-0.924,0.288,-0.112,-31.386,29.111,-7.096,Roll
-0.896,0.257,-0.104,-15.479,38.290,23.503,Roll
-1.068,0.167,-0.109,-14.000,51.494,38.841,Roll
-1.343,0.322,-0.244,-16.756,57.697,-3.106,Roll
-1.489,0.439,-0.371,2.004,61.591,-65.634,Roll
-1.549,0.423,-0.389,34.834,70.376,-132.186,Roll
-1.418,0.179,-0.253,95.357,84.709,-280.420,Roll
-1.212,0.047,-0.095,145.337,87.439,-286.685,Roll
-0.858,0.132,-0.173,164.273,99.776,-286.685,Roll
-0.571,0.066,-0.084,182.831,105.070,-286.685,Roll
0.049,-0.203,0.091,200.261,66.552,-286.685,Roll
0.290,-0.393,0.262,167.090,16.039,-286.685,Roll
0.584,-0.388,0.359,90.335,14.551,-286.685,Roll
0.781,-0.409,0.233,94.019,20.956,-286.685,Roll
0.999,-0.276,-0.016,79.791,33.644,-286.685,Roll
1.050,-0.342,0.024,81.393,13.038,-286.685,Roll
1.176,-0.403,0.128,107.966,0.403,-284.445,Roll
1.271,-0.524,0.124,101.920,-19.407,-231.026,Roll
1.403,-0.686,0.288,59.342,-43.059,-104.186,Roll
1.729,-0.713,0.348,-26.014,-12.250,76.247,Roll
1.751,-0.629,0.332,-111.562,36.715,267.068,Roll
1.505,-0.492,0.254,-150.902,58.004,286.685,Roll
1.187,-0.446,0.099,-163.012,73.684,286.685,Roll
0.978,-0.364,0.071,-155.383,52.036,286.685,Roll
0.856,-0.274,0.015,-98.683,13.116,286.685,Roll
0.417,-0.326,-0.044,-52.745,-11.349,286.685,Roll
-0.065,-0.374,-0.012,-16.651,-45.342,286.685,Roll
-0.333,-0.361,0.033,3.474,-55.248,286.685,Roll
-0.469,-0.235,0.057,26.854,-52.281,286.685,Roll
-0.804,-0.119,0.077,47.486,-52.526,286.685,Roll
-1.027,0.074,0.124,56.490,-48.834,286.685,Roll
-1.035,0.098,0.014,-9.188,-0.534,286.685,Roll
-1.040,0.151,-0.025,-47.022,26.600,273.263,Roll
-1.144,0.327,-0.122,-62.799,35.595,225.829,Roll
-1.188,0.413,-0.156,-59.518,39.279,149.704,Roll
-1.155,0.389,-0.101,-40.381,42.954,67.664,Roll
-1.214,0.463,-0.083,-35.647,41.143,-43.129,Roll
-1.287,0.526,-0.059,-35.289,39.664,-106.094,Roll
-1.372,0.481,-0.081,-23.695,24.622,-205.310,Roll
-1.350,0.287,-0.068,-13.195,4.795,-286.624,Roll
-1.286,0.186,-0.024,-13.554,1.505,-286.685,Roll
-1.031,0.201,0.040,-38.666,31.544,-286.685,Roll
-0.789,0.080,0.060,-15.592,65.441,-286.685,Roll
-0.581,0.094,0.219,14.989,70.683,-286.685,Roll
-0.236,0.066,0.200,37.126,61.609,-286.685,Roll
0.481,0.037,-0.217,117.014,-32.760,-286.685,Roll
0.586,-0.133,-0.041,121.573,-69.869,-286.685,Roll
1.047,-0.181,0.099,112.989,-102.891,-286.685,Roll
1.297,-0.263,0.023,153.151,-185.316,-286.685,Roll
1.481,-0.601,-0.494,140.866,-176.680,-286.685,Roll
1.530,-0.491,-0.496,71.715,-38.430,-280.980,Roll
1.493,-0.551,-0.059,62.764,59.281,-134.085,Roll
1.576,-0.463,0.091,3.447,112.569,32.673,Roll
1.632,-0.396,0.251,-53.506,142.231,149.126,Roll
1.602,-0.454,0.428,-106.802,179.042,286.615,Roll
1.523,-0.601,0.597,-189.009,182.997,286.685,Roll
1.497,-0.398,0.384,-264.688,155.811,286.685,Roll
1.318,-0.261,0.206,-273.919,99.173,286.685,Roll
0.972,0.003,-0.043,-210.805,32.830,286.685,Roll
0.063,-0.233,-0.013,-96.215,-88.200,286.685,Roll
-0.425,-0.337,0.158,-74.427,-160.816,286.685,Roll
-0.599,-0.246,-0.045,-62.711,-135.415,286.685,Roll
-0.691,0.024,0.006,-51.783,-106.452,286.685,Roll
-0.971,0.140,0.154,6.239,-103.810,286.685,Roll
-1.078,0.461,0.009,16.310,-54.661,286.685,Roll
-1.179,0.398,0.090,-28.779,3.876,254.774,Roll
-1.169,0.450,0.030,-23.319,18.917,194.801,Roll
-1.152,0.473,0.015,-12.967,42.044,125.956,Roll
-1.245,0.513,0.026,-13.554,56.324,46.515,Roll
-1.286,0.622,-0.024,-26.897,52.666,-70.927,Roll
-1.325,0.640,-0.098,-24.640,46.541,-149.503,Roll
-1.290,0.517,-0.086,-0.858,29.575,-278.451,Roll
-1.080,0.339,-0.044,22.601,26.224,-286.685,Roll
-0.942,0.287,-0.007,6.108,50.969,-286.685,Roll
-0.774,0.320,0.059,-16.459,81.156,-286.685,Roll
-0.557,0.258,0.091,-10.342,136.876,-286.685,Roll
-0.045,0.231,0.086,21.298,165.830,-286.685,Roll
0.277,0.091,-0.027,54.241,134.234,-286.685,Roll
0.675,0.053,-0.003,138.145,64.829,-286.685,Roll
1.026,-0.082,0.355,281.435,-72.511,-286.685,Roll
1.132,-0.387,-0.073,161.822,-46.559,-286.685,Roll
1.246,-0.301,-0.413,113.916,4.515,-286.685,Roll
1.411,-0.389,-0.313,138.827,-0.674,-286.685,Roll
1.646,-0.541,0.353,117.810,13.046,-194.346,Roll
1.998,-0.483,0.450,1.794,69.904,0.061,Roll
1.999,-0.417,0.554,-100.336,148.050,207.699,Roll
1.996,-0.337,0.663,-164.307,184.424,286.571,Roll
1.724,-0.374,0.623,-254.774,181.536,286.685,Roll
1.312,-0.330,0.474,-286.685,132.099,286.685,Roll
1.184,-0.227,0.292,-286.685,75.976,286.685,Roll
0.831,-0.038,-0.006,-209.055,-26.031,286.685,Roll
0.195,-0.350,-0.051,-76.702,-102.427,286.685,Roll
-0.277,-0.324,0.088,-33.530,-141.645,286.685,Roll
-0.461,-0.189,0.000,-13.597,-104.396,286.685,Roll
-0.735,-0.023,-0.057,38.045,-39.559,286.685,Roll
-0.833,0.128,-0.066,79.441,-0.341,286.685,Roll
-0.868,0.141,0.028,40.180,32.498,286.685,Roll
-1.010,0.350,-0.012,-11.655,35.026,268.599,Roll
-1.159,0.594,-0.153,24.071,21.236,212.678,Roll
-1.280,0.634,-0.137,34.589,17.754,172.795,Roll
-1.303,0.448,-0.051,9.748,25.743,83.195,Roll
-1.386,0.453,-0.075,-47.574,38.272,-62.178,Roll
-1.422,0.547,-0.111,-74.323,19.784,-237.344,Roll
-1.322,0.519,-0.065,-67.900,0.333,-286.685,Roll
-1.105,0.432,0.013,-90.274,-20.344,-286.685,Roll
-0.865,0.389,0.047,-122.071,-3.570,-286.685,Roll
-0.694,0.310,0.049,-104.869,8.680,-286.685,Roll
-0.367,0.261,-0.055,-33.591,37.590,-286.685,Roll
-0.201,-0.017,-0.091,34.335,51.590,-286.685,Roll
0.368,-0.047,-0.164,97.921,47.915,-286.685,Roll
0.611,-0.159,-0.151,150.456,14.070,-286.685,Roll
0.796,-0.091,0.239,157.342,-18.559,-286.685,Roll
1.264,-0.224,-0.025,136.456,8.409,-286.685,Roll
1.594,-0.388,0.031,188.186,-5.609,-286.685,Roll
1.566,-0.512,0.206,207.559,-31.701,-286.685,Roll
1.902,-0.748,0.482,151.454,-36.330,-252.166,Roll
1.999,-0.673,0.519,30.345,2.730,-35.149,Roll
1.998,-0.544,0.562,-68.215,48.939,196.551,Roll
1.792,-0.489,0.593,-121.853,68.355,286.142,Roll
1.557,-0.369,0.525,-199.386,89.933,286.685,Roll
1.284,-0.285,0.381,-231.726,71.225,286.685,Roll
1.105,-0.175,0.143,-233.240,36.321,286.685,Roll
0.835,-0.159,0.014,-196.796,5.985,286.685,Roll
0.482,-0.477,-0.321,-131.959,-97.860,286.685,Roll
0.238,-0.327,-0.150,-48.501,-121.914,286.685,Roll
-0.078,0.310,0.053,25.007,-183.050,286.685,Roll
-0.626,0.144,0.092,16.222,-155.015,286.685,Roll
-0.992,0.466,0.117,44.721,-117.530,286.685,Roll
-1.320,0.447,0.066,84.158,-88.086,286.685,Roll
-1.159,0.427,0.213,51.564,-88.716,226.599,Roll
-1.211,0.343,0.346,18.288,-62.055,143.990,Roll
-1.220,0.524,0.409,-34.239,-20.869,47.075,Roll
-1.297,0.533,0.284,-60.069,-1.899,-17.202,Roll
-1.242,0.494,0.226,-54.889,-2.879,-101.981,Roll
-1.262,0.413,0.248,-55.300,4.156,-163.826,Roll
-1.312,0.366,0.249,-76.650,5.224,-274.715,Roll
-1.183,0.335,0.240,-90.317,14.114,-286.685,Roll
-0.907,0.244,0.375,-109.952,0.105,-286.685,Roll
-0.697,0.153,0.357,-121.931,-5.784,-286.685,Roll
-0.418,0.024,0.328,-135.678,4.121,-286.685,Roll
-0.099,0.129,0.344,-166.206,-0.613,-286.685,Roll
0.390,0.269,-0.025,-192.981,-10.719,-286.685,Roll
0.825,0.501,-0.047,-176.417,1.234,-286.685,Roll
1.074,0.249,-0.414,-122.071,35.761,-286.685,Roll
1.500,0.121,-0.614,19.390,92.741,-286.685,Roll
1.535,-0.605,-0.344,111.720,88.506,-231.648,Roll
1.718,-0.899,0.142,111.598,53.104,-172.016,Roll
1.999,-1.089,0.307,50.487,15.977,-34.755,Roll
1.999,-1.056,0.093,23.188,10.132,106.960,Roll
1.999,-0.784,0.031,-39.410,86.179,276.815,Roll
1.978,-0.534,0.199,-70.560,122.544,286.685,Roll
1.279,-0.505,0.119,-91.814,154.569,286.685,Roll
0.684,-0.606,0.117,-143.307,197.426,286.685,Roll
0.527,-0.894,0.084,-151.410,132.869,286.685,Roll
0.648,-0.809,0.040,-149.546,47.854,286.685,Roll
0.639,-0.233,-0.106,-143.762,-35.088,286.685,Roll
0.058,0.387,-0.128,-114.817,-50.619,286.685,Roll
-0.694,0.490,-0.135,-77.210,-18.567,286.685,Roll
-0.948,0.252,-0.024,-67.926,6.099,286.685,Roll
-0.867,0.112,-0.088,-152.276,48.659,286.685,Roll
-0.799,0.439,-0.007,-177.196,-17.395,200.314,Roll
-0.890,0.648,-0.183,-104.003,-91.088,99.312,Roll
-1.099,0.620,-0.276,-64.794,-68.548,76.676,Roll
-1.366,0.410,-0.229,-17.491,9.170,-3.351,Roll
-1.442,0.364,-0.129,30.275,7.823,-153.029,Roll
-1.570,0.271,-0.333,73.395,-4.480,-286.685,Roll
-1.429,0.418,-0.258,117.801,-7.718,-286.685,Roll
-0.864,0.648,-0.264,135.117,-18.524,-286.685,Roll
-0.527,0.283,0.068,164.806,-26.486,-286.685,Roll
-0.482,-0.133,0.142,138.014,-28.438,-286.685,Roll
-0.465,-0.338,0.285,114.257,-11.533,-286.685,Roll
-0.053,-0.262,0.478,111.151,-14.403,-286.685,Roll
0.612,-0.220,0.301,77.201,-47.635,-286.685,Roll
0.802,-0.407,0.320,65.126,-45.421,-286.685,Roll
1.037,-0.360,0.209,51.362,-47.950,-286.685,Roll
1.086,-0.489,0.191,40.827,-54.714,-286.685,Roll
1.183,-0.538,0.184,3.264,-98.919,-286.685,Roll
1.207,-0.374,-0.157,3.098,-144.288,-286.685,Roll
1.623,-0.245,-0.174,45.903,-84.402,-252.473,Roll
1.912,-0.260,0.056,30.118,-22.479,-176.689,Roll
1.995,-0.235,0.287,-0.822,-2.214,-50.514,Roll
1.882,-0.232,0.007,-7.245,-24.421,56.647,Roll
1.958,-0.139,-0.080,6.431,4.961,162.409,Roll
1.999,0.013,-0.012,-4.891,36.549,270.900,Roll
1.802,0.280,0.066,-46.769,74.113,286.685,Roll
0.846,0.366,-0.035,-110.302,140.726,286.685,Roll
0.101,-0.078,-0.106,-168.971,184.494,286.685,Roll
0.015,-0.207,-0.041,-174.554,151.034,286.685,Roll
-0.021,-0.042,-0.116,-178.658,50.768,286.685,Roll
-0.377,0.237,-0.317,-155.269,11.104,286.685,Roll
-0.865,0.308,-0.372,-113.776,66.798,286.685,Roll
-1.109,-0.078,0.045,-102.436,68.232,286.685,Roll
-1.134,-0.104,0.091,-144.357,37.327,286.685,Roll
-0.974,0.278,-0.086,-170.686,-19.416,162.680,Roll
-0.853,0.628,-0.380,-129.185,-54.408,99.409,Roll
-1.115,0.589,-0.491,-77.595,0.245,116.489,Roll
-1.261,0.450,-0.409,-42.534,23.249,76.571,Roll
-1.365,0.403,-0.469,6.247,-1.934,-66.098,Roll
-1.511,0.308,-0.558,62.939,-4.130,-231.306,Roll
-1.511,0.241,-0.375,133.350,-15.855,-286.685,Roll
-1.418,0.238,-0.385,159.600,-44.319,-286.685,Roll
-1.263,0.192,-0.268,183.549,-51.739,-286.685,Roll
-0.940,0.076,-0.182,171.465,-55.528,-286.685,Roll
-0.512,0.166,-0.070,150.211,-71.409,-286.685,Roll
0.216,0.279,-0.009,129.080,-102.454,-286.685,Roll
0.729,0.349,0.135,93.783,-140.665,-286.685,Roll
0.987,0.290,0.061,69.073,-149.021,-286.685,Roll
1.202,0.141,0.166,45.342,-121.144,-286.685,Roll
1.342,0.252,0.052,-10.552,-106.033,-285.906,Roll
1.188,-0.040,-0.229,4.060,-77.936,-178.920,Roll
1.185,-0.239,-0.302,14.849,-48.869,-157.255,Roll
1.401,-0.275,-0.297,35.306,-23.476,-120.190,Roll
1.660,-0.360,-0.143,37.354,29.181,-53.804,Roll
1.976,-0.279,0.080,9.555,63.446,46.130,Roll
1.999,-0.112,0.115,-12.171,74.541,164.719,Roll
1.999,0.176,0.071,-54.408,104.457,286.685,Roll
1.387,0.262,0.251,-122.124,169.916,286.685,Roll
0.276,-0.108,0.146,-251.300,205.310,286.685,Roll
0.035,-0.265,-0.042,-275.004,158.795,286.685,Roll
-0.078,-0.048,-0.201,-248.185,30.800,286.685,Roll
-0.421,0.273,-0.377,-245.621,-55.904,286.685,Roll
-0.894,0.374,-0.529,-215.241,-45.106,286.685,Roll
-1.350,0.016,-0.386,-126.262,-41.493,286.685,Roll
-1.441,-0.292,-0.013,-80.316,-75.136,237.904,Roll
-1.086,-0.149,-0.073,-108.631,-86.643,82.294,Roll
-0.718,0.315,-0.348,-124.731,-71.129,35.175,Roll
-0.943,0.279,-0.356,-87.299,-21.577,126.350,Roll
-1.432,0.088,-0.394,-83.431,16.406,102.497,Roll
-1.544,0.184,-0.633,-46.357,29.986,9.109,Roll
-1.686,0.127,-0.782,88.121,64.085,-161.009,Roll
-1.660,0.057,-0.598,174.178,90.186,-286.685,Roll
-1.437,0.283,-0.577,280.604,48.475,-286.685,Roll
-1.120,0.468,-0.355,286.685,9.371,-286.685,Roll
-0.620,0.241,0.066,286.685,-42.901,-286.685,Roll
-0.439,-0.062,0.024,257.731,-105.534,-286.685,Roll
-0.083,-0.066,0.279,153.458,-156.039,-286.685,Roll
0.113,-0.144,0.293,41.860,-144.673,-286.685,Roll
0.495,0.087,0.252,4.629,-119.149,-286.685,Roll
1.555,0.574,0.256,-18.305,-88.795,-286.685,Roll
1.982,0.533,0.235,-33.775,-71.006,-259.158,Roll
1.717,0.091,0.109,-56.175,-59.596,-75.705,Roll
1.397,-0.127,-0.181,-71.802,-56.840,-33.127,Roll
1.332,-0.215,-0.403,-43.575,-34.151,-41.764,Roll
1.631,-0.048,-0.349,-25.576,-11.515,-15.208,Roll
1.908,0.149,-0.354,-25.944,54.950,154.893,Roll
1.999,0.308,-0.107,-65.327,125.615,285.889,Roll
1.536,0.255,0.132,-170.100,177.774,286.685,Roll
0.797,-0.044,0.160,-252.096,147.184,286.685,Roll
0.361,-0.249,0.114,-264.346,82.408,286.685,Roll
0.073,-0.090,-0.002,-250.101,-36.925,286.685,Roll
-0.278,0.391,-0.310,-257.206,-101.360,286.685,Roll
-0.887,0.614,-0.721,-240.695,-78.829,286.685,Roll
-1.502,0.178,-0.803,-161.499,-26.530,286.685,Roll
-1.614,-0.316,-0.482,-79.747,-49.184,232.916,Roll
-1.039,-0.165,-0.175,-94.456,-77.963,4.909,Roll
-0.464,0.357,-0.402,-101.605,-104.073,-82.154,Roll
-0.547,0.341,-0.591,-53.104,-58.319,54.066,Roll
-1.079,-0.094,-0.357,-34.545,27.317,120.925,Roll
-1.231,-0.232,-0.249,-24.080,27.046,52.824,Roll
-1.264,-0.101,-0.491,15.908,-33.679,-108.579,Roll
-1.440,-0.174,-0.644,86.529,-31.579,-254.607,Roll
-1.519,-0.489,-0.277,154.420,-5.276,-286.685,Roll
-1.188,-0.415,-0.063,173.985,-12.250,-286.685,Roll
-0.842,-0.297,-0.122,175.026,-24.439,-286.685,Roll
-0.572,-0.356,-0.087,162.592,-35.954,-286.685,Roll
-0.516,-0.413,0.035,134.006,-71.120,-286.685,Roll
-0.075,-0.299,-0.043,83.772,-49.630,-286.685,Roll
0.617,-0.091,0.060,55.204,-24.929,-286.685,Roll
1.175,-0.009,0.101,45.447,-72.205,-286.685,Roll
1.451,0.074,-0.004,35.333,-91.814,-286.685,Roll
1.740,0.062,-0.164,-3.237,-36.278,-172.357,Roll
1.631,-0.189,-0.308,-43.916,39.865,54.679,Roll
1.654,-0.249,-0.192,-60.935,90.641,215.311,Roll
1.765,-0.225,-0.005,-91.586,131.539,286.580,Roll
1.543,-0.214,0.077,-184.896,164.561,286.685,Roll
0.950,-0.422,0.063,-229.539,126.866,286.685,Roll
0.573,-0.557,0.045,-229.005,12.381,286.685,Roll
0.217,-0.424,-0.029,-225.452,-57.890,286.685,Roll
-0.138,-0.061,-0.273,-213.369,-104.685,286.685,Roll
-0.512,0.081,-0.430,-171.080,-91.709,286.685,Roll
-0.933,-0.084,-0.318,-144.568,-59.535,286.685,Roll
-1.434,-0.327,-0.424,-153.178,-38.640,285.688,Roll
-1.620,-0.247,-0.674,-115.806,-46.200,40.294,Roll
-1.629,0.159,-1.012,-50.636,-27.396,-125.125,Roll
-1.573,0.200,-0.928,53.576,50.365,-261.879,Roll
-1.888,-0.277,-0.661,165.848,64.137,-286.685,Roll
-1.642,-0.004,-0.310,252.980,26.075,-286.685,Roll
-0.944,0.478,-0.183,259.788,-20.134,-286.685,Roll
-0.398,0.771,-0.079,239.960,-53.734,-286.685,Roll
0.497,0.758,0.169,176.496,-48.046,-286.685,Roll
1.216,0.559,0.403,90.160,-48.667,-286.685,Roll
1.972,0.502,0.310,-17.894,-32.226,-286.247,Roll
1.946,0.492,0.088,-61.206,39.235,-42.228,Roll
1.238,-0.113,0.071,-59.588,56.298,32.095,Roll
1.263,-0.290,-0.247,-41.764,33.600,20.510,Roll
1.503,-0.211,-0.107,-19.460,73.973,6.807,Roll
1.791,-0.007,-0.098,-54.189,112.394,175.779,Roll
1.779,-0.080,-0.036,-89.863,153.335,285.285,Roll
1.717,-0.109,0.119,-134.295,192.439,286.685,Roll
1.318,-0.321,0.382,-170.441,165.322,286.685,Roll
0.895,-0.539,0.406,-186.497,100.100,286.685,Roll
0.706,-0.558,0.185,-199.378,-0.840,286.685,Roll
0.417,-0.214,-0.030,-209.851,-55.178,286.685,Roll
-0.124,-0.064,-0.039,-203.674,-83.484,286.685,Roll
-0.554,0.124,-0.089,-202.265,-101.596,286.685,Roll
-0.777,0.046,-0.156,-194.714,-103.565,286.685,Roll
-1.040,-0.124,-0.055,-188.256,-117.591,286.685,Roll
-1.106,-0.003,-0.041,-186.952,-129.736,256.217,Roll
-0.975,0.302,-0.025,-174.475,-118.317,131.924,Roll
-1.061,0.508,-0.115,-141.837,-96.346,99.575,Roll
-1.453,0.370,-0.226,-88.821,-38.124,71.820,Roll
-1.621,0.250,-0.196,-59.684,0.009,3.999,Roll
-1.889,0.153,-0.291,-5.399,16.844,-172.804,Roll
-1.954,0.040,-0.247,57.557,43.855,-286.685,Roll
-1.823,0.061,-0.141,105.315,61.635,-286.685,Roll
-1.538,0.178,-0.006,127.295,52.395,-286.685,Roll
-1.179,0.222,0.123,136.727,32.515,-286.685,Roll
-0.598,0.313,0.110,111.764,33.373,-286.685,Roll
-0.252,0.068,0.174,92.330,11.988,-286.685,Roll
0.014,0.034,0.341,57.732,-26.390,-286.685,Roll
0.357,0.069,0.435,21.805,-48.274,-286.685,Roll
0.793,0.297,0.368,-28.359,-96.793,-286.685,Roll
1.092,0.536,0.168,-39.865,-113.199,-286.685,Roll
1.320,0.329,-0.308,-53.594,-73.622,-224.989,Roll
1.471,0.099,-0.462,-59.054,38.421,-102.673,Roll
1.632,-0.182,-0.110,-35.280,91.035,-64.216,Roll
1.880,-0.179,0.029,-34.860,74.637,-46.629,Roll
1.999,0.096,-0.086,-51.222,57.951,84.411,Roll
1.999,0.331,-0.088,-113.759,127.295,286.510,Roll
1.850,0.338,-0.021,-210.857,187.679,286.685,Roll
1.265,0.119,0.034,-262.089,181.291,286.685,Roll
0.513,-0.389,0.003,-267.470,52.955,286.685,Roll
0.387,-0.181,-0.064,-212.879,-106.006,286.685,Roll
0.091,0.208,-0.162,-206.238,-114.686,286.685,Roll
-0.396,0.238,-0.153,-248.867,-38.972,286.685,Roll
-0.904,0.303,-0.255,-267.750,-5.381,286.685,Roll
-1.416,-0.022,-0.416,-210.333,-44.879,286.685,Roll
-1.587,-0.202,-0.575,-134.208,-109.673,141.488,Roll
-1.176,0.347,-0.375,-90.344,-113.978,-100.363,Roll
-1.504,0.345,-0.725,-43.890,-81.576,-118.904,Roll
-1.811,0.106,-0.602,21.131,3.981,-215.023,Roll
-1.952,-0.259,-0.190,72.905,20.615,-286.510,Roll
-1.821,-0.161,-0.055,89.145,-29.111,-286.685,Roll
-1.523,0.189,-0.152,96.757,-46.664,-286.685,Roll
-1.143,0.460,-0.067,66.010,-6.921,-286.685,Roll
-0.554,0.804,-0.021,53.217,1.059,-286.685,Roll
0.227,0.798,-0.029,44.039,20.746,-286.685,Roll
0.957,0.802,0.116,36.330,31.097,-286.685,Roll
1.383,0.719,0.057,33.215,-1.426,-286.685,Roll
1.882,0.539,-0.090,9.161,-9.118,-274.689,Roll
1.877,0.250,-0.155,-37.765,50.146,-58.713,Roll
1.779,-0.090,-0.102,-55.309,94.202,33.862,Roll
1.878,-0.081,-0.147,-49.376,76.493,54.189,Roll
1.999,-0.028,-0.243,-40.127,64.916,156.651,Roll
1.999,0.081,-0.173,-78.601,127.960,286.685,Roll
1.659,0.076,-0.024,-168.122,196.788,286.685,Roll
1.041,-0.138,0.061,-229.189,214.401,286.685,Roll
0.448,-0.558,0.128,-278.110,122.124,286.685,Roll
0.262,-0.257,-0.104,-263.760,-50.120,286.685,Roll
-0.156,-0.073,-0.285,-217.271,-143.911,286.685,Roll
-0.551,0.012,-0.264,-175.525,-152.766,286.685,Roll
-0.732,0.084,-0.310,-168.630,-108.605,286.685,Roll
-1.079,-0.191,-0.384,-136.071,-53.961,286.685,Roll
-1.269,-0.366,-0.361,-111.195,-44.590,191.896,Roll
-1.142,-0.170,-0.213,-96.941,-58.599,-33.136,Roll
-1.230,-0.092,-0.441,-75.119,-69.702,-163.923,Roll
-1.410,-0.135,-0.538,-12.373,-56.525,-284.926,Roll
-1.489,-0.290,-0.421,29.356,-39.533,-286.685,Roll
-1.458,-0.463,-0.230,69.160,-44.651,-286.685,Roll
-1.279,-0.241,-0.137,84.455,-65.607,-286.685,Roll
-0.722,0.249,-0.018,61.653,-53.856,-286.685,Roll
0.192,0.288,-0.067,14.980,18.550,-286.685,Roll
0.634,0.225,0.073,-25.331,87.308,-286.685,Roll
1.226,0.287,0.249,-30.327,68.994,-286.685,Roll
1.584,0.286,0.246,-25.909,-11.007,-286.685,Roll
1.714,0.148,-0.197,-49.822,-32.498,-169.960,Roll
1.643,0.078,-0.385,-51.030,-22.006,-27.125,Roll
1.630,-0.165,-0.645,-37.546,10.395,24.211,Roll
1.973,-0.024,-0.669,-28.621,69.536,151.637,Roll
1.999,0.205,-0.396,-55.046,173.915,286.685,Roll
1.702,0.100,-0.103,-114.188,233.223,286.685,Roll
0.966,-0.302,0.100,-212.511,224.105,286.685,Roll
0.568,-0.540,-0.017,-235.270,78.741,286.685,Roll
0.435,-0.134,-0.200,-206.526,-47.775,286.685,Roll
0.030,0.095,-0.315,-184.345,-93.931,286.685,Roll
-0.272,0.092,-0.300,-168.656,-90.720,286.685,Roll
-0.621,0.060,-0.124,-182.254,-79.686,286.685,Roll
-0.933,-0.151,0.013,-184.467,-114.012,286.685,Roll
-1.078,-0.143,-0.064,-209.178,-134.540,259.709,Roll
-0.886,0.220,-0.111,-190.234,-121.599,89.136,Roll
-0.788,0.447,-0.223,-146.799,-66.999,103.101,Roll
-0.945,0.519,-0.184,-117.119,-41.528,151.375,Roll
-1.409,0.299,-0.163,-85.662,-37.686,142.844,Roll
-1.500,0.319,-0.288,-59.903,-30.039,34.449,Roll
-1.411,0.480,-0.435,-17.570,-10.526,-36.295,Roll
-1.407,0.493,-0.522,17.701,21.560,-51.599,Roll
-1.556,0.325,-0.571,75.022,83.431,-91.446,Roll
-1.757,0.061,-0.516,149.021,131.329,-235.445,Roll
-1.557,0.066,-0.356,216.974,136.255,-286.685,Roll
-1.298,0.256,-0.376,279.265,126.158,-286.685,Roll
-1.187,0.369,-0.202,286.685,128.039,-286.685,Roll
-0.704,0.295,0.064,286.685,92.566,-286.685,Roll
0.032,0.622,0.057,268.494,-43.199,-286.685,Roll
0.406,0.287,0.150,219.091,-60.016,-286.685,Roll
0.628,0.131,0.341,138.206,-55.011,-286.685,Roll
1.031,0.253,0.252,90.265,-76.169,-286.685,Roll
1.333,0.130,0.128,42.612,-71.872,-286.685,Roll
1.436,0.101,0.025,25.480,-64.111,-263.707,Roll
1.632,0.046,-0.119,25.480,-28.840,-148.584,Roll
1.882,-0.205,-0.087,4.209,12.399,-79.529,Roll
1.999,-0.204,0.075,-27.597,49.446,18.812,Roll
1.999,-0.145,0.131,-64.391,49.507,188.265,Roll
1.998,-0.028,0.117,-99.391,55.921,286.204,Roll
1.696,0.238,0.090,-156.818,91.700,286.685,Roll
0.989,0.045,-0.113,-215.512,133.525,286.685,Roll
0.522,-0.288,-0.110,-212.940,107.450,286.685,Roll
0.480,-0.271,-0.069,-187.294,3.570,286.685,Roll
0.333,0.036,0.031,-187.241,-59.089,286.685,Roll
-0.135,0.222,0.090,-187.827,-131.784,286.685,Roll
-0.631,0.473,-0.104,-182.149,-148.242,286.685,Roll
-1.078,0.304,-0.246,-167.423,-102.804,286.685,Roll
-1.311,0.001,-0.256,-154.893,-58.590,286.668,Roll
-1.332,-0.204,0.000,-159.714,-49.770,172.462,Roll
-0.933,0.257,0.048,-173.731,-44.397,-25.935,Roll
-0.894,0.539,-0.137,-150.185,1.120,31.780,Roll
-1.495,0.181,-0.280,-109.541,68.863,96.101,Roll
-1.749,0.104,-0.445,-81.393,85.575,29.750,Roll
-1.570,0.351,-0.715,13.519,67.375,-159.040,Roll
-1.475,0.316,-0.823,120.829,67.454,-268.249,Roll
-1.750,-0.290,-0.619,202.825,121.546,-286.685,Roll
-1.758,-0.372,-0.253,255.587,117.294,-286.685,Roll
-1.086,0.293,-0.094,268.826,79.039,-286.685,Roll
-0.389,0.673,-0.218,249.480,19.407,-286.685,Roll
0.010,0.465,-0.232,213.727,14.823,-286.685,Roll
0.245,0.345,0.101,201.250,25.156,-286.685,Roll
0.671,0.354,0.241,203.201,-15.969,-286.685,Roll
1.475,0.541,0.128,191.345,-107.275,-286.685,Roll
1.998,0.408,0.061,109.191,-96.268,-282.529,Roll
1.999,0.369,-0.013,7.131,39.856,-35.263,Roll
1.918,-0.045,0.313,-24.491,104.772,74.795,Roll
1.731,-0.322,0.465,-30.905,61.189,105.674,Roll
1.797,-0.193,0.178,-42.053,-17.850,186.060,Roll
1.801,-0.064,-0.047,-66.509,54.854,286.685,Roll
1.479,-0.032,-0.031,-131.408,128.625,286.685,Roll
0.843,-0.179,0.011,-195.265,171.894,286.685,Roll
0.292,-0.469,0.039,-197.496,139.239,286.685,Roll
0.247,-0.473,-0.043,-156.266,64.732,286.685,Roll
0.122,-0.281,-0.171,-144.594,34.904,286.685,Roll
-0.237,-0.054,-0.269,-159.329,34.764,286.685,Roll
-0.652,0.001,-0.290,-181.834,58.572,286.685,Roll
-0.837,-0.084,-0.164,-170.135,15.584,286.685,Roll
-0.925,-0.221,-0.042,-142.923,-64.111,286.685,Roll
-1.156,-0.179,-0.051,-163.852,-162.584,174.265,Roll
-1.201,0.174,-0.439,-207.602,-121.940,-7.403,Roll
-1.099,0.413,-0.668,-133.438,-7.166,-39.795,Roll
-1.140,0.133,-0.274,-44.013,73.054,6.177,Roll
-1.460,-0.262,-0.169,-21.368,68.591,-56.744,Roll
-1.801,-0.617,-0.268,18.629,22.531,-223.326,Roll
-1.767,-0.301,-0.312,61.294,-17.220,-286.685,Roll
-1.317,0.198,-0.258,97.037,-4.751,-286.685,Roll
-1.021,0.321,-0.205,100.214,0.280,-286.685,Roll
-0.745,0.363,-0.170,100.844,-11.314,-286.685,Roll
-0.451,0.417,-0.012,93.240,-11.778,-286.685,Roll
0.236,0.671,-0.138,56.053,-30.765,-286.685,Roll
0.783,0.347,-0.128,53.681,-27.755,-286.685,Roll
1.148,0.382,0.200,54.180,-22.286,-286.685,Roll
1.672,0.491,0.107,-7.490,-9.538,-286.685,Roll
1.807,0.267,-0.162,-23.468,9.774,-135.371,Roll
1.646,-0.012,-0.097,-33.145,53.734,-37.616,Roll
1.618,-0.237,-0.084,-31.780,53.489,-44.153,Roll
1.818,-0.103,-0.040,-19.407,18.532,-44.844,Roll
1.896,-0.055,-0.146,-36.444,5.854,42.963,Roll
1.990,0.069,-0.230,-36.452,56.228,206.054,Roll
1.960,0.246,-0.138,-50.916,120.059,286.685,Roll
1.565,0.215,0.012,-78.514,191.861,286.685,Roll
0.840,-0.143,0.041,-146.702,237.886,286.685,Roll
0.444,-0.345,0.013,-176.925,232.750,286.685,Roll
0.391,-0.349,-0.093,-157.649,171.246,286.685,Roll
0.339,-0.111,-0.270,-123.340,101.544,286.685,Roll
0.021,0.167,-0.199,-116.314,70.473,286.685,Roll
-0.645,0.273,-0.134,-111.948,56.849,286.685,Roll
-0.952,0.159,-0.054,-92.418,25.987,286.685,Roll
-1.109,0.033,0.159,-84.543,-75.976,286.685,Roll
-1.210,0.186,0.008,-139.335,-158.883,222.049,Roll
-1.207,0.610,-0.218,-166.197,-129.509,62.414,Roll
-1.271,0.734,-0.158,-98.499,-71.418,69.965,Roll
-1.553,0.414,-0.184,-81.918,1.015,85.995,Roll
-1.735,0.037,-0.143,-42.691,50.768,-16.634,Roll
-1.771,-0.184,0.108,17.316,-26.574,-274.321,Roll
-1.770,-0.081,0.008,45.946,-95.603,-286.685,Roll
-1.444,0.353,-0.055,55.475,-99.916,-286.685,Roll
-1.108,0.542,0.076,63.053,-70.595,-286.685,Roll
-0.601,0.582,0.164,55.755,-53.821,-286.685,Roll
-0.209,0.475,0.222,41.580,-49.490,-286.685,Roll
0.193,0.157,0.452,18.156,-38.833,-286.685,Roll
0.498,0.165,0.468,-13.326,-70.674,-286.685,Roll
0.907,0.337,0.378,-38.447,-79.537,-286.685,Roll
1.364,0.440,0.285,-53.874,-72.783,-286.685,Roll
1.652,0.602,-0.055,-63.166,-91.026,-285.408,Roll
1.813,0.228,-0.809,-2.826,-62.029,-97.904,Roll
1.928,-0.445,-0.536,19.066,71.934,-11.462,Roll
1.882,-0.489,0.196,0.840,116.156,-4.778,Roll
1.998,-0.152,0.510,-18.436,73.684,65.196,Roll
1.999,0.129,0.281,-56.569,31.028,274.881,Roll
1.788,0.300,-0.087,-93.704,70.262,286.685,Roll
1.248,0.387,-0.240,-134.505,142.450,286.685,Roll
0.492,0.095,-0.304,-162.523,211.129,286.685,Roll
0.277,-0.252,-0.113,-119.674,134.216,286.685,Roll
0.138,-0.015,0.147,-90.300,3.106,286.685,Roll
-0.140,0.132,0.302,-106.759,-37.678,286.685,Roll
-0.686,0.226,0.336,-144.848,-45.588,286.685,Roll
-0.918,0.367,0.178,-191.258,-53.576,286.685,Roll
-1.785,-0.242,0.071,-195.589,-122.369,286.685,Roll
-1.995,-0.307,-0.204,-145.504,-160.624,-8.216,Roll
-1.314,0.427,-0.155,-127.601,-47.731,-157.229,Roll
-1.051,0.500,-0.211,-77.866,14.621,-137.611,Roll
-1.464,-0.150,-0.083,1.076,60.314,-138.425,Roll
-1.777,-0.594,0.115,-2.319,108.535,-283.062,Roll
-1.671,-0.483,0.116,10.185,85.076,-286.685,Roll
-1.261,-0.012,0.115,51.721,7.009,-286.685,Roll
-0.918,0.034,0.015,58.791,-23.782,-286.685,Roll
-0.514,0.145,0.061,41.335,-4.883,-286.685,Roll
-0.051,0.344,0.072,28.210,-15.391,-286.685,Roll
0.293,0.128,0.192,23.433,-47.329,-286.685,Roll
0.726,0.388,0.150,7.341,-106.942,-286.685,Roll
1.229,0.710,-0.180,-9.188,-124.215,-286.685,Roll
1.954,0.857,-0.460,-15.680,-83.921,-283.929,Roll
1.998,0.464,-0.574,-7.963,29.155,-23.573,Roll
1.959,0.072,-0.244,-9.047,145.976,147.997,Roll
1.998,0.068,-0.084,-12.731,206.036,286.527,Roll
1.957,0.035,0.111,-46.533,223.125,286.685,Roll
1.083,0.269,0.097,-155.452,286.650,286.685,Roll
-0.259,-0.382,-0.115,-285.906,286.685,286.685,Roll
-0.261,-0.685,-0.121,-250.092,127.374,286.685,Roll
-0.168,-0.445,-0.260,-199.605,-19.180,286.685,Roll
-0.381,-0.258,-0.287,-163.170,-103.136,286.685,Roll
-0.634,0.029,-0.125,-153.230,-60.690,286.685,Roll
-1.021,-0.071,0.020,-146.046,-38.439,286.685,Roll
-1.328,-0.215,-0.110,-138.250,-77.210,280.674,Roll
-1.284,-0.048,-0.103,-84.114,-97.309,110.731,Roll
-1.047,0.085,-0.291,-78.312,-37.231,51.249,Roll
-0.915,0.156,-0.217,-62.195,0.472,62.650,Roll
-1.107,0.024,-0.157,-33.862,0.954,92.881,Roll
-1.411,-0.091,-0.208,-26.206,22.409,45.806,Roll
-1.503,-0.094,-0.203,-8.321,28.507,-62.283,Roll
-1.552,-0.183,-0.294,29.015,31.719,-154.367,Roll
-1.647,-0.331,-0.189,73.474,47.539,-286.396,Roll
-1.433,-0.202,-0.039,96.933,24.657,-286.685,Roll
-1.199,-0.015,-0.123,106.706,-6.449,-286.685,Roll
-0.869,0.217,-0.092,130.253,-23.118,-286.685,Roll
-0.419,0.190,-0.214,158.559,-55.676,-286.685,Roll
-0.059,-0.010,0.028,156.021,-71.715,-286.685,Roll
0.156,-0.190,0.329,128.564,-112.761,-286.685,Roll
0.680,0.079,0.181,84.140,-159.548,-286.685,Roll
1.066,0.226,0.043,61.889,-174.239,-286.685,Roll
1.471,0.284,-0.052,31.509,-147.087,-286.685,Roll
1.688,0.292,-0.313,-2.503,-59.474,-164.570,Roll
1.445,-0.113,-0.324,2.188,48.440,26.801,Roll
1.328,-0.365,-0.094,23.415,88.165,58.170,Roll
1.369,-0.519,0.177,49.455,67.979,29.636,Roll
1.640,-0.223,0.106,59.693,14.035,59.255,Roll
1.820,0.130,-0.106,67.515,76.501,261.730,Roll
1.375,0.048,0.043,51.774,165.988,286.685,Roll
0.686,-0.360,0.249,-24.167,256.104,286.685,Roll
0.252,-0.590,0.244,-85.225,272.291,286.685,Roll
-0.023,-0.549,0.289,-128.564,233.774,286.685,Roll
-0.315,-0.261,0.026,-147.508,181.694,286.685,Roll
-0.728,0.047,-0.298,-167.694,137.909,286.685,Roll
-1.194,-0.128,-0.170,-145.784,59.964,286.685,Roll
-1.476,-0.480,-0.114,-122.518,-10.238,286.685,Roll
-1.215,-0.336,0.037,-71.671,-43.759,154.420,Roll
-0.869,-0.004,0.024,-67.550,-27.212,86.039,Roll
-0.813,0.206,-0.088,-56.787,-11.515,111.213,Roll
-1.193,-0.082,-0.058,-35.814,24.159,118.475,Roll
-1.386,-0.209,0.044,-49.385,52.500,1.995,Roll
-1.366,-0.109,-0.047,-44.013,37.651,-92.269,Roll
-1.450,-0.158,-0.300,4.025,17.824,-215.792,Roll
-1.605,-0.470,0.003,56.682,14.000,-286.685,Roll
-1.509,-0.359,0.060,66.780,-39.007,-286.685,Roll
-1.241,-0.004,0.067,75.512,-72.861,-286.685,Roll
-0.776,0.009,-0.065,76.571,-120.129,-286.685,Roll
-0.426,0.040,-0.053,74.077,-141.732,-286.685,Roll
-0.057,0.166,0.026,61.259,-173.171,-286.685,Roll
0.404,0.343,-0.007,39.734,-204.523,-286.685,Roll
0.805,0.458,-0.115,30.940,-222.871,-286.685,Roll
1.400,0.598,-0.335,17.911,-181.965,-286.685,Roll
1.513,0.336,-0.586,-7.770,-54.583,-163.179,Roll
1.352,0.201,-0.417,14.429,57.199,-23.494,Roll
1.194,-0.194,-0.149,49.700,85.986,-8.689,Roll
1.328,-0.344,0.031,76.361,64.794,-29.802,Roll
1.652,-0.246,0.012,82.836,59.806,39.261,Roll
1.779,-0.119,0.032,70.201,140.490,246.076,Roll
1.322,-0.235,0.188,38.194,220.211,286.685,Roll
0.779,-0.736,0.207,-22.312,286.685,286.685,Roll
0.302,-0.966,0.433,-74.261,286.685,286.685,Roll
0.185,-0.885,0.451,-97.309,286.685,286.685,Roll
-0.035,-0.663,0.222,-125.615,257.145,286.685,Roll
-0.392,-0.315,-0.144,-145.723,232.304,286.685,Roll
-0.828,-0.158,-0.320,-133.280,237.799,286.685,Roll
-1.166,-0.364,-0.166,-137.305,212.354,286.685,Roll
-1.322,-0.563,0.112,-134.811,105.298,286.685,Roll
-1.265,-0.494,0.078,-120.820,25.594,202.606,Roll
-0.941,0.043,-0.222,-95.769,-22.864,42.700,Roll
-0.863,0.207,-0.346,-54.443,-12.233,46.454,Roll
-1.221,-0.071,-0.303,-35.359,20.746,32.340,Roll
-1.456,-0.280,-0.234,-17.570,35.035,-48.186,Roll
-1.822,-0.616,-0.054,42.000,8.050,-270.576,Roll
-1.694,-0.265,0.077,82.302,-108.010,-286.685,Roll
-1.238,0.116,-0.060,109.559,-206.771,-286.685,Roll
-0.949,0.009,-0.049,90.694,-217.219,-286.685,Roll
-0.491,0.215,0.064,54.959,-226.940,-286.685,Roll
-0.196,-0.051,0.038,9.021,-201.014,-286.685,Roll
0.161,0.124,0.009,-12.390,-193.769,-286.685,Roll
0.697,0.398,-0.137,-8.820,-227.482,-286.685,Roll
1.198,0.591,-0.306,-5.661,-219.835,-286.685,Roll
1.709,0.715,-0.573,-16.546,-95.637,-249.708,Roll
1.443,0.193,-0.700,0.096,69.702,21.175,Roll
1.249,-0.141,-0.368,53.235,155.916,140.149,Roll
1.280,-0.487,-0.119,99.041,185.920,166.346,Roll
1.466,-0.226,0.369,122.211,209.204,275.695,Roll
0.984,-0.543,0.511,35.586,269.027,286.685,Roll
0.532,-0.758,0.295,-92.146,286.685,286.685,Roll
-0.119,-0.800,0.290,-153.055,286.685,286.685,Roll
-0.491,-0.734,0.137,-180.399,285.924,286.685,Roll
-0.742,-0.574,-0.145,-191.389,167.633,286.685,Roll
-1.004,-0.395,-0.303,-170.135,76.265,286.685,Roll
-1.375,-0.410,-0.543,-125.676,98.446,286.685,Roll
-1.442,-0.477,-0.353,-47.915,121.677,273.122,Roll
-1.203,-0.446,-0.048,-41.353,100.975,167.449,Roll
-0.974,-0.171,-0.215,-40.854,28.166,27.965,Roll
-0.951,-0.156,-0.446,-20.177,45.386,-30.642,Roll
-1.062,-0.295,-0.401,-2.424,98.254,-90.921,Roll
-1.189,-0.510,-0.311,31.159,95.209,-172.322,Roll
-1.449,-0.714,-0.183,93.966,-1.173,-286.685,Roll
-1.259,-0.277,-0.237,145.364,-139.116,-286.685,Roll
-0.868,-0.282,-0.337,164.447,-193.113,-286.685,Roll
-0.346,0.030,-0.195,132.904,-187.364,-286.685,Roll
-0.017,-0.019,-0.168,118.799,-166.880,-286.685,Roll
0.338,-0.033,-0.032,110.198,-152.294,-286.685,Roll
0.654,0.122,-0.044,104.501,-192.798,-286.685,Roll
1.082,0.375,-0.188,106.522,-213.736,-286.685,Roll
1.516,0.465,-0.297,84.665,-129.150,-277.672,Roll
1.568,0.246,-0.222,70.516,18.480,-78.671,Roll
1.350,0.011,0.018,89.889,72.476,-10.010,Roll
1.325,-0.399,0.167,86.529,81.690,50.138,Roll
1.642,-0.296,0.222,72.249,90.020,130.646,Roll
1.603,-0.224,0.265,20.423,170.292,286.668,Roll
0.924,-0.501,0.326,-51.459,249.174,286.685,Roll
0.345,-0.811,0.065,-155.426,286.685,286.685,Roll
-0.162,-1.002,0.266,-222.574,286.685,286.685,Roll
-0.355,-0.854,0.154,-265.405,285.416,286.685,Roll
-0.458,-0.561,-0.190,-282.966,235.664,286.685,Roll
-0.782,-0.377,-0.681,-276.736,209.396,286.685,Roll
-1.111,-0.528,-0.714,-238.796,195.003,286.685,Roll
-1.262,-0.707,-0.461,-134.059,114.284,248.290,Roll
-0.936,-0.318,-0.388,-53.769,26.679,43.251,Roll
-0.681,-0.076,-0.471,-21.997,-5.932,-15.706,Roll
-0.519,-0.050,-0.539,-20.930,-3.062,-16.826,Roll
-0.665,-0.172,-0.456,-13.685,6.948,-5.766,Roll
-1.044,-0.613,-0.488,32.576,-22.347,-84.901,Roll
-1.399,-0.869,-0.412,114.774,-91.368,-284.550,Roll
-1.326,-0.450,-0.247,164.587,-164.911,-286.685,Roll
-0.954,-0.266,-0.413,200.795,-245.919,-286.685,Roll
-0.777,-0.231,-0.204,196.193,-260.391,-286.685,Roll
-0.553,-0.269,-0.051,137.497,-232.199,-286.685,Roll
-0.159,0.094,-0.077,93.949,-219.284,-286.685,Roll
0.512,0.571,-0.234,85.969,-232.006,-286.685,Roll
1.226,0.835,-0.287,82.338,-215.337,-286.685,Roll
1.934,0.864,-0.311,20.764,-68.661,-268.739,Roll
1.586,0.144,-0.228,-20.134,103.504,32.568,Roll
1.320,-0.137,0.125,-19.941,127.794,90.387,Roll
1.457,-0.339,0.053,-8.785,89.005,82.154,Roll
1.900,-0.168,0.072,31.754,88.375,145.136,Roll
1.570,-0.043,-0.121,-34.641,163.161,286.685,Roll
0.963,-0.268,-0.037,-88.751,280.394,286.685,Roll
0.064,-0.752,0.186,-148.374,286.685,286.685,Roll
-0.169,-0.906,0.051,-183.409,273.341,286.685,Roll
-0.225,-0.618,-0.095,-204.348,190.129,286.685,Roll
-0.475,-0.333,-0.288,-203.910,97.423,286.685,Roll
-0.694,-0.225,-0.409,-183.295,56.893,286.685,Roll
-1.085,-0.361,-0.333,-135.144,28.595,286.685,Roll
-1.383,-0.569,-0.372,-71.094,-14.087,269.736,Roll
-1.322,-0.521,-0.272,-28.368,-27.388,50.943,Roll
-1.122,-0.340,-0.325,-18.366,-33.145,-117.276,Roll
-1.257,-0.569,-0.361,28.429,-17.483,-230.729,Roll
-1.378,-0.776,-0.123,56.254,-45.036,-286.685,Roll
-1.220,-0.519,-0.017,74.734,-112.866,-286.685,Roll
-0.978,-0.192,-0.044,124.556,-218.872,-286.685,Roll
-0.453,-0.043,-0.224,99.838,-264.066,-286.685,Roll
-0.057,-0.030,-0.198,74.314,-236.005,-286.685,Roll
0.307,0.022,-0.127,56.271,-211.794,-286.685,Roll
0.608,0.121,-0.133,51.450,-210.569,-286.685,Roll
1.288,0.395,-0.276,52.211,-192.509,-286.685,Roll
1.721,0.580,-0.223,48.256,-74.077,-211.208,Roll
1.639,-0.065,-0.244,35.805,91.175,25.401,Roll
1.561,-0.171,0.012,18.104,146.851,126.823,Roll
1.490,-0.521,0.091,2.888,193.742,238.893,Roll
1.350,-0.508,0.293,-35.429,209.913,286.685,Roll
0.977,-0.613,0.231,-62.746,205.205,286.685,Roll
0.651,-0.700,0.129,-78.374,224.595,286.685,Roll
0.144,-0.788,0.116,-118.309,267.619,286.685,Roll
-0.165,-0.671,-0.024,-143.911,255.150,286.685,Roll
-0.393,-0.495,-0.166,-146.711,213.535,286.685,Roll
-0.529,-0.358,-0.325,-145.092,170.441,286.685,Roll
-0.794,-0.365,-0.231,-123.664,137.497,286.685,Roll
-1.057,-0.459,-0.117,-85.452,33.967,286.685,Roll
-1.383,-0.674,-0.186,-50.829,-48.064,217.989,Roll
-1.310,-0.567,-0.305,-28.149,-63.595,-14.394,Roll
-1.116,-0.367,-0.298,-30.905,-14.394,-181.965,Roll
-1.127,-0.460,-0.137,5.416,-22.846,-283.999,Roll
-1.315,-0.737,0.158,4.996,-69.886,-286.685,Roll
-1.320,-0.425,0.140,-5.276,-190.610,-286.685,Roll
-1.067,0.014,-0.168,9.214,-286.589,-286.685,Roll
-0.833,0.155,-0.267,8.995,-286.685,-286.685,Roll
-0.322,0.112,-0.350,-20.256,-271.749,-286.685,Roll
0.213,0.296,-0.443,-43.522,-193.585,-286.685,Roll
0.943,0.558,-0.498,0.569,-149.546,-286.685,Roll
1.647,0.660,-0.594,19.915,-54.932,-279.737,Roll
1.699,0.279,-0.550,26.442,81.471,-68.906,Roll
1.488,-0.012,-0.139,40.609,146.624,41.072,Roll
1.327,-0.525,0.022,39.217,189.166,130.025,Roll
1.537,-0.461,0.224,31.622,188.624,181.090,Roll
1.494,-0.362,0.265,13.746,205.459,276.806,Roll
0.842,-0.749,0.329,-43.269,229.967,286.685,Roll
0.441,-0.889,0.208,-91.691,282.415,286.685,Roll
0.085,-0.867,0.203,-136.334,286.685,286.685,Roll
-0.105,-0.828,0.165,-154.516,278.871,286.685,Roll
-0.354,-0.621,-0.027,-174.046,200.288,286.685,Roll
-0.610,-0.454,-0.206,-177.625,120.085,286.685,Roll
-0.966,-0.429,-0.198,-153.020,48.632,286.685,Roll
-1.319,-0.573,-0.295,-109.279,10.789,283.168,Roll
-1.203,-0.461,-0.636,-58.896,72.546,155.426,Roll
-1.104,-0.424,-0.326,-15.225,103.232,62.388,Roll
-0.945,-0.407,-0.162,-19.233,89.679,-45.964,Roll
-0.879,-0.439,-0.118,-22.076,81.384,-133.131,Roll
-0.925,-0.740,-0.286,31.850,-28.341,-235.288,Roll
-1.332,-1.112,-0.333,98.525,-78.794,-286.685,Roll
-1.412,-0.568,-0.149,132.116,-99.488,-286.685,Roll
-0.648,0.157,-0.301,180.197,-208.486,-286.685,Roll
-0.046,0.001,-0.403,203.429,-253.986,-286.685,Roll
0.004,-0.252,0.040,156.380,-228.725,-286.685,Roll
0.424,0.140,-0.054,100.065,-238.184,-286.685,Roll
1.343,0.674,-0.231,84.096,-234.605,-286.685,Roll
1.876,0.660,-0.355,40.504,-146.807,-286.554,Roll
1.744,0.111,-0.192,-33.757,46.322,-38.631,Roll
1.352,-0.326,0.158,-71.190,116.576,48.335,Roll
1.396,-0.557,0.079,-40.373,50.943,-17.736,Roll
1.521,-0.345,0.195,-10.526,-10.010,-56.271,Roll
1.678,-0.114,-0.191,-40.906,-29.750,49.464,Roll
1.632,-0.035,-0.333,-44.345,92.951,235.533,Roll
1.477,-0.017,-0.226,-78.041,219.949,286.685,Roll
1.061,-0.012,-0.034,-107.809,257.836,286.685,Roll
0.509,-0.207,-0.061,-129.167,254.398,286.685,Roll
0.142,-0.615,-0.148,-141.943,271.723,286.685,Roll
0.229,-0.522,-0.171,-134.969,249.393,286.685,Roll
0.026,-0.217,-0.097,-153.309,201.530,286.685,Roll
-0.277,-0.084,-0.100,-219.931,184.992,286.685,Roll
-0.647,0.081,-0.117,-256.839,148.155,286.685,Roll
-0.994,-0.014,0.028,-246.339,10.631,286.685,Roll
-1.406,-0.308,-0.022,-205.538,-174.667,278.854,Roll
-1.487,0.008,-0.456,-202.921,-159.915,16.870,Roll
-0.997,0.568,-0.511,-120.488,-50.549,-76.099,Roll
-0.859,0.570,-0.368,-53.034,-1.225,-23.100,Roll
-1.293,0.128,-0.197,-1.216,26.206,-15.295,Roll
-1.767,-0.332,-0.122,23.809,19.425,-175.464,Roll
-1.955,-0.330,-0.071,37.853,-29.365,-286.685,Roll
-1.792,-0.002,-0.154,85.592,-100.345,-286.685,Roll
-1.149,0.208,-0.060,102.707,-87.115,-286.685,Roll
-0.944,-0.097,0.199,39.909,-35.403,-286.685,Roll
-0.716,0.061,0.166,8.759,-77.525,-286.685,Roll
-0.328,0.505,-0.053,1.102,-143.789,-286.685,Roll
0.164,0.708,-0.331,-8.146,-173.014,-286.685,Roll
0.972,0.903,-0.498,9.538,-158.217,-286.685,Roll
1.666,0.945,-0.485,11.471,-73.448,-286.685,Roll
1.689,0.438,-0.600,-18.795,17.981,-121.476,Roll
1.578,0.170,-0.581,9.476,73.920,-12.399,Roll
1.421,-0.443,-0.084,66.640,122.211,23.389,Roll
1.589,-0.634,0.292,54.862,89.661,-18.795,Roll
1.890,-0.324,0.248,24.220,27.046,28.525,Roll
1.999,0.198,-0.002,3.570,35.551,159.329,Roll
1.974,1.035,-0.297,-14.621,193.777,286.685,Roll
0.066,0.330,-0.462,-65.048,286.685,286.685,Roll
-0.846,-0.685,-0.109,-106.356,286.685,286.685,Roll
-0.620,-0.711,0.143,-110.933,286.457,286.685,Roll
-0.489,-0.564,0.197,-149.039,179.559,286.685,Roll
-0.589,-0.252,0.142,-209.344,60.410,286.685,Roll
-0.774,0.042,-0.005,-228.130,-17.710,286.685,Roll
-1.162,0.064,-0.330,-180.504,-91.963,286.685,Roll
-1.552,-0.106,-0.573,-43.829,-106.890,216.799,Roll
-1.425,-0.114,-0.494,3.981,-78.181,53.865,Roll
-1.135,0.099,-0.211,-44.599,1.050,-87.859,Roll
-1.166,0.020,-0.197,-24.754,15.216,-142.966,Roll
-1.488,-0.446,-0.095,4.034,37.616,-219.424,Roll
-1.586,-0.641,0.126,-0.219,35.717,-286.685,Roll
-1.583,-0.482,0.204,3.500,-46.506,-286.685,Roll
-1.243,-0.192,0.073,3.132,-108.955,-286.685,Roll
-1.086,0.022,-0.044,-2.511,-98.324,-286.685,Roll
-0.434,0.418,-0.061,-10.605,-89.206,-286.685,Roll
0.146,0.456,-0.174,-13.755,-76.011,-286.685,Roll
0.566,0.514,-0.127,13.309,-111.116,-286.685,Roll
1.098,0.774,-0.323,28.980,-175.805,-286.685,Roll
1.379,0.763,-0.500,30.109,-161.341,-286.685,Roll
1.668,0.648,-0.687,23.966,-72.109,-231.324,Roll
1.918,0.824,-0.649,19.968,80.482,-39.839,Roll
1.999,0.592,-0.462,81.725,223.221,174.589,Roll
1.878,0.227,-0.164,109.060,233.126,285.862,Roll
1.310,-0.294,0.289,96.381,223.379,286.685,Roll
0.590,-0.718,0.448,-31.246,253.977,286.685,Roll
0.326,-0.827,0.116,-105.893,257.495,286.685,Roll
0.126,-0.578,0.072,-120.811,248.675,286.685,Roll
-0.288,-0.434,-0.066,-147.656,213.544,286.685,Roll
-0.629,-0.250,-0.218,-179.401,172.742,286.685,Roll
-0.890,-0.108,-0.387,-199.080,156.555,286.685,Roll
-1.029,-0.218,-0.239,-127.916,97.256,286.685,Roll
-1.059,-0.400,-0.145,-86.118,23.966,286.676,Roll
-0.921,-0.254,-0.007,-63.254,-67.603,152.836,Roll
-0.864,0.019,-0.233,-101.832,-93.975,47.915,Roll
-1.038,0.126,-0.431,-83.309,-69.676,19.285,Roll
-1.277,-0.056,-0.420,-37.721,-36.776,-16.170,Roll
-1.673,-0.490,-0.191,3.386,0.210,-91.149,Roll
-1.908,-0.712,0.046,19.784,-35.998,-285.005,Roll
-1.839,-0.400,-0.106,39.944,-122.281,-286.685,Roll
-1.334,-0.270,-0.148,46.847,-125.239,-286.685,Roll
-1.098,-0.142,0.106,28.087,-98.411,-286.685,Roll
-0.828,-0.109,0.100,-20.869,-87.036,-286.685,Roll
-0.280,0.471,-0.030,-26.705,-100.109,-286.685,Roll
0.343,0.526,-0.351,2.030,-170.800,-286.685,Roll
0.876,0.553,-0.291,39.077,-206.929,-286.685,Roll
1.345,0.755,-0.351,19.792,-195.081,-286.685,Roll
1.738,0.801,-0.762,-10.719,-68.320,-179.349,Roll
1.592,0.395,-0.700,31.378,99.540,21.350,Roll
1.532,-0.020,-0.427,86.293,143.710,118.414,Roll
1.601,-0.010,-0.214,128.275,131.495,131.276,Roll
1.518,0.034,-0.113,161.954,119.980,265.571,Roll
1.062,-0.206,0.217,141.680,188.641,286.685,Roll
0.723,-0.455,0.298,72.310,259.359,286.685,Roll
0.190,-0.514,0.281,26.206,286.685,286.685,Roll
-0.373,-0.553,0.203,-44.739,286.685,286.685,Roll
-0.807,-0.531,0.042,-130.148,286.685,286.685,Roll
-0.969,-0.295,-0.041,-208.329,286.685,286.685,Roll
-1.075,-0.215,-0.218,-240.249,230.361,286.685,Roll
-1.662,-0.598,-0.408,-203.849,156.643,286.685,Roll
-1.823,-0.723,-0.329,-54.784,41.615,97.107,Roll
-1.411,-0.209,-0.265,-31.430,-5.276,-167.764,Roll
-1.446,-0.430,-0.402,-1.916,-17.045,-280.586,Roll
-1.591,-0.633,-0.106,34.904,-39.769,-286.685,Roll
-1.407,-0.420,-0.061,48.072,-98.630,-286.685,Roll
-1.055,0.019,-0.286,58.800,-195.423,-286.685,Roll
-0.635,0.248,-0.350,86.765,-258.571,-286.685,Roll
-0.203,0.129,-0.222,77.000,-286.685,-286.685,Roll
0.222,0.328,-0.276,24.675,-286.685,-286.685,Roll
0.729,0.731,-0.579,-5.556,-255.736,-286.685,Roll
1.681,0.907,-0.834,-25.183,-159.477,-285.652,Roll
1.677,0.393,-0.854,-33.005,84.105,30.319,Roll
1.194,-0.095,-0.171,5.381,238.000,157.439,Roll
1.125,-0.474,-0.026,37.065,182.166,193.576,Roll
1.043,-0.712,0.094,65.564,151.401,168.184,Roll
1.137,-0.484,0.171,59.036,117.723,207.804,Roll
1.052,-0.469,0.094,40.556,187.136,286.685,Roll
0.654,-0.437,-0.034,3.797,286.204,286.685,Roll
0.250,-0.478,-0.116,-14.166,286.685,286.685,Roll
-0.341,-0.434,-0.153,-55.405,286.685,286.685,Roll
-0.697,-0.311,-0.196,-87.771,286.685,286.685,Roll
-0.825,-0.062,-0.012,-129.133,285.688,286.685,Roll
-1.228,-0.082,0.331,-156.747,110.906,286.685,Roll
-1.404,-0.396,0.353,-145.652,-81.086,286.685,Roll
-1.503,-0.069,0.088,-93.450,-260.453,257.591,Roll
-1.242,0.233,-0.334,-66.719,-202.974,130.174,Roll
-1.034,0.553,-0.224,-76.213,-15.890,88.200,Roll
-1.145,0.354,0.109,-25.585,21.604,100.345,Roll
-1.347,0.132,0.147,-15.759,8.671,31.272,Roll
-1.654,-0.199,0.134,-17.071,4.392,-77.009,Roll
-1.744,-0.240,0.285,-38.605,-4.471,-281.724,Roll
-1.607,-0.024,0.258,-45.342,-47.338,-286.685,Roll
-1.522,0.064,0.175,-17.579,-82.154,-286.685,Roll
-1.364,0.004,0.298,-8.505,-77.192,-286.685,Roll
-1.168,-0.142,0.394,-29.951,-58.923,-286.685,Roll
-0.808,0.068,0.417,-28.945,-83.738,-286.685,Roll
-0.255,0.067,0.156,-28.954,-127.409,-286.685,Roll
-0.011,0.047,0.122,-27.081,-135.310,-286.685,Roll
0.455,0.137,0.147,-24.272,-162.671,-286.685,Roll
0.964,0.238,0.035,-45.194,-172.209,-286.685,Roll
1.300,0.311,-0.218,-73.001,-131.408,-284.848,Roll
1.379,0.148,-0.469,-67.725,-60.638,-160.116,Roll
1.372,0.014,-0.421,-32.996,-31.430,-93.774,Roll
1.496,-0.135,-0.351,12.119,8.111,-43.820,Roll
1.792,-0.029,-0.255,29.575,59.150,51.809,Roll
1.938,0.162,-0.053,3.412,164.246,258.633,Roll
1.647,0.193,0.128,-35.840,218.969,286.685,Roll
0.901,-0.116,0.170,-106.033,242.935,286.685,Roll
0.497,-0.331,0.061,-147.761,215.609,286.685,Roll
0.301,-0.296,0.059,-145.932,127.033,286.685,Roll
-0.070,-0.140,0.116,-146.956,63.630,286.685,Roll
-0.460,0.161,0.045,-177.065,-2.126,286.685,Roll
-0.801,0.518,-0.218,-192.080,-2.651,286.685,Roll
-1.101,0.578,-0.317,-183.636,3.544,286.685,Roll
-1.855,0.059,-0.541,-101.876,-20.440,286.685,Roll
-1.743,-0.358,-0.066,-7.919,-75.723,231.315,Roll
-1.288,0.105,-0.081,-88.699,-61.661,-32.533,Roll
-1.176,0.397,-0.348,-43.916,-71.584,-99.199,Roll
-1.566,0.112,-0.434,4.489,-15.986,-81.454,Roll
-1.999,-0.511,-0.036,34.204,73.185,-196.735,Roll
-1.986,-0.425,0.063,49.779,8.216,-286.685,Roll
-1.868,-0.232,-0.074,71.391,-57.829,-286.685,Roll
-1.500,0.046,-0.128,70.499,-45.316,-286.685,Roll
-1.090,-0.101,0.038,64.348,-19.355,-286.685,Roll
-0.706,0.143,0.198,39.287,-59.404,-286.685,Roll
-0.367,0.255,0.054,19.792,-101.150,-286.685,Roll
0.021,0.473,0.012,16.993,-126.245,-286.685,Roll
0.781,0.757,-0.103,8.339,-163.310,-286.685,Roll
1.699,1.116,-0.240,-30.660,-146.458,-286.685,Roll
1.767,0.790,-0.575,-51.975,-41.186,-82.827,Roll
1.472,0.388,-0.644,-41.904,43.820,29.138,Roll
1.406,0.020,-0.425,14.858,92.207,70.192,Roll
1.612,-0.065,-0.166,69.003,83.309,75.915,Roll
1.961,0.349,-0.151,58.222,106.741,257.609,Roll
1.546,0.245,-0.026,26.285,159.556,286.685,Roll
0.893,-0.071,0.042,-41.143,203.761,286.685,Roll
0.575,-0.245,0.142,-65.791,168.761,286.685,Roll
0.266,-0.243,0.378,-76.055,83.169,286.685,Roll
-0.211,-0.045,0.334,-104.965,36.706,286.685,Roll
-0.609,0.362,0.023,-153.930,14.070,286.685,Roll
-1.108,0.625,-0.140,-182.551,20.414,286.685,Roll
-1.568,0.476,-0.389,-149.188,13.169,286.685,Roll
-1.999,-0.285,-0.682,-30.074,-8.172,286.685,Roll
-1.586,-0.317,0.167,-8.225,-25.812,129.264,Roll
-1.208,0.248,-0.134,-93.905,-69.361,-69.186,Roll
-1.180,0.433,-0.510,-23.083,-36.181,-55.764,Roll
-1.427,0.178,-0.443,12.766,50.995,-14.726,Roll
-1.727,-0.309,-0.192,39.856,125.982,-68.372,Roll
-1.848,-0.547,-0.011,70.376,77.158,-275.170,Roll
-1.798,-0.444,-0.060,95.891,2.170,-286.685,Roll
-1.548,-0.195,-0.084,100.537,-18.900,-286.685,Roll
-1.253,-0.147,-0.055,109.996,-22.278,-286.685,Roll
-0.759,0.276,0.077,103.810,-53.401,-286.685,Roll
-0.098,0.285,0.029,87.614,-81.944,-286.685,Roll
0.175,0.278,0.079,79.476,-100.205,-286.685,Roll
0.781,0.590,0.102,72.188,-167.965,-286.685,Roll
1.417,0.737,-0.093,42.744,-214.769,-286.685,Roll
1.577,0.706,-0.408,-18.970,-121.940,-193.821,Roll
1.402,0.240,-0.649,-20.685,-18.139,-24.430,Roll
1.095,-0.030,-0.406,13.020,1.697,-16.039,Roll
1.295,-0.177,-0.347,58.607,-56.551,-54.661,Roll
1.598,0.190,-0.259,86.817,-127.207,-44.240,Roll
1.620,0.241,-0.465,97.974,-141.286,116.217,Roll
1.450,0.178,-0.634,111.685,-65.205,220.500,Roll
1.124,0.067,-0.552,120.899,17.789,286.685,Roll
0.842,-0.170,-0.441,157.290,54.338,286.685,Roll
0.741,-0.137,-0.324,195.545,59.395,286.685,Roll
0.468,-0.037,-0.139,273.271,78.059,286.685,Roll
-0.216,0.101,-0.016,286.291,210.341,286.685,Roll
-1.212,0.304,-0.127,219.476,286.685,286.685,Roll
-1.634,0.356,0.030,161.438,286.685,286.685,Roll
-1.787,0.062,0.248,34.562,286.685,286.685,Roll
-1.997,-0.697,0.307,-67.637,229.679,286.685,Roll
-1.567,-0.632,0.115,-21.901,-76.912,142.791,Roll
-0.994,0.131,-0.011,-62.641,-92.295,-5.880,Roll
-0.754,0.509,-0.252,-65.100,0.403,33.346,Roll
-1.308,0.083,-0.062,-24.754,64.671,101.062,Roll
-1.661,-0.288,-0.054,-12.294,59.623,-18.218,Roll
-1.653,-0.261,-0.113,-17.141,57.566,-167.659,Roll
-1.610,-0.124,-0.038,4.077,31.579,-286.685,Roll
-1.758,-0.277,0.030,34.186,-13.991,-286.685,Roll
-1.602,-0.207,0.175,26.539,-43.356,-286.685,Roll
-1.639,-0.199,0.146,31.106,-78.890,-286.685,Roll
-1.039,0.449,-0.024,20.720,-123.244,-286.685,Roll
-0.349,0.436,-0.160,-5.845,-131.364,-286.685,Roll
0.123,0.589,-0.160,-24.202,-114.511,-286.685,Roll
0.847,0.874,-0.200,-18.471,-138.066,-286.685,Roll
1.301,0.732,-0.543,-25.069,-152.232,-286.685,Roll
1.446,0.465,-0.496,-25.174,-76.930,-218.855,Roll
1.385,0.235,-0.453,-53.541,52.999,-95.296,Roll
1.496,0.066,-0.438,-8.312,80.999,-53.209,Roll
1.603,0.061,-0.296,45.430,44.669,-29.155,Roll
1.756,0.022,-0.345,55.702,35.560,37.643,Roll
1.773,-0.010,-0.236,52.666,86.730,167.466,Roll
1.570,-0.014,-0.091,30.966,133.665,286.589,Roll
1.330,-0.115,-0.036,11.786,158.182,286.685,Roll
0.996,-0.220,0.030,5.276,158.182,286.685,Roll
0.704,-0.233,0.043,5.836,135.467,286.685,Roll
0.393,-0.178,0.112,8.627,120.636,286.685,Roll
0.077,-0.093,0.180,-4.165,117.276,286.685,Roll
-0.590,0.032,0.129,-57.610,139.851,286.685,Roll
-0.950,0.385,-0.215,-134.557,189.831,286.685,Roll
-1.367,0.300,-0.263,-182.481,225.689,286.685,Roll
-1.889,-0.456,-0.245,-114.424,51.651,286.685,Roll
-1.918,-0.645,-0.101,-28.735,-96.259,81.611,Roll
-1.203,0.031,-0.085,-79.450,-103.075,-99.969,Roll
-0.871,0.519,-0.331,-91.893,-36.855,-111.982,Roll
-1.185,0.191,-0.378,2.118,10.474,-12.714,Roll
-1.884,-0.562,-0.033,32.217,74.620,-98.359,Roll
-1.925,-0.662,0.129,35.893,39.856,-269.876,Roll
-1.680,-0.279,0.102,43.557,-64.374,-286.685,Roll
-1.338,-0.043,-0.101,41.037,-115.692,-286.685,Roll
-1.032,-0.355,-0.064,37.196,-91.910,-286.685,Roll
-0.840,0.039,0.076,13.361,-106.382,-286.685,Roll
-0.391,0.076,0.011,-3.640,-109.139,-286.685,Roll
0.043,0.293,-0.084,-8.181,-135.406,-286.685,Roll
0.662,0.617,-0.325,12.014,-192.220,-286.685,Roll
1.238,0.823,-0.585,29.584,-205.205,-286.685,Roll
1.849,0.824,-0.871,32.069,-123.217,-256.069,Roll
1.727,0.359,-0.648,22.024,126.192,35.945,Roll
1.462,-0.134,-0.060,19.154,270.638,158.979,Roll
1.372,-0.337,0.225,19.259,218.225,184.914,Roll
1.207,-0.591,0.344,35.429,124.933,177.179,Roll
1.056,-0.710,0.165,78.452,-18.007,144.734,Roll
1.026,-0.601,0.060,128.345,-89.241,110.250,Roll
1.051,-0.495,0.041,146.851,-87.622,120.006,Roll
1.010,-0.464,0.132,156.809,-41.729,175.613,Roll
0.939,-0.458,0.207,150.658,7.919,233.459,Roll
0.924,-0.295,0.265,159.294,46.524,286.668,Roll
0.689,-0.287,0.304,155.531,95.077,286.685,Roll
0.184,-0.267,0.103,133.271,231.210,286.685,Roll
-0.529,-0.076,-0.116,115.159,286.685,286.685,Roll
-1.281,-0.207,0.038,45.728,286.685,286.685,Roll
-1.367,-0.171,0.225,-27.265,286.685,286.685,Roll
-1.221,-0.146,0.219,-203.411,286.685,286.685,Roll
-1.487,-0.554,0.446,-278.250,256.288,286.685,Roll
-1.764,-0.244,-0.280,-167.046,-95.314,48.002,Roll
-1.287,0.357,-0.802,-70.927,-77.647,-221.541,Roll
-0.932,0.525,-0.360,-41.519,126.866,-190.925,Roll
-1.138,0.089,-0.170,2.152,159.749,-129.973,Roll
-1.619,-0.588,-0.064,52.500,95.848,-238.490,Roll
-1.613,-0.388,-0.118,75.591,4.191,-286.685,Roll
-1.271,0.012,-0.185,99.986,-85.671,-286.685,Roll
-1.010,0.153,-0.253,104.317,-126.927,-286.685,Roll
-0.574,0.186,-0.260,91.770,-134.225,-286.685,Roll
-0.207,0.326,-0.089,64.129,-107.923,-286.685,Roll
0.266,0.234,-0.155,16.292,-86.012,-286.685,Roll
0.875,0.512,-0.245,17.596,-104.545,-286.685,Roll
1.321,0.628,-0.315,22.645,-104.221,-286.685,Roll
1.724,0.684,-0.460,30.993,-66.220,-273.035,Roll
1.730,0.235,-0.548,37.870,49.499,-45.071,Roll
1.716,-0.105,-0.207,42.612,159.224,54.941,Roll
1.843,-0.174,0.024,49.280,174.799,125.606,Roll
1.684,-0.337,0.273,35.901,153.440,279.116,Roll
1.203,-0.544,0.276,-15.820,139.309,286.685,Roll
1.013,-0.561,0.108,-63.735,143.929,286.685,Roll
0.678,-0.537,0.068,-75.906,148.251,286.685,Roll
0.236,-0.564,0.155,-83.685,135.319,286.685,Roll
-0.147,-0.455,0.052,-111.650,106.260,286.685,Roll
-0.468,-0.248,-0.096,-126.411,83.571,286.685,Roll
-0.655,-0.078,-0.148,-127.654,65.249,286.685,Roll
-1.021,-0.123,-0.184,-98.989,26.950,286.685,Roll
-1.487,-0.362,-0.336,-34.361,-11.191,286.685,Roll
-1.516,-0.549,-0.273,20.239,2.818,216.702,Roll
-1.132,-0.303,-0.028,-19.014,34.685,21.647,Roll
-1.033,-0.144,-0.024,-45.439,19.294,-52.211,Roll
-1.094,-0.122,-0.257,-29.584,9.712,-85.505,Roll
-1.361,-0.411,-0.357,-14.954,93.135,-127.776,Roll
-1.651,-0.643,-0.135,24.036,112.035,-282.896,Roll
-1.595,-0.487,0.026,77.717,11.690,-286.685,Roll
-1.351,-0.249,-0.043,106.934,-53.042,-286.685,Roll
-1.090,-0.132,-0.041,118.204,-75.442,-286.685,Roll
-0.648,0.104,-0.073,92.549,-78.934,-286.685,Roll
-0.110,0.493,-0.044,87.544,-71.076,-286.685,Roll
0.399,0.722,-0.026,91.420,-81.681,-286.685,Roll
1.191,0.969,-0.104,87.745,-129.229,-286.685,Roll
1.808,0.838,-0.117,30.161,-135.800,-285.924,Roll
1.698,0.336,-0.420,-41.309,-1.732,-50.750,Roll
1.523,-0.031,-0.232,-34.510,108.771,20.536,Roll
1.703,-0.281,0.188,-38.491,139.869,24.124,Roll
1.887,-0.165,0.353,-37.809,36.881,26.521,Roll
1.913,-0.104,-0.030,-56.980,-32.541,141.383,Roll
1.866,0.049,-0.163,-78.671,3.447,246.899,Roll
1.595,0.231,-0.188,-126.394,79.957,286.685,Roll
1.231,0.192,-0.212,-143.973,111.527,286.685,Roll
1.037,0.022,-0.171,-105.262,77.665,286.685,Roll
0.714,-0.067,-0.013,-76.869,39.007,286.685,Roll
0.374,0.021,-0.039,-65.756,-6.142,286.685,Roll
-0.189,0.108,0.103,-76.195,-7.648,286.685,Roll
-0.526,0.114,0.150,-126.044,-21.236,286.685,Roll
-0.792,0.241,-0.207,-143.071,-17.185,286.685,Roll
-1.038,0.203,-0.391,-128.765,8.575,286.685,Roll
-1.447,-0.160,-0.397,-79.240,13.169,286.685,Roll
-1.332,-0.227,-0.135,-64.365,17.745,164.675,Roll
-1.160,0.040,-0.040,-84.420,13.860,24.202,Roll
-1.058,0.307,-0.367,-57.960,-11.086,-64.173,Roll
-1.270,0.269,-0.579,-0.604,51.476,-72.494,Roll
-1.489,0.094,-0.600,56.604,134.881,-146.974,Roll
-1.569,-0.181,-0.366,110.119,137.891,-261.511,Roll
-1.399,-0.263,-0.082,196.980,38.141,-286.685,Roll
-1.047,-0.046,-0.055,236.679,-51.345,-286.685,Roll
-0.718,0.003,-0.104,231.849,-51.914,-286.685,Roll
-0.129,0.265,-0.029,212.074,-44.739,-286.685,Roll
0.248,0.110,0.110,203.648,-96.408,-286.685,Roll
0.857,0.252,-0.127,169.943,-141.601,-286.685,Roll
1.565,0.361,-0.480,164.780,-170.887,-286.685,Roll
1.999,0.314,-0.210,154.516,-90.475,-286.562,Roll
1.999,0.200,0.216,80.168,57.496,-82.941,Roll
1.999,0.035,0.420,12.119,122.815,142.012,Roll
1.936,-0.263,0.447,-16.599,94.894,232.295,Roll
1.609,-0.324,0.296,-49.245,42.140,286.685,Roll
1.365,-0.233,0.106,-79.433,36.417,286.685,Roll
1.118,-0.231,-0.016,-100.756,64.006,286.685,Roll
0.867,-0.114,-0.123,-126.438,126.438,286.685,Roll
0.468,-0.164,-0.117,-135.712,152.635,286.685,Roll
0.157,-0.153,-0.019,-154.761,141.566,286.685,Roll
-0.185,-0.096,-0.062,-179.226,85.951,286.685,Roll
-0.404,0.008,-0.056,-149.485,-0.674,286.685,Roll
-0.543,0.024,-0.032,-134.286,-57.636,286.685,Roll
-0.810,0.022,-0.059,-138.276,-111.195,286.685,Roll
-1.164,0.055,-0.184,-129.649,-126.332,270.716,Roll
-1.222,0.201,-0.266,-76.335,-95.436,139.545,Roll
-1.201,0.362,-0.123,-33.224,-19.880,77.122,Roll
-1.500,0.329,-0.154,-19.075,21.201,60.445,Roll
-1.999,0.037,-0.421,17.465,88.567,-30.415,Roll
-1.828,0.024,-0.319,70.289,165.760,-238.962,Roll
-1.654,-0.068,-0.065,120.076,141.181,-286.685,Roll
-1.506,-0.121,-0.017,155.068,89.276,-286.685,Roll
-1.297,0.030,0.007,190.872,32.646,-286.685,Roll
-0.880,0.378,-0.023,196.814,-7.823,-286.685,Roll
-0.145,0.769,-0.073,203.131,-58.572,-286.685,Roll
0.390,0.777,-0.135,170.546,-42.044,-286.685,Roll
0.997,0.699,-0.076,167.720,-16.004,-286.685,Roll
1.760,0.647,-0.139,166.749,-43.732,-286.685,Roll
1.962,0.316,0.292,134.435,-1.776,-255.027,Roll
1.998,0.207,0.536,39.375,89.626,-97.834,Roll
1.999,0.030,0.716,2.275,92.059,-4.077,Roll
1.969,-0.323,0.592,-24.946,5.845,103.652,Roll
1.893,-0.245,0.244,-51.599,-48.116,174.265,Roll
1.826,-0.069,0.155,-78.890,0.989,284.524,Roll
1.605,0.167,0.186,-130.366,39.638,286.685,Roll
1.204,0.272,0.039,-187.145,98.446,286.685,Roll
0.695,0.105,-0.097,-222.250,133.989,286.685,Roll
0.441,0.026,-0.026,-222.163,122.272,286.685,Roll
0.202,0.115,-0.014,-223.405,48.020,286.685,Roll
-0.113,0.325,-0.091,-223.239,-0.262,286.685,Roll
-0.561,0.473,-0.104,-218.523,-28.656,286.685,Roll
-0.915,0.477,-0.082,-227.211,-72.529,286.685,Roll
-1.906,0.024,-0.894,-193.891,-74.629,286.685,Roll
-1.783,-0.314,-0.724,-51.039,36.085,109.874,Roll
-1.390,0.230,-0.111,-42.053,23.319,-148.881,Roll
-1.264,0.264,-0.698,27.414,-31.815,-194.521,Roll
-1.413,-0.160,-0.625,80.946,45.036,-213.640,Roll
-1.661,-0.602,-0.166,139.589,76.300,-286.685,Roll
-1.367,-0.130,-0.164,191.695,-30.196,-286.685,Roll
-0.732,0.400,-0.393,230.072,-95.270,-286.685,Roll
-0.152,0.497,-0.289,211.015,-54.005,-286.685,Roll
-0.022,0.159,-0.095,206.605,-47.329,-286.685,Roll
0.384,0.443,-0.004,177.012,-73.456,-286.685,Roll
0.988,0.592,-0.001,164.964,-89.723,-286.685,Roll
1.534,0.525,0.133,122.981,-76.624,-286.685,Roll
1.979,0.649,0.202,65.975,-16.712,-282.082,Roll
1.998,0.617,0.294,29.759,49.403,-137.095,Roll
1.999,0.000,0.387,-4.742,80.281,74.970,Roll
1.900,-0.584,0.339,-27.554,28.079,151.401,Roll
1.842,-0.657,0.311,-50.470,-21.149,168.639,Roll
1.998,-0.214,0.283,-77.936,-11.113,236.303,Roll
1.674,0.083,0.286,-140.053,19.994,286.685,Roll
1.180,0.221,-0.009,-183.820,49.236,286.685,Roll
0.820,0.178,-0.192,-191.739,92.190,286.685,Roll
0.423,-0.016,-0.309,-186.077,100.546,286.685,Roll
0.142,-0.042,-0.200,-167.038,68.364,286.685,Roll
-0.049,0.055,-0.133,-144.104,4.734,286.685,Roll
-0.270,0.058,-0.094,-113.706,-52.482,286.685,Roll
-0.548,0.099,-0.022,-94.570,-89.399,286.685,Roll
-0.848,0.095,0.009,-81.121,-125.317,286.685,Roll
-1.360,-0.064,-0.073,-77.394,-134.645,286.361,Roll
-1.646,-0.169,-0.309,-66.579,-94.439,115.631,Roll
-1.457,0.080,-0.185,-62.414,-2.152,-67.716,Roll
-1.384,0.205,-0.120,-39.366,7.726,-132.011,Roll
-1.626,-0.117,-0.165,5.836,-4.952,-243.364,Roll
-1.680,-0.333,-0.094,35.096,18.830,-286.685,Roll
-1.591,-0.325,0.094,49.350,19.705,-286.685,Roll
-1.125,-0.031,0.164,57.531,-24.360,-286.685,Roll
-0.909,-0.024,-0.045,68.232,-59.903,-286.685,Roll
-0.399,0.349,0.013,56.175,-34.974,-286.685,Roll
0.090,0.488,-0.072,33.565,-16.923,-286.685,Roll
0.620,0.525,-0.008,40.232,-9.809,-286.685,Roll
1.080,0.650,-0.007,54.924,-43.286,-286.685,Roll
1.512,0.736,-0.288,63.271,-78.890,-286.685,Roll
1.764,0.682,-0.527,85.243,-30.161,-266.551,Roll
1.876,0.433,-0.155,99.855,44.511,-179.602,Roll
1.892,0.106,0.217,71.942,82.871,-85.785,Roll
1.878,-0.166,0.159,55.510,32.865,-18.174,Roll
1.830,-0.285,0.070,50.619,-20.081,23.345,Roll
1.934,-0.201,-0.065,39.987,-25.323,64.759,Roll
1.838,-0.092,-0.004,34.361,-17.106,171.622,Roll
1.580,-0.057,0.067,21.551,6.702,282.686,Roll
1.416,-0.043,0.057,-2.879,41.860,286.685,Roll
1.212,0.089,0.001,-37.616,104.090,286.685,Roll
0.859,0.127,-0.094,-73.640,165.926,286.685,Roll
0.333,0.070,-0.078,-131.425,246.173,286.685,Roll
-0.048,-0.015,-0.026,-172.559,273.639,286.685,Roll
-0.467,-0.124,-0.097,-248.710,256.839,286.685,Roll
-0.585,0.097,-0.343,-280.630,191.170,286.685,Roll
-0.928,-0.011,-0.577,-236.189,118.912,286.685,Roll
-1.517,-0.441,-0.741,-86.861,34.186,286.309,Roll
-1.564,-0.637,-0.456,-30.993,19.635,-3.159,Roll
-1.292,-0.155,-0.287,-46.743,3.465,-198.555,Roll
-1.215,-0.022,-0.480,23.538,-67.025,-286.685,Roll
-1.301,-0.253,-0.343,98.989,-93.809,-286.685,Roll
-1.134,-0.211,-0.232,125.764,-105.831,-286.685,Roll
-0.852,0.036,-0.222,146.064,-130.839,-286.685,Roll
-0.366,0.191,-0.310,161.166,-148.286,-286.685,Roll
0.008,-0.036,-0.305,167.527,-161.140,-286.685,Roll
0.360,0.236,-0.294,139.519,-165.541,-286.685,Roll
0.853,0.265,-0.349,127.575,-112.884,-286.685,Roll
1.565,0.328,-0.032,101.378,-17.666,-286.685,Roll
1.965,0.416,0.181,74.060,77.061,-259.210,Roll
1.998,0.464,0.299,23.424,104.641,-100.564,Roll
1.957,-0.111,0.191,-5.915,112.735,111.440,Roll
1.647,-0.529,0.100,-9.222,84.306,165.988,Roll
1.494,-0.757,0.054,-6.081,57.033,182.709,Roll
1.300,-0.962,0.155,-16.100,38.220,178.395,Roll
1.221,-0.849,0.254,-41.055,15.925,153.904,Roll
1.379,-0.504,0.199,-52.036,-15.540,178.675,Roll
1.409,-0.236,0.111,-62.562,-5.968,258.204,Roll
1.075,-0.059,-0.097,-95.576,64.207,286.685,Roll
0.656,-0.096,-0.299,-132.589,166.574,286.685,Roll
0.334,-0.175,-0.203,-127.470,193.384,286.685,Roll
0.202,-0.206,-0.032,-117.836,130.506,286.685,Roll
-0.014,-0.111,0.033,-112.534,74.427,286.685,Roll
-0.311,0.160,-0.013,-106.120,29.934,286.685,Roll
-0.735,0.388,-0.044,-132.484,55.361,286.685,Roll
-1.374,0.232,-0.228,-156.712,58.529,286.685,Roll
-1.965,-0.268,-0.472,-100.756,1.768,286.685,Roll
-1.844,-0.257,-0.175,-26.757,-30.520,54.250,Roll
-1.510,0.197,-0.105,-66.080,-11.288,-171.334,Roll
-1.503,0.119,-0.356,6.816,-31.929,-263.953,Roll
-1.522,-0.130,-0.213,50.321,-8.479,-286.685,Roll
-1.426,-0.390,0.144,64.190,18.261,-286.685,Roll
-1.332,-0.338,0.251,87.762,-49.000,-286.685,Roll
-0.820,0.182,-0.018,76.746,-134.969,-286.685,Roll
-0.437,0.174,-0.258,74.681,-139.842,-286.685,Roll
-0.189,0.170,-0.002,63.420,-122.981,-286.685,Roll
0.293,0.288,-0.046,19.924,-103.661,-286.685,Roll
0.824,0.474,-0.171,8.391,-116.235,-286.685,Roll
1.350,0.506,-0.415,23.257,-129.614,-286.685,Roll
1.613,0.450,-0.486,15.671,-104.291,-286.685,Roll
1.667,0.295,-0.522,-0.875,-52.124,-207.804,Roll
1.826,0.131,-0.575,24.929,-6.108,-107.266,Roll
1.998,-0.058,-0.448,19.407,65.783,-24.272,Roll
1.998,-0.020,-0.378,21.534,53.778,45.579,Roll
1.998,-0.016,-0.446,38.150,21.394,200.812,Roll
1.667,-0.047,-0.401,29.663,76.317,286.685,Roll
1.073,-0.101,-0.237,-1.584,127.479,286.685,Roll
0.732,-0.248,-0.226,-21.087,145.057,286.685,Roll
0.480,-0.505,-0.222,-33.373,140.193,286.685,Roll
0.511,-0.396,-0.158,-20.388,103.574,286.685,Roll
0.466,-0.211,-0.085,7.525,77.402,286.685,Roll
0.077,-0.090,-0.015,21.753,81.576,286.685,Roll
-0.524,-0.120,0.022,-29.610,144.900,286.685,Roll
-0.820,0.007,-0.337,-122.351,262.019,286.685,Roll
-0.968,0.007,-0.352,-142.135,286.685,286.685,Roll
-1.082,-0.136,-0.023,-141.251,263.191,286.685,Roll
-1.229,-0.354,0.293,-168.184,50.068,286.545,Roll
-1.285,0.027,-0.168,-195.169,-121.319,97.274,Roll
-1.149,0.464,-0.763,-125.379,-103.504,-18.305,Roll
-1.124,0.493,-0.657,-16.345,9.441,-17.071,Roll
-1.215,0.268,-0.381,17.552,57.890,-44.581,Roll
-1.576,-0.144,-0.268,62.974,28.306,-168.044,Roll
-1.339,-0.063,-0.214,103.154,-27.956,-286.685,Roll
-1.507,-0.223,-0.202,137.462,-52.596,-286.685,Roll
-1.127,0.068,-0.056,150.045,-67.865,-286.685,Roll
-0.795,0.183,-0.056,143.465,-89.548,-286.685,Roll
-0.524,0.195,-0.115,124.442,-110.740,-286.685,Roll
-0.247,0.248,-0.034,129.167,-118.073,-286.685,Roll
0.328,0.234,-0.092,63.403,-111.431,-286.685,Roll
0.677,0.286,0.037,21.490,-89.198,-286.685,Roll
1.052,0.438,-0.142,-5.512,-111.624,-286.685,Roll
1.652,0.488,-0.716,11.156,-105.823,-286.685,Roll
1.989,0.209,-0.412,41.606,71.558,-180.932,Roll
1.998,-0.165,0.185,4.121,184.485,-42.368,Roll
1.998,-0.395,0.315,-20.081,171.369,14.368,Roll
1.969,-0.509,0.330,-28.665,70.805,67.734,Roll
1.763,-0.515,0.173,-38.482,-13.624,111.825,Roll
1.505,-0.365,0.067,-49.315,-45.946,141.006,Roll
1.438,-0.208,-0.035,-47.355,-58.397,168.236,Roll
1.481,0.042,-0.186,-29.820,-41.571,258.842,Roll
1.230,0.061,-0.281,-14.866,9.450,286.685,Roll
0.949,0.007,-0.199,-14.569,78.365,286.685,Roll
0.519,-0.026,-0.127,-26.968,123.384,286.685,Roll
0.144,-0.037,-0.124,-38.754,161.840,286.685,Roll
-0.210,-0.060,-0.135,-59.999,179.760,286.685,Roll
-0.499,0.107,-0.128,-81.253,156.196,286.685,Roll
-0.689,0.221,-0.091,-85.610,122.929,286.685,Roll
-0.983,0.123,0.069,-87.622,47.338,286.685,Roll
-1.691,-0.424,-0.175,-65.546,-46.419,286.685,Roll
-1.534,-0.462,-0.175,-13.466,-85.558,110.635,Roll
-1.159,-0.027,0.087,-76.335,-6.291,-55.213,Roll
-1.114,0.222,-0.025,-72.065,-4.742,-66.491,Roll
-1.471,-0.107,-0.256,-20.772,10.001,-111.982,Roll
-1.738,-0.442,0.009,-2.957,43.190,-279.309,Roll
-1.537,-0.162,0.135,-7.945,5.241,-286.685,Roll
-1.297,0.024,0.026,12.539,-56.193,-286.685,Roll
-0.958,-0.006,-0.115,38.054,-102.611,-286.685,Roll
-0.651,-0.152,-0.019,20.799,-60.393,-286.685,Roll
-0.351,-0.071,0.141,1.295,-27.247,-286.685,Roll
0.054,0.138,-0.014,-15.514,-38.745,-286.685,Roll
0.542,0.169,-0.127,-4.961,-37.905,-286.685,Roll
0.943,0.198,-0.153,-0.420,-44.354,-286.685,Roll
1.584,0.460,-0.388,8.767,-45.728,-286.685,Roll
1.858,0.363,-0.428,20.108,-14.551,-201.583,Roll
1.870,0.113,-0.078,6.309,68.793,-98.516,Roll
1.828,-0.091,0.130,-17.036,90.825,-14.770,Roll
1.776,-0.121,0.144,-13.108,16.529,32.340,Roll
1.723,-0.114,-0.070,-9.818,-33.110,78.776,Roll
1.658,-0.026,-0.303,-6.694,-20.151,170.380,Roll
1.588,0.107,-0.358,-5.023,40.714,285.294,Roll
1.216,-0.022,-0.225,-10.517,99.041,286.685,Roll
0.902,-0.224,-0.058,-26.854,129.036,286.685,Roll
0.615,-0.359,0.071,-60.708,138.819,286.685,Roll
0.430,-0.258,0.048,-84.088,120.802,286.685,Roll
0.019,-0.154,-0.087,-100.817,110.635,286.685,Roll
-0.306,-0.078,-0.193,-115.736,111.116,286.685,Roll
-0.601,0.112,-0.285,-123.935,102.874,286.685,Roll
-0.891,0.067,-0.247,-99.540,49.919,286.685,Roll
-1.417,-0.439,-0.198,-45.299,-58.013,286.685,Roll
-1.443,-0.640,-0.239,-13.011,-120.225,121.424,Roll
-1.117,-0.340,-0.126,-67.147,-59.474,-106.549,Roll
-0.769,0.118,-0.080,-60.060,-56.035,-146.711,Roll
-0.701,0.203,-0.125,10.894,-64.540,-95.830,Roll
-0.939,-0.131,-0.058,43.662,-4.576,-20.396,Roll
-1.139,-0.518,0.165,45.342,33.031,-56.569,Roll
-1.085,-0.597,0.319,39.410,8.382,-126.595,Roll
-1.041,-0.519,0.299,15.724,-45.990,-192.535,Roll
-1.245,-0.626,0.028,6.116,-44.109,-223.283,Roll
-1.219,-0.636,-0.081,2.616,33.040,-281.811,Roll
-1.185,-0.741,-0.031,0.429,92.426,-286.685,Roll
-1.116,-0.744,0.074,25.725,81.944,-286.685,Roll
-0.643,-0.316,0.127,31.964,-6.956,-286.685,Roll
-0.493,-0.396,-0.074,28.403,-70.569,-286.685,Roll
-0.310,-0.080,-0.214,48.676,-109.979,-286.685,Roll
0.711,0.630,-0.421,79.739,-139.878,-286.685,Roll
1.442,0.669,-0.317,103.539,-133.280,-286.685,Roll
1.729,0.594,-0.124,82.696,-107.791,-286.116,Roll
1.820,0.408,-0.259,4.060,3.019,-106.715,Roll
1.589,0.148,-0.147,-14.604,51.520,-17.010,Roll
1.386,-0.069,-0.112,-1.155,8.943,4.121,Roll
1.484,0.011,-0.301,17.071,-25.935,27.904,Roll
1.618,0.153,-0.403,11.349,20.361,150.920,Roll
1.737,0.369,-0.562,-1.820,84.507,277.909,Roll
1.268,0.371,-0.530,-24.115,190.768,286.685,Roll
0.495,0.031,-0.344,-49.263,284.856,286.685,Roll
0.150,-0.244,-0.071,-74.795,282.354,286.685,Roll
-0.175,-0.328,0.148,-119.989,239.295,286.685,Roll
-0.484,-0.011,-0.180,-202.764,180.801,286.685,Roll
-0.892,0.021,-0.107,-180.994,99.715,286.685,Roll
-1.304,-0.264,-0.153,-127.330,-66.728,286.685,Roll
-1.773,-0.643,-0.330,20.790,-192.885,279.886,Roll
-1.447,-0.686,-0.316,33.451,-126.525,120.312,Roll
-1.089,-0.196,0.068,-75.372,27.396,-20.221,Roll
-1.575,-0.343,-0.474,20.930,-17.605,-82.635,Roll
-1.665,-0.649,0.075,61.757,32.069,-254.914,Roll
-1.693,-0.624,0.112,27.886,13.248,-286.685,Roll
-1.287,-0.177,0.159,59.342,-94.955,-286.685,Roll
-0.770,-0.110,-0.010,77.368,-189.236,-286.685,Roll
-0.234,0.035,-0.134,91.823,-205.896,-286.685,Roll
0.278,0.117,0.005,56.219,-172.270,-286.685,Roll
0.484,-0.019,0.046,47.792,-163.992,-286.685,Roll
1.054,0.509,0.017,39.393,-228.156,-286.685,Roll
1.567,0.588,-0.286,25.681,-228.261,-286.685,Roll
1.743,0.537,-0.360,14.035,-150.098,-239.523,Roll
1.724,0.385,-0.589,17.097,-90.073,-108.229,Roll
1.561,0.114,-0.574,22.934,21.875,39.585,Roll
1.659,0.152,-0.395,39.252,89.985,167.773,Roll
1.578,0.206,-0.323,41.431,144.314,286.685,Roll
0.964,0.210,-0.116,21.455,199.395,286.685,Roll
0.095,-0.204,0.035,-48.816,286.685,286.685,Roll
-0.372,-0.558,-0.047,-129.342,286.685,286.685,Roll
-0.472,-0.576,-0.253,-168.166,276.115,286.685,Roll
-0.581,-0.407,-0.549,-190.006,239.837,286.685,Roll
-1.001,-0.779,-0.300,-92.855,148.575,286.685,Roll
-1.131,-1.016,-0.011,16.529,-42.088,238.717,Roll
-0.979,-1.044,-0.002,50.522,-91.927,66.552,Roll
-0.856,-0.981,0.169,47.416,-81.961,-76.816,Roll
-0.765,-1.032,0.089,24.894,-65.537,-109.226,Roll
-0.723,-1.050,0.134,23.774,-44.048,-162.470,Roll
-0.584,-0.937,0.166,24.159,-57.286,-207.462,Roll
-0.440,-0.849,0.149,40.521,-65.975,-200.742,Roll
-0.375,-0.876,0.294,40.819,-66.832,-178.824,Roll
-0.368,-0.912,0.237,21.534,-73.981,-168.630,Roll
-0.167,-0.766,0.083,12.898,-60.034,-159.810,Roll
-0.107,-0.881,0.073,25.629,-13.204,-147.061,Roll
0.089,-0.819,0.189,29.409,-3.211,-118.143,Roll
0.153,-0.964,0.181,17.483,19.600,-83.545,Roll
0.346,-0.943,0.101,4.016,47.311,-42.726,Roll
0.409,-0.935,0.143,-3.273,74.533,0.245,Roll
0.431,-0.877,0.166,-17.894,89.889,85.225,Roll
0.167,-0.985,0.151,-25.042,88.988,145.329,Roll
-0.115,-1.118,0.145,-8.934,59.946,118.650,Roll
-0.216,-1.209,0.215,15.619,13.720,57.269,Roll
-0.182,-1.172,0.325,33.303,-66.071,-53.681,Roll
-0.069,-1.082,0.359,39.734,-126.997,-123.349,Roll
0.083,-0.972,0.326,35.682,-147.044,-142.852,Roll
0.192,-0.915,0.261,26.827,-134.531,-130.095,Roll
0.329,-0.851,0.184,15.041,-90.676,-89.512,Roll
0.426,-0.764,0.176,14.166,-45.955,-43.890,Roll
0.410,-0.893,0.163,10.780,8.820,18.699,Roll
0.377,-0.935,0.243,11.830,25.786,44.940,Roll
0.277,-1.013,0.317,6.869,22.496,61.478,Roll
0.203,-0.975,0.215,-0.796,4.077,59.955,Roll
0.117,-0.963,0.170,5.994,-1.724,61.390,Roll
0.065,-1.017,0.154,11.305,-0.481,58.713,Roll
0.033,-1.011,0.169,15.654,2.188,38.045,Roll
-0.016,-0.981,0.197,30.091,0.928,16.327,Roll
-0.070,-0.943,0.265,50.627,-19.766,-11.454,Roll
-0.261,-0.889,0.210,56.569,-35.516,-31.868,Roll
-0.385,-0.967,0.198,89.058,-22.243,-57.129,Roll
-0.170,-1.063,0.520,56.298,32.156,-87.736,Roll
0.042,-1.090,0.513,7.796,60.296,-85.724,Roll
1.060,-0.812,0.421,-29.636,149.879,2.669,Roll
1.008,-0.665,0.533,-189.569,286.685,282.214,Roll
0.307,-0.528,0.268,-286.685,286.685,286.685,Roll
-0.156,-0.412,-0.083,-286.685,286.685,286.685,Roll
-0.901,-0.412,0.106,-286.685,147.604,286.685,Roll
-1.835,-0.365,-0.531,-286.606,-145.810,285.372,Roll
-1.403,0.058,-0.930,-176.015,-3.098,81.515,Roll
-0.720,0.548,-0.302,-130.042,100.039,17.946,Roll
-0.773,0.478,-0.380,-84.717,39.349,58.537,Roll
-1.467,-0.142,-0.695,15.181,16.196,-5.399,Roll
-1.640,-0.392,-0.275,125.746,11.830,-265.142,Roll
-1.246,0.075,-0.399,220.798,-125.300,-286.685,Roll
-0.916,0.182,-0.468,284.760,-181.046,-286.685,Roll
-0.851,0.111,-0.362,285.478,-164.771,-286.685,Roll
-0.579,0.151,-0.186,281.943,-181.125,-286.685,Roll
-0.337,-0.029,0.063,257.845,-215.005,-286.685,Roll
0.221,0.192,0.220,163.170,-220.220,-286.685,Roll
0.966,0.279,0.284,80.561,-163.039,-286.685,Roll
1.442,0.291,0.465,44.459,-110.880,-286.685,Roll
1.997,0.248,0.213,-19.731,-83.659,-223.055,Roll
1.998,0.033,-0.174,-51.039,28.604,51.931,Roll
1.962,-0.185,-0.101,-39.909,122.334,267.837,Roll
1.747,-0.125,0.153,-33.005,154.096,286.685,Roll
0.894,-0.322,0.455,-108.465,203.849,286.685,Roll
0.290,-0.481,0.201,-187.075,207.690,286.685,Roll
0.130,-0.306,0.131,-181.081,125.571,286.685,Roll
-0.072,-0.158,0.051,-187.023,74.104,286.685,Roll
-0.433,0.220,-0.140,-214.419,52.640,286.685,Roll
-0.913,0.386,-0.200,-210.525,64.260,286.685,Roll
-1.558,0.067,-0.455,-155.470,26.880,286.685,Roll
-1.848,-0.393,-0.271,-73.001,-11.856,286.685,Roll
-1.516,-0.353,0.083,-70.245,-44.091,151.253,Roll
-1.106,0.253,-0.282,-123.165,-16.406,-15.409,Roll
-1.125,0.369,-0.622,-47.591,3.964,-4.532,Roll
-1.432,0.076,-0.734,2.082,99.619,-41.667,Roll
-1.926,-0.528,-0.349,108.229,97.046,-202.064,Roll
-1.984,-0.487,-0.035,195.379,-54.661,-286.685,Roll
-1.375,0.120,-0.149,245.525,-216.212,-286.685,Roll
-0.630,0.290,-0.331,221.322,-284.427,-286.685,Roll
-0.244,-0.355,-0.268,190.452,-286.519,-286.685,Roll
0.071,0.046,0.275,176.575,-286.554,-286.685,Roll
0.403,-0.336,0.161,89.338,-267.706,-286.685,Roll
1.081,0.083,-0.007,54.670,-255.098,-286.685,Roll
1.769,0.382,-0.197,73.448,-228.489,-284.681,Roll
1.891,0.194,-0.282,57.531,-119.271,-124.696,Roll
1.742,0.258,-0.225,-7.586,75.162,191.275,Roll
1.003,-0.123,0.164,-21.079,239.059,286.685,Roll
0.372,-0.544,0.440,-48.991,286.589,286.685,Roll
0.086,-0.731,0.425,-77.613,286.396,286.685,Roll
-0.217,-0.758,0.218,-123.401,270.016,286.685,Roll
-0.314,-0.425,-0.269,-175.018,267.496,286.685,Roll
-0.758,-0.635,-0.360,-121.826,268.975,286.685,Roll
-0.811,-0.765,0.041,-31.255,162.557,286.685,Roll
-0.880,-0.816,0.167,-28.472,91.000,286.685,Roll
-1.029,-0.976,0.133,-46.874,12.434,224.140,Roll
-1.102,-0.885,-0.002,-51.826,-52.518,59.019,Roll
-1.132,-0.832,-0.174,-13.493,-51.502,-40.154,Roll
-1.075,-0.844,-0.160,13.169,-19.084,-85.899,Roll
-1.240,-1.102,0.067,55.737,-3.999,-179.524,Roll
-1.294,-1.095,0.347,77.997,-98.621,-286.685,Roll
-1.069,-0.751,0.256,85.129,-240.870,-286.685,Roll
-0.893,-0.646,0.128,84.438,-286.685,-286.685,Roll
-0.606,-0.318,-0.153,92.934,-286.685,-286.685,Roll
0.037,-0.161,-0.164,94.098,-286.685,-286.685,Roll
0.684,0.006,-0.136,28.612,-281.540,-286.685,Roll
1.066,0.110,-0.047,9.354,-223.991,-286.685,Roll
1.301,0.173,-0.110,-1.934,-164.202,-241.238,Roll
1.523,0.195,-0.230,-7.779,-95.533,-134.050,Roll
1.489,-0.038,-0.175,-27.344,43.382,29.584,Roll
1.447,-0.151,-0.087,-54.626,146.318,163.065,Roll
1.342,-0.209,-0.023,-80.841,205.818,283.587,Roll
0.968,-0.407,-0.011,-110.302,260.304,286.685,Roll
0.623,-0.634,0.010,-118.886,285.661,286.685,Roll
0.458,-0.667,0.057,-145.512,286.685,286.685,Roll
0.420,-0.686,-0.023,-184.520,286.685,286.685,Roll
0.202,-0.699,0.055,-202.947,286.685,286.685,Roll
-0.046,-0.749,-0.039,-209.624,286.212,286.685,Roll
-0.292,-0.810,0.010,-181.169,177.345,286.685,Roll
-0.519,-0.750,0.067,-164.360,39.638,286.685,Roll
-0.720,-0.679,-0.073,-175.175,-16.608,250.635,Roll
-0.789,-0.537,-0.315,-181.072,-12.390,191.319,Roll
-0.863,-0.356,-0.514,-124.810,-17.386,112.324,Roll
-0.877,-0.351,-0.524,-37.397,-28.901,76.755,Roll
-0.910,-0.424,-0.369,2.756,-13.379,58.196,Roll
-0.976,-0.520,-0.301,13.361,-15.278,19.897,Roll
-1.155,-0.706,-0.400,35.691,-27.501,-34.912,Roll
-1.495,-1.039,-0.341,101.868,-35.516,-220.614,Roll
-1.507,-0.765,-0.093,158.113,-102.900,-286.685,Roll
-1.132,-0.281,-0.240,220.342,-209.449,-286.685,Roll
-0.724,-0.019,-0.406,251.886,-280.446,-286.685,Roll
-0.341,0.152,-0.336,267.234,-286.685,-286.685,Roll
0.180,0.168,-0.119,234.570,-286.685,-286.685,Roll
0.916,0.605,0.107,152.731,-286.685,-286.685,Roll
1.848,0.767,-0.060,34.274,-222.880,-286.685,Roll
1.999,0.669,-0.097,-34.886,0.061,-120.505,Roll
1.963,0.279,0.110,-52.255,92.759,20.116,Roll
1.654,-0.146,0.198,-49.201,76.475,109.104,Roll
1.642,-0.079,-0.076,-26.740,16.100,172.165,Roll
1.781,0.141,-0.356,-40.110,104.247,286.668,Roll
1.443,0.432,-0.283,-63.289,205.870,286.685,Roll
0.553,0.143,0.004,-130.244,286.685,286.685,Roll
-0.322,-0.278,0.297,-218.461,286.685,286.685,Roll
-0.499,-0.152,0.095,-285.932,241.290,286.685,Roll
-0.452,0.227,-0.286,-286.685,193.952,286.685,Roll
-0.763,0.297,-0.345,-286.685,149.450,286.685,Roll
-1.218,0.021,-0.624,-210.761,-11.839,286.685,Roll
-1.692,-0.534,-0.672,-32.515,-73.491,175.831,Roll
-1.422,-0.130,-0.267,-9.502,-40.556,-173.416,Roll
-1.400,-0.132,-0.577,100.126,-115.019,-286.676,Roll
-1.392,-0.342,-0.459,213.745,-127.584,-286.685,Roll
-1.223,-0.459,-0.085,254.467,-142.625,-286.685,Roll
-0.697,-0.447,0.075,278.084,-173.950,-286.685,Roll
0.082,-0.325,0.091,269.080,-231.551,-286.685,Roll
0.543,-0.444,0.476,246.837,-285.381,-286.685,Roll
0.709,-0.577,0.494,156.310,-286.685,-286.685,Roll
1.120,-0.263,0.274,117.180,-281.654,-286.598,Roll
1.318,-0.242,0.220,97.772,-209.956,-221.673,Roll
1.472,-0.255,0.305,38.386,-37.730,-60.935,Roll
1.406,-0.255,0.302,-6.116,78.181,108.474,Roll
0.987,-0.422,0.263,-8.794,135.503,251.466,Roll
0.628,-0.538,0.315,3.727,155.811,286.685,Roll
0.186,-0.696,0.230,-16.555,232.697,286.685,Roll
-0.244,-0.825,0.119,-67.051,286.685,286.685,Roll
-0.627,-1.127,0.363,-66.141,286.685,286.676,Roll
-0.740,-1.343,0.568,-39.778,248.990,191.065,Roll
-0.526,-1.078,0.396,16.853,21.219,-59.710,Roll
-0.324,-0.956,0.470,99.601,-151.314,-159.889,Roll
0.088,-0.891,0.346,78.243,-196.402,-208.845,Roll
0.199,-0.842,0.414,50.978,-163.975,-232.155,Roll
0.386,-0.497,0.545,61.171,-164.640,-244.624,Roll
0.827,-0.485,0.227,6.886,-83.755,-144.856,Roll
1.049,-0.337,0.248,-37.660,94.675,10.579,Roll
1.008,-0.420,0.411,-87.588,230.186,139.247,Roll
0.738,-0.614,0.733,-172.462,286.685,280.464,Roll
0.510,-0.661,0.847,-272.580,286.685,286.685,Roll
0.218,-0.375,0.607,-286.685,228.060,286.685,Roll
-0.389,-0.253,0.333,-286.685,145.635,286.685,Roll
-0.751,0.042,0.107,-286.685,-0.306,286.685,Roll
-1.437,-0.102,-0.104,-286.685,-106.522,286.685,Roll
-1.999,-0.492,-0.920,-144.130,-175.350,118.064,Roll
-1.541,-0.103,-0.247,-32.489,29.522,-120.628,Roll
-1.383,-0.163,-0.085,-25.760,66.535,-186.104,Roll
-1.625,-0.585,-0.037,61.862,-24.666,-286.247,Roll
-1.580,-0.609,-0.144,139.318,-109.497,-286.685,Roll
-1.153,-0.070,-0.371,190.881,-164.850,-286.685,Roll
-0.645,-0.044,-0.255,227.911,-167.055,-286.685,Roll
-0.210,-0.013,0.013,230.125,-182.980,-286.685,Roll
0.172,0.144,0.176,213.544,-184.984,-286.685,Roll
0.940,0.518,0.249,173.066,-205.249,-286.685,Roll
1.917,0.987,0.239,117.556,-192.911,-286.685,Roll
1.999,0.879,0.067,24.850,-45.658,-116.944,Roll
1.963,0.422,0.101,-7.700,50.531,85.006,Roll
1.569,-0.265,0.271,-15.391,98.114,194.381,Roll
1.520,-0.482,0.364,1.610,56.910,202.641,Roll
1.656,-0.176,0.329,-20.772,39.716,285.582,Roll
1.357,-0.144,0.358,-59.447,85.382,286.685,Roll
0.837,-0.112,0.042,-165.804,205.590,286.685,Roll
0.124,-0.275,-0.094,-237.458,286.685,286.685,Roll
-0.173,-0.311,-0.056,-234.307,259.149,286.685,Roll
-0.268,-0.039,-0.227,-235.594,164.867,286.685,Roll
-0.546,0.052,-0.330,-245.595,134.732,286.685,Roll
-0.857,0.010,-0.234,-225.304,77.901,286.685,Roll
-1.156,-0.119,-0.312,-182.158,-21.612,286.685,Roll
-1.435,-0.252,-0.569,-111.790,-65.511,143.264,Roll
-1.240,0.102,-0.510,-68.198,-9.599,-83.571,Roll
-1.116,0.202,-0.498,-28.604,-1.706,-145.372,Roll
-1.608,-0.250,-0.824,99.785,23.888,-230.694,Roll
-1.780,-0.373,-0.200,254.686,7.219,-286.685,Roll
-1.287,0.016,0.132,286.685,-145.758,-286.685,Roll
-0.860,0.245,-0.150,282.021,-269.815,-286.685,Roll
-0.260,0.446,-0.133,283.010,-280.289,-286.685,Roll
0.292,0.342,-0.053,229.512,-283.867,-286.685,Roll
0.788,0.429,0.058,174.790,-263.209,-286.685,Roll
1.600,0.669,0.120,127.033,-220.465,-286.685,Roll
1.988,0.730,0.180,64.348,-73.238,-207.016,Roll
1.998,0.233,0.120,17.622,38.605,-26.478,Roll
1.799,-0.341,0.318,-7.367,144.524,126.901,Roll
1.723,-0.587,0.549,-21.569,158.340,205.678,Roll
1.790,-0.395,0.547,-43.522,150.290,286.685,Roll
1.286,-0.326,0.444,-107.765,205.065,286.685,Roll
0.538,-0.523,0.293,-207.559,286.685,286.685,Roll
0.013,-0.528,0.129,-269.211,286.685,286.685,Roll
-0.190,-0.452,-0.001,-286.466,286.685,286.685,Roll
-0.380,-0.249,-0.309,-286.685,285.828,286.685,Roll
-0.586,-0.147,-0.431,-285.460,202.125,286.685,Roll
-0.938,-0.296,-0.234,-188.965,40.792,286.685,Roll
-1.191,-0.428,-0.221,-103.136,-64.050,218.374,Roll
-1.006,-0.212,-0.384,-97.545,-25.891,11.007,Roll
-0.792,0.093,-0.366,-83.493,-0.858,-68.259,Roll
-0.788,0.158,-0.367,-34.029,0.543,-44.424,Roll
-1.158,-0.228,-0.483,-10.894,65.581,-47.303,Roll
-1.587,-0.590,-0.379,83.659,63.201,-218.855,Roll
-1.722,-0.601,-0.242,143.124,2.826,-286.685,Roll
-1.335,-0.064,-0.421,226.879,-121.293,-286.685,Roll
-1.035,0.106,-0.305,275.503,-144.673,-286.685,Roll
-0.552,0.097,-0.286,251.746,-134.969,-286.685,Roll
-0.120,0.246,-0.002,261.992,-110.548,-286.685,Roll
0.379,0.488,0.096,259.971,-138.994,-286.685,Roll
1.374,0.846,0.198,254.616,-166.635,-286.685,Roll
1.998,0.761,0.416,142.398,-85.155,-279.991,Roll
1.998,0.254,0.505,-18.559,109.603,-0.236,Roll
1.766,-0.216,0.648,-52.929,159.005,101.658,Roll
1.629,-0.498,0.753,-42.796,68.906,80.561,Roll
1.991,-0.098,0.418,-50.829,1.706,160.379,Roll
1.881,0.241,0.242,-112.770,104.816,286.685,Roll
1.337,0.184,0.210,-173.206,186.428,286.685,Roll
0.389,-0.100,0.053,-255.824,280.508,286.685,Roll
-0.075,-0.342,0.078,-273.052,274.146,286.685,Roll
-0.173,-0.148,-0.066,-277.664,184.380,286.685,Roll
-0.285,0.121,-0.312,-283.946,133.184,286.685,Roll
-0.418,0.281,-0.340,-276.797,108.640,286.685,Roll
-0.892,0.415,-0.150,-211.348,-0.114,286.685,Roll
-1.531,0.054,-0.400,-99.365,-108.246,286.685,Roll
-1.556,-0.048,-0.381,-65.660,-71.671,138.154,Roll
-1.340,0.429,-0.367,-76.414,-19.093,-90.632,Roll
-1.402,0.406,-0.540,-6.641,-20.099,-179.279,Roll
-1.889,-0.167,-0.262,79.625,29.654,-271.495,Roll
-1.930,-0.162,0.031,129.106,-4.576,-286.685,Roll
-1.512,0.163,-0.120,186.016,-111.099,-286.685,Roll
-1.192,0.312,-0.161,195.536,-135.634,-286.685,Roll
-0.684,0.213,-0.124,185.596,-119.560,-286.685,Roll
-0.020,0.431,0.077,143.001,-113.409,-286.685,Roll
0.477,0.462,0.104,131.705,-105.814,-286.685,Roll
0.977,0.651,0.183,139.160,-162.557,-286.685,Roll
1.550,0.838,-0.072,108.124,-176.872,-286.685,Roll
1.996,0.712,-0.111,70.525,-75.871,-211.523,Roll
1.805,0.031,0.258,12.180,116.244,-18.392,Roll
1.657,-0.323,0.581,-12.206,118.396,19.530,Roll
1.644,-0.359,0.635,2.940,-14.499,2.765,Roll
1.729,-0.200,0.390,-8.286,-80.605,31.579,Roll
1.840,0.099,0.134,-37.940,-42.656,166.941,Roll
1.684,0.296,0.157,-89.311,56.228,286.685,Roll
1.054,0.176,0.132,-142.783,94.876,286.685,Roll
0.668,0.034,0.075,-158.454,101.019,286.685,Roll
0.279,-0.214,-0.033,-169.024,107.415,286.685,Roll
0.062,-0.127,-0.029,-151.795,71.575,286.685,Roll
-0.136,0.165,0.020,-152.486,30.030,286.685,Roll
-0.438,0.398,0.032,-170.188,6.274,286.685,Roll
-0.899,0.642,-0.147,-174.414,-30.555,286.685,Roll
-1.648,0.250,-0.274,-106.680,-78.330,286.685,Roll
-1.758,-0.191,-0.079,25.681,-189.490,277.016,Roll
-1.340,0.150,0.057,-39.349,-111.493,46.305,Roll
-1.286,0.327,0.026,-82.889,-32.681,-40.775,Roll
-1.560,0.229,-0.074,-7.534,-11.778,-115.692,Roll
-1.711,-0.078,-0.019,40.679,55.309,-251.423,Roll
-1.651,-0.068,0.123,50.925,79.870,-286.685,Roll
-1.489,0.048,0.165,75.714,52.911,-286.685,Roll
-1.341,0.002,0.171,97.808,19.950,-286.685,Roll
-1.160,0.058,0.235,96.276,-12.171,-286.685,Roll
-0.803,0.563,0.205,104.598,-83.912,-286.685,Roll
-0.262,0.758,-0.005,91.997,-117.863,-286.685,Roll
0.607,0.950,-0.102,99.260,-121.713,-286.685,Roll
1.333,1.132,-0.173,109.594,-154.613,-286.685,Roll
1.995,1.013,-0.384,103.994,-123.235,-285.880,Roll
1.982,0.316,-0.186,65.109,58.502,-80.771,Roll
1.851,-0.086,0.279,34.930,156.747,-3.159,Roll
1.876,-0.463,0.648,14.219,138.583,25.944,Roll
1.997,-0.190,0.516,-1.111,-11.217,71.671,Roll
1.998,0.362,0.143,-25.305,-35.814,259.271,Roll
1.883,0.600,0.012,-62.318,35.507,286.685,Roll
0.971,0.597,-0.124,-141.610,177.231,286.685,Roll
0.004,0.173,-0.104,-202.685,255.133,286.685,Roll
-0.337,0.033,0.016,-220.938,187.749,286.685,Roll
-0.562,0.259,-0.007,-226.914,106.864,286.685,Roll
-0.816,0.587,-0.099,-240.984,41.099,286.685,Roll
-1.461,0.547,-0.419,-216.361,-16.984,286.685,Roll
-1.985,-0.141,-0.401,-16.599,-104.213,286.685,Roll
-1.598,-0.172,-0.012,-2.905,-79.012,112.481,Roll
-1.421,0.156,-0.152,-70.971,-39.944,-79.354,Roll
-1.665,0.225,-0.318,-4.909,-54.276,-235.226,Roll
-1.935,-0.165,-0.124,78.033,-35.901,-286.685,Roll
-1.928,-0.153,0.123,74.935,0.403,-286.685,Roll
-1.659,0.142,0.158,96.548,-24.413,-286.685,Roll
-1.077,0.565,0.074,129.736,-78.802,-286.685,Roll
-0.506,0.857,0.115,89.486,-85.706,-286.685,Roll
0.182,0.610,0.078,58.345,-66.631,-286.685,Roll
0.414,0.492,0.196,45.439,-38.342,-286.685,Roll
0.935,0.732,0.230,46.191,-85.076,-286.685,Roll
1.708,0.951,0.006,65.870,-114.546,-286.685,Roll
1.998,0.678,-0.188,38.605,-5.959,-183.102,Roll
1.998,0.398,0.088,2.826,116.707,-42.647,Roll
1.976,-0.152,0.451,-18.576,159.005,71.173,Roll
1.996,-0.286,0.585,-5.994,41.676,111.545,Roll
1.998,0.111,0.483,-9.844,-39.270,254.625,Roll
1.972,0.279,0.340,-45.806,-22.461,286.685,Roll
1.264,0.688,0.108,-146.982,118.571,286.685,Roll
0.073,0.395,-0.207,-257.985,262.850,286.685,Roll
-0.637,-0.154,-0.135,-264.154,217.166,286.685,Roll
-0.621,-0.112,-0.003,-246.732,106.514,286.685,Roll
-0.720,0.095,-0.023,-218.050,-32.821,286.685,Roll
-0.979,0.255,-0.126,-146.475,-121.695,286.685,Roll
-1.289,0.218,-0.221,-33.819,-160.466,286.685,Roll
-1.537,-0.061,0.005,39.086,-157.736,256.638,Roll
-1.552,-0.060,-0.106,-24.946,-71.295,31.255,Roll
-1.547,-0.023,-0.014,-64.978,-2.599,-101.395,Roll
-1.748,-0.055,0.101,-57.041,2.747,-282.853,Roll
-1.802,0.061,0.030,-26.583,0.429,-286.685,Roll
-1.581,0.289,0.196,-2.503,22.094,-286.685,Roll
-1.346,0.462,0.152,7.945,18.340,-286.685,Roll
-0.852,0.727,0.154,34.685,2.511,-286.685,Roll
-0.421,0.851,0.215,39.077,-18.646,-286.685,Roll
0.183,0.830,0.136,28.595,-29.461,-286.685,Roll
0.694,1.029,0.153,25.235,-39.804,-286.685,Roll
1.577,1.143,0.145,16.660,-63.516,-286.685,Roll
1.998,0.928,-0.191,8.531,-62.685,-274.225,Roll
1.998,0.577,-0.218,-16.712,64.942,-72.739,Roll
1.998,0.149,0.084,-32.996,128.765,-9.047,Roll
1.998,-0.110,0.264,-19.276,70.350,31.570,Roll
1.998,-0.104,0.188,3.150,-52.658,97.151,Roll
1.998,0.120,0.095,-4.366,-85.146,228.366,Roll
1.998,0.559,-0.013,-25.760,-52.798,286.685,Roll
1.455,0.725,-0.135,-50.260,-1.033,286.685,Roll
0.722,0.722,-0.159,-56.315,41.510,286.685,Roll
0.216,0.482,-0.151,-53.445,66.911,286.685,Roll
-0.256,0.321,0.251,-76.869,70.954,286.685,Roll
-0.636,0.302,0.239,-135.686,-20.860,286.685,Roll
-0.870,0.531,0.047,-106.356,-107.441,286.685,Roll
-1.249,0.476,-0.195,-20.466,-129.649,286.685,Roll
-1.731,0.137,-0.363,52.640,-85.094,286.685,Roll
-1.704,-0.052,-0.059,3.894,67.681,228.042,Roll
-1.686,0.068,-0.041,-43.216,87.062,-48.615,Roll
-1.871,-0.061,-0.076,8.129,39.147,-275.625,Roll
-1.999,-0.282,-0.016,19.215,38.351,-286.685,Roll
-1.897,0.243,0.064,50.085,21.263,-286.685,Roll
-1.044,0.701,0.007,106.558,-30.126,-286.685,Roll
-0.614,0.618,0.032,111.116,-62.484,-286.685,Roll
-0.262,0.534,0.017,76.519,-38.360,-286.685,Roll
0.105,0.735,0.148,49.796,-26.022,-286.685,Roll
0.958,0.931,0.114,36.085,-61.408,-286.685,Roll
1.578,1.116,0.160,15.374,-55.414,-286.685,Roll
1.998,1.209,-0.018,-10.780,-27.597,-263.725,Roll
1.996,0.516,-0.388,-18.515,30.153,-15.566,Roll
1.876,-0.168,-0.147,20.326,113.286,47.924,Roll
1.899,-0.402,0.155,36.916,83.169,33.679,Roll
1.998,-0.029,0.396,26.250,12.898,88.988,Roll
1.998,0.288,0.190,-37.301,20.825,284.979,Roll
1.673,0.385,0.026,-124.959,99.820,286.685,Roll
1.194,0.374,-0.090,-168.219,135.765,286.685,Roll
0.676,0.261,-0.077,-199.771,133.508,286.685,Roll
0.236,0.133,-0.086,-183.479,42.438,286.685,Roll
-0.005,0.263,-0.132,-142.494,-31.911,286.685,Roll
-0.249,0.339,-0.083,-166.163,14.779,286.685,Roll
-0.574,0.496,-0.071,-202.729,48.160,286.685,Roll
-1.265,0.565,-0.226,-219.966,28.394,286.685,Roll
-1.947,0.194,-0.679,-135.809,-7.805,286.685,Roll
-1.999,-0.079,-0.680,-81.235,21.446,51.450,Roll
-1.892,0.191,-0.571,-6.099,1.269,-160.440,Roll
-1.682,0.167,-0.757,96.478,7.577,-286.641,Roll
-1.755,-0.359,-0.312,166.224,68.740,-286.685,Roll
-1.668,-0.380,-0.133,211.242,50.601,-286.685,Roll
-1.206,0.153,-0.039,236.066,19.399,-286.685,Roll
-0.579,0.691,0.036,263.104,-39.410,-286.685,Roll
0.164,0.876,-0.063,212.914,-81.183,-286.685,Roll
0.631,0.804,0.058,193.296,-70.149,-286.685,Roll
0.998,0.874,0.208,188.571,-91.779,-286.685,Roll
1.848,0.847,-0.098,119.543,-106.908,-286.685,Roll
1.998,0.654,-0.152,72.835,16.118,-174.755,Roll
1.998,0.079,0.407,31.806,134.409,-18.550,Roll
1.998,-0.170,0.490,10.579,98.954,26.845,Roll
1.998,-0.368,0.313,7.481,-19.950,64.277,Roll
1.998,0.098,0.037,-4.620,-60.112,155.689,Roll
1.998,0.500,0.043,-30.188,10.500,286.685,Roll
1.984,0.790,-0.003,-71.942,95.629,286.685,Roll
1.000,1.013,-0.005,-183.452,266.831,286.685,Roll
-0.233,0.354,-0.131,-286.073,286.685,286.685,Roll
-0.279,0.030,-0.033,-286.685,180.836,286.685,Roll
-0.166,0.220,0.002,-273.647,17.631,286.685,Roll
-0.406,0.369,0.121,-245.630,-69.387,286.685,Roll
-0.880,0.712,0.007,-242.077,-155.479,286.685,Roll
-1.661,0.570,-0.880,-190.094,-115.150,286.685,Roll
-1.907,0.278,-0.790,-59.377,13.230,166.320,Roll
-1.775,0.336,-0.323,-27.099,47.845,-80.124,Roll
-1.736,0.265,-0.507,39.139,-20.965,-201.591,Roll
-1.830,-0.105,-0.427,121.931,-0.761,-286.685,Roll
-1.651,-0.113,-0.071,164.150,18.952,-286.685,Roll
-1.265,0.144,0.076,180.906,-8.794,-286.685,Roll
-0.895,0.427,0.092,184.791,-29.864,-286.685,Roll
-0.375,0.766,0.176,162.330,-61.197,-286.685,Roll
0.220,0.705,0.053,109.016,-39.235,-286.685,Roll
0.654,0.765,0.156,104.948,-32.489,-286.685,Roll
1.124,1.029,0.183,109.113,-77.499,-286.685,Roll
1.903,1.228,-0.061,79.537,-105.105,-286.685,Roll
1.998,0.963,-0.431,49.359,-1.444,-153.003,Roll
1.998,0.418,0.136,21.884,151.708,44.599,Roll
1.998,-0.238,0.372,14.700,130.979,89.329,Roll
1.998,-0.457,0.422,14.604,-2.870,95.812,Roll
1.998,-0.025,0.224,-11.217,-75.285,168.928,Roll
1.998,0.462,0.076,-77.298,13.230,286.685,Roll
1.772,1.097,-0.098,-141.636,124.478,286.685,Roll
0.646,0.790,-0.091,-244.064,245.989,286.685,Roll
-0.030,0.278,0.143,-278.206,144.900,286.685,Roll
-0.119,0.343,0.206,-258.116,-47.434,286.685,Roll
-0.476,0.601,0.028,-242.506,-117.171,286.685,Roll
-1.009,0.797,-0.377,-250.705,-90.431,286.685,Roll
-1.687,0.543,-0.943,-207.970,47.644,286.685,Roll
-1.999,-0.301,-0.552,-108.929,72.573,283.867,Roll
-1.996,-0.206,-0.368,-32.734,-78.584,-98.604,Roll
-1.573,0.486,-0.766,19.889,-119.569,-244.913,Roll
-1.396,0.259,-0.775,97.291,13.212,-242.524,Roll
-1.586,-0.457,-0.149,144.830,114.056,-285.513,Roll
-1.544,-0.419,-0.001,189.429,38.981,-286.685,Roll
-1.190,0.095,-0.001,216.571,-26.058,-286.685,Roll
-0.790,0.285,-0.077,199.202,-27.291,-286.685,Roll
-0.332,0.509,0.107,172.812,-5.329,-286.685,Roll
0.073,0.658,0.269,144.279,-30.660,-286.685,Roll
0.757,1.024,0.205,109.077,-91.683,-286.685,Roll
1.426,1.200,-0.027,62.090,-100.686,-286.685,Roll
1.997,1.043,-0.206,54.731,-45.649,-280.997,Roll
1.998,0.479,0.008,18.541,97.632,-80.089,Roll
1.998,-0.015,0.355,5.346,123.812,12.530,Roll
1.998,-0.265,0.399,8.785,5.005,38.307,Roll
1.971,-0.243,0.101,3.929,-61.661,59.272,Roll
1.790,-0.177,-0.029,1.155,-80.990,104.011,Roll
1.725,0.106,-0.043,-7.823,-63.621,164.404,Roll
1.774,0.394,-0.100,-7.709,-47.049,282.074,Roll
1.564,0.706,-0.202,1.383,-9.459,286.685,Roll
0.961,0.633,-0.159,-5.827,46.996,286.685,Roll
0.437,0.642,-0.003,-32.541,90.842,286.685,Roll
0.039,0.633,0.033,-56.472,99.680,286.685,Roll
-0.474,0.541,0.007,-106.409,96.793,286.685,Roll
-0.848,0.622,0.016,-137.515,57.610,286.685,Roll
-1.249,0.554,-0.285,-143.106,22.365,286.685,Roll
-1.532,0.302,-0.318,-100.879,17.929,286.685,Roll
-1.700,-0.041,0.108,-60.060,-23.975,286.685,Roll
-1.656,0.263,-0.049,-93.397,-88.918,78.496,Roll
-1.597,0.619,-0.539,-40.066,-86.643,-86.039,Roll
-1.604,0.492,-0.532,21.691,-19.897,-120.435,Roll
-1.733,0.058,-0.158,68.548,76.387,-225.190,Roll
-1.684,-0.034,-0.028,97.948,65.686,-286.685,Roll
-1.510,0.086,-0.015,124.390,29.733,-286.685,Roll
-1.307,0.162,-0.039,128.432,44.634,-286.685,Roll
-0.989,0.371,0.173,140.306,57.715,-286.685,Roll
-0.712,0.493,0.197,142.852,-5.416,-286.685,Roll
-0.365,0.874,0.220,109.077,-65.293,-286.685,Roll
0.408,1.016,0.058,87.264,-58.118,-286.685,Roll
1.211,1.296,0.125,60.279,-65.721,-286.685,Roll
1.992,1.442,-0.111,38.859,-80.518,-286.685,Roll
1.998,1.169,-0.445,29.374,9.844,-122.176,Roll
1.998,0.335,-0.263,24.360,116.550,-8.610,Roll
1.998,-0.208,0.393,32.287,136.920,44.800,Roll
1.998,-0.316,0.474,18.620,4.165,68.084,Roll
1.998,-0.117,0.235,7.508,-60.751,114.450,Roll
1.998,0.433,0.111,-16.021,-53.165,265.361,Roll
1.721,0.828,0.011,-57.409,3.089,286.685,Roll
0.996,0.961,-0.112,-91.779,83.143,286.685,Roll
0.347,0.749,-0.084,-116.988,120.715,286.685,Roll
-0.202,0.376,0.103,-148.689,91.088,286.685,Roll
-0.350,0.440,0.254,-144.410,-17.736,286.685,Roll
-0.752,0.639,0.193,-141.557,-104.134,286.685,Roll
-1.155,0.774,-0.041,-137.454,-100.905,286.685,Roll
-1.968,0.424,-0.661,-56.464,-40.416,286.685,Roll
-1.999,-0.090,-0.077,-25.882,63.691,279.711,Roll
-1.999,0.089,-0.107,-47.057,-31.579,-63.857,Roll
-1.954,0.361,-0.522,7.114,-74.139,-285.609,Roll
-1.860,0.195,-0.373,49.070,-15.680,-286.685,Roll
-1.769,-0.096,0.077,70.359,61.740,-286.685,Roll
-1.505,-0.093,0.364,84.840,54.679,-286.685,Roll
-1.308,0.003,0.370,83.921,-4.384,-286.685,Roll
-0.722,0.669,0.177,57.120,-32.252,-286.685,Roll
-0.174,0.888,0.048,30.905,-14.989,-286.685,Roll
0.453,1.144,0.008,33.311,-21.744,-286.685,Roll
0.985,1.273,-0.063,55.545,-61.924,-286.685,Roll
1.959,1.264,-0.310,56.717,-92.382,-286.685,Roll
1.998,1.007,-0.355,7.009,64.111,-135.126,Roll
1.998,0.318,0.171,-20.423,193.445,63.236,Roll
1.998,-0.006,0.301,-13.177,149.205,97.589,Roll
1.998,-0.139,0.267,20.300,-14.761,110.408,Roll
1.998,0.256,-0.039,21.499,-75.171,209.562,Roll
1.873,0.585,-0.092,-6.965,-5.591,286.685,Roll
1.463,0.695,-0.112,-45.981,71.094,286.685,Roll
0.649,0.528,-0.098,-94.640,142.284,286.685,Roll
0.019,0.259,-0.029,-115.202,130.594,286.685,Roll
-0.301,0.265,0.025,-126.604,67.594,286.685,Roll
-0.457,0.410,-0.035,-140.053,39.585,286.685,Roll
-0.794,0.592,-0.146,-159.040,37.686,286.685,Roll
-1.179,0.565,-0.219,-153.545,37.765,286.685,Roll
-1.588,0.233,-0.075,-100.424,-13.886,286.685,Roll
-1.950,-0.175,0.039,-82.539,-81.147,250.381,Roll
-1.804,0.371,-0.324,-92.794,-111.037,-90.116,Roll
-1.796,0.531,-0.527,-10.526,-52.115,-229.460,Roll
-1.951,0.073,-0.200,59.526,48.064,-286.685,Roll
-1.897,-0.051,0.092,85.269,78.488,-286.685,Roll
-1.602,0.070,0.184,101.938,57.111,-286.685,Roll
-1.245,0.235,0.236,116.025,6.090,-286.685,Roll
-0.914,0.506,0.186,103.871,-20.983,-286.685,Roll
-0.459,0.865,0.086,79.704,-51.783,-286.685,Roll
0.111,0.749,0.076,73.211,-37.459,-286.685,Roll
0.711,0.900,0.104,61.521,-34.650,-286.685,Roll
1.839,1.278,-0.145,47.329,-72.363,-286.685,Roll
1.998,1.329,-0.235,39.086,7.044,-216.274,Roll
1.998,0.666,0.057,10.159,116.471,-21.971,Roll
1.998,0.171,0.312,-18.987,140.035,84.149,Roll
1.998,-0.089,0.357,21.289,6.807,113.925,Roll
1.998,0.084,0.282,22.435,-72.695,162.977,Roll
1.998,0.500,0.030,-10.360,-72.695,286.685,Roll
1.567,0.831,-0.103,-75.609,32.156,286.685,Roll
0.614,0.805,-0.056,-124.014,88.191,286.685,Roll
-0.056,0.525,0.009,-124.338,79.826,286.685,Roll
-0.647,0.387,-0.019,-126.954,36.347,286.685,Roll
-1.025,0.463,-0.302,-109.060,-0.779,286.685,Roll
-1.405,0.167,-0.373,-62.020,49.368,286.685,Roll
-1.481,-0.102,0.025,-67.699,67.305,286.685,Roll
-1.569,-0.265,0.201,-104.300,-30.468,261.940,Roll
-1.488,0.094,-0.311,-50.006,-167.729,-40.565,Roll
-1.492,0.264,-0.501,-13.895,-78.750,-185.596,Roll
-1.627,-0.136,-0.007,38.868,46.235,-265.668,Roll
-1.748,-0.503,0.417,45.159,52.220,-286.685,Roll
-1.651,-0.502,0.503,25.305,-26.827,-286.685,Roll
-1.210,-0.173,0.265,0.788,-91.744,-286.685,Roll
-0.811,0.121,0.075,-34.667,-96.224,-286.685,Roll
-0.410,0.233,-0.088,-54.609,-95.436,-286.685,Roll
-0.062,0.294,-0.102,-54.250,-44.853,-286.685,Roll
0.467,0.585,-0.103,-32.428,-67.410,-286.685,Roll
1.323,0.928,-0.316,-6.878,-138.268,-286.685,Roll
1.918,1.057,-0.602,22.881,-140.901,-284.112,Roll
1.998,0.895,-0.728,30.240,-71.295,-125.379,Roll
1.668,0.406,-0.530,24.806,33.469,59.850,Roll
1.496,0.092,-0.415,38.500,52.710,109.016,Roll
1.536,0.028,-0.380,68.766,-3.027,147.446,Roll
1.595,0.188,-0.415,76.195,-10.281,218.689,Roll
1.387,0.333,-0.516,71.199,54.862,286.685,Roll
0.768,0.282,-0.546,53.393,170.083,286.685,Roll
0.391,0.195,-0.483,45.684,229.320,286.685,Roll
-0.016,0.142,-0.333,49.647,282.555,286.685,Roll
-0.341,0.186,-0.174,31.413,284.078,286.685,Roll
-0.779,0.267,-0.096,-34.414,284.043,286.685,Roll
-1.111,0.271,-0.058,-94.124,277.585,286.685,Roll
-1.546,-0.054,-0.117,-162.006,143.964,286.685,Roll
-1.999,-0.848,-0.336,-67.340,-59.981,282.144,Roll
-1.695,-0.317,-0.229,15.391,-188.466,-93.030,Roll
-1.205,0.024,-0.352,-41.186,-46.891,-188.746,Roll
-1.171,-0.138,-0.287,27.221,41.912,-122.570,Roll
-1.282,-0.712,-0.073,67.463,68.434,-149.223,Roll
-1.168,-0.944,0.243,74.497,43.610,-279.457,Roll
-1.095,-0.996,0.345,71.496,-19.889,-286.685,Roll
-0.965,-0.819,0.150,119.105,-131.268,-286.685,Roll
-0.571,-0.407,-0.040,140.901,-176.768,-286.685,Roll
0.002,-0.208,-0.117,114.266,-174.195,-286.685,Roll
0.197,-0.089,0.163,140.306,-177.712,-286.685,Roll
0.322,-0.443,0.011,117.206,-181.484,-286.685,Roll
0.491,-0.328,0.055,107.065,-182.621,-286.685,Roll
0.770,-0.138,0.169,106.295,-206.999,-286.685,Roll
1.061,0.098,0.045,94.684,-216.851,-286.685,Roll
1.499,0.214,-0.044,46.419,-148.094,-249.952,Roll
1.485,0.073,-0.027,-13.361,-21.052,-105.814,Roll
1.383,-0.009,0.101,-27.344,12.486,-54.215,Roll
1.361,0.027,0.078,-13.930,-14.315,-37.835,Roll
1.312,0.041,-0.001,7.779,-53.279,-5.714,Roll
1.296,0.031,-0.096,5.749,-38.885,35.044,Roll
1.448,0.150,-0.136,-13.020,17.395,103.136,Roll
1.531,0.257,-0.122,-34.650,78.969,202.519,Roll
1.207,0.164,-0.122,-72.152,180.766,286.685,Roll
0.718,-0.042,0.021,-101.351,273.674,286.685,Roll
0.313,-0.265,-0.049,-172.008,286.685,286.685,Roll
-0.146,-0.481,-0.053,-210.857,286.685,286.685,Roll
-0.260,-0.156,-0.210,-242.812,286.685,286.685,Roll
-0.602,-0.281,-0.492,-203.770,258.694,286.685,Roll
-0.984,-0.583,-0.114,-106.444,84.639,286.685,Roll
-1.346,-1.011,-0.383,-16.494,-54.556,260.689,Roll
-1.176,-0.888,-0.232,56.525,-41.694,15.873,Roll
-1.013,-0.737,-0.042,36.531,18.305,-47.836,Roll
-1.007,-0.939,-0.183,26.591,31.509,-82.075,Roll
-1.437,-1.457,-0.161,70.796,6.851,-239.295,Roll
-1.344,-1.137,-0.059,123.393,-75.679,-286.685,Roll
-1.103,-0.742,-0.041,155.444,-134.680,-286.685,Roll
-0.532,-0.030,-0.231,188.589,-251.816,-286.685,Roll
0.127,0.474,-0.265,183.846,-286.685,-286.685,Roll
0.489,0.776,-0.194,142.747,-286.685,-286.685,Roll
1.273,0.830,-0.452,88.760,-285.617,-286.685,Roll
1.701,0.881,-0.442,31.500,-115.509,-247.074,Roll
1.821,0.665,-0.275,3.150,22.356,-78.680,Roll
1.581,0.345,-0.039,-3.255,80.631,67.891,Roll
1.424,0.068,-0.051,17.570,23.214,115.666,Roll
1.499,0.095,-0.159,26.792,-14.525,151.979,Roll
1.644,0.352,-0.375,26.845,18.996,247.109,Roll
1.331,0.370,-0.397,11.760,118.702,286.685,Roll
0.747,-0.006,-0.115,-26.880,210.315,286.685,Roll
0.453,-0.335,0.032,-62.265,217.026,286.685,Roll
0.273,-0.484,0.079,-106.085,190.610,286.685,Roll
0.214,-0.329,0.089,-146.387,139.440,286.685,Roll
-0.110,-0.166,0.065,-167.834,76.799,286.685,Roll
-0.366,-0.041,0.097,-161.796,17.929,286.685,Roll
-0.793,0.153,-0.095,-159.023,-46.629,286.685,Roll
-1.438,-0.029,-0.589,-101.640,-21.140,286.685,Roll
-1.897,-0.427,-0.281,-34.213,40.889,261.984,Roll
-1.727,-0.380,-0.099,-27.729,4.095,-47.399,Roll
-1.438,-0.118,-0.335,-5.250,-40.232,-217.402,Roll
-1.376,-0.162,-0.465,63.796,-52.614,-286.685,Roll
-1.605,-0.596,-0.303,139.405,-64.181,-286.685,Roll
-1.337,-0.249,-0.106,195.116,-108.010,-286.685,Roll
-0.868,0.111,-0.098,219.651,-126.569,-286.685,Roll
0.011,0.421,-0.068,218.724,-135.783,-286.685,Roll
0.671,0.560,0.004,207.786,-131.215,-286.685,Roll
1.760,0.735,0.255,179.673,-142.992,-286.685,Roll
1.998,0.897,0.396,71.645,-70.613,-263.830,Roll
1.998,0.681,0.433,-16.625,79.966,82.854,Roll
1.987,0.121,0.368,-45.054,123.349,237.326,Roll
1.621,-0.110,0.489,-47.224,88.270,286.685,Roll
1.428,0.040,0.263,-65.739,33.311,286.685,Roll
0.929,0.199,0.114,-95.174,82.346,286.685,Roll
0.477,0.153,0.003,-116.060,122.378,286.685,Roll
-0.180,0.057,0.042,-136.955,162.671,286.685,Roll
-0.546,0.126,-0.159,-172.751,156.196,286.685,Roll
-0.790,0.331,-0.433,-181.431,140.280,286.685,Roll
-1.169,0.336,-0.684,-140.333,120.024,286.685,Roll
-1.999,-0.199,-0.541,-39.454,69.930,286.685,Roll
-1.999,-0.842,-0.002,14.087,-4.550,73.185,Roll
-1.902,-0.071,-0.218,-7.446,-113.251,-286.685,Roll
-1.557,0.138,-0.348,34.335,-143.447,-286.685,Roll
-1.391,-0.043,-0.103,55.528,-96.644,-286.685,Roll
-1.165,-0.201,0.056,45.736,-63.744,-286.685,Roll
-0.744,0.374,0.115,42.901,-94.010,-286.685,Roll
-0.059,0.714,-0.150,52.465,-124.819,-286.685,Roll
0.598,0.848,-0.210,57.164,-105.919,-286.685,Roll
1.009,0.827,-0.119,63.201,-84.096,-286.685,Roll
1.952,1.111,-0.047,48.361,-33.635,-286.685,Roll
1.998,0.853,0.194,34.326,68.504,-132.886,Roll
1.962,0.098,0.418,-14.507,119.709,51.739,Roll
1.763,-0.110,0.377,-21.385,65.476,70.455,Roll
1.642,-0.217,0.147,5.486,-40.556,70.411,Roll
1.786,0.032,-0.059,18.821,-64.024,104.055,Roll
1.941,0.468,-0.047,26.058,-15.426,265.379,Roll
1.621,0.547,-0.001,0.455,50.295,286.685,Roll
1.085,0.480,0.012,-67.909,151.121,286.685,Roll
0.329,0.545,0.188,-122.570,141.076,286.685,Roll
-0.676,0.471,-0.119,-113.916,59.719,286.685,Roll
-0.978,0.361,-0.412,-69.816,40.092,286.685,Roll
-1.368,0.260,-0.623,-17.763,80.902,286.685,Roll
-1.758,-0.213,-0.068,57.855,91.893,286.685,Roll
-1.756,-0.586,0.480,11.778,8.479,258.842,Roll
-1.659,-0.443,0.186,-51.083,-51.441,53.611,Roll
-1.430,0.067,-0.099,-34.081,-111.055,-198.039,Roll
-1.389,-0.158,-0.128,-10.833,-39.498,-277.603,Roll
-1.547,-0.698,0.232,-6.807,51.441,-286.685,Roll
-1.562,-0.691,0.420,9.555,17.552,-286.685,Roll
-1.300,-0.326,0.400,38.036,-42.831,-286.685,Roll
-0.700,0.279,0.027,33.434,-120.111,-286.685,Roll
-0.047,0.550,-0.215,24.395,-81.559,-286.685,Roll
0.389,0.636,-0.181,32.156,-51.415,-286.685,Roll
0.983,0.630,-0.109,72.065,-70.507,-286.685,Roll
1.768,0.725,-0.242,81.629,-106.820,-286.685,Roll
1.998,0.651,-0.057,61.294,-7.980,-202.064,Roll
1.998,0.447,0.184,24.246,75.486,-35.604,Roll
1.998,0.173,0.190,-7.543,102.357,156.284,Roll
1.998,0.169,0.221,-11.847,62.143,284.655,Roll
1.682,0.358,0.049,-46.349,60.524,286.685,Roll
1.320,0.562,-0.121,-77.376,120.076,286.685,Roll
0.280,0.454,-0.124,-167.116,269.290,286.685,Roll
-0.539,-0.020,0.082,-242.077,251.738,286.685,Roll
-0.605,0.164,0.080,-258.405,85.374,286.685,Roll
-0.713,0.436,-0.151,-266.569,23.695,286.685,Roll
-1.236,0.414,-0.582,-216.878,-14.936,286.685,Roll
-1.841,-0.061,-0.572,-52.570,-18.427,286.685,Roll
-1.728,-0.322,-0.073,-48.571,10.430,123.156,Roll
-1.498,0.357,-0.400,-45.176,-58.809,-154.779,Roll
-1.434,0.412,-0.662,23.380,-43.173,-225.050,Roll
-1.615,-0.111,-0.386,93.573,39.322,-276.036,Roll
-1.617,-0.430,-0.058,127.251,64.951,-286.685,Roll
-1.385,-0.220,0.099,170.048,-1.899,-286.685,Roll
-1.131,0.097,-0.011,175.026,-46.996,-286.685,Roll
-0.706,0.681,0.105,165.244,-68.075,-286.685,Roll
0.035,0.784,0.006,122.806,-49.044,-286.685,Roll
0.704,0.864,0.165,104.493,-28.306,-286.685,Roll
1.371,0.979,0.223,114.100,-100.152,-286.685,Roll
1.866,1.031,0.017,87.518,-118.711,-286.685,Roll
1.998,0.887,-0.400,47.364,-15.453,-157.789,Roll
1.998,0.246,0.170,24.929,141.024,72.415,Roll
1.998,-0.052,0.505,18.506,102.156,159.364,Roll
1.998,-0.006,0.503,9.476,30.292,230.116,Roll
1.997,0.251,0.323,-29.855,-7.306,286.685,Roll
1.279,0.431,0.115,-112.140,75.688,286.685,Roll
0.610,0.298,-0.041,-179.830,152.040,286.685,Roll
-0.026,-0.019,0.036,-187.399,136.745,286.685,Roll
-0.222,0.016,0.090,-191.800,58.135,286.685,Roll
-0.448,0.236,-0.026,-206.360,3.824,286.685,Roll
-0.782,0.374,-0.189,-198.004,-9.546,286.685,Roll
-1.104,0.318,-0.359,-161.385,-12.320,286.685,Roll
-1.633,-0.124,-0.306,-83.816,2.756,286.685,Roll
-1.705,-0.281,-0.159,-85.592,10.675,145.250,Roll
-1.497,0.288,-0.404,-59.649,-48.702,-116.401,Roll
-1.498,0.359,-0.672,26.609,-30.739,-209.641,Roll
-1.769,-0.127,-0.454,69.808,42.114,-274.348,Roll
-1.809,-0.357,-0.111,115.973,62.265,-286.685,Roll
-1.523,-0.173,0.037,156.485,1.470,-286.685,Roll
-1.113,0.333,0.016,169.514,-36.286,-286.685,Roll
-0.595,0.750,-0.116,147.761,-51.336,-286.685,Roll
0.025,0.775,-0.041,126.639,-23.196,-286.685,Roll
0.576,0.791,0.183,132.492,-17.535,-286.685,Roll
1.452,1.103,-0.017,133.717,-106.173,-286.685,Roll
1.997,1.179,-0.169,92.321,-78.251,-283.806,Roll
1.998,0.807,-0.116,37.292,53.261,-126.438,Roll
1.998,0.183,0.271,-17.999,171.815,88.891,Roll
1.998,-0.351,0.620,-8.111,108.325,112.122,Roll
1.998,-0.243,0.589,-2.100,-8.365,132.081,Roll
1.998,0.112,0.152,1.697,-101.876,212.809,Roll
1.772,0.520,0.019,-9.039,-51.870,286.685,Roll
1.273,0.816,-0.200,-49.149,51.931,286.685,Roll
0.724,0.806,-0.206,-84.289,136.124,286.685,Roll
-0.091,0.649,-0.141,-131.985,193.217,286.685,Roll
-0.610,0.492,-0.060,-162.505,161.788,286.685,Roll
-0.942,0.764,-0.303,-186.296,108.509,286.685,Roll
-1.294,0.716,-0.517,-181.755,120.041,286.685,Roll
-1.493,0.423,-0.156,-149.503,83.554,286.685,Roll
-1.613,0.072,-0.007,-111.125,-32.839,286.685,Roll
-1.545,0.305,-0.280,-90.738,-146.458,82.075,Roll
-1.417,0.728,-0.661,-36.540,-102.340,-99.470,Roll
-1.311,0.598,-0.462,64.015,-2.485,-130.042,Roll
-1.386,0.157,-0.156,96.766,43.671,-220.027,Roll
-1.547,-0.142,-0.006,122.745,37.555,-286.676,Roll
-1.493,0.034,-0.116,168.770,20.344,-286.685,Roll
-1.224,0.245,0.002,201.740,33.827,-286.685,Roll
-1.049,0.357,0.098,243.758,9.669,-286.685,Roll
-0.761,0.448,0.057,245.429,-6.309,-286.685,Roll
-0.184,0.657,0.062,250.232,3.675,-286.685,Roll
0.221,0.510,0.611,223.764,25.358,-286.685,Roll
0.592,0.746,0.443,166.110,-30.039,-286.685,Roll
1.187,0.950,0.155,143.500,-22.312,-286.685,Roll
1.966,0.771,0.376,119.035,75.364,-284.454,Roll
1.998,0.278,1.076,73.001,152.040,-137.200,Roll
1.962,0.065,1.355,32.769,132.274,-25.042,Roll
1.998,-0.269,1.389,23.319,29.400,33.215,Roll
1.998,-0.259,1.214,-23.188,-40.224,95.900,Roll
1.997,0.066,0.919,-90.107,-63.717,229.434,Roll
1.777,0.245,0.738,-126.481,-56.787,286.685,Roll
1.313,0.349,0.605,-188.475,0.175,286.685,Roll
0.656,0.262,0.331,-247.363,60.314,286.685,Roll
0.186,0.095,0.286,-265.615,87.710,286.685,Roll
0.024,0.159,0.353,-264.154,46.209,286.685,Roll
-0.284,0.466,0.192,-250.600,-57.347,286.685,Roll
-0.654,0.811,-0.080,-242.069,-84.560,286.685,Roll
-1.170,0.759,-0.663,-172.191,-57.251,286.685,Roll
-1.525,0.137,-0.302,-26.320,47.810,286.685,Roll
-1.432,-0.031,0.152,-36.347,61.504,286.685,Roll
-1.375,0.070,0.040,-94.605,-18.025,112.700,Roll
-1.496,0.522,-0.439,-45.596,-80.938,-63.910,Roll
-1.570,0.542,-0.547,42.289,-18.690,-122.745,Roll
-1.660,0.252,-0.201,66.622,41.974,-171.841,Roll
-1.794,-0.033,0.008,98.954,22.514,-285.906,Roll
-1.754,0.120,-0.010,141.837,-22.146,-286.685,Roll
-1.493,0.206,0.139,148.409,-24.868,-286.685,Roll
-1.271,0.416,0.173,139.930,-24.115,-286.685,Roll
-0.961,0.551,0.185,138.845,-35.499,-286.685,Roll
-0.340,0.840,0.125,134.321,-69.221,-286.685,Roll
0.235,0.940,0.077,117.749,-73.509,-286.685,Roll
0.684,0.824,0.272,105.026,-57.995,-286.685,Roll
1.142,0.961,0.251,65.503,-48.834,-286.685,Roll
1.940,1.159,-0.026,47.661,-35.035,-286.685,Roll
1.998,0.899,0.091,51.975,71.164,-120.776,Roll
1.998,0.236,0.627,18.839,126.271,-26.618,Roll
1.998,-0.034,0.875,0.254,72.074,17.938,Roll
1.998,-0.116,0.792,3.719,-58.004,73.299,Roll
1.998,0.037,0.570,-9.704,-116.497,181.991,Roll
1.957,0.277,0.359,-49.333,-94.894,279.974,Roll
1.522,0.478,0.281,-106.496,-37.975,286.685,Roll
1.069,0.605,0.085,-154.542,13.755,286.685,Roll
0.664,0.531,0.008,-159.451,32.690,286.685,Roll
0.172,0.417,0.034,-135.756,27.808,286.685,Roll
-0.151,0.450,0.140,-94.640,-20.816,286.685,Roll
-0.451,0.505,0.299,-80.588,-77.385,286.685,Roll
-0.666,0.602,0.342,-85.418,-112.473,286.685,Roll
-0.982,0.690,0.240,-92.435,-138.548,286.685,Roll
-1.522,0.429,-0.014,-51.327,-134.417,286.685,Roll
-1.988,0.016,-0.141,8.435,-98.551,285.626,Roll
-1.941,0.064,-0.036,-24.964,-1.724,62.694,Roll
-1.921,0.252,0.286,-67.244,41.423,-102.060,Roll
-1.999,0.253,0.006,-16.091,-59.474,-285.180,Roll
-1.952,0.201,-0.002,0.280,-5.810,-286.685,Roll
-1.854,0.188,0.203,0.744,57.881,-286.685,Roll
-1.557,0.085,0.498,20.458,92.610,-286.685,Roll
-1.407,0.408,0.548,23.520,58.048,-286.685,Roll
-0.901,0.873,0.261,12.364,34.169,-286.685,Roll
-0.455,1.088,0.355,2.415,63.070,-286.685,Roll
0.255,1.152,0.603,-26.180,117.512,-286.685,Roll
1.385,1.611,0.483,-20.851,82.565,-286.685,Roll
1.998,1.531,0.104,1.820,31.062,-283.570,Roll
1.998,1.063,-0.192,15.531,38.097,-119.866,Roll
1.897,0.141,0.331,11.384,145.066,21.455,Roll
1.998,-0.213,0.699,8.417,134.724,17.526,Roll
1.998,-0.230,0.808,8.575,-8.041,36.680,Roll
1.998,-0.019,0.579,-8.750,-73.832,95.060,Roll
1.998,0.449,0.435,-66.973,-54.232,268.258,Roll
1.766,0.592,0.406,-124.180,-16.625,286.685,Roll
1.316,0.563,0.302,-174.151,9.083,286.685,Roll
0.574,0.343,0.106,-194.539,16.616,286.685,Roll
0.173,0.327,0.089,-173.320,-9.590,286.685,Roll
-0.049,0.523,0.143,-132.212,-56.866,286.685,Roll
-0.275,0.568,0.226,-117.101,-97.668,286.685,Roll
-0.630,0.751,0.422,-122.552,-127.365,286.685,Roll
-1.016,0.782,0.312,-152.066,-158.690,286.685,Roll
-1.540,0.424,-0.175,-120.558,-150.754,286.685,Roll
-1.768,0.323,-0.045,-33.460,-108.885,285.766,Roll
-1.896,0.339,0.003,-49.131,-45.623,130.349,Roll
-1.997,0.273,-0.031,-40.906,-22.286,-3.981,Roll
-1.999,0.187,0.018,12.477,-33.889,-225.794,Roll
-1.809,0.261,-0.044,28.761,-3.456,-286.685,Roll
-1.623,0.215,0.195,41.676,76.545,-286.685,Roll
-1.452,0.117,0.413,60.471,91.945,-286.685,Roll
-1.203,0.217,0.571,69.274,48.895,-286.685,Roll
-1.030,0.502,0.448,51.327,-40.775,-286.685,Roll
-0.703,0.666,0.110,23.826,-70.175,-286.685,Roll
-0.183,0.754,0.120,13.615,-45.421,-286.685,Roll
0.324,0.837,0.346,-6.046,-15.785,-286.685,Roll
1.183,1.211,0.122,-41.930,-25.226,-286.685,Roll
1.792,1.358,-0.171,-10.833,-9.170,-286.633,Roll
1.998,0.898,-0.285,14.105,60.445,-182.499,Roll
1.998,0.269,0.296,3.334,158.077,-24.911,Roll
1.998,-0.167,0.623,-3.246,129.736,11.288,Roll
1.998,-0.189,0.759,3.045,46.471,28.446,Roll
1.998,-0.002,0.495,-7.814,-79.249,80.106,Roll
1.998,0.430,0.244,-39.226,-84.359,228.515,Roll
1.820,0.675,0.230,-88.357,-35.595,286.685,Roll
1.496,0.810,0.151,-114.774,-12.337,286.685,Roll
0.821,0.943,0.097,-169.671,41.685,286.685,Roll
0.067,0.610,0.157,-222.661,55.344,286.685,Roll
-0.262,0.435,0.347,-214.812,-55.790,286.685,Roll
-0.386,0.580,0.348,-184.389,-161.236,286.685,Roll
-0.671,0.847,0.227,-167.396,-185.885,286.685,Roll
-1.130,0.911,0.081,-128.844,-176.829,286.685,Roll
-1.654,0.577,0.077,-72.144,-152.932,286.685,Roll
-1.978,0.248,-0.023,-64.461,-113.680,286.580,Roll
-1.997,0.348,-0.235,-67.191,-60.174,63.000,Roll
-1.978,0.594,-0.308,-37.931,-48.335,-103.565,Roll
-1.969,0.582,-0.361,42.726,-25.051,-267.312,Roll
-1.838,0.368,-0.050,94.054,49.105,-286.685,Roll
-1.544,0.411,0.283,102.812,91.420,-286.685,Roll
-1.383,0.352,0.444,109.506,92.619,-286.685,Roll
-1.252,0.343,0.616,112.026,68.591,-286.685,Roll
-0.952,0.597,0.384,92.181,35.000,-286.685,Roll
-0.533,0.781,0.498,92.365,6.046,-286.685,Roll
-0.342,0.712,0.653,46.594,6.720,-286.685,Roll
0.606,1.335,0.394,-27.843,75.171,-286.685,Roll
1.954,1.724,0.120,-8.890,122.325,-286.685,Roll
1.998,1.035,0.395,74.918,50.978,-230.702,Roll
1.980,0.588,0.230,60.699,42.665,-98.945,Roll
1.911,0.027,0.430,40.014,115.561,-30.844,Roll
1.998,-0.080,0.750,26.845,78.312,-14.761,Roll
1.998,-0.055,0.591,8.312,-19.959,58.739,Roll
1.998,0.168,0.442,-16.048,-39.375,144.926,Roll
1.998,0.324,0.503,-69.300,-9.441,286.449,Roll
1.637,0.519,0.585,-121.931,-24.028,286.685,Roll
1.204,0.631,0.465,-157.920,-48.423,286.685,Roll
0.543,0.587,0.258,-159.504,-47.644,286.685,Roll
0.053,0.604,0.246,-133.604,-67.611,286.685,Roll
-0.446,0.735,0.326,-100.677,-101.036,286.685,Roll
-0.839,0.881,0.375,-91.866,-132.895,286.685,Roll
-1.076,0.921,0.292,-100.669,-126.613,286.685,Roll
-1.664,0.611,0.057,-78.488,-85.654,286.685,Roll
-1.999,-0.108,0.086,-25.874,-77.306,286.685,Roll
-1.871,0.141,0.229,-69.221,-34.379,96.670,Roll
-1.856,0.501,0.110,-71.234,-68.801,-81.060,Roll
-1.932,0.553,-0.225,-6.239,-64.120,-226.879,Roll
-1.795,0.254,0.027,35.875,61.443,-286.685,Roll
-1.768,-0.024,0.425,47.880,117.793,-286.685,Roll
-1.601,0.217,0.573,58.695,94.054,-286.685,Roll
-1.279,0.125,0.490,56.263,60.034,-286.685,Roll
-1.117,0.245,0.625,34.842,49.577,-286.685,Roll
-0.771,0.564,0.617,-14.123,15.873,-286.685,Roll
-0.363,0.781,0.441,-30.844,4.830,-286.685,Roll
0.254,1.057,0.179,-39.174,25.358,-286.685,Roll
0.946,1.298,-0.074,-21.901,46.935,-286.685,Roll
1.551,1.349,-0.265,16.205,64.978,-286.685,Roll
1.998,1.062,0.089,44.800,74.699,-280.788,Roll
1.998,0.772,0.517,17.491,104.816,-130.191,Roll
1.998,0.538,0.601,0.105,70.831,11.839,Roll
1.998,0.319,0.493,-0.192,-20.913,117.469,Roll
1.998,0.431,0.270,-6.177,-49.726,197.234,Roll
1.998,0.703,0.307,-34.982,-38.290,286.685,Roll
1.449,0.794,0.344,-68.626,-30.940,286.685,Roll
0.944,0.742,0.246,-83.510,-31.036,286.685,Roll
0.212,0.659,0.155,-82.250,-34.956,286.685,Roll
-0.188,0.723,0.106,-52.596,-46.856,286.685,Roll
-0.401,0.783,0.182,-26.329,-55.011,286.685,Roll
-0.535,0.763,0.378,-22.374,-73.762,286.685,Roll
-0.919,1.012,0.583,-100.327,-86.240,286.685,Roll
-1.522,1.011,0.142,-186.419,-41.388,286.685,Roll
-1.999,0.619,-0.224,-121.293,-24.535,286.685,Roll
-1.999,0.297,-0.048,-49.236,-26.267,222.329,Roll
-1.999,0.222,-0.025,-41.055,-48.799,-0.683,Roll
-1.999,0.453,-0.232,18.576,-43.470,-257.171,Roll
-1.755,0.343,0.030,75.224,32.506,-286.685,Roll
-1.693,0.194,0.301,83.921,76.064,-286.685,Roll
-1.559,0.198,0.545,83.475,89.967,-286.685,Roll
-1.277,0.235,0.565,81.113,81.646,-286.685,Roll
-0.971,0.274,0.461,60.244,93.380,-286.685,Roll
-0.819,0.395,0.505,62.737,72.503,-286.685,Roll
-0.493,0.608,0.401,58.853,7.079,-286.685,Roll
-0.114,0.754,0.342,38.106,-44.144,-286.685,Roll
0.341,0.907,0.179,-15.663,-38.264,-286.685,Roll
0.810,1.182,-0.162,-41.160,-6.352,-286.685,Roll
1.571,1.328,-0.401,-3.474,59.719,-286.685,Roll
1.998,1.103,0.004,56.796,105.192,-265.186,Roll
1.998,0.759,0.537,25.235,155.916,-108.412,Roll
1.998,0.579,0.760,8.085,144.848,-14.394,Roll
1.998,0.209,0.790,8.960,7.560,106.059,Roll
1.998,0.192,0.378,1.164,-95.559,200.611,Roll
1.998,0.610,0.348,-39.743,-67.244,286.685,Roll
1.795,0.926,0.401,-81.419,-40.574,286.685,Roll
1.072,1.083,0.230,-133.333,-12.653,286.685,Roll
0.286,0.740,0.436,-148.768,-22.864,286.685,Roll
-0.034,0.694,0.504,-119.726,-135.459,286.685,Roll
-0.330,1.128,0.374,-76.335,-191.634,286.685,Roll
-0.878,1.456,0.383,-17.132,-210.219,286.685,Roll
-1.436,1.267,0.428,-21.061,-160.204,286.685,Roll
-1.999,0.613,-0.044,-97.991,-58.100,286.685,Roll
-1.999,0.194,-0.409,-75.749,-0.087,286.685,Roll
-1.999,0.278,0.045,-50.146,68.381,123.445,Roll
-1.997,0.571,-0.112,-9.301,-2.161,-155.523,Roll
-1.942,0.517,-0.172,78.960,10.369,-286.510,Roll
-1.861,0.232,0.123,102.401,75.679,-286.685,Roll
-1.797,0.264,0.554,126.717,106.951,-286.685,Roll
-1.404,0.071,0.563,142.958,85.041,-286.685,Roll
-1.296,-0.065,0.598,138.136,69.825,-286.685,Roll
-1.051,0.458,0.579,125.003,33.084,-286.685,Roll
-0.486,0.931,0.365,102.594,-37.853,-286.685,Roll
0.093,0.976,0.294,57.356,-41.300,-286.685,Roll
0.480,1.126,0.258,31.894,-31.028,-286.685,Roll
1.270,1.348,0.008,25.576,-42.245,-286.685,Roll
1.991,1.304,0.026,5.758,9.432,-286.685,Roll
1.998,1.148,0.282,-27.948,99.531,-144.008,Roll
1.998,0.772,0.392,-26.171,103.092,-13.615,Roll
1.998,0.199,0.455,-19.792,27.580,63.822,Roll
1.998,0.090,0.244,-18.436,-56.158,82.425,Roll
1.998,0.376,0.235,-23.555,-82.723,148.094,Roll
1.913,0.492,0.209,-32.445,-81.191,241.124,Roll
1.583,0.605,0.158,-51.083,-41.178,286.685,Roll
1.214,0.702,0.093,-78.400,-5.722,286.685,Roll
0.734,0.606,0.094,-94.640,12.390,286.685,Roll
0.529,0.604,0.137,-86.301,1.811,286.685,Roll
0.115,0.594,0.146,-61.329,-25.778,286.685,Roll
-0.221,0.727,0.252,-25.191,-55.326,286.685,Roll
-0.652,0.882,0.472,-23.975,-86.756,286.685,Roll
-1.039,0.807,0.548,-79.520,-82.740,286.685,Roll
-1.457,0.627,0.039,-165.629,-65.993,286.685,Roll
-1.903,0.269,-0.317,-82.652,-21.612,286.685,Roll
-1.999,0.094,0.259,-37.590,-8.286,217.551,Roll
-1.999,0.107,0.088,-34.790,-56.866,32.156,Roll
-1.999,0.205,-0.349,50.173,-85.033,-211.951,Roll
-1.998,0.135,-0.004,98.971,1.111,-286.685,Roll
-1.982,0.046,0.192,114.004,32.882,-286.685,Roll
-1.674,0.073,0.370,125.772,53.681,-286.685,Roll
-1.304,0.054,0.681,119.560,69.834,-286.685,Roll
-0.933,0.320,0.773,100.791,26.040,-286.685,Roll
-0.595,0.579,0.728,86.004,-50.111,-286.685,Roll
-0.223,0.846,0.265,32.699,-121.870,-286.685,Roll
0.398,1.201,-0.203,-1.549,-73.255,-286.685,Roll
1.218,1.313,-0.260,22.916,-18.489,-286.685,Roll
1.726,1.300,0.057,27.702,28.665,-286.685,Roll
1.998,1.222,0.461,-40.268,171.255,-208.136,Roll
1.998,0.954,0.818,-53.042,145.889,-17.544,Roll
1.998,0.516,0.512,-18.069,-41.545,101.421,Roll
1.998,0.346,0.096,-1.041,-100.783,138.372,Roll
1.928,0.414,-0.024,12.224,-71.732,187.583,Roll
1.747,0.578,0.162,11.681,-24.185,284.559,Roll
1.483,0.763,0.073,-8.759,9.301,286.685,Roll
1.130,0.765,0.023,-32.077,56.507,286.685,Roll
0.546,0.588,0.230,-61.705,91.289,286.685,Roll
0.144,0.549,0.404,-76.729,47.285,286.685,Roll
-0.123,0.565,0.478,-92.216,-7.332,286.685,Roll
-0.635,0.593,0.483,-123.909,-28.691,286.685,Roll
-1.042,0.704,0.200,-202.072,-29.085,286.685,Roll
-1.342,0.687,-0.417,-209.711,20.790,286.685,Roll
-1.597,0.404,-0.395,-129.430,85.768,286.685,Roll
-1.865,-0.094,0.258,-108.701,42.114,286.527,Roll
-1.999,0.084,-0.014,-75.355,-92.750,29.558,Roll
-1.991,0.456,-0.561,21.726,-111.755,-164.124,Roll
-1.999,0.058,-0.231,92.566,43.557,-261.957,Roll
-1.998,-0.220,0.117,124.442,78.619,-286.685,Roll
-1.810,-0.082,0.248,159.574,28.612,-286.685,Roll
-1.406,0.231,0.337,160.510,21.901,-286.685,Roll
-1.200,0.391,0.400,146.204,5.224,-286.685,Roll
-0.866,0.463,0.416,126.560,-3.841,-286.685,Roll
-0.565,0.734,0.469,91.577,-23.590,-286.685,Roll
-0.047,1.144,0.329,67.121,-69.598,-286.685,Roll
0.471,1.448,0.194,37.126,-98.613,-286.685,Roll
1.725,1.941,-0.284,13.370,-87.421,-286.685,Roll
1.998,1.752,-0.162,-13.519,99.531,-177.625,Roll
1.998,0.756,0.665,-45.693,233.599,95.952,Roll
1.998,0.269,0.881,-49.831,117.092,125.545,Roll
1.998,-0.036,0.814,-13.379,-18.935,117.442,Roll
1.998,0.133,0.455,-8.636,-132.212,138.845,Roll
1.856,0.397,0.254,-29.794,-117.933,225.225,Roll
1.673,0.586,0.173,-41.055,-96.521,284.900,Roll
1.348,0.786,0.079,-47.932,-59.658,286.685,Roll
0.940,0.805,0.042,-34.011,-28.166,286.685,Roll
0.477,0.699,0.174,-16.765,-10.386,286.685,Roll
0.248,0.653,0.281,-13.694,-8.243,286.685,Roll
-0.129,0.695,0.530,-8.199,-40.101,286.685,Roll
-0.718,0.809,0.734,-43.829,-86.100,286.685,Roll
-1.132,0.860,0.308,-157.465,-48.615,286.685,Roll
-1.350,0.926,-0.100,-193.699,16.362,286.685,Roll
-1.842,0.755,-0.319,-158.795,95.541,286.685,Roll
-1.999,0.032,0.026,-113.732,74.856,286.685,Roll
-1.999,-0.146,-0.171,-76.606,-27.746,84.341,Roll
-1.999,0.350,-0.437,-12.075,-82.320,-189.910,Roll
-1.820,0.619,-0.462,66.054,-27.580,-286.685,Roll
-1.607,0.328,-0.025,122.859,67.944,-286.685,Roll
-1.543,0.053,0.357,152.136,67.743,-286.685,Roll
-1.433,0.068,0.399,152.329,41.519,-286.685,Roll
-1.315,0.293,0.409,148.803,1.496,-286.685,Roll
-0.913,0.620,0.140,115.325,-10.360,-286.685,Roll
0.001,-0.013,1.024,0.613,-2.249,1.890,Yaw
-0.005,-0.001,1.023,0.560,-2.170,1.759,Yaw
-0.004,-0.011,1.025,0.560,-2.214,1.383,Yaw
0.020,-0.048,1.022,0.560,-2.205,1.304,Yaw
-0.009,0.029,1.083,0.744,-2.257,5.801,Yaw
-0.042,0.044,0.994,0.525,-2.371,4.681,Yaw
0.004,-0.005,1.011,0.586,-2.170,2.371,Yaw
0.021,0.004,1.022,0.525,-2.118,2.494,Yaw
-0.013,-0.006,1.021,0.534,-2.223,1.531,Yaw
-0.002,-0.003,1.022,0.560,-2.188,1.969,Yaw
-0.010,-0.005,1.023,0.534,-2.240,1.890,Yaw
-0.003,-0.014,1.019,0.516,-2.082,1.076,Yaw
-0.000,-0.010,1.022,0.577,-2.188,-0.184,Yaw
-0.002,0.001,1.024,0.630,-2.275,-3.062,Yaw
-0.008,-0.006,1.026,0.543,-2.161,0.901,Yaw
-0.000,-0.006,1.023,0.551,-2.223,1.426,Yaw
0.056,-0.074,1.018,0.490,-2.179,-1.531,Yaw
-0.004,-0.008,1.022,0.586,-2.284,0.858,Yaw
-0.003,-0.006,1.020,1.435,-3.019,1.452,Yaw
0.404,-0.079,0.543,27.256,-17.281,37.345,Yaw
-0.426,0.375,1.016,1.496,-2.739,62.283,Yaw
-0.013,0.017,1.224,-6.755,2.537,-1.741,Yaw
0.268,-0.432,0.834,-18.183,-2.415,24.885,Yaw
0.526,-0.308,1.031,-0.044,-1.689,144.935,Yaw
-0.011,0.563,0.679,-1.181,-5.250,286.685,Yaw
-0.192,0.300,0.745,-0.018,-6.073,286.685,Yaw
-0.306,0.072,0.888,1.041,-7.131,271.941,Yaw
-0.034,-0.004,1.043,-0.560,-1.269,15.155,Yaw
-0.395,0.018,1.020,0.481,-1.444,-96.302,Yaw
-0.238,0.330,0.668,6.099,0.114,-286.685,Yaw
-0.181,0.352,0.342,19.749,-5.136,-286.685,Yaw
-0.161,0.539,0.648,-6.291,-10.097,-286.685,Yaw
0.143,-0.223,0.602,-5.495,2.056,-286.422,Yaw
0.154,0.047,0.725,1.663,-3.307,-257.950,Yaw
0.088,0.179,0.621,-7.385,-1.697,-272.195,Yaw
0.473,0.303,0.413,-0.569,-2.293,-225.208,Yaw
0.212,-0.138,1.006,0.157,-2.966,-117.198,Yaw
0.198,-0.120,0.985,1.619,-1.715,98.280,Yaw
0.227,-0.027,0.310,2.354,-1.654,260.085,Yaw
0.479,-0.064,0.790,5.495,-0.901,286.676,Yaw
0.159,0.202,0.770,-7.569,2.581,286.685,Yaw
-0.093,0.269,0.979,-5.539,2.660,286.685,Yaw
-0.013,-0.036,0.702,-2.188,-2.004,286.685,Yaw
-0.003,0.616,0.446,0.368,-6.781,286.685,Yaw
-0.249,0.370,0.826,27.151,-15.575,286.685,Yaw
-0.266,0.090,1.196,-7.858,30.450,110.040,Yaw
-0.043,-0.056,0.961,-0.569,-0.403,11.436,Yaw
-0.320,0.198,1.038,0.157,-1.435,-27.764,Yaw
-0.558,0.216,0.872,1.067,-0.341,-276.622,Yaw
-0.526,0.508,0.821,1.846,1.409,-286.685,Yaw
-0.051,0.400,0.394,46.296,-24.684,-286.685,Yaw
-0.020,0.583,0.715,-8.085,-0.989,-286.685,Yaw
0.693,0.225,0.720,2.328,-1.663,-286.685,Yaw
0.527,0.120,0.451,12.259,-8.566,-286.685,Yaw
0.626,0.091,1.022,-18.611,-4.707,-222.976,Yaw
0.153,0.210,1.079,-4.244,0.403,-83.204,Yaw
-0.032,0.153,0.985,6.746,-6.580,-89.810,Yaw
-0.103,-0.070,0.977,4.270,-2.109,-29.566,Yaw
0.230,-0.180,0.988,-0.919,-1.487,147.219,Yaw
0.578,-0.087,1.075,1.986,-0.726,286.589,Yaw
0.342,0.194,0.746,-2.634,-1.951,286.685,Yaw
0.100,0.511,0.696,-0.919,-1.059,286.685,Yaw
-0.162,-0.128,0.604,-5.670,-5.399,286.685,Yaw
-0.018,-0.072,0.650,6.300,-9.047,286.685,Yaw
0.187,0.527,0.609,13.948,-2.581,286.685,Yaw
-0.038,0.473,0.756,3.544,-0.577,286.685,Yaw
-0.334,0.365,1.094,-1.487,-1.216,103.740,Yaw
-0.003,0.019,1.068,-6.746,2.152,0.919,Yaw
-0.409,0.265,1.041,-0.114,-0.770,-81.121,Yaw
-0.660,0.525,1.061,0.403,0.114,-268.100,Yaw
-0.310,0.448,0.596,0.577,1.645,-286.685,Yaw
-0.299,0.560,0.558,18.121,-7.814,-286.685,Yaw
-0.253,0.277,0.677,-8.400,-3.649,-286.685,Yaw
0.332,0.665,0.575,-32.069,9.739,-286.685,Yaw
0.764,0.633,0.483,-4.182,-0.123,-286.685,Yaw
0.865,0.453,0.979,-1.339,-0.368,-285.758,Yaw
0.542,0.328,0.971,-1.654,-3.605,-222.854,Yaw
0.010,0.164,0.969,-3.850,-1.383,-190.645,Yaw
-0.044,-0.144,0.833,42.070,-3.150,-67.375,Yaw
0.191,-0.077,0.889,-13.816,0.858,185.106,Yaw
0.556,-0.181,0.430,-49.455,0.910,286.571,Yaw
0.656,0.115,0.797,-11.559,5.206,286.685,Yaw
-0.014,0.497,0.670,-2.406,-4.918,286.685,Yaw
-0.146,0.070,0.573,-3.132,-0.044,286.685,Yaw
-0.099,-0.458,0.593,2.109,-2.389,286.685,Yaw
-0.115,0.525,1.022,45.579,-34.449,286.685,Yaw
0.005,0.193,0.681,4.445,-1.155,276.465,Yaw
-0.138,0.058,0.718,1.391,-2.503,216.720,Yaw
-0.299,0.180,0.921,3.894,-2.205,160.011,Yaw
-0.219,0.121,1.059,-12.906,6.668,8.881,Yaw
-0.645,0.291,0.826,-9.783,5.057,-224.560,Yaw
-0.511,0.355,0.792,-2.082,2.686,-286.685,Yaw
-0.679,0.465,0.659,15.172,-7.009,-286.685,Yaw
-0.413,0.725,0.609,1.094,-5.819,-286.685,Yaw
0.188,0.673,0.501,-7.219,0.368,-286.685,Yaw
0.477,0.674,0.707,-3.194,-1.855,-286.685,Yaw
1.371,0.560,0.748,-4.025,-3.290,-265.580,Yaw
0.519,0.309,1.014,-1.067,-1.129,-161.840,Yaw
0.089,0.197,0.847,13.248,-2.345,-162.461,Yaw
0.026,0.123,0.928,46.244,-3.640,-95.016,Yaw
0.093,0.084,0.906,-26.933,0.481,141.776,Yaw
0.716,0.138,0.952,0.656,3.929,284.620,Yaw
0.142,0.171,0.911,-1.864,2.634,286.685,Yaw
0.312,0.435,0.838,-2.188,-3.351,286.685,Yaw
-0.086,0.466,0.728,-3.404,-8.417,286.685,Yaw
-1.128,0.286,0.801,-0.385,-7.534,286.685,Yaw
-0.844,0.323,0.874,-0.166,-1.610,286.685,Yaw
0.115,0.243,0.960,2.783,-4.532,285.390,Yaw
0.016,-0.123,1.107,11.113,-9.721,220.491,Yaw
-0.266,0.354,0.984,-12.705,5.609,60.760,Yaw
-0.450,0.207,1.015,-0.796,-0.901,-62.834,Yaw
-1.017,0.427,0.970,-28.665,-0.516,-260.321,Yaw
-0.486,0.638,0.685,1.951,6.545,-286.685,Yaw
-0.157,0.511,0.884,6.624,1.925,-286.685,Yaw
-0.117,0.397,0.390,12.696,-7.744,-286.685,Yaw
-0.039,0.386,0.850,2.074,-1.216,-286.685,Yaw
0.773,0.283,0.667,17.010,-8.295,-286.685,Yaw
0.821,0.384,0.846,-2.389,-2.144,-244.974,Yaw
0.574,0.304,0.976,-0.210,-1.260,-113.698,Yaw
0.250,0.201,1.022,-0.324,-2.074,9.231,Yaw
0.427,0.304,1.078,-25.987,15.444,111.081,Yaw
0.740,0.302,0.827,4.384,-5.381,286.457,Yaw
0.302,0.519,0.880,1.750,-1.759,286.685,Yaw
-0.107,0.632,0.508,-5.670,1.418,286.685,Yaw
-0.858,0.202,0.807,-3.981,1.610,286.685,Yaw
-0.699,0.167,0.838,1.942,-5.285,286.685,Yaw
-0.446,0.287,0.988,1.715,-2.494,286.641,Yaw
-0.099,0.025,1.040,2.660,-5.985,226.170,Yaw
-0.131,0.048,1.032,0.595,-2.476,62.186,Yaw
-0.171,0.018,1.016,-0.647,-0.971,-28.114,Yaw
-0.847,0.350,1.064,-10.806,-0.604,-230.221,Yaw
-0.440,0.727,0.684,8.960,7.805,-286.685,Yaw
-0.049,0.710,0.762,3.789,3.710,-286.685,Yaw
0.299,0.598,0.682,14.866,-7.105,-286.685,Yaw
0.491,0.247,0.750,-2.949,-5.950,-286.685,Yaw
0.540,0.124,0.826,13.781,-5.968,-286.379,Yaw
0.603,0.226,0.770,9.214,-6.685,-250.215,Yaw
0.519,0.045,1.000,-20.764,-4.716,-81.427,Yaw
0.320,0.117,1.001,-0.228,-3.325,108.701,Yaw
0.457,0.254,0.918,3.894,-2.485,258.388,Yaw
0.385,0.399,0.939,2.704,-1.164,286.685,Yaw
-0.131,0.466,0.858,-21.674,7.464,286.685,Yaw
-0.166,0.222,0.749,-5.250,-7.823,286.685,Yaw
-0.281,-0.039,0.707,3.220,-3.894,286.685,Yaw
-0.490,0.353,0.636,4.174,-6.781,285.670,Yaw
-0.110,0.368,0.822,34.921,-16.389,280.508,Yaw
-0.309,-0.056,0.954,0.998,-0.928,217.402,Yaw
-0.192,-0.087,1.026,0.516,-1.855,8.654,Yaw
-0.904,0.094,1.003,-0.350,-4.113,-206.062,Yaw
-0.674,0.310,0.768,-6.650,-4.532,-286.527,Yaw
-0.279,0.572,0.868,-12.530,13.458,-286.685,Yaw
0.040,0.643,0.546,2.564,10.561,-286.685,Yaw
0.036,0.444,0.630,3.780,0.954,-286.685,Yaw
0.413,0.463,1.010,3.658,-3.684,-286.685,Yaw
0.851,0.387,0.780,14.429,-6.405,-285.049,Yaw
0.357,0.052,1.027,-0.341,-2.188,-35.149,Yaw
0.449,0.227,1.102,-20.834,8.304,98.044,Yaw
0.608,0.404,0.996,1.269,-1.689,217.630,Yaw
0.438,0.515,0.918,19.959,-8.820,286.685,Yaw
0.077,0.538,0.860,3.150,-6.615,286.685,Yaw
-0.151,0.360,0.679,-12.609,1.269,286.685,Yaw
-0.993,0.323,0.931,2.336,-4.121,286.685,Yaw
-1.076,0.237,0.943,3.080,-1.409,267.479,Yaw
-0.311,0.000,1.009,4.419,-4.559,98.411,Yaw
-0.259,0.052,1.082,-0.438,-1.934,19.267,Yaw
-0.866,0.141,1.015,-0.613,0.018,-159.758,Yaw
-0.761,0.124,0.819,-1.076,-0.752,-286.685,Yaw
-0.553,0.572,0.841,4.113,1.794,-286.685,Yaw
0.059,0.542,0.830,5.215,7.280,-286.685,Yaw
0.748,0.652,0.846,3.456,1.715,-286.685,Yaw
0.876,0.778,1.002,-0.254,0.376,-285.661,Yaw
0.802,0.280,0.989,15.409,-10.413,-171.833,Yaw
-0.087,0.200,0.960,-5.416,0.446,-194.408,Yaw
-0.105,0.050,0.911,6.702,-3.832,-223.134,Yaw
0.083,-0.256,0.535,13.895,-1.592,-174.659,Yaw
0.019,-0.219,0.895,0.814,-3.211,-111.571,Yaw
0.059,0.058,0.889,-10.885,-3.876,-63.963,Yaw
0.227,0.007,1.005,-18.086,-2.249,10.903,Yaw
0.447,-0.063,0.920,1.155,-0.271,150.360,Yaw
0.442,0.035,0.712,1.942,1.820,286.685,Yaw
0.030,0.179,0.604,4.839,0.280,286.685,Yaw
0.055,0.356,0.908,-2.940,-1.732,286.685,Yaw
-0.082,0.140,0.928,7.324,-3.325,286.685,Yaw
-0.204,0.205,0.812,8.802,-4.550,286.685,Yaw
-0.467,0.313,0.885,14.665,0.499,286.685,Yaw
-0.400,0.219,0.836,3.054,0.350,282.188,Yaw
0.127,-0.142,1.052,-0.184,-1.514,47.854,Yaw
-0.223,0.067,1.110,-6.247,1.426,-27.615,Yaw
-0.592,0.305,0.885,-6.860,4.874,-256.725,Yaw
-0.341,0.165,0.812,0.298,0.709,-286.685,Yaw
-0.424,0.595,0.821,4.812,3.395,-286.685,Yaw
-0.024,0.331,0.852,4.366,3.421,-286.685,Yaw
0.220,0.247,0.830,26.897,-16.608,-286.685,Yaw
0.548,0.598,0.634,-0.044,-2.616,-286.685,Yaw
0.417,0.369,0.723,22.601,-5.679,-280.035,Yaw
0.231,0.384,0.823,14.770,-7.753,-218.986,Yaw
0.162,0.108,1.000,1.566,-4.113,-74.051,Yaw
0.219,0.033,0.991,3.255,-0.840,37.494,Yaw
0.363,0.090,0.833,-33.329,3.080,245.245,Yaw
0.705,0.246,0.578,-34.536,4.673,286.685,Yaw
0.115,0.611,1.003,-13.913,9.083,286.685,Yaw
-0.099,0.694,0.753,-5.066,-2.914,286.685,Yaw
-0.390,0.437,0.763,-2.257,-10.430,286.685,Yaw
-1.098,-0.153,0.840,2.275,-8.986,286.685,Yaw
-0.669,0.024,0.895,-0.569,-0.849,266.219,Yaw
-0.060,0.086,1.001,1.470,-3.902,185.246,Yaw
-0.017,-0.023,1.081,4.191,-6.169,138.040,Yaw
-0.029,0.029,1.038,-1.312,-1.383,22.094,Yaw
-0.771,0.099,0.950,-1.549,0.166,-190.960,Yaw
-0.477,0.190,0.909,0.717,0.306,-286.685,Yaw
-0.755,0.393,0.628,1.050,4.532,-286.685,Yaw
-0.422,0.601,0.830,6.650,0.026,-286.685,Yaw
0.036,0.815,0.836,9.144,0.709,-286.685,Yaw
0.559,0.951,0.413,-13.895,-2.669,-286.545,Yaw
0.903,0.442,0.858,-1.085,-1.899,-263.165,Yaw
0.252,0.268,0.981,-0.009,-2.800,-125.493,Yaw
0.106,-0.026,1.055,12.504,-2.459,-44.494,Yaw
0.202,0.031,0.868,21.280,-0.079,126.368,Yaw
0.512,0.229,0.776,-6.318,3.946,274.592,Yaw
0.334,0.304,0.773,2.503,-0.910,286.685,Yaw
-0.078,0.409,0.829,6.195,-3.185,286.685,Yaw
-0.180,0.519,0.868,4.419,-0.595,286.685,Yaw
-0.433,0.119,1.019,-4.051,-0.201,286.685,Yaw
-0.657,-0.165,1.040,-13.379,6.615,286.685,Yaw
-0.440,0.300,1.007,2.809,-7.175,274.802,Yaw
-0.100,0.064,1.072,2.257,-4.043,169.059,Yaw
-0.077,-0.123,1.016,0.849,-2.214,76.344,Yaw
-0.271,0.036,1.030,-0.070,-1.461,-2.861,Yaw
-0.634,-0.021,0.947,-0.814,0.446,-250.775,Yaw
-0.672,0.043,0.890,0.105,-1.015,-286.685,Yaw
-0.276,0.382,0.919,1.015,2.616,-286.685,Yaw
-0.113,0.292,0.822,2.669,4.611,-286.685,Yaw
0.007,0.129,1.010,4.366,-0.368,-286.685,Yaw
0.147,0.758,0.554,12.801,-12.556,-286.685,Yaw
0.574,0.566,0.875,-6.379,-4.786,-251.930,Yaw
0.395,0.181,1.035,-10.316,-2.861,-42.726,Yaw
0.344,0.188,0.994,0.455,-1.820,59.710,Yaw
0.178,0.170,0.979,0.962,-2.284,97.912,Yaw
0.418,0.268,0.773,2.056,-1.514,253.584,Yaw
0.185,0.290,0.789,2.852,-0.368,286.685,Yaw
-0.064,0.297,1.040,5.810,-1.759,286.685,Yaw
-0.295,0.366,0.865,-24.666,4.095,286.685,Yaw
-0.702,0.250,0.827,6.702,-12.784,286.685,Yaw
-0.755,-0.134,0.670,19.933,-4.489,286.685,Yaw
-0.252,-0.363,1.036,3.710,2.293,266.525,Yaw
0.051,-0.101,1.022,1.864,-1.715,119.158,Yaw
-0.226,0.316,1.028,-34.641,20.790,50.627,Yaw
-0.634,0.258,0.966,-0.166,-0.998,-111.580,Yaw
-0.569,0.149,0.887,-0.665,0.464,-277.987,Yaw
-0.318,0.050,0.945,-0.884,-0.315,-286.685,Yaw
0.228,0.164,0.867,-11.708,6.282,-286.685,Yaw
0.262,0.234,0.893,7.997,0.901,-286.685,Yaw
-0.053,0.321,1.127,33.862,1.811,-286.685,Yaw
0.194,0.145,0.428,67.804,-8.592,-286.685,Yaw
0.089,0.104,0.876,25.209,-14.087,-208.337,Yaw
0.101,0.110,0.977,14.350,-5.898,-70.569,Yaw
0.103,0.183,0.991,-23.966,-1.269,31.675,Yaw
0.284,0.345,0.890,-60.655,0.560,202.545,Yaw
0.496,0.409,0.821,-6.134,4.235,286.606,Yaw
0.378,0.478,0.786,-12.040,5.626,286.685,Yaw
-0.095,0.256,0.914,-0.245,-4.069,286.685,Yaw
-0.278,0.310,0.896,-7.963,-4.209,286.685,Yaw
-0.383,0.300,0.803,6.195,-6.991,286.685,Yaw
-0.424,0.112,0.978,16.651,-11.007,286.685,Yaw
-0.538,-0.281,0.973,4.016,-2.310,276.701,Yaw
-0.307,-0.084,1.078,17.378,-11.007,157.054,Yaw
-0.083,0.048,1.003,1.811,-1.934,63.980,Yaw
-0.082,0.063,1.044,0.569,-1.846,19.355,Yaw
-0.514,-0.047,0.877,-0.613,-2.678,-116.620,Yaw
-0.330,0.044,0.853,-26.224,13.449,-286.624,Yaw
-0.243,0.169,0.778,-0.411,1.942,-286.685,Yaw
-0.100,0.372,0.946,2.432,5.924,-286.685,Yaw
-0.150,0.224,0.819,4.174,-3.902,-286.685,Yaw
-0.058,0.066,0.881,3.185,-2.415,-286.685,Yaw
0.427,0.417,0.627,33.425,-9.581,-282.362,Yaw
0.408,0.352,1.019,-2.188,-3.955,-186.515,Yaw
0.113,0.185,1.030,0.262,-2.301,-34.764,Yaw
0.079,0.033,1.011,0.438,-1.916,-10.833,Yaw
0.105,0.090,1.029,3.036,-2.249,32.909,Yaw
0.156,0.165,0.965,1.575,-2.713,207.497,Yaw
0.194,0.337,1.092,-11.226,6.484,286.685,Yaw
0.119,0.410,0.861,-3.115,0.840,286.685,Yaw
-0.001,0.329,0.863,14.630,-5.758,286.685,Yaw
-0.106,-0.116,0.826,5.399,-2.310,286.685,Yaw
-0.301,-0.008,1.092,6.073,-2.616,286.685,Yaw
-0.618,0.098,0.934,7.831,-3.474,286.685,Yaw
-0.343,-0.177,0.971,3.622,-0.018,239.199,Yaw
-0.066,-0.174,1.041,0.875,-0.105,110.775,Yaw
-0.071,0.134,1.003,0.866,-1.776,28.927,Yaw
-0.262,-0.058,1.124,-18.436,9.100,-97.799,Yaw
-0.316,-0.035,0.997,-12.180,7.744,-266.656,Yaw
-0.075,0.046,0.967,0.359,1.523,-286.685,Yaw
-0.014,0.142,0.981,0.315,-0.779,-286.685,Yaw
-0.172,0.211,0.956,11.961,-3.719,-286.685,Yaw
-0.277,0.291,0.925,23.642,-13.939,-286.685,Yaw
0.073,0.164,0.967,-6.029,0.201,-282.975,Yaw
0.428,0.093,1.046,-3.517,-1.041,-255.850,Yaw
0.456,0.135,0.885,-16.240,9.100,-73.509,Yaw
0.117,0.013,1.006,-0.254,-1.531,-1.102,Yaw
0.242,0.012,1.017,0.709,-2.275,35.910,Yaw
0.222,0.169,0.985,1.636,-3.176,129.990,Yaw
0.103,0.380,1.038,12.906,-9.695,242.113,Yaw
-0.124,0.438,0.860,4.025,-0.761,286.685,Yaw
0.004,0.197,0.880,6.633,-6.457,286.685,Yaw
-0.116,-0.142,0.932,6.414,1.470,286.685,Yaw
-0.317,-0.053,0.936,18.996,1.776,286.685,Yaw
-0.345,0.040,0.874,10.658,6.116,286.685,Yaw
-0.157,-0.042,0.979,-10.666,1.199,248.150,Yaw
-0.146,-0.077,1.010,2.616,-1.960,124.618,Yaw
-0.050,0.041,1.005,1.496,-1.986,57.356,Yaw
-0.330,0.005,1.051,-2.503,-1.067,-58.625,Yaw
-0.311,-0.013,1.012,-26.574,9.083,-263.261,Yaw
-0.217,0.000,0.882,-2.240,4.410,-286.685,Yaw
-0.016,0.118,0.900,-1.426,-1.409,-286.685,Yaw
-0.102,0.159,0.868,5.994,-2.564,-286.685,Yaw
-0.061,0.234,0.999,24.789,-16.450,-286.685,Yaw
0.103,0.081,0.821,-5.171,-2.975,-286.685,Yaw
0.372,0.130,0.828,-27.720,15.216,-282.634,Yaw
0.230,0.252,0.977,3.106,-0.691,-150.736,Yaw
-0.053,0.049,1.030,1.207,-2.783,-26.775,Yaw
-0.017,0.014,0.993,1.969,-2.879,-0.052,Yaw
0.168,0.159,1.065,13.589,-10.605,53.751,Yaw
0.463,0.475,0.745,1.820,-1.006,269.491,Yaw
0.111,0.538,0.872,4.926,-3.640,286.685,Yaw
-0.078,0.267,0.769,7.577,-4.113,286.685,Yaw
-0.326,-0.053,1.017,7.350,-1.024,286.685,Yaw
-0.622,-0.003,0.972,7.849,3.001,286.685,Yaw
-0.277,-0.172,0.957,-0.254,5.110,284.987,Yaw
-0.219,-0.128,0.910,-1.295,0.928,257.880,Yaw
0.029,-0.018,1.065,-8.435,4.576,118.204,Yaw
0.110,-0.018,0.989,-11.419,5.591,25.769,Yaw
-0.263,0.018,1.054,-0.472,-0.761,-100.109,Yaw
-0.262,-0.057,0.916,-1.339,1.409,-250.661,Yaw
-0.169,0.068,0.804,-0.315,0.114,-286.685,Yaw
-0.062,0.071,0.871,-0.140,1.960,-286.685,Yaw
-0.198,0.066,0.738,13.939,-8.820,-286.685,Yaw
-0.307,0.142,0.909,21.569,-22.085,-286.685,Yaw
0.099,0.165,0.934,-5.040,0.683,-286.685,Yaw
0.385,0.238,0.848,-19.635,9.354,-271.836,Yaw
0.418,0.283,1.002,22.015,-15.960,-135.791,Yaw
0.221,0.042,1.012,0.105,-1.785,6.291,Yaw
0.139,-0.048,1.056,-1.908,0.052,61.731,Yaw
0.023,0.238,0.996,-9.590,4.270,160.965,Yaw
0.069,0.409,1.017,-0.674,-3.150,272.204,Yaw
0.104,0.483,0.812,-1.146,-2.800,286.685,Yaw
0.075,0.278,0.842,-5.162,-2.013,286.685,Yaw
-0.290,0.074,0.880,32.025,-20.913,286.685,Yaw
-0.817,-0.017,1.020,10.395,2.686,286.685,Yaw
-0.617,-0.197,0.988,38.220,7.271,286.685,Yaw
-0.120,-0.269,0.971,11.690,5.959,225.234,Yaw
0.144,-0.004,0.572,-79.896,0.192,49.035,Yaw
0.085,0.018,1.083,6.886,-6.895,-18.034,Yaw
-0.133,0.143,0.896,-26.941,16.581,-78.330,Yaw
-0.262,-0.018,0.986,-9.844,0.149,-265.948,Yaw
-0.223,-0.053,0.949,-8.899,6.046,-286.685,Yaw
-0.196,0.212,0.780,6.239,5.565,-286.685,Yaw
0.027,0.183,0.737,12.171,-3.876,-286.685,Yaw
-0.062,0.013,0.637,-6.318,-1.286,-285.329,Yaw
0.042,-0.005,0.796,-4.961,-0.280,-286.685,Yaw
0.325,0.174,0.943,-5.801,-0.621,-285.311,Yaw
0.384,0.196,1.006,0.569,-0.779,-136.378,Yaw
0.152,-0.040,0.991,1.628,-2.791,-5.206,Yaw
0.180,-0.107,0.959,12.880,-9.126,30.292,Yaw
0.135,-0.069,0.999,2.861,-3.841,120.531,Yaw
-0.394,0.076,1.020,0.315,-1.995,238.656,Yaw
-0.145,0.089,0.998,-0.525,-0.735,164.491,Yaw
0.054,0.010,0.976,-0.630,-1.977,146.834,Yaw
0.315,0.073,0.845,-0.516,-1.374,230.589,Yaw
0.446,0.328,1.073,-0.744,-1.304,286.326,Yaw
0.006,0.133,0.890,16.065,-19.390,286.685,Yaw
-0.306,0.013,0.930,22.374,-11.699,275.739,Yaw
-0.220,-0.057,1.009,-3.369,3.255,215.827,Yaw
-0.147,-0.072,1.001,-9.065,3.622,208.399,Yaw
-0.202,0.038,0.982,-17.159,8.155,142.870,Yaw
0.037,0.185,0.952,6.562,-6.764,39.287,Yaw
-0.047,0.101,1.042,16.336,-12.206,-43.374,Yaw
-0.012,0.011,1.112,-5.381,1.549,-48.291,Yaw
-0.023,0.073,1.098,-34.939,20.702,-59.710,Yaw
0.143,0.136,1.035,1.085,-1.216,-59.054,Yaw
0.325,0.231,0.970,0.805,-1.391,-54.381,Yaw
-0.501,0.043,0.752,19.014,-13.370,-186.139,Yaw
-0.605,-0.090,0.714,16.030,-15.426,-285.241,Yaw
-0.251,0.095,0.730,-7.350,-1.908,-286.685,Yaw
-0.282,0.139,0.960,-23.966,8.251,-286.685,Yaw
0.139,0.348,0.997,1.409,0.779,-286.685,Yaw
0.424,0.273,0.823,0.840,-2.608,-286.685,Yaw
0.620,0.095,1.052,1.102,-7.770,-233.538,Yaw
0.455,0.021,1.014,-0.411,-2.188,-49.656,Yaw
0.360,0.043,1.098,-15.208,8.295,32.961,Yaw
0.170,0.014,0.968,-8.435,3.159,120.286,Yaw
0.096,0.204,0.851,2.590,-4.034,260.234,Yaw
0.090,0.182,0.956,9.949,-6.974,286.685,Yaw
0.071,0.141,0.964,-12.591,4.699,286.685,Yaw
-0.125,-0.135,0.770,-4.795,-5.346,286.685,Yaw
-0.177,-0.177,0.976,0.543,-8.391,286.685,Yaw
-0.073,0.283,1.019,2.984,-6.213,286.685,Yaw
-0.224,0.448,0.876,4.944,-0.752,286.685,Yaw
-0.177,0.242,0.878,28.726,-11.104,258.510,Yaw
-0.042,-0.112,1.016,0.647,-1.715,64.540,Yaw
-0.278,0.057,1.052,-29.706,17.570,-42.149,Yaw
-0.567,0.343,0.956,-4.200,0.228,-169.277,Yaw
-0.257,0.404,0.877,-13.291,9.021,-286.685,Yaw
0.135,0.403,0.883,0.761,6.869,-286.685,Yaw
0.303,0.310,0.874,23.249,6.221,-286.685,Yaw
0.039,0.133,0.794,3.001,-4.471,-286.685,Yaw
0.204,0.070,0.603,8.934,-8.969,-286.685,Yaw
0.824,-0.073,1.007,31.089,-4.524,-282.616,Yaw
0.156,-0.084,1.020,8.689,-3.071,-65.599,Yaw
0.180,-0.027,1.024,-0.831,-1.811,31.771,Yaw
0.235,0.112,0.648,-46.042,-0.516,229.224,Yaw
0.545,0.166,0.744,0.962,4.935,286.685,Yaw
0.051,0.322,0.993,-22.785,7.761,286.685,Yaw
0.014,0.185,0.823,-0.359,-2.109,286.685,Yaw
0.004,-0.196,0.830,0.866,1.138,286.685,Yaw
-0.708,0.417,0.968,21.971,-14.525,280.682,Yaw
-0.280,0.068,0.981,-21.175,13.475,194.416,Yaw
-0.329,0.203,1.068,0.822,-2.756,81.419,Yaw
-0.637,0.283,1.021,1.400,-1.759,-141.943,Yaw
-0.274,0.410,0.792,0.962,-1.890,-286.685,Yaw
-0.033,0.195,0.660,-0.744,3.281,-286.685,Yaw
0.197,0.309,0.747,-29.645,4.077,-286.685,Yaw
0.597,0.249,0.663,11.953,7.359,-286.449,Yaw
0.586,0.045,0.865,34.947,-19.224,-260.698,Yaw
0.279,-0.454,1.068,-3.106,-1.024,-82.740,Yaw
0.442,0.012,0.977,0.341,-1.523,282.922,Yaw
0.176,0.351,0.926,-0.954,-2.739,286.685,Yaw
-0.146,-0.042,0.892,12.250,-11.314,286.685,Yaw
-0.594,-0.000,0.863,22.872,-14.333,286.414,Yaw
-0.233,0.064,0.918,3.211,-2.494,160.283,Yaw
-0.178,0.241,1.019,-15.444,8.330,37.030,Yaw
-0.620,0.258,0.973,-9.774,3.929,-170.555,Yaw
-0.240,0.195,0.825,-1.102,3.640,-282.293,Yaw
0.101,0.174,0.976,-7.017,4.200,-286.685,Yaw
0.531,0.148,0.921,18.235,-1.829,-286.685,Yaw
0.614,-0.105,0.925,3.307,-2.144,-243.906,Yaw
0.609,-0.338,1.046,-7.271,2.888,78.776,Yaw
0.258,0.181,0.807,0.464,-2.485,286.685,Yaw
-0.297,0.052,0.974,-3.246,-2.441,286.685,Yaw
-0.292,-0.071,0.862,-10.010,-11.637,285.784,Yaw
-0.224,0.280,0.868,25.734,-7.455,278.932,Yaw
-0.025,0.232,1.049,10.500,-3.517,117.679,Yaw
-0.472,0.312,1.047,-23.485,12.784,-133.053,Yaw
-0.370,0.421,0.958,-3.080,2.940,-286.457,Yaw
0.200,-0.028,1.015,1.234,5.443,-286.685,Yaw
0.416,-0.010,0.965,2.293,-1.312,-286.685,Yaw
0.416,-0.030,1.023,0.647,-0.411,-192.238,Yaw
0.184,-0.145,0.999,0.560,-2.257,-14.087,Yaw
0.375,-0.153,0.885,0.577,-4.279,250.670,Yaw
0.027,-0.019,0.816,1.531,-6.449,286.685,Yaw
-0.133,-0.017,0.886,5.915,-16.380,286.685,Yaw
-0.202,0.220,1.020,5.906,-6.545,281.654,Yaw
-0.037,0.206,1.027,1.155,-2.467,170.660,Yaw
-0.050,0.051,1.058,-3.824,0.752,4.497,Yaw
-0.469,0.356,1.024,-0.026,-0.254,-161.717,Yaw
-0.312,0.286,0.989,0.289,1.899,-286.545,Yaw
0.221,0.231,0.927,-0.044,6.318,-286.685,Yaw
0.386,0.074,0.883,3.465,-4.086,-286.685,Yaw
0.615,-0.114,0.897,16.468,-11.209,-282.765,Yaw
0.246,-0.366,1.039,-3.001,-2.957,-90.003,Yaw
0.550,-0.342,0.832,-23.747,12.565,214.742,Yaw
0.106,0.087,0.752,-1.715,-2.389,286.685,Yaw
-0.150,0.172,0.920,-0.788,2.564,286.685,Yaw
-0.333,0.075,1.009,9.415,-11.891,285.504,Yaw
-0.129,0.209,1.006,15.557,-5.731,253.846,Yaw
-0.121,0.235,1.103,-13.790,7.770,132.615,Yaw
-0.236,0.022,0.842,-21.665,12.189,-4.279,Yaw
-0.314,0.216,1.028,-0.175,-0.123,-210.928,Yaw
-0.287,0.397,0.956,1.899,0.858,-286.685,Yaw
0.022,0.389,0.948,0.551,11.366,-286.685,Yaw
0.546,0.139,0.778,3.036,-0.333,-286.685,Yaw
0.525,-0.145,0.889,17.351,-12.460,-285.644,Yaw
0.075,-0.457,1.012,3.220,-2.686,-91.000,Yaw
0.431,-0.544,1.015,2.126,0.262,249.497,Yaw
0.337,-0.141,0.918,-18.323,12.539,286.685,Yaw
0.027,0.289,0.995,-12.705,-6.702,286.685,Yaw
-0.128,0.321,0.874,-1.785,-10.911,286.685,Yaw
-0.330,0.335,0.914,31.911,-8.890,246.610,Yaw
-0.056,0.244,1.036,6.562,-5.749,107.564,Yaw
-0.211,0.090,0.938,-32.471,18.979,-48.020,Yaw
-0.309,0.431,1.093,-0.621,0.280,-277.760,Yaw
-0.074,0.354,1.087,-20.816,2.310,-286.685,Yaw
0.177,0.203,0.857,-33.556,6.090,-286.685,Yaw
0.414,0.016,0.789,32.445,17.316,-286.685,Yaw
0.739,-0.494,0.782,31.010,-29.706,-231.726,Yaw
0.317,-0.464,1.056,-16.371,8.356,-4.156,Yaw
0.419,-0.309,1.076,0.368,-4.051,279.151,Yaw
0.089,0.079,0.974,-2.756,-3.159,286.685,Yaw
-0.141,0.273,1.040,5.705,-10.990,286.685,Yaw
-0.164,0.377,0.824,21.333,-10.859,286.606,Yaw
-0.142,0.295,1.080,4.821,-4.419,208.005,Yaw
-0.070,0.087,0.764,-32.734,18.690,7.892,Yaw
-0.245,0.267,1.054,-0.228,-0.306,-124.976,Yaw
-0.366,0.408,1.035,-18.279,2.056,-275.030,Yaw
0.026,0.256,0.891,-21.385,4.611,-286.685,Yaw
0.440,0.078,0.817,18.681,10.019,-286.685,Yaw
0.688,-0.008,0.919,29.881,-12.880,-286.685,Yaw
0.310,-0.192,1.028,3.255,-5.635,-223.291,Yaw
0.154,-0.363,1.020,3.211,-2.625,-69.291,Yaw
0.462,-0.480,1.153,-6.265,1.470,192.902,Yaw
0.555,-0.258,0.839,-27.493,13.886,286.685,Yaw
0.159,0.340,0.782,-1.304,-7.140,286.685,Yaw
-0.196,0.373,0.815,7.534,-6.037,286.685,Yaw
-0.222,0.401,1.001,7.157,-2.879,249.760,Yaw
-0.182,0.306,1.078,-1.321,-1.146,130.445,Yaw
-0.018,0.010,0.955,-3.649,0.595,-2.231,Yaw
-0.357,0.437,0.999,-0.009,-0.271,-116.401,Yaw
-0.209,0.381,0.928,-9.074,-0.350,-286.685,Yaw
0.052,0.331,0.878,-14.796,7.989,-286.685,Yaw
0.412,0.144,0.781,7.621,5.758,-286.685,Yaw
0.627,-0.158,0.797,8.164,-5.731,-286.685,Yaw
0.393,-0.289,1.008,1.164,-3.544,-214.489,Yaw
0.129,-0.598,1.034,-3.483,-2.581,-50.943,Yaw
0.371,-0.309,1.047,-3.185,2.118,251.274,Yaw
0.428,0.089,0.963,-4.900,0.717,286.685,Yaw
0.189,0.250,0.904,9.887,-6.335,286.685,Yaw
-0.158,0.343,0.851,35.263,-21.726,286.685,Yaw
-0.341,0.370,0.546,4.944,-0.350,280.446,Yaw
-0.051,0.230,1.020,0.140,-1.969,49.507,Yaw
-0.133,0.205,1.105,-16.940,9.170,-53.576,Yaw
-0.506,0.512,0.941,-0.236,-0.026,-234.010,Yaw
0.072,0.329,0.799,-12.198,3.019,-286.685,Yaw
0.359,0.136,0.948,-4.620,4.839,-286.685,Yaw
0.479,0.022,0.883,15.444,2.625,-286.685,Yaw
0.601,-0.423,0.922,21.359,-15.540,-281.978,Yaw
0.277,-0.732,0.947,3.019,-2.406,-2.713,Yaw
0.323,-0.320,0.976,2.686,-1.085,285.198,Yaw
0.216,-0.078,0.994,-26.836,10.789,286.685,Yaw
0.284,0.280,0.836,1.418,-7.446,286.685,Yaw
-0.015,0.364,0.349,34.405,-15.767,286.685,Yaw
-0.203,0.400,0.858,11.786,2.223,268.844,Yaw
-0.226,0.347,0.945,-4.191,-1.628,145.863,Yaw
0.035,0.067,1.103,-2.957,-0.219,1.872,Yaw
-0.509,0.415,0.900,-8.610,4.673,-95.795,Yaw
-0.325,0.491,1.046,-5.338,3.946,-286.151,Yaw
0.079,0.302,0.974,-15.916,2.275,-286.685,Yaw
0.368,0.226,0.860,-3.185,11.235,-286.685,Yaw
0.545,-0.142,0.856,43.260,3.159,-286.685,Yaw
0.428,-0.375,0.857,9.677,-11.708,-245.481,Yaw
0.049,-0.368,0.995,0.814,-2.651,-109.533,Yaw
0.297,-0.381,1.035,0.779,-1.558,75.915,Yaw
0.401,-0.254,0.907,-22.111,9.748,281.120,Yaw
0.303,0.106,0.937,-1.435,-1.409,286.685,Yaw
0.160,0.293,0.920,6.431,-10.990,286.685,Yaw
-0.171,0.360,0.971,15.767,-9.240,286.615,Yaw
-0.203,0.339,1.046,5.425,-4.436,195.300,Yaw
-0.017,0.215,1.047,-6.904,2.852,88.777,Yaw
-0.087,-0.035,0.960,-24.587,13.676,19.609,Yaw
-0.480,0.394,0.962,0.166,-0.665,-95.961,Yaw
-0.239,0.278,0.939,2.293,-2.301,-285.486,Yaw
0.077,0.241,0.835,-0.639,5.372,-286.685,Yaw
0.346,0.218,0.949,3.710,1.234,-286.685,Yaw
0.562,-0.182,0.840,5.801,-2.494,-286.624,Yaw
0.459,-0.194,0.992,-3.168,-5.302,-194.688,Yaw
0.117,-0.465,1.029,-0.691,-2.047,-24.045,Yaw
0.358,-0.314,1.045,-17.220,10.264,239.986,Yaw
0.318,0.044,0.894,-0.901,-3.124,286.685,Yaw
0.147,0.222,0.971,-1.251,-3.080,286.685,Yaw
-0.197,0.267,0.906,-0.534,-7.630,286.685,Yaw
-0.250,0.192,1.003,12.408,-6.843,245.105,Yaw
-0.100,0.174,1.066,0.849,-2.599,147.954,Yaw
-0.041,0.120,1.077,-10.868,5.460,62.816,Yaw
-0.008,0.015,1.013,0.455,-2.196,6.309,Yaw
-0.510,0.385,0.979,0.192,-0.752,-106.610,Yaw
-0.224,0.316,0.945,0.604,4.270,-286.685,Yaw
0.102,0.341,0.890,1.181,0.752,-286.685,Yaw
0.505,0.231,0.965,1.321,1.523,-286.685,Yaw
0.495,-0.128,0.952,11.672,-5.898,-286.685,Yaw
0.202,-0.135,0.827,-1.960,-3.622,-222.600,Yaw
-0.009,-0.235,1.053,-1.750,-3.150,-133.674,Yaw
0.256,-0.429,0.851,-22.260,12.574,55.606,Yaw
0.438,0.106,0.886,-0.892,-2.039,283.728,Yaw
0.201,0.250,0.875,-0.446,-5.189,286.685,Yaw
-0.076,0.149,0.996,-3.246,-3.098,286.685,Yaw
-0.200,0.068,0.879,21.455,-12.547,286.685,Yaw
-0.304,0.054,1.019,2.188,-2.205,272.291,Yaw
-0.170,0.121,0.944,-3.307,-0.822,193.025,Yaw
-0.062,0.179,1.076,-5.372,1.715,122.561,Yaw
-0.076,0.070,1.013,-0.350,-1.785,8.969,Yaw
-0.539,0.289,0.966,0.980,-0.919,-168.542,Yaw
-0.497,0.268,0.796,-0.595,-2.634,-286.685,Yaw
0.072,0.392,0.856,2.870,-0.604,-286.685,Yaw
0.584,0.359,0.929,3.561,-0.455,-286.685,Yaw
0.355,0.102,0.878,3.404,-3.106,-286.685,Yaw
0.436,-0.078,0.976,2.616,-0.376,-275.432,Yaw
0.073,-0.187,0.724,30.826,-9.975,-192.902,Yaw
-0.025,-0.387,0.828,-17.106,-2.021,14.551,Yaw
0.068,-0.095,0.859,-23.214,13.396,110.399,Yaw
-0.016,0.097,1.119,0.254,-1.584,150.474,Yaw
-0.006,0.082,1.066,-0.096,-1.636,201.819,Yaw
-0.111,0.162,0.958,0.998,-4.043,230.746,Yaw
0.083,-0.015,1.001,-0.954,-0.858,251.318,Yaw
0.109,-0.099,0.970,-1.418,0.096,255.946,Yaw
-0.073,-0.025,1.063,-0.306,-1.628,235.156,Yaw
-0.006,-0.050,1.021,0.683,-4.988,186.637,Yaw
0.081,-0.124,1.002,0.910,-3.754,173.416,Yaw
0.088,-0.073,0.903,-0.026,-3.351,199.027,Yaw
0.109,0.056,0.817,0.280,-5.057,231.464,Yaw
-0.250,0.312,1.083,0.577,-3.211,159.390,Yaw
-0.127,0.200,1.020,14.989,-11.296,3.719,Yaw
0.034,0.035,1.055,17.657,-13.090,6.466,Yaw
0.002,-0.053,1.035,1.636,-3.054,5.224,Yaw
-0.003,0.016,1.083,-3.342,0.735,57.374,Yaw
-0.023,-0.018,0.779,-14.464,7.551,25.375,Yaw
-0.185,0.003,1.043,-0.525,-1.164,-6.247,Yaw
-0.275,0.182,0.919,-5.539,0.525,-212.678,Yaw
0.224,0.160,0.849,9.748,-0.560,-286.685,Yaw
0.136,0.161,0.947,2.354,-1.094,-286.685,Yaw
-0.117,0.201,0.745,5.784,-0.306,-286.685,Yaw
0.014,-0.132,0.825,2.922,-6.571,-286.685,Yaw
0.565,-0.203,0.945,-4.043,-3.491,-271.381,Yaw
0.391,-0.177,1.021,-0.403,-2.660,-100.327,Yaw
0.413,0.010,0.828,-27.650,16.494,85.689,Yaw
0.279,0.222,1.196,-9.677,-3.159,263.970,Yaw
0.126,0.246,0.903,-46.436,-4.191,286.685,Yaw
-0.007,0.310,0.745,-31.806,-12.320,286.685,Yaw
-0.321,0.199,0.786,54.075,-8.916,286.685,Yaw
-0.813,-0.213,0.913,19.478,-11.226,270.174,Yaw
-0.064,0.010,1.069,-17.841,9.922,127.435,Yaw
0.003,0.164,1.078,0.849,-2.914,81.944,Yaw
-0.060,0.074,1.001,0.613,-1.908,-2.520,Yaw
-0.513,0.227,0.992,0.376,-0.009,-206.150,Yaw
-0.164,0.138,0.618,-0.630,4.077,-286.685,Yaw
0.161,0.266,0.657,1.794,1.558,-286.685,Yaw
0.132,0.255,0.733,2.747,-1.347,-286.685,Yaw
0.368,-0.019,0.667,32.917,-23.686,-286.685,Yaw
0.563,-0.049,0.928,7.271,-1.706,-192.658,Yaw
0.117,-0.267,1.003,4.043,-2.520,-17.456,Yaw
0.369,0.016,0.764,2.975,1.986,264.897,Yaw
0.141,0.311,0.804,-17.264,2.520,286.685,Yaw
0.132,0.178,0.840,-4.707,1.977,286.685,Yaw
-0.106,0.097,0.817,10.307,-5.154,286.685,Yaw
-0.398,0.139,0.669,27.711,-7.481,282.266,Yaw
-0.191,-0.133,0.955,1.033,-1.181,217.857,Yaw
0.020,0.132,1.064,-17.229,10.273,101.255,Yaw
-0.151,0.155,0.916,-0.543,-1.628,-4.165,Yaw
-0.281,0.122,0.984,-0.131,-1.120,-91.709,Yaw
-0.301,0.198,0.973,-0.691,0.350,-285.871,Yaw
-0.082,0.216,0.817,-0.157,-2.905,-286.685,Yaw
0.195,0.232,0.909,5.084,0.788,-286.685,Yaw
0.519,-0.025,0.797,39.226,-27.046,-286.177,Yaw
0.146,-0.058,1.033,-0.744,-2.529,-101.001,Yaw
0.480,-0.021,1.025,0.359,-1.934,28.184,Yaw
0.128,0.063,0.852,1.715,1.540,283.902,Yaw
0.062,0.070,0.749,-5.749,5.460,286.685,Yaw
-0.097,0.104,0.892,15.680,-5.057,286.685,Yaw
-0.238,0.041,0.815,4.865,-0.543,286.571,Yaw
-0.306,0.040,0.741,1.365,-1.592,270.340,Yaw
0.052,0.059,0.937,0.752,-2.065,133.604,Yaw
0.057,0.065,1.023,-2.161,-0.647,2.747,Yaw
-0.019,-0.155,0.788,-35.971,21.306,-50.750,Yaw
-0.379,0.327,0.904,-1.138,-0.289,-155.312,Yaw
-0.160,0.239,0.905,0.280,-1.391,-286.633,Yaw
-0.020,0.360,0.929,1.050,0.490,-286.685,Yaw
0.212,0.255,0.895,3.920,0.490,-286.685,Yaw
0.335,-0.051,0.425,41.702,-26.390,-286.685,Yaw
0.339,-0.119,0.606,16.564,-5.267,-267.111,Yaw
0.408,0.007,0.875,27.493,-6.781,-233.284,Yaw
0.195,-0.180,0.965,-25.979,-2.520,1.155,Yaw
0.309,0.009,1.063,-18.016,4.673,285.976,Yaw
-0.059,0.228,0.823,-1.347,-1.829,286.685,Yaw
-0.047,0.093,0.848,-2.730,-3.036,286.685,Yaw
-0.065,0.038,0.872,9.459,-6.090,286.685,Yaw
-0.326,0.152,0.920,12.836,-3.159,286.685,Yaw
-0.204,0.072,1.057,9.371,-7.315,130.340,Yaw
0.044,0.210,1.050,-11.882,5.863,-3.325,Yaw
-0.360,-0.015,1.053,-4.279,2.625,-165.515,Yaw
-0.228,-0.037,0.853,-1.706,2.852,-286.685,Yaw
-0.007,0.070,0.825,-1.636,-0.726,-286.685,Yaw
0.239,0.206,0.837,3.421,-5.145,-286.685,Yaw
0.187,0.139,0.948,2.345,-1.181,-286.685,Yaw
0.295,0.019,1.008,15.208,-10.815,-262.666,Yaw
0.207,-0.187,1.048,10.579,-1.890,-44.660,Yaw
0.466,-0.180,0.899,-12.898,6.668,145.154,Yaw
0.167,0.277,0.963,-3.054,1.523,286.685,Yaw
-0.046,0.294,0.987,3.509,-2.730,286.239,Yaw
-0.126,0.027,0.895,12.110,-7.280,286.274,Yaw
-0.590,-0.052,0.849,6.046,0.551,282.940,Yaw
-0.364,-0.091,0.892,1.960,-1.076,177.441,Yaw
-0.386,0.117,1.002,-2.424,0.009,21.446,Yaw
-0.315,0.205,0.934,-38.911,22.846,-94.710,Yaw
-0.158,0.314,0.965,-0.691,0.507,-266.997,Yaw
0.222,0.147,0.908,3.071,-2.511,-286.685,Yaw
0.148,0.295,0.898,0.945,0.577,-286.685,Yaw
0.198,0.277,0.804,3.430,-0.368,-286.685,Yaw
0.500,0.102,0.914,2.922,-3.990,-286.685,Yaw
0.391,-0.188,0.962,6.676,-7.472,-109.882,Yaw
0.606,0.055,0.998,1.487,-0.184,218.925,Yaw
0.433,0.529,0.927,-13.597,5.740,286.685,Yaw
-0.305,0.330,0.927,-3.526,-0.026,286.685,Yaw
-0.957,-0.199,0.888,1.601,-1.304,246.549,Yaw
-0.340,-0.289,0.980,30.739,-20.353,105.096,Yaw
0.106,-0.104,0.900,0.849,-0.394,204.531,Yaw
-0.277,0.026,0.906,-15.453,4.611,278.267,Yaw
-0.155,0.013,1.084,13.177,-10.605,205.538,Yaw
0.038,0.034,1.001,-3.307,8.523,-24.736,Yaw
-0.226,0.246,0.958,-1.278,0.131,-140.866,Yaw
-0.036,-0.035,0.948,-0.446,0.805,-286.606,Yaw
0.076,0.077,0.775,0.971,-1.155,-286.685,Yaw
0.157,0.263,0.925,4.532,-0.691,-286.685,Yaw
0.116,0.224,0.754,21.604,-13.913,-286.676,Yaw
0.352,-0.032,0.988,-7.245,-5.171,-211.024,Yaw
0.090,-0.231,1.027,-0.087,-2.415,-50.978,Yaw
0.311,-0.182,1.030,0.525,-2.118,41.204,Yaw
0.202,0.015,1.063,-2.240,2.188,250.731,Yaw
0.085,0.175,0.846,-10.719,6.221,286.685,Yaw
-0.216,0.095,0.772,0.446,-0.175,286.685,Yaw
-0.154,0.097,0.855,33.600,-15.829,286.624,Yaw
-0.092,0.079,0.870,3.885,-3.089,269.561,Yaw
0.054,-0.059,1.071,0.499,-1.732,140.840,Yaw
0.065,0.039,0.827,-32.882,19.031,15.321,Yaw
0.052,0.051,1.014,0.245,-1.435,3.115,Yaw
-0.195,0.090,1.049,-2.056,-1.094,-125.886,Yaw
-0.146,0.152,0.931,-10.727,3.876,-285.758,Yaw
-0.153,0.186,0.756,15.750,4.331,-286.685,Yaw
-0.128,-0.077,0.830,19.845,-8.698,-286.685,Yaw
0.196,-0.287,0.872,-3.194,-3.859,-279.353,Yaw
0.248,-0.140,1.066,-0.822,-2.765,-149.231,Yaw
0.424,-0.003,1.098,-6.536,2.152,83.729,Yaw
0.266,0.174,1.083,0.665,-3.325,245.053,Yaw
0.003,0.266,0.967,-1.251,-0.359,286.589,Yaw
0.034,0.176,0.723,-0.446,-4.725,285.705,Yaw
-0.113,0.126,0.828,0.079,-2.713,270.725,Yaw
-0.154,0.080,0.977,-3.517,-1.330,180.705,Yaw
-0.057,0.098,1.019,-0.341,-1.558,103.495,Yaw
-0.241,0.061,1.141,-6.326,-2.441,53.366,Yaw
-0.260,0.046,0.940,-15.085,-1.689,-62.930,Yaw
-0.213,0.053,0.933,15.382,0.656,-267.794,Yaw
-0.082,-0.053,0.802,3.719,-0.962,-286.685,Yaw
0.072,-0.002,0.638,27.003,-16.380,-286.003,Yaw
0.366,-0.023,0.943,-14.123,-3.176,-238.402,Yaw
0.144,0.004,1.102,-4.113,1.540,28.403,Yaw
0.233,0.018,0.927,-17.255,9.056,163.984,Yaw
0.147,0.034,0.863,-0.717,-3.106,236.548,Yaw
0.047,-0.113,0.920,0.236,-4.296,251.178,Yaw
0.018,0.106,0.887,-2.135,-1.811,286.239,Yaw
-0.087,0.180,0.884,2.476,-4.935,285.320,Yaw
-0.142,0.080,0.849,-0.385,-3.465,236.136,Yaw
-0.076,-0.069,1.023,0.420,-3.736,143.036,Yaw
-0.044,0.044,1.024,0.289,-2.188,27.108,Yaw
0.032,0.039,1.061,-1.689,-2.074,3.220,Yaw
-0.055,0.039,0.998,-5.154,-2.424,1.216,Yaw
-0.015,0.009,1.115,10.167,-2.415,-19.049,Yaw
-0.028,0.104,1.027,0.455,-1.706,-55.991,Yaw
-0.090,0.103,1.041,1.286,-2.240,-154.438,Yaw
-0.137,0.127,0.994,0.245,0.534,-252.700,Yaw
0.065,0.078,0.804,0.394,-0.962,-280.551,Yaw
0.251,-0.200,0.987,0.105,-0.184,-273.017,Yaw
-0.019,-0.279,1.087,28.131,-20.108,-40.880,Yaw
-0.016,-0.079,1.018,1.759,-3.378,0.884,Yaw
-0.151,-0.152,1.010,-0.035,-2.013,-18.979,Yaw
0.033,-0.306,1.142,-26.031,15.050,-1.269,Yaw
0.141,-0.079,0.923,0.157,-4.358,164.981,Yaw
0.004,0.232,0.924,-0.192,-4.200,222.337,Yaw
0.038,0.300,0.984,1.120,-2.529,271.994,Yaw
0.103,0.111,1.049,1.234,-3.754,219.669,Yaw
0.007,0.060,0.997,0.971,-3.404,103.924,Yaw
-0.009,-0.003,1.023,0.175,-2.047,28.017,Yaw
0.001,0.066,1.027,0.070,-2.013,10.868,Yaw
-0.185,0.191,1.007,0.709,-1.278,-101.666,Yaw
-0.255,0.076,1.011,1.680,-4.900,-278.145,Yaw
-0.118,-0.023,0.995,2.275,0.131,-286.685,Yaw
0.034,-0.121,0.967,11.769,-7.341,-286.685,Yaw
0.250,-0.040,1.082,4.235,-7.219,-267.899,Yaw
0.293,0.013,1.094,-11.489,4.156,-179.629,Yaw
0.369,-0.089,0.966,-1.374,-1.207,-26.005,Yaw
0.383,0.199,0.886,-0.472,-2.835,270.839,Yaw
-0.099,0.226,0.897,-1.592,-1.925,286.685,Yaw
-0.247,0.103,1.026,0.000,-1.549,265.353,Yaw
-0.244,-0.069,0.946,6.816,-6.816,202.379,Yaw
-0.097,-0.176,0.912,-7.052,2.293,157.745,Yaw
-0.099,-0.072,0.960,0.525,-2.695,136.736,Yaw
-0.172,0.114,1.090,1.190,-2.371,82.215,Yaw
-0.439,0.144,1.011,-0.184,-1.076,-48.309,Yaw
-0.096,0.109,0.891,-0.455,-0.123,-286.422,Yaw
0.217,0.132,0.871,1.768,1.951,-286.685,Yaw
0.184,-0.005,0.992,4.629,-3.369,-286.685,Yaw
0.263,0.002,0.942,22.435,-16.301,-263.620,Yaw
0.024,0.026,1.006,-0.770,-2.275,-97.169,Yaw
0.034,0.034,1.000,-0.324,-1.409,17.062,Yaw
0.187,0.016,1.022,2.284,-2.257,151.734,Yaw
0.172,0.048,0.956,-7.394,4.742,286.685,Yaw
0.012,0.007,0.874,15.733,-9.476,286.685,Yaw
-0.140,0.050,0.865,4.550,-1.111,286.685,Yaw
-0.264,0.057,0.872,3.483,-1.242,284.742,Yaw
-0.122,0.051,1.009,-2.293,1.908,205.879,Yaw
0.006,0.101,1.059,-9.363,4.646,106.207,Yaw
0.112,0.077,1.030,-9.879,4.279,8.400,Yaw
-0.292,0.152,1.007,0.210,-1.216,-66.841,Yaw
-0.203,0.123,1.024,-0.490,0.368,-279.020,Yaw
0.014,0.278,0.878,-1.663,0.228,-286.685,Yaw
0.070,0.256,0.904,0.403,-1.059,-286.685,Yaw
0.367,-0.147,0.904,5.696,-3.386,-286.685,Yaw
0.407,-0.160,0.788,13.344,-12.854,-230.624,Yaw
0.282,-0.219,0.945,-11.174,5.530,34.545,Yaw
0.381,-0.064,1.030,3.517,-3.815,172.716,Yaw
0.081,0.130,0.997,-18.778,11.637,286.685,Yaw
-0.089,0.213,0.842,0.788,0.236,286.685,Yaw
-0.193,0.077,0.902,8.977,-11.323,284.305,Yaw
-0.203,0.065,1.034,16.275,-5.793,236.416,Yaw
-0.115,0.058,1.074,-2.870,1.278,156.844,Yaw
-0.010,0.141,0.922,-12.801,6.300,29.470,Yaw
-0.239,0.201,1.024,0.175,-1.146,-79.301,Yaw
-0.267,0.157,1.026,-1.006,-0.324,-245.516,Yaw
0.078,0.158,0.928,-20.685,8.627,-286.685,Yaw
0.081,0.229,0.843,-14.936,8.339,-286.685,Yaw
0.181,0.037,0.862,49.105,23.538,-285.828,Yaw
0.519,-0.144,0.356,26.784,-56.324,-231.402,Yaw
0.259,-0.203,1.050,0.840,-2.450,45.693,Yaw
0.359,-0.107,1.007,-1.942,1.628,278.513,Yaw
0.045,-0.004,1.013,-21.446,6.440,286.685,Yaw
-0.125,0.160,0.946,1.610,-3.526,286.685,Yaw
-0.057,0.253,0.900,3.894,-9.004,286.685,Yaw
-0.057,0.130,1.020,29.435,-17.920,276.658,Yaw
-0.088,-0.026,0.923,3.360,-4.261,247.415,Yaw
-0.119,-0.039,0.990,1.102,-1.033,139.178,Yaw
0.002,0.084,0.964,-34.300,20.834,66.500,Yaw
-0.122,0.127,1.052,0.087,-1.820,-20.878,Yaw
-0.206,0.310,0.984,-0.254,-0.779,-139.414,Yaw
-0.148,0.221,0.950,-0.394,5.836,-286.685,Yaw
0.092,0.096,0.838,-0.210,3.281,-286.685,Yaw
0.189,-0.104,0.973,0.928,1.146,-286.685,Yaw
0.272,-0.159,0.939,36.829,-12.084,-286.195,Yaw
0.194,-0.041,1.030,-0.061,-2.835,-150.281,Yaw
-0.012,-0.018,1.065,-10.299,-1.995,-72.966,Yaw
0.119,-0.067,1.048,-7.718,-1.977,-29.619,Yaw
0.316,-0.299,1.050,-6.501,2.809,86.118,Yaw
0.234,0.113,0.875,-16.853,9.712,286.624,Yaw
0.031,0.174,0.916,12.241,-11.042,286.685,Yaw
-0.087,0.113,0.961,20.038,-8.837,283.115,Yaw
-0.090,0.085,0.911,3.806,0.709,260.094,Yaw
-0.115,0.108,0.951,1.960,-1.129,171.771,Yaw
-0.002,0.061,0.917,-31.535,18.734,55.624,Yaw
-0.130,0.146,0.966,-0.525,-1.251,0.726,Yaw
-0.171,0.096,1.103,-15.951,-1.409,-153.405,Yaw
-0.037,0.162,0.735,-29.593,4.139,-286.685,Yaw
0.057,0.108,0.743,-21.823,7.910,-286.685,Yaw
0.109,0.076,0.881,12.285,21.735,-286.685,Yaw
0.200,-0.049,0.892,64.269,19.163,-286.685,Yaw
0.273,-0.243,0.648,35.271,-24.798,-183.033,Yaw
0.131,-0.272,1.021,-0.026,-2.503,-41.151,Yaw
0.277,-0.230,1.006,0.499,-1.768,130.209,Yaw
0.201,-0.004,0.960,-15.627,9.835,286.685,Yaw
0.016,0.150,0.937,0.061,-2.949,286.685,Yaw
-0.067,0.247,1.063,13.142,-11.585,286.685,Yaw
-0.169,0.166,1.094,13.851,-8.234,285.688,Yaw
-0.191,0.064,1.000,-7.814,3.894,193.664,Yaw
-0.041,0.084,0.873,-13.248,6.694,57.505,Yaw
-0.034,0.136,1.038,-2.249,-1.750,-11.182,Yaw
-0.152,0.098,1.033,-18.034,-1.540,-79.923,Yaw
-0.081,0.162,0.961,-19.626,1.383,-273.131,Yaw
0.023,0.226,0.807,-21.140,10.106,-286.685,Yaw
0.041,0.159,0.912,-6.204,14.779,-286.685,Yaw
0.164,-0.124,0.929,64.750,36.444,-286.685,Yaw
0.433,-0.274,0.875,29.067,-60.594,-197.584,Yaw
0.135,-0.179,1.023,-0.385,-1.925,-22.540,Yaw
0.193,-0.177,0.982,0.499,-1.829,93.126,Yaw
0.153,-0.071,0.959,-7.849,2.301,276.999,Yaw
0.165,0.080,0.827,-1.242,-2.406,286.685,Yaw
0.034,0.207,0.931,14.385,-7.184,286.685,Yaw
-0.054,0.171,0.965,-3.605,0.236,286.685,Yaw
-0.159,0.127,0.943,-12.101,5.924,224.709,Yaw
-0.066,0.022,0.996,0.560,-2.441,80.902,Yaw
0.042,-0.000,1.028,0.157,-2.196,37.940,Yaw
-0.085,0.112,1.021,0.052,-1.776,18.200,Yaw
-0.109,0.331,0.990,-5.714,-1.409,-78.566,Yaw
-0.015,0.268,0.952,6.965,-0.700,-276.176,Yaw
0.120,0.128,0.920,1.242,-0.831,-286.685,Yaw
0.034,0.079,0.927,-0.070,0.052,-286.685,Yaw
0.123,-0.237,1.002,0.525,-2.161,-285.871,Yaw
0.215,-0.230,1.042,30.695,-22.741,-229.128,Yaw
0.215,-0.244,1.004,3.168,-2.301,-119.980,Yaw
0.127,-0.230,1.033,-1.286,-2.196,-15.645,Yaw
0.397,-0.216,0.966,2.301,-0.945,226.826,Yaw
0.023,0.169,0.951,-3.614,2.336,286.545,Yaw
0.014,0.263,0.842,14.411,-5.416,286.685,Yaw
-0.054,0.138,0.864,6.790,-5.985,286.685,Yaw
-0.138,0.187,0.963,-12.889,8.347,270.410,Yaw
0.010,0.138,1.033,-11.900,5.119,130.069,Yaw
-0.100,0.138,1.054,0.779,-2.809,48.055,Yaw
-0.161,0.204,1.029,-0.105,-1.558,-19.040,Yaw
-0.162,0.229,0.992,0.411,0.228,-226.310,Yaw
-0.028,0.334,0.976,1.024,0.709,-286.685,Yaw
0.099,0.193,0.963,0.805,-1.400,-286.685,Yaw
0.247,-0.219,0.908,25.716,-16.441,-286.624,Yaw
0.251,-0.193,0.928,-1.260,-3.719,-234.500,Yaw
0.182,-0.099,1.006,-0.350,-2.529,-115.929,Yaw
0.095,-0.224,1.041,-0.341,-2.118,-70.175,Yaw
0.396,-0.308,1.008,1.829,-1.768,164.579,Yaw
0.183,0.081,0.992,-2.984,0.569,286.685,Yaw
-0.032,0.170,0.881,19.670,-15.557,286.685,Yaw
-0.113,0.185,0.891,6.816,-0.647,285.609,Yaw
-0.168,0.190,1.035,-4.515,2.949,254.450,Yaw
-0.019,0.082,0.918,-25.436,14.385,103.626,Yaw
0.041,0.148,1.089,0.901,-2.957,2.406,Yaw
-0.149,0.126,1.035,0.551,-1.837,-24.351,Yaw
-0.269,0.354,1.002,0.744,0.044,-223.554,Yaw
-0.018,0.256,0.735,1.383,1.278,-286.685,Yaw
0.219,0.167,0.898,1.505,0.595,-286.685,Yaw
0.429,-0.085,0.788,14.560,-7.744,-286.685,Yaw
0.214,-0.253,0.970,-2.441,-1.925,-235.524,Yaw
0.117,-0.303,1.050,10.386,-2.328,-58.144,Yaw
0.291,-0.401,0.941,-12.127,-1.207,96.250,Yaw
0.380,-0.067,0.945,5.871,-0.420,286.685,Yaw
-0.018,0.343,0.920,3.281,0.822,286.685,Yaw
-0.028,0.315,0.761,9.144,-1.916,286.685,Yaw
-0.057,0.177,0.762,7.332,-1.514,286.335,Yaw
-0.100,0.162,1.041,-0.245,-1.732,167.151,Yaw
-0.070,0.116,1.080,-5.696,2.100,26.495,Yaw
-0.099,0.077,0.732,-20.746,11.830,-40.740,Yaw
-0.378,0.377,0.986,-0.586,0.149,-206.071,Yaw
-0.088,0.254,0.931,-1.461,-1.321,-286.685,Yaw
0.246,0.206,0.807,-0.333,0.438,-286.685,Yaw
0.301,0.200,0.886,2.774,1.076,-286.685,Yaw
0.319,-0.084,1.010,4.707,-1.969,-286.685,Yaw
0.275,-0.137,1.031,16.074,-12.346,-244.160,Yaw
0.138,-0.223,1.053,-0.210,-2.494,-129.404,Yaw
0.144,-0.327,1.006,0.289,-2.231,104.755,Yaw
0.350,-0.133,1.109,-18.016,11.611,272.527,Yaw
0.168,0.025,0.686,-3.229,-1.872,286.685,Yaw
0.085,0.201,0.827,21.551,-14.201,286.685,Yaw
-0.037,0.181,0.803,17.640,-11.051,286.685,Yaw
-0.127,0.206,0.926,5.023,-0.394,286.449,Yaw
-0.165,0.171,1.008,1.085,2.888,207.384,Yaw
-0.021,0.067,0.808,-36.251,21.892,52.588,Yaw
-0.031,0.033,0.989,0.131,-1.916,6.352,Yaw
-0.278,0.330,1.004,0.910,-2.293,-121.739,Yaw
-0.247,0.263,0.911,1.724,0.429,-286.685,Yaw
0.004,0.162,0.828,6.510,-1.138,-286.685,Yaw
0.200,0.133,0.916,2.056,-1.094,-286.685,Yaw
0.444,-0.102,0.925,4.104,-1.820,-273.735,Yaw
0.387,-0.168,0.892,31.194,-22.698,-246.759,Yaw
0.118,-0.296,1.046,-8.636,3.684,11.016,Yaw
0.551,-0.320,0.940,-5.714,1.768,180.644,Yaw
0.252,0.046,1.007,-0.630,-5.582,286.685,Yaw
-0.010,0.229,0.813,1.251,-2.774,286.685,Yaw
-0.079,0.197,0.951,12.801,-13.554,286.685,Yaw
-0.262,0.264,1.052,12.031,-5.985,277.165,Yaw
-0.125,0.141,0.853,-26.941,15.802,121.223,Yaw
-0.162,0.130,1.013,0.201,-1.837,-3.378,Yaw
-0.495,0.342,1.085,0.560,-1.584,-86.266,Yaw
-0.104,0.252,0.951,1.207,-1.050,-286.388,Yaw
0.205,0.347,0.965,-5.976,-0.980,-286.685,Yaw
0.581,-0.082,0.989,15.601,-1.094,-286.685,Yaw
0.578,-0.221,0.980,26.416,-19.049,-274.015,Yaw
0.198,-0.453,1.123,-2.957,-0.770,-40.897,Yaw
0.319,-0.407,0.983,-10.727,3.946,247.809,Yaw
0.147,0.051,0.903,4.130,-5.819,286.685,Yaw
-0.029,0.250,0.931,33.276,-14.341,286.685,Yaw
-0.160,0.323,0.847,9.555,0.534,286.650,Yaw
-0.176,0.333,0.882,-10.868,-0.901,123.069,Yaw
0.006,0.186,0.706,-46.279,28.131,-34.431,Yaw
-0.457,0.510,0.976,-1.111,-0.656,-211.356,Yaw
-0.026,0.279,0.968,-29.820,3.666,-286.685,Yaw
0.615,-0.228,0.687,-1.663,8.435,-286.685,Yaw
0.495,-0.208,0.817,63.289,-11.244,-256.918,Yaw
0.262,-0.508,1.022,2.432,-4.725,-59.981,Yaw
0.307,-0.381,0.806,1.610,-3.220,232.015,Yaw
-0.024,0.165,0.849,8.094,3.325,286.685,Yaw
-0.113,0.297,0.793,7.534,0.621,286.685,Yaw
-0.022,0.305,0.908,4.401,1.724,278.381,Yaw
0.094,0.169,0.994,-0.333,-0.087,148.374,Yaw
0.092,-0.089,0.817,-40.871,23.677,64.584,Yaw
0.037,0.070,1.020,0.525,-3.141,111.527,Yaw
-0.343,0.168,1.013,0.901,-3.220,91.543,Yaw
-0.556,0.420,0.984,0.735,-0.945,-127.986,Yaw
-0.191,0.623,0.778,0.577,5.302,-286.685,Yaw
0.150,0.386,0.857,4.279,-0.998,-286.685,Yaw
0.792,-0.350,0.757,5.985,0.525,-285.950,Yaw
0.280,-0.252,1.031,4.323,-7.543,-199.133,Yaw
0.012,-0.078,1.013,0.271,-2.249,-27.344,Yaw
0.231,-0.276,1.014,0.166,-1.942,42.429,Yaw
0.326,-0.107,1.003,-10.439,6.213,283.001,Yaw
0.280,0.014,0.616,-7.753,-1.033,286.685,Yaw
0.026,0.186,0.770,36.050,-20.659,286.685,Yaw
-0.248,0.249,0.574,2.634,4.226,285.495,Yaw
-0.190,0.206,0.918,2.109,0.840,155.732,Yaw
0.026,0.119,1.071,-23.520,13.396,34.274,Yaw
-0.033,0.078,0.991,-0.796,-0.779,-55.116,Yaw
-0.136,0.487,1.029,-4.646,1.855,-218.330,Yaw
-0.037,0.434,0.687,-7.166,2.231,-286.685,Yaw
0.364,0.120,0.669,19.906,0.306,-286.685,Yaw
0.313,-0.279,0.731,32.673,-14.717,-286.685,Yaw
0.308,-0.394,0.967,-5.198,-2.459,-280.866,Yaw
0.005,-0.488,1.024,-0.385,-2.398,-39.769,Yaw
0.308,-0.333,0.930,2.599,-0.525,209.982,Yaw
0.123,-0.012,1.049,-5.241,5.451,286.598,Yaw
0.014,0.133,1.012,-6.930,-0.228,286.685,Yaw
0.044,0.231,1.029,12.539,-10.185,286.685,Yaw
0.002,0.230,1.024,4.620,-4.384,231.954,Yaw
-0.055,0.084,1.070,-31.946,17.430,149.572,Yaw
-0.034,0.121,1.095,-0.044,-2.380,94.771,Yaw
-0.271,0.265,1.102,-3.159,-2.293,19.233,Yaw
-0.161,0.426,0.980,-18.288,3.929,-204.785,Yaw
-0.127,0.504,0.823,-21.534,5.565,-286.685,Yaw
0.070,0.222,0.699,40.311,10.587,-286.685,Yaw
0.485,-0.543,0.848,24.281,-9.257,-279.676,Yaw
0.477,-0.482,0.842,1.916,-4.095,-163.240,Yaw
-0.057,-0.248,0.655,-31.386,-1.207,-2.056,Yaw
0.223,-0.232,1.047,0.245,0.507,157.587,Yaw
0.054,-0.023,0.900,-8.024,3.850,286.309,Yaw
0.065,0.077,0.887,-2.082,-2.109,286.685,Yaw
0.050,0.118,0.935,-6.213,0.954,286.685,Yaw
-0.021,0.231,1.092,-2.476,-4.331,275.590,Yaw
-0.086,0.130,1.062,-0.140,-2.546,139.151,Yaw
0.000,0.118,1.019,0.192,-2.660,48.020,Yaw
-0.056,-0.035,1.095,-0.333,-1.803,-17.028,Yaw
-0.182,0.293,1.114,-37.695,-0.201,-154.542,Yaw
-0.145,0.460,0.723,-33.014,11.060,-286.676,Yaw
-0.038,0.386,0.682,20.055,20.764,-286.685,Yaw
0.622,-0.059,0.383,92.444,-13.956,-286.685,Yaw
0.500,-0.287,0.800,-0.858,-6.807,-264.731,Yaw
0.033,-0.349,0.995,-1.024,-4.716,-122.631,Yaw
0.108,-0.332,1.008,0.394,-2.223,19.539,Yaw
0.263,-0.358,0.992,-3.553,2.144,255.745,Yaw
0.175,-0.066,0.969,-13.501,2.642,286.685,Yaw
-0.016,0.305,0.882,21.394,-11.454,286.685,Yaw
-0.103,0.397,0.729,20.151,-10.762,286.685,Yaw
0.013,0.188,0.868,1.164,-0.507,269.701,Yaw
-0.064,0.257,1.114,-7.227,3.500,68.276,Yaw
-0.027,-0.042,0.745,-8.068,5.915,-0.315,Yaw
-0.234,0.368,1.022,-0.009,-1.374,-33.014,Yaw
-0.229,0.437,0.994,0.403,4.935,-239.995,Yaw
-0.012,0.347,0.959,-0.018,4.742,-286.685,Yaw
0.254,0.219,0.997,8.610,2.747,-286.685,Yaw
0.363,-0.163,0.863,19.889,-10.771,-286.685,Yaw
0.558,-0.242,0.937,1.663,-2.450,-250.477,Yaw
0.011,-0.453,0.939,-7.472,2.459,-41.528,Yaw
0.384,-0.307,1.176,-1.951,0.131,70.753,Yaw
0.207,-0.200,1.066,-0.788,-3.771,285.504,Yaw
-0.019,0.104,0.979,-2.765,0.149,286.685,Yaw
0.066,0.161,0.902,14.735,-7.306,286.685,Yaw
-0.053,0.285,0.970,29.759,-14.919,286.685,Yaw
-0.089,0.192,0.888,1.470,-0.472,242.952,Yaw
-0.053,0.272,0.805,-42.026,24.911,47.714,Yaw
-0.168,0.295,1.290,-9.389,-0.709,-106.960,Yaw
-0.070,0.306,0.975,-54.014,2.249,-233.809,Yaw
-0.002,0.451,0.790,-56.271,22.584,-286.685,Yaw
0.065,0.129,0.703,31.964,27.029,-286.685,Yaw
0.207,-0.149,0.953,120.899,3.421,-286.685,Yaw
0.678,-0.568,1.004,5.399,-10.316,-261.494,Yaw
0.151,-0.449,0.961,1.496,-2.861,-17.474,Yaw
0.275,-0.323,1.144,-20.965,12.259,224.691,Yaw
0.237,-0.111,0.996,-0.805,-0.892,286.685,Yaw
0.001,0.009,0.916,-0.586,-0.761,281.636,Yaw
0.150,0.223,0.890,29.111,-17.509,286.685,Yaw
-0.088,0.430,0.867,4.279,-1.033,285.775,Yaw
-0.145,0.321,1.073,-1.540,-2.284,105.350,Yaw
-0.085,0.033,0.961,-11.191,2.922,-9.529,Yaw
-0.186,0.338,1.021,0.630,-1.304,-79.336,Yaw
-0.070,0.329,0.930,4.034,-0.577,-191.398,Yaw
0.102,0.226,0.923,2.625,-0.630,-263.620,Yaw
0.177,0.010,1.002,1.015,0.770,-286.449,Yaw
0.299,-0.396,0.990,-0.061,-0.928,-249.708,Yaw
-0.106,-0.713,1.043,-0.044,-0.700,-75.827,Yaw
0.149,-0.553,0.920,0.490,-2.529,41.099,Yaw
0.017,-0.091,1.089,0.822,-3.605,168.595,Yaw
0.024,-0.177,1.026,1.514,-2.695,268.310,Yaw
0.185,0.163,0.686,49.884,-32.384,286.685,Yaw
0.129,0.271,0.960,32.463,0.875,286.685,Yaw
0.065,0.356,0.848,-38.981,-2.030,206.369,Yaw
0.047,0.240,0.885,-24.972,13.755,34.046,Yaw
-0.098,0.089,1.012,0.499,-2.021,-14.884,Yaw
-0.042,-0.084,1.040,0.333,-2.082,-19.136,Yaw
-0.008,-0.010,1.024,0.639,-2.205,-0.026,Yaw
-0.003,-0.006,1.024,0.586,-2.152,1.173,Yaw
-0.003,-0.006,1.022,0.525,-2.179,1.426,Yaw
-0.002,-0.007,1.023,0.534,-2.196,1.426,Yaw
-0.003,-0.006,1.023,0.560,-2.179,1.435,Yaw
-0.003,-0.006,1.022,0.499,-2.205,1.400,Yaw
-0.004,-0.005,1.024,0.543,-2.179,1.015,Yaw
-0.005,0.012,1.021,0.507,-2.161,-1.601,Yaw
-0.000,0.005,1.024,0.604,-2.249,-7.980,Yaw
-0.006,-0.014,1.026,0.499,-2.205,-4.996,Yaw
0.004,-0.011,1.022,0.534,-2.144,-1.286,Yaw
0.003,-0.011,1.024,0.586,-2.240,-0.079,Yaw
-0.004,-0.006,1.026,0.551,-2.336,1.234,Yaw
-0.003,-0.006,1.022,0.490,-2.485,1.120,Yaw
-0.002,-0.007,1.023,0.525,-2.406,0.717,Yaw
-0.004,-0.005,1.021,0.534,-2.345,-0.009,Yaw
0.525,-0.436,1.148,29.103,-20.886,11.953,Yaw
0.345,0.242,0.995,-10.211,4.935,267.426,Yaw
0.012,0.585,0.862,41.239,24.657,286.685,Yaw
-0.200,0.416,0.744,63.928,3.474,286.685,Yaw
-1.118,-0.363,0.470,64.312,-15.986,268.791,Yaw
-0.590,-0.315,0.953,-16.546,-4.043,-24.587,Yaw
-0.157,0.227,0.964,-52.999,-12.145,-158.401,Yaw
-0.057,0.471,0.666,-101.728,-9.634,-286.431,Yaw
-0.347,0.424,0.979,-18.926,10.010,-286.685,Yaw
-0.471,0.116,0.888,3.237,1.391,-286.685,Yaw
-0.013,0.068,1.020,7.096,-3.010,-286.685,Yaw
0.251,0.219,0.713,-8.111,5.206,-286.685,Yaw
0.189,0.023,0.872,2.467,1.881,-286.685,Yaw
0.219,0.179,0.871,1.067,-1.575,-274.383,Yaw
0.211,0.247,1.033,-0.026,-1.347,-136.535,Yaw
0.163,0.025,1.036,12.556,-10.141,-14.455,Yaw
0.129,0.324,1.019,13.536,-9.170,208.372,Yaw
0.475,0.301,0.671,5.320,0.543,286.685,Yaw
0.328,0.186,0.588,14.499,-0.298,286.685,Yaw
0.040,0.392,0.563,32.620,8.199,286.685,Yaw
-0.204,0.378,0.838,10.334,7.543,286.685,Yaw
-0.912,0.251,0.792,-36.680,-13.536,286.685,Yaw
-0.134,0.101,0.754,-6.134,23.669,20.939,Yaw
-0.024,-0.109,0.737,-12.705,-2.852,-70.359,Yaw
-0.237,0.123,1.076,-11.078,4.016,-166.967,Yaw
-0.473,0.673,0.976,-14.297,7.149,-279.283,Yaw
-0.276,0.572,0.751,-25.839,3.684,-286.685,Yaw
0.207,0.320,0.592,51.319,24.929,-286.685,Yaw
0.549,0.049,0.626,15.680,-12.416,-286.685,Yaw
0.248,-0.040,0.821,10.089,-17.622,-286.685,Yaw
0.877,-0.069,0.751,2.844,-1.260,-268.739,Yaw
0.170,-0.082,1.108,-10.369,4.970,27.151,Yaw
0.380,-0.106,0.803,0.009,-4.602,226.844,Yaw
0.414,0.318,0.640,4.541,0.674,286.685,Yaw
0.384,0.440,0.875,0.219,-0.709,286.685,Yaw
-0.068,0.397,0.830,-18.130,-6.633,286.685,Yaw
0.003,0.308,0.648,-16.949,-23.905,286.685,Yaw
-0.665,0.429,0.744,-19.171,-13.265,286.685,Yaw
-0.402,0.108,0.913,34.562,0.744,153.475,Yaw
-0.271,-0.300,1.000,0.131,-1.146,-81.743,Yaw
-0.287,-0.079,0.976,0.420,-0.577,-137.926,Yaw
-0.468,0.612,0.930,-0.849,0.411,-280.717,Yaw
-0.181,0.585,0.873,-1.207,-1.697,-286.685,Yaw
0.293,0.241,0.809,-2.179,0.157,-286.685,Yaw
0.378,0.141,0.763,-0.192,4.524,-286.685,Yaw
0.194,0.067,0.935,1.085,4.008,-286.685,Yaw
0.228,0.030,0.804,19.442,-11.533,-286.685,Yaw
0.506,0.007,0.895,-2.704,-2.914,-256.182,Yaw
0.179,-0.111,1.008,5.005,-2.572,-132.913,Yaw
0.135,-0.090,1.092,-8.312,-2.476,53.174,Yaw
0.595,0.255,0.970,3.596,0.998,285.198,Yaw
0.679,0.405,0.729,3.194,0.560,286.685,Yaw
-0.057,0.418,0.933,-12.075,8.715,286.685,Yaw
-0.084,0.274,0.910,1.942,-2.266,286.685,Yaw
-0.543,0.370,0.925,15.610,-7.166,286.685,Yaw
-0.820,0.358,0.755,39.655,0.114,239.977,Yaw
-0.120,-0.131,0.986,-24.378,-2.161,5.810,Yaw
-0.041,0.012,0.903,-0.788,-3.115,-127.024,Yaw
-0.437,0.505,1.072,-15.899,5.766,-246.068,Yaw
-0.433,0.739,0.910,-14.481,6.948,-286.685,Yaw
-0.326,0.718,0.974,-9.625,5.819,-286.685,Yaw
0.693,0.069,0.587,-64.558,16.809,-286.685,Yaw
1.008,0.024,0.612,15.006,32.375,-286.685,Yaw
0.105,0.008,0.718,82.425,9.634,-286.212,Yaw
0.149,-0.088,0.824,3.246,-6.064,-195.807,Yaw
0.277,-0.017,1.025,-0.429,-2.704,-84.744,Yaw
0.262,-0.014,0.932,-1.663,-0.569,56.805,Yaw
0.460,0.129,0.958,3.500,-1.846,226.739,Yaw
0.749,0.166,0.573,5.976,6.204,286.685,Yaw
0.096,0.220,0.864,3.789,-1.575,286.685,Yaw
0.058,0.475,0.761,6.510,-16.266,286.685,Yaw
-0.318,0.597,0.895,14.569,7.884,286.685,Yaw
-0.670,0.035,0.781,48.860,2.581,282.319,Yaw
-0.046,-0.035,0.984,-26.215,-2.494,-10.745,Yaw
-0.289,0.085,0.791,-2.161,-2.896,-166.810,Yaw
-0.406,0.563,0.828,-34.562,20.659,-265.527,Yaw
-0.422,0.901,0.789,-16.257,3.806,-286.685,Yaw
0.048,0.493,0.728,-15.059,10.946,-286.685,Yaw
0.658,-0.000,0.618,23.616,3.622,-286.685,Yaw
0.959,-0.120,0.670,-1.085,6.344,-286.685,Yaw
0.329,-0.015,0.977,0.822,0.726,-213.080,Yaw
0.104,-0.077,1.019,1.444,1.146,-162.514,Yaw
-0.098,-0.081,0.983,34.370,-22.601,-105.350,Yaw
0.288,-0.041,1.075,-0.026,-1.479,46.357,Yaw
0.682,0.066,0.717,16.686,-8.505,286.038,Yaw
0.525,0.083,0.660,2.389,1.339,286.685,Yaw
0.276,0.215,0.732,4.340,2.450,286.685,Yaw
-0.221,0.508,1.031,-11.970,11.751,286.685,Yaw
-0.516,0.329,0.725,46.147,-39.287,285.136,Yaw
-0.179,0.167,1.047,-6.177,-1.995,59.859,Yaw
-0.107,-0.036,1.034,-0.814,-1.960,-48.160,Yaw
-0.186,0.494,1.101,-27.300,14.490,-204.829,Yaw
-0.460,0.842,0.950,-35.840,-1.365,-286.685,Yaw
-0.297,1.023,0.866,-49.254,14.052,-286.685,Yaw
0.369,0.549,0.626,-28.525,11.979,-286.685,Yaw
0.544,-0.480,0.166,68.670,37.914,-271.381,Yaw
0.475,-0.147,0.682,20.974,-16.459,-262.640,Yaw
0.287,-0.408,0.973,3.299,-4.095,-163.695,Yaw
0.015,-0.411,1.011,0.228,-2.021,-53.594,Yaw
0.314,-0.064,1.064,-3.474,2.634,154.481,Yaw
0.531,-0.107,0.741,-20.571,6.326,286.685,Yaw
0.476,-0.018,0.745,2.949,-3.719,286.685,Yaw
0.533,0.256,0.808,-26.889,-11.672,286.685,Yaw
0.102,0.436,0.946,-29.698,-20.055,286.685,Yaw
-0.295,0.604,0.926,33.618,-21.271,286.685,Yaw
-0.126,0.439,0.889,87.351,-30.415,267.260,Yaw
-0.244,-0.083,1.066,-2.065,-2.013,51.896,Yaw
-0.095,0.131,1.067,-0.971,-2.678,-108.596,Yaw
-0.327,0.636,1.006,-19.600,9.292,-278.425,Yaw
-0.316,0.649,1.021,-5.906,1.496,-286.685,Yaw
0.051,0.512,0.749,-14.297,-0.087,-286.685,Yaw
0.593,-0.161,0.848,9.581,7.193,-286.685,Yaw
0.519,-0.440,1.120,1.636,0.586,-261.608,Yaw
0.263,-0.313,1.059,-0.210,0.490,-147.429,Yaw
-0.074,-0.081,1.087,0.210,-1.006,-59.771,Yaw
-0.098,-0.035,1.035,0.271,-1.566,-71.566,Yaw
0.220,-0.135,0.995,0.595,-2.275,-22.593,Yaw
0.722,-0.376,1.016,1.610,-3.876,112.122,Yaw
0.676,0.024,0.979,1.391,-6.536,286.685,Yaw
0.278,0.328,0.725,1.706,-4.909,286.685,Yaw
0.015,0.508,0.927,7.551,-0.228,286.685,Yaw
-0.482,0.629,0.891,24.019,-14.490,270.156,Yaw
-0.253,0.158,1.044,-2.739,-1.138,-22.024,Yaw
-0.222,0.094,1.024,-24.343,13.177,-78.269,Yaw
-0.349,0.262,0.918,-3.264,0.630,-241.133,Yaw
-0.364,0.783,1.044,-36.391,-0.709,-286.685,Yaw
0.078,0.584,0.807,-27.099,7.753,-286.685,Yaw
0.568,0.254,0.963,18.620,22.663,-286.685,Yaw
0.650,0.001,1.001,28.612,14.359,-286.685,Yaw
0.784,-0.413,0.723,48.528,-14.884,-286.580,Yaw
0.231,-0.389,0.750,76.475,-7.455,-203.875,Yaw
0.438,-0.355,0.859,25.331,2.896,86.126,Yaw
0.255,-0.166,0.642,-28.009,13.939,273.866,Yaw
0.241,0.240,0.215,-118.729,16.327,286.685,Yaw
0.167,0.322,0.831,0.945,-5.521,286.685,Yaw
-0.200,0.271,0.939,-47.031,-18.576,286.685,Yaw
-0.436,0.294,0.971,-46.428,-11.209,277.620,Yaw
-0.425,0.318,1.023,22.733,-34.493,134.951,Yaw
-0.445,0.483,0.923,17.229,15.531,-175.271,Yaw
-0.314,0.465,0.875,30.756,10.526,-286.685,Yaw
0.012,0.359,0.934,32.778,2.599,-286.685,Yaw
0.500,0.198,0.788,-1.321,0.499,-286.685,Yaw
0.648,0.011,0.937,-1.138,0.822,-286.685,Yaw
0.597,-0.265,1.073,4.471,0.892,-263.200,Yaw
0.021,-0.483,1.058,2.152,-3.483,-164.386,Yaw
0.001,-0.222,0.822,32.296,-18.760,-16.126,Yaw
0.142,-0.048,1.082,-5.582,-0.647,76.484,Yaw
0.439,-0.005,1.188,-15.347,10.465,204.164,Yaw
0.618,0.189,0.696,0.341,-10.789,286.685,Yaw
0.154,0.371,1.000,1.094,1.006,286.685,Yaw
-0.270,0.248,0.979,-17.806,-10.587,286.685,Yaw
-0.597,0.216,0.917,-30.756,-5.425,286.685,Yaw
-0.377,0.242,0.955,17.325,-7.341,121.494,Yaw
-0.200,0.208,1.123,42.350,2.249,-42.656,Yaw
-0.234,0.243,1.017,-0.665,-1.759,-206.745,Yaw
-0.271,0.539,1.108,-6.318,-1.138,-286.598,Yaw
0.061,0.422,0.877,-7.639,3.316,-286.685,Yaw
0.370,0.097,0.705,8.085,2.056,-286.685,Yaw
0.461,-0.186,0.880,-0.018,2.581,-286.685,Yaw
0.604,-0.203,0.972,5.915,-1.470,-275.992,Yaw
0.145,-0.313,0.824,17.089,-9.844,-160.318,Yaw
0.209,-0.319,0.984,-5.871,-1.881,2.415,Yaw
0.366,-0.223,1.139,-29.715,18.760,278.941,Yaw
0.611,0.086,0.710,3.220,-6.956,286.685,Yaw
0.247,0.321,0.829,-1.925,-12.057,286.685,Yaw
-0.150,0.347,1.024,-29.347,-7.009,286.685,Yaw
-0.409,0.542,0.678,-24.806,-9.608,204.242,Yaw
-0.324,0.258,0.872,22.164,-14.481,68.512,Yaw
-0.309,0.217,0.908,34.484,13.869,-61.084,Yaw
-0.281,0.341,0.994,-0.971,-1.514,-240.783,Yaw
-0.194,0.516,0.954,-13.921,-2.625,-286.685,Yaw
0.022,0.490,0.902,-4.769,3.658,-286.685,Yaw
0.547,0.120,1.160,22.155,2.223,-286.685,Yaw
0.804,-0.288,0.772,-0.061,1.138,-286.685,Yaw
0.445,-0.381,0.950,0.490,-2.126,-248.518,Yaw
0.139,-0.549,0.951,40.075,-25.567,-67.559,Yaw
0.227,-0.303,0.912,-19.241,4.935,236.040,Yaw
0.378,-0.024,1.124,-11.778,2.608,286.685,Yaw
0.279,0.184,0.975,1.523,-8.785,286.685,Yaw
0.094,0.308,1.041,0.333,-8.409,286.685,Yaw
-0.279,0.303,1.016,-4.515,-9.380,252.656,Yaw
-0.350,0.271,0.883,16.791,-1.750,125.457,Yaw
-0.350,0.124,1.017,15.986,-12.565,-47.014,Yaw
-0.484,0.506,0.974,-6.764,-1.540,-231.534,Yaw
-0.087,0.417,0.881,-18.926,12.653,-286.685,Yaw
0.264,0.169,0.982,-1.811,1.654,-286.685,Yaw
0.375,0.044,0.989,0.534,0.490,-285.950,Yaw
0.175,0.082,0.836,-1.592,3.185,-286.641,Yaw
0.479,-0.103,0.951,0.446,0.070,-286.650,Yaw
0.422,-0.258,0.976,0.752,0.717,-174.720,Yaw
0.165,-0.261,1.067,20.081,-14.481,-19.792,Yaw
0.516,-0.082,1.117,13.309,-9.310,204.741,Yaw
0.394,0.029,0.690,-15.505,2.616,286.685,Yaw
0.146,0.169,0.676,2.205,-2.861,286.685,Yaw
-0.211,0.360,0.906,-0.254,-4.340,286.685,Yaw
-0.278,0.271,0.923,0.595,-5.451,242.830,Yaw
-0.252,0.189,1.039,1.006,-2.922,88.191,Yaw
-0.185,0.097,1.035,0.647,-2.345,-0.980,Yaw
-0.290,0.227,1.028,-0.131,-1.260,-131.670,Yaw
-0.172,0.274,0.953,-0.228,0.271,-280.438,Yaw
0.074,0.158,0.902,-0.420,3.054,-286.685,Yaw
0.139,0.073,0.886,-0.315,3.141,-286.685,Yaw
0.169,-0.082,0.907,1.251,0.350,-279.440,Yaw
0.218,-0.243,1.008,0.674,-0.560,-197.584,Yaw
0.251,-0.247,1.040,6.466,-5.661,-51.634,Yaw
0.010,-0.037,1.101,-5.591,1.461,33.810,Yaw
0.270,0.079,0.977,0.595,-2.940,89.976,Yaw
0.317,-0.054,0.862,0.831,-5.416,254.914,Yaw
0.257,-0.022,0.694,0.717,1.094,286.501,Yaw
0.139,0.186,0.814,-0.936,-1.732,286.685,Yaw
-0.225,0.223,0.901,0.875,-4.918,286.685,Yaw
-0.374,0.271,0.781,3.789,-7.586,278.959,Yaw
-0.238,0.205,0.722,40.268,-23.555,128.301,Yaw
-0.027,-0.049,1.015,0.446,-2.100,8.400,Yaw
-0.019,-0.024,1.023,-0.613,-2.170,-22.715,Yaw
-0.403,0.310,0.939,-20.247,10.106,-113.339,Yaw
-0.476,0.136,0.729,-15.916,7.262,-236.652,Yaw
-0.299,0.280,1.009,-1.435,0.980,-286.685,Yaw
-0.138,0.291,0.865,-0.096,2.984,-286.685,Yaw
0.055,0.073,1.020,-0.481,1.286,-286.685,Yaw
0.413,0.030,0.991,0.761,2.380,-286.685,Yaw
0.587,-0.039,0.948,4.532,-2.747,-262.719,Yaw
0.334,0.057,0.987,2.984,-3.754,-48.510,Yaw
0.183,0.050,0.935,32.743,-21.455,74.436,Yaw
0.442,0.141,1.092,-2.835,2.424,242.760,Yaw
0.206,0.372,1.033,-5.582,-1.181,286.685,Yaw
-0.097,0.249,0.880,-21.744,-10.019,286.685,Yaw
-0.146,0.027,0.973,-49.280,-15.400,286.519,Yaw
-0.503,-0.078,0.918,-40.714,-13.116,282.389,Yaw
-0.607,0.103,0.570,18.331,-9.511,127.400,Yaw
0.079,-0.232,1.165,94.439,0.735,-64.006,Yaw
-0.513,0.305,0.830,-35.376,-0.254,-179.576,Yaw
-0.241,0.181,0.962,-18.069,1.085,-275.074,Yaw
0.174,0.125,0.875,-6.991,6.702,-286.685,Yaw
0.499,-0.006,0.939,56.464,20.370,-227.185,Yaw
0.267,-0.029,0.724,4.847,-23.319,-125.344,Yaw
0.096,-0.084,0.973,-5.110,1.514,-12.784,Yaw
0.212,-0.014,0.995,0.569,-2.669,77.044,Yaw
0.102,0.031,0.841,0.429,-3.570,227.894,Yaw
-0.041,0.108,1.121,-0.385,-4.742,256.524,Yaw
-0.232,0.050,1.099,-20.134,-5.722,194.723,Yaw
-0.195,-0.193,0.933,-69.571,-6.326,97.186,Yaw
-0.358,-0.129,0.868,-31.675,-4.384,28.507,Yaw
-0.265,-0.063,0.915,-3.588,1.601,-49.928,Yaw
-0.367,0.347,1.014,2.328,12.145,-201.915,Yaw
0.098,0.225,0.839,10.544,19.407,-286.641,Yaw
0.163,-0.005,1.024,115.692,11.629,-286.685,Yaw
0.293,-0.382,0.716,37.380,-7.534,-280.245,Yaw
0.158,-0.381,0.876,10.150,-9.021,-131.898,Yaw
0.081,0.093,0.932,0.849,-3.115,-10.342,Yaw
0.136,0.240,0.846,-0.446,-0.604,55.816,Yaw
0.203,0.202,1.149,-17.745,10.491,108.579,Yaw
0.383,0.513,1.101,1.531,-4.839,277.839,Yaw
0.134,0.658,0.934,-1.732,-4.209,286.685,Yaw
0.115,0.311,0.925,-11.060,-1.076,286.685,Yaw
-0.312,0.087,0.821,-32.217,-6.519,286.685,Yaw
-0.574,0.091,0.625,-1.067,-11.594,284.104,Yaw
-0.500,-0.188,0.655,69.169,-9.949,154.009,Yaw
-0.382,-0.320,0.920,13.650,-10.868,52.045,Yaw
-0.471,0.046,0.953,0.061,-2.362,-81.786,Yaw
-0.249,0.078,0.935,-2.100,-3.605,-232.242,Yaw
-0.125,0.149,0.794,-22.138,7.114,-285.906,Yaw
-0.215,0.326,0.820,-0.928,-0.210,-286.099,Yaw
0.244,0.397,0.814,3.622,-2.205,-286.685,Yaw
0.733,0.274,1.053,2.459,1.286,-284.821,Yaw
0.293,0.075,0.983,16.135,-13.169,-189.262,Yaw
-0.121,0.020,1.071,10.544,-9.398,-96.364,Yaw
0.043,-0.101,1.009,0.411,-1.601,-1.916,Yaw
0.244,-0.001,0.936,1.321,-0.875,177.923,Yaw
0.402,0.149,0.708,2.091,0.936,286.685,Yaw
0.310,0.328,1.169,-11.970,6.528,286.685,Yaw
-0.223,-0.096,1.207,-40.670,-62.361,286.685,Yaw
-0.447,-0.206,1.178,-41.265,-153.685,150.833,Yaw
0.063,0.031,1.239,-9.170,-135.432,-23.853,Yaw
0.402,0.048,1.155,10.544,-49.000,-73.360,Yaw
0.529,-0.069,1.021,15.391,-30.975,-76.982,Yaw
0.696,-0.124,0.941,35.884,-84.158,39.463,Yaw
0.543,-0.178,0.950,8.172,-116.769,226.712,Yaw
0.365,-0.245,0.949,-14.551,-111.134,286.685,Yaw
0.290,-0.138,0.877,-46.322,-84.647,286.685,Yaw
-0.069,-0.059,0.721,-28.866,-6.414,286.685,Yaw
-0.036,-0.004,0.576,-0.788,113.505,197.059,Yaw
0.221,0.006,0.416,5.740,120.312,170.783,Yaw
-0.046,0.103,0.396,37.126,70.201,138.224,Yaw
0.017,0.416,0.610,90.457,-2.135,48.405,Yaw
0.098,0.424,0.757,118.169,6.361,-55.335,Yaw
0.011,0.183,1.054,130.725,15.033,-133.193,Yaw
-0.221,0.011,1.581,123.296,85.374,-256.979,Yaw
-0.573,-0.659,1.308,55.641,210.840,-286.685,Yaw
0.369,-0.628,1.405,30.336,4.235,-286.685,Yaw
-0.666,0.548,0.994,-17.439,-10.439,-286.685,Yaw
-0.099,0.314,1.089,-10.938,11.734,-286.685,Yaw
1.473,-0.025,0.940,66.701,-34.029,-286.685,Yaw
0.150,-0.118,1.228,44.748,-24.692,-206.220,Yaw
0.124,-0.272,1.085,10.019,-7.429,-67.751,Yaw
0.503,-0.051,1.104,-14.595,2.118,159.066,Yaw
0.834,0.400,1.090,-41.125,20.694,286.685,Yaw
0.497,0.600,1.099,-28.805,-21.306,286.685,Yaw
-0.164,0.334,1.023,-56.123,-51.345,286.685,Yaw
-0.837,0.177,0.820,-28.298,-33.784,286.685,Yaw
-0.800,0.211,0.974,36.461,-12.311,231.350,Yaw
-0.025,0.010,1.172,58.450,11.384,5.591,Yaw
-0.258,0.191,1.023,38.421,4.769,-27.291,Yaw
-0.895,0.462,0.997,23.520,15.759,-209.633,Yaw
-0.767,0.482,1.148,46.961,21.306,-286.685,Yaw
0.283,0.132,1.110,30.774,-12.381,-286.685,Yaw
0.664,-0.241,0.825,9.634,-64.137,-286.685,Yaw
0.433,0.146,1.322,-74.043,-12.101,-286.685,Yaw
0.301,0.190,0.962,-61.311,12.976,-185.684,Yaw
-0.008,0.224,1.085,4.060,-7.997,-90.011,Yaw
-0.051,-0.176,1.016,-4.051,-2.686,-18.384,Yaw
0.633,-0.169,0.855,11.716,-9.030,38.579,Yaw
0.713,0.181,1.142,38.649,-28.061,280.788,Yaw
0.592,0.326,1.150,-3.745,-15.680,286.685,Yaw
0.012,0.357,0.971,3.378,-6.501,286.685,Yaw
-0.492,0.828,0.901,-2.870,-9.398,286.685,Yaw
-1.272,0.744,0.855,41.370,-12.215,286.685,Yaw
-0.073,-0.159,1.261,-16.817,-11.909,5.941,Yaw
-0.224,-0.110,1.030,-3.001,-6.396,-57.173,Yaw
-0.856,0.701,1.108,-11.419,-6.519,-239.881,Yaw
-0.540,1.030,0.964,-32.235,-17.483,-286.685,Yaw
-0.077,0.610,1.078,21.306,31.255,-286.685,Yaw
0.749,0.186,1.010,-12.583,11.751,-286.685,Yaw
1.259,0.231,1.239,18.051,6.265,-286.685,Yaw
0.211,-0.086,1.042,13.099,0.184,-176.619,Yaw
-0.024,-0.224,1.130,26.994,-25.882,-45.229,Yaw
0.253,-0.255,0.978,7.682,-14.087,63.639,Yaw
0.694,0.123,1.015,-4.812,7.963,286.685,Yaw
0.704,0.190,1.080,1.321,3.465,286.685,Yaw
0.511,0.200,1.068,6.475,30.546,286.685,Yaw
0.600,0.617,0.965,13.781,37.249,286.685,Yaw
-0.899,0.930,0.949,33.959,-16.284,286.685,Yaw
-0.895,0.597,0.954,2.800,-12.889,136.194,Yaw
-0.370,-0.045,1.115,-17.587,-8.995,-92.881,Yaw
-0.702,0.736,1.066,-13.099,-2.520,-279.169,Yaw
-0.530,0.986,0.923,-50.496,-17.745,-286.685,Yaw
-0.337,1.127,0.870,-11.427,16.564,-286.685,Yaw
0.730,0.487,0.912,31.649,8.216,-286.685,Yaw
1.584,-0.196,1.216,20.860,9.450,-286.685,Yaw
0.786,-0.167,0.996,-14.980,7.989,-245.954,Yaw
0.375,0.119,0.992,-4.541,-1.321,-155.514,Yaw
0.106,-0.234,0.946,39.952,-30.931,-153.195,Yaw
0.594,-0.145,1.044,3.255,3.841,130.585,Yaw
0.635,-0.134,0.969,1.601,5.145,286.685,Yaw
0.494,0.020,1.186,-8.855,4.008,286.685,Yaw
0.413,0.437,0.928,8.881,66.071,286.685,Yaw
-0.018,0.421,1.025,5.504,21.753,286.685,Yaw
-0.907,0.679,0.923,15.347,4.069,286.589,Yaw
-0.128,0.405,0.768,-26.478,-10.771,-71.715,Yaw
-0.443,0.061,1.136,-20.641,-20.431,-243.364,Yaw
-0.660,0.542,1.117,-26.792,-16.590,-286.685,Yaw
-0.396,0.706,0.977,-28.814,-22.190,-286.685,Yaw
0.028,0.632,0.963,1.558,1.120,-286.685,Yaw
0.546,-0.243,1.098,33.408,22.496,-286.685,Yaw
0.796,-0.265,1.159,-10.911,14.429,-286.685,Yaw
0.460,0.198,0.926,-30.642,15.575,-286.685,Yaw
0.464,0.112,1.009,11.847,-11.191,-156.327,Yaw
0.012,-0.105,1.071,-22.969,9.511,-3.973,Yaw
0.501,-0.002,0.937,-16.292,-0.018,157.526,Yaw
0.813,0.326,0.834,57.164,-43.706,286.685,Yaw
0.201,-0.019,1.129,39.104,-10.666,286.685,Yaw
-0.007,-0.359,1.067,48.055,78.724,286.685,Yaw
0.147,0.048,1.085,71.986,58.039,286.685,Yaw
-0.287,0.760,0.686,2.599,37.555,286.685,Yaw
-0.210,0.407,0.749,-12.460,6.151,52.071,Yaw
-0.485,0.370,1.006,-80.430,-19.337,-232.216,Yaw
-0.466,0.511,0.998,-88.952,-21.770,-286.685,Yaw
-0.579,0.882,0.919,-65.494,-37.861,-286.685,Yaw
-0.038,0.786,0.860,8.330,27.353,-286.685,Yaw
0.424,0.435,1.221,43.452,42.298,-286.685,Yaw
1.193,-0.165,1.196,22.278,23.608,-286.685,Yaw
0.466,-0.173,1.027,1.706,12.941,-286.685,Yaw
0.695,0.079,0.962,44.424,-33.548,-224.429,Yaw
-0.004,-0.229,1.141,9.257,-13.125,-45.596,Yaw
0.423,-0.027,1.053,7.849,-0.192,157.658,Yaw
0.803,-0.102,0.993,36.190,-13.221,286.685,Yaw
0.370,0.106,1.325,6.361,18.331,286.685,Yaw
0.248,0.061,1.242,-24.194,13.291,286.685,Yaw
0.201,0.209,1.039,-3.500,64.785,286.685,Yaw
0.052,0.653,0.958,-9.608,13.081,286.685,Yaw
-0.136,0.947,0.765,-5.443,6.685,266.980,Yaw
-0.293,0.459,0.936,-54.197,-1.601,10.413,Yaw
-0.517,0.202,1.082,-19.390,-13.755,-70.446,Yaw
-0.713,0.957,0.963,-56.368,-28.228,-286.055,Yaw
-0.403,1.464,0.875,-21.569,7.201,-286.685,Yaw
0.109,1.312,0.869,36.636,28.385,-286.685,Yaw
1.458,-0.276,1.212,66.089,26.749,-286.685,Yaw
0.542,-0.215,1.001,11.734,-9.188,-286.685,Yaw
0.746,0.052,0.978,-16.695,3.876,-286.685,Yaw
0.621,0.088,0.907,15.741,-15.671,-269.106,Yaw
0.072,-0.102,1.121,34.475,-26.994,-137.357,Yaw
0.404,-0.112,1.128,-22.216,16.214,52.447,Yaw
0.662,-0.288,0.971,-6.029,9.502,286.685,Yaw
0.572,-0.056,0.797,-23.118,9.686,286.685,Yaw
0.289,0.140,1.118,7.577,-16.993,286.685,Yaw
-0.005,0.351,1.053,16.100,76.283,286.685,Yaw
0.287,0.273,0.888,9.721,46.191,286.685,Yaw
-0.447,0.989,0.899,8.321,18.349,285.679,Yaw
-0.393,0.580,0.995,-69.694,-10.762,-19.626,Yaw
-0.643,0.257,1.062,-23.266,-19.119,-170.205,Yaw
-0.585,0.675,1.046,-83.510,-56.070,-272.335,Yaw
-0.289,1.080,0.757,-59.001,-13.650,-286.685,Yaw
-0.035,1.019,1.161,93.415,67.183,-286.685,Yaw
1.196,-0.028,1.256,40.688,32.156,-286.685,Yaw
1.517,-0.170,0.875,23.336,7.009,-286.685,Yaw
0.650,-0.135,1.227,90.160,-59.185,-286.685,Yaw
-0.011,-0.140,0.972,32.060,-11.051,-152.950,Yaw
0.076,-0.255,0.982,-52.631,-5.932,-0.298,Yaw
0.499,-0.152,1.102,-22.584,16.013,172.786,Yaw
0.654,0.130,1.059,21.735,-11.725,286.685,Yaw
0.780,0.075,0.473,-85.085,60.506,286.685,Yaw
0.437,0.298,1.168,17.876,-1.190,286.685,Yaw
0.078,0.475,1.095,12.477,66.465,286.685,Yaw
-0.406,0.713,0.816,-14.691,35.455,286.685,Yaw
-0.436,0.890,0.988,-6.921,2.678,177.389,Yaw
-0.041,-0.065,1.137,-10.859,-12.626,-1.496,Yaw
-0.656,0.097,1.049,-12.653,-7.936,-60.305,Yaw
-0.557,1.060,0.921,-119.779,-69.466,-286.685,Yaw
-0.095,1.238,0.907,-1.558,59.798,-286.685,Yaw
0.759,0.014,1.131,67.952,43.846,-286.685,Yaw
0.808,-0.304,1.191,44.564,17.299,-286.685,Yaw
0.544,-0.145,1.132,18.392,-14.411,-286.414,Yaw
0.105,0.280,1.044,-26.180,7.840,-263.786,Yaw
-0.060,0.414,0.923,12.434,-13.248,-286.685,Yaw
0.943,0.034,0.687,74.253,-42.411,-283.544,Yaw
0.311,-0.533,1.020,-12.889,18.944,-23.931,Yaw
0.653,-0.084,1.029,8.304,1.321,264.513,Yaw
0.773,0.048,1.352,-13.834,40.443,286.685,Yaw
0.197,-0.064,0.860,50.960,-35.385,286.685,Yaw
0.429,0.017,1.098,-12.477,46.935,286.685,Yaw
-0.460,0.372,0.990,-22.269,68.206,286.685,Yaw
-0.427,0.433,0.932,-24.325,45.202,286.685,Yaw
-0.046,0.792,0.889,-37.153,11.025,264.714,Yaw
-0.233,0.099,1.088,-22.312,-18.489,-20.291,Yaw
-0.940,1.022,1.076,-37.327,-27.983,-271.075,Yaw
-0.738,1.167,0.929,-104.300,-70.516,-286.685,Yaw
0.427,0.689,0.971,25.996,73.859,-286.685,Yaw
0.619,0.267,1.231,54.670,41.221,-286.685,Yaw
0.944,0.007,0.945,8.925,14.096,-286.685,Yaw
0.877,-0.002,1.034,39.839,-16.616,-253.339,Yaw
0.269,0.026,1.118,19.381,-22.015,-51.765,Yaw
0.273,0.071,0.872,3.246,-12.399,18.174,Yaw
0.510,-0.129,1.036,21.551,8.986,265.046,Yaw
0.742,-0.277,0.835,19.600,10.614,286.685,Yaw
0.256,0.122,1.277,22.741,19.915,286.685,Yaw
0.280,-0.196,1.085,-21.350,69.020,286.685,Yaw
-0.015,0.483,1.026,-24.404,52.999,286.685,Yaw
-0.040,0.553,0.853,-27.825,37.257,286.685,Yaw
-0.550,0.683,0.926,-17.062,2.791,155.374,Yaw
-1.120,0.792,0.966,-24.692,-23.538,-189.227,Yaw
-0.846,1.365,0.808,-49.009,-56.088,-286.685,Yaw
0.208,0.896,1.200,15.619,1.330,-286.685,Yaw
0.790,-0.239,1.107,27.335,31.859,-286.685,Yaw
0.748,-0.244,1.018,59.132,-39.804,-286.685,Yaw
0.410,0.150,1.175,-23.153,4.287,-203.402,Yaw
0.266,0.324,0.976,-33.950,11.629,-193.156,Yaw
0.223,0.415,0.896,22.978,-22.899,-272.772,Yaw
0.234,-0.232,0.966,36.094,-24.281,-176.645,Yaw
0.195,-0.305,0.997,7.061,30.774,278.311,Yaw
0.654,-0.261,1.057,11.078,43.969,286.685,Yaw
0.511,-0.179,1.122,-8.400,39.156,286.685,Yaw
0.381,0.406,1.240,0.691,47.285,286.685,Yaw
-0.049,0.538,1.028,-20.405,65.109,286.685,Yaw
-0.249,0.894,0.919,-30.861,14.219,286.685,Yaw
-0.354,0.509,0.909,-5.994,3.412,182.525,Yaw
-0.158,0.042,0.939,1.102,0.315,7.604,Yaw
-0.188,-0.260,1.108,-8.750,-10.868,-20.624,Yaw
-0.812,0.978,1.020,-80.211,-54.390,-286.641,Yaw
-0.897,1.291,0.995,-30.424,25.209,-286.685,Yaw
0.201,0.422,0.948,39.086,65.669,-286.685,Yaw
0.598,0.091,1.482,25.165,42.123,-286.685,Yaw
1.148,0.393,0.712,-31.167,40.101,-286.685,Yaw
0.608,0.455,1.075,11.760,10.430,-235.113,Yaw
0.362,0.382,0.984,11.812,-1.242,-176.855,Yaw
0.326,0.280,0.927,35.411,-13.186,-179.506,Yaw
0.354,-0.187,1.026,86.677,-41.449,-16.389,Yaw
0.340,-0.282,0.974,35.612,8.347,286.073,Yaw
0.463,-0.299,1.009,22.312,34.904,286.685,Yaw
0.049,-0.296,1.160,-0.516,37.529,286.685,Yaw
0.447,-0.003,1.158,-23.013,46.891,286.685,Yaw
-0.148,0.722,1.013,-18.104,44.074,286.685,Yaw
-0.279,0.405,0.957,-11.148,36.015,286.685,Yaw
-0.245,0.228,0.897,-9.380,18.427,260.487,Yaw
0.005,0.069,1.037,-9.695,-10.570,37.511,Yaw
-0.770,0.287,0.977,-25.226,-20.134,-89.058,Yaw
-0.662,1.065,0.997,-54.381,-44.065,-286.230,Yaw
-0.307,1.142,1.198,-35.787,13.116,-286.685,Yaw
0.568,0.522,1.149,32.104,75.338,-286.685,Yaw
0.848,-0.112,1.078,29.146,40.451,-286.685,Yaw
0.626,0.119,1.147,5.845,30.774,-286.685,Yaw
0.715,0.264,0.980,16.590,4.742,-286.668,Yaw
0.290,0.101,0.981,37.284,-12.014,-233.774,Yaw
0.306,-0.254,0.997,51.765,-26.206,-68.749,Yaw
0.399,-0.210,1.132,33.609,-11.506,100.809,Yaw
0.724,-0.228,1.027,28.858,-4.323,286.685,Yaw
0.568,-0.019,1.113,14.315,25.156,286.685,Yaw
0.435,0.096,0.954,-21.788,24.229,286.685,Yaw
0.446,0.623,1.181,-21.201,17.080,286.685,Yaw
0.189,0.762,0.930,-1.452,65.319,286.685,Yaw
-0.842,0.717,0.929,-14.665,10.465,286.659,Yaw
-0.034,0.632,0.839,13.090,1.768,86.975,Yaw
-0.198,0.075,0.987,-25.708,-8.802,19.364,Yaw
0.002,-0.422,1.095,-9.844,-6.528,23.826,Yaw
-1.198,0.703,1.135,-68.259,-46.121,-105.507,Yaw
-0.919,0.830,1.099,-90.554,-36.873,-286.685,Yaw
-0.543,1.289,0.962,-74.427,45.509,-286.685,Yaw
0.502,0.228,0.969,127.768,86.756,-286.685,Yaw
1.170,-0.473,1.194,50.855,9.520,-286.685,Yaw
0.276,-0.428,1.422,49.000,-45.640,-285.434,Yaw
-0.156,0.397,1.078,-18.016,-22.208,-260.706,Yaw
0.065,0.414,0.960,-94.570,55.729,-249.970,Yaw
1.069,0.147,0.900,-0.700,18.209,-136.316,Yaw
0.288,-0.129,1.099,11.401,0.490,-16.389,Yaw
0.532,0.292,0.700,15.575,-14.297,101.684,Yaw
0.618,0.353,0.912,88.366,-54.373,271.128,Yaw
0.683,0.280,1.096,51.196,7.770,286.685,Yaw
0.386,0.083,1.151,9.012,72.310,286.685,Yaw
-0.351,0.610,1.188,-1.041,28.927,286.685,Yaw
-0.586,0.553,0.792,-24.378,5.381,286.685,Yaw
-0.862,0.079,0.536,-6.318,-3.264,257.670,Yaw
-0.308,0.161,1.056,4.690,-14.131,32.638,Yaw
-0.057,-0.214,1.053,0.945,-0.385,51.748,Yaw
0.007,-0.117,0.992,-2.616,6.912,86.800,Yaw
-0.255,-0.092,1.032,-11.016,-5.915,13.738,Yaw
-0.897,0.657,0.919,-64.418,-47.950,-285.504,Yaw
-0.391,0.903,0.917,-45.719,7.175,-286.685,Yaw
-0.263,0.875,1.291,28.823,67.191,-286.685,Yaw
0.696,0.611,1.068,-1.531,55.423,-286.685,Yaw
0.857,0.424,0.756,14.490,9.774,-286.685,Yaw
0.740,0.278,1.458,110.329,-85.724,-286.685,Yaw
0.107,0.015,1.007,-3.876,-6.230,-203.980,Yaw
0.243,0.222,1.013,-25.270,-3.544,-136.894,Yaw
0.160,0.045,0.978,-13.029,8.733,-91.866,Yaw
0.216,-0.227,1.052,-10.089,11.165,9.608,Yaw
0.486,0.119,1.048,-15.015,13.659,172.655,Yaw
0.652,0.283,1.073,-61.609,37.581,286.685,Yaw
0.793,0.465,0.811,-26.722,-21.779,286.685,Yaw
-0.037,0.741,1.150,28.534,-48.676,286.685,Yaw
-0.538,0.765,1.570,-7.140,-40.241,286.685,Yaw
-0.581,0.508,0.873,0.814,-24.028,286.685,Yaw
-0.802,0.171,0.997,20.125,-0.438,271.906,Yaw
-0.096,0.072,1.023,19.093,0.858,40.714,Yaw
0.002,-0.046,1.064,20.239,5.110,1.006,Yaw
-0.373,0.054,0.854,-15.094,-14.674,-7.464,Yaw
-0.634,0.363,0.986,-14.446,-7.394,-285.985,Yaw
-0.694,0.853,0.840,15.286,17.745,-286.685,Yaw
-0.607,0.761,1.186,30.380,13.038,-286.685,Yaw
0.521,0.756,1.216,-22.881,-1.059,-286.685,Yaw
1.156,0.586,0.485,-68.609,64.155,-286.685,Yaw
1.212,0.523,1.193,31.509,-5.355,-160.764,Yaw
0.088,0.343,1.167,-2.328,-5.233,-78.111,Yaw
-0.208,0.145,0.902,8.671,-13.422,-166.635,Yaw
0.159,-0.210,0.914,52.316,-18.830,-112.656,Yaw
0.254,-0.478,1.037,-8.461,15.356,51.153,Yaw
0.639,0.135,1.006,-17.876,17.552,214.874,Yaw
0.802,0.236,0.942,-33.994,14.840,286.685,Yaw
0.354,0.211,0.998,6.650,-22.794,286.685,Yaw
0.303,0.318,1.067,27.274,-29.593,286.685,Yaw
-0.104,0.466,0.965,-10.614,6.151,286.685,Yaw
-0.405,0.726,0.933,-8.330,16.800,286.685,Yaw
-0.324,0.451,0.904,6.606,9.826,286.685,Yaw
-0.760,0.282,1.108,8.400,-0.858,280.376,Yaw
-0.107,-0.043,1.030,-1.636,0.788,106.741,Yaw
-0.058,0.165,0.969,-5.136,-9.791,16.441,Yaw
-0.526,0.273,1.003,-11.646,-13.300,-96.941,Yaw
-0.720,0.555,1.074,-40.757,-27.440,-279.633,Yaw
-0.492,0.971,1.037,-41.676,-5.434,-286.685,Yaw
0.081,0.665,1.124,43.750,59.185,-286.685,Yaw
0.805,0.534,1.308,3.378,29.015,-286.685,Yaw
1.433,0.029,0.957,-32.471,32.086,-286.685,Yaw
0.352,0.075,1.082,-19.329,4.576,-109.795,Yaw
-0.573,0.339,0.968,-24.736,8.741,-161.962,Yaw
-0.315,0.333,0.823,23.984,22.321,-286.685,Yaw
0.540,0.012,1.041,59.474,11.130,-275.625,Yaw
0.556,-0.438,1.175,18.673,0.044,-91.857,Yaw
0.013,-0.073,0.957,-15.444,0.245,2.275,Yaw
0.228,-0.065,0.957,3.045,-5.302,36.969,Yaw
0.533,-0.143,1.042,8.111,-9.467,214.042,Yaw
0.338,-0.076,1.144,1.724,-18.497,286.685,Yaw
0.731,0.118,0.933,11.953,-27.326,286.685,Yaw
0.341,0.259,0.850,28.079,-32.191,286.685,Yaw
0.190,0.515,1.181,17.167,46.471,286.685,Yaw
0.241,0.520,0.872,-2.249,58.205,286.685,Yaw
-0.774,0.678,0.724,-41.877,5.005,286.685,Yaw
-0.201,0.326,0.895,-16.205,-2.800,168.446,Yaw
-0.205,0.056,1.035,-13.396,-16.940,75.381,Yaw
-0.165,0.045,1.041,-4.778,-5.758,69.466,Yaw
-0.217,-0.112,1.183,-38.518,-17.640,-50.759,Yaw
-0.643,0.445,0.947,-77.796,-31.517,-258.466,Yaw
-0.341,0.444,0.489,-25.646,-11.751,-286.685,Yaw
0.004,0.576,0.875,24.176,32.646,-286.685,Yaw
-0.025,0.404,0.865,69.851,25.576,-286.685,Yaw
0.351,-0.163,0.893,51.109,-30.284,-286.685,Yaw
0.594,0.035,1.047,37.432,-41.029,-286.685,Yaw
-0.056,0.003,0.983,19.049,-39.463,-286.685,Yaw
-0.075,0.242,0.996,-24.054,-29.304,-286.685,Yaw
0.439,0.116,0.953,-73.421,-11.113,-228.944,Yaw
0.138,0.192,1.267,-46.042,30.100,49.044,Yaw
0.674,0.054,0.871,-75.460,29.715,182.604,Yaw
0.710,0.156,0.961,-35.333,-12.722,286.685,Yaw
0.749,0.473,0.844,22.846,-51.634,286.685,Yaw
-0.234,0.606,1.476,70.061,-34.195,286.685,Yaw
-0.110,0.416,0.977,30.153,44.048,286.685,Yaw
-0.362,0.437,1.043,1.811,20.632,286.685,Yaw
-0.978,0.596,0.899,-3.640,1.374,286.685,Yaw
-0.106,0.080,0.988,-6.352,-8.899,59.474,Yaw
-0.113,-0.133,1.085,-7.499,-10.097,19.460,Yaw
-0.030,-0.008,1.050,-0.219,-5.600,1.234,Yaw
-0.869,0.267,0.982,-2.756,-0.726,-168.788,Yaw
-0.481,0.556,0.907,-49.350,-31.517,-286.685,Yaw
-0.342,0.344,0.912,-1.234,12.521,-286.685,Yaw
-0.305,0.412,1.252,13.921,25.471,-286.685,Yaw
0.114,0.492,1.146,-44.153,37.844,-286.685,Yaw
0.652,0.418,0.889,-18.419,37.800,-286.685,Yaw
0.646,0.282,0.886,33.346,-3.325,-280.306,Yaw
0.286,0.169,1.079,24.596,-8.068,-117.933,Yaw
-0.092,0.071,1.089,24.666,-21.665,-102.751,Yaw
0.038,0.106,0.852,50.339,-30.231,-170.914,Yaw
0.465,-0.311,1.288,68.154,-35.910,-135.669,Yaw
0.220,-0.169,0.995,-9.450,9.783,45.588,Yaw
0.589,-0.113,1.130,-52.220,37.231,262.474,Yaw
1.049,0.251,0.776,-51.809,-9.800,286.685,Yaw
0.316,0.334,1.365,16.179,-48.011,286.685,Yaw
0.130,0.433,0.808,38.885,-46.751,286.685,Yaw
-0.174,0.441,1.294,40.189,48.230,286.685,Yaw
-0.270,0.527,0.974,3.273,22.024,286.685,Yaw
-0.314,0.425,0.921,-3.036,8.627,286.685,Yaw
-0.552,0.090,1.026,2.082,1.960,241.045,Yaw
-0.069,-0.042,1.033,-4.130,-3.080,64.452,Yaw
-0.065,0.036,1.005,-5.600,-5.626,5.775,Yaw
-0.170,-0.032,1.042,-8.050,-8.785,-5.758,Yaw
-0.716,0.720,1.155,-19.784,-16.564,-285.180,Yaw
-0.459,0.633,1.022,-37.669,-11.314,-286.685,Yaw
-0.550,0.849,0.932,5.836,32.944,-286.685,Yaw
0.735,0.410,1.123,-4.148,47.145,-286.685,Yaw
0.753,0.381,0.999,-16.205,35.263,-286.685,Yaw
0.647,0.153,0.933,9.625,15.811,-286.685,Yaw
0.634,-0.065,1.032,29.724,-14.910,-168.446,Yaw
0.207,-0.067,1.049,43.811,-34.318,-78.409,Yaw
0.024,-0.096,0.957,31.386,-26.766,-23.756,Yaw
0.436,-0.135,0.972,6.387,-2.432,46.559,Yaw
0.553,-0.271,1.139,-46.279,44.476,268.844,Yaw
0.979,-0.058,0.876,-39.235,-3.211,286.685,Yaw
0.238,0.476,1.008,37.039,-51.975,286.685,Yaw
0.119,0.446,1.277,34.930,33.845,286.685,Yaw
0.098,0.442,0.937,6.213,49.341,286.685,Yaw
-0.242,0.558,0.929,-13.160,7.963,286.685,Yaw
-0.555,0.336,1.049,-6.851,-7.245,122.579,Yaw
-0.174,0.074,0.976,-5.294,-4.839,-2.179,Yaw
-0.061,-0.030,1.048,-11.401,-10.062,-3.902,Yaw
-0.738,0.492,1.057,-17.185,-22.925,-107.030,Yaw
-0.355,0.593,0.839,-50.295,-31.526,-286.685,Yaw
-0.463,0.709,0.703,5.477,34.624,-286.685,Yaw
0.494,-0.284,1.001,64.610,22.584,-286.685,Yaw
0.692,-0.135,1.061,32.576,-15.540,-286.685,Yaw
0.051,-0.206,1.105,-13.405,-6.904,-182.919,Yaw
-0.317,0.047,1.080,-74.069,40.644,-113.234,Yaw
-0.139,0.167,0.974,-46.585,24.500,-182.621,Yaw
0.363,0.430,1.009,-21.962,21.560,-271.766,Yaw
0.050,-0.013,1.061,2.572,19.198,-209.711,Yaw
-0.052,0.092,1.032,2.214,22.032,-236.836,Yaw
0.136,-0.102,0.973,20.361,25.349,-260.575,Yaw
0.362,-0.370,0.952,46.786,22.103,-183.374,Yaw
0.400,-0.359,1.035,23.923,-19.136,-47.653,Yaw
0.174,-0.213,1.039,17.272,-9.538,13.948,Yaw
0.573,-0.329,1.043,11.384,-14.962,136.929,Yaw
0.499,-0.177,1.078,0.534,-19.145,286.685,Yaw
0.740,-0.061,1.027,-4.471,-25.655,286.685,Yaw
0.732,0.076,0.857,-2.030,-39.699,286.685,Yaw
0.452,0.669,1.313,18.996,21.306,286.685,Yaw
0.281,0.795,0.920,-10.255,60.891,286.685,Yaw
-0.425,0.858,0.949,-8.610,8.024,284.139,Yaw
-0.311,0.374,0.998,-22.286,-18.139,126.814,Yaw
-0.350,0.017,0.959,-29.006,-24.771,30.695,Yaw
-0.248,0.069,1.054,-44.406,-32.743,-100.397,Yaw
-0.748,0.412,0.836,-24.859,-22.575,-286.685,Yaw
-0.149,0.229,1.104,13.773,-24.833,-286.685,Yaw
-0.518,0.286,0.938,46.182,7.332,-286.685,Yaw
0.396,0.261,1.210,42.298,-24.675,-286.685,Yaw
0.243,0.377,1.106,17.045,-46.585,-286.685,Yaw
0.433,0.319,0.928,-7.114,-28.192,-286.685,Yaw
0.816,0.237,0.978,-38.693,-2.957,-257.311,Yaw
0.097,-0.048,1.101,-24.290,5.924,2.179,Yaw
0.369,0.187,1.015,-13.519,-1.829,79.354,Yaw
0.319,0.160,1.075,-37.984,34.125,273.481,Yaw
0.578,-0.063,0.834,-61.373,25.769,286.685,Yaw
0.152,0.454,0.915,39.217,-37.844,286.685,Yaw
-0.355,0.391,1.281,61.530,-31.622,286.685,Yaw
-0.128,0.116,1.551,-23.905,3.229,286.685,Yaw
-0.254,0.188,1.057,-61.189,-21.761,286.685,Yaw
-0.730,0.019,0.770,-18.620,-22.837,227.622,Yaw
-0.526,-0.267,1.123,7.000,-11.191,121.459,Yaw
-0.127,-0.231,0.645,22.767,2.756,-6.318,Yaw
-0.159,-0.216,1.113,64.418,28.831,-253.829,Yaw
-0.949,-0.087,1.651,65.397,33.285,-286.685,Yaw
-1.097,0.274,1.214,36.208,-87.798,-286.685,Yaw
-0.308,0.787,0.917,-61.303,-40.101,-286.685,Yaw
0.904,0.703,0.142,-93.747,83.335,-286.685,Yaw
0.360,0.819,0.845,-15.033,-64.260,-190.085,Yaw
0.100,0.133,1.445,1.312,-29.654,55.589,Yaw
0.528,0.349,0.958,-25.778,10.535,68.967,Yaw
0.300,0.450,1.028,-8.873,3.588,286.685,Yaw
-0.176,0.428,1.029,-24.605,12.057,286.685,Yaw
0.290,0.519,0.904,52.430,-27.475,286.685,Yaw
-0.522,-0.063,1.209,33.775,-12.749,286.685,Yaw
-0.662,-0.177,0.988,33.311,15.802,286.685,Yaw
-0.614,-0.149,0.944,22.645,17.036,250.801,Yaw
-0.340,-0.247,1.050,11.051,0.087,71.216,Yaw
-0.121,-0.164,1.026,4.655,-1.006,1.855,Yaw
-0.806,-0.216,1.078,0.166,-2.441,-113.382,Yaw
-0.749,-0.209,0.977,-16.625,-2.993,-285.469,Yaw
-0.471,0.002,1.063,-34.510,-19.574,-286.685,Yaw
0.098,0.283,1.280,-46.279,3.832,-286.685,Yaw
0.315,0.655,0.804,-34.519,0.009,-286.685,Yaw
0.021,0.646,0.851,-5.110,1.312,-286.247,Yaw
0.258,0.102,1.273,4.804,-6.536,-23.861,Yaw
0.017,0.210,0.978,-4.988,0.376,26.049,Yaw
0.366,0.067,0.997,15.208,-9.266,106.802,Yaw
0.315,0.377,1.075,20.353,-13.580,244.475,Yaw
0.533,0.652,0.957,11.926,-9.651,286.685,Yaw
0.062,0.811,1.373,53.034,-32.357,286.685,Yaw
-0.616,0.287,0.968,10.413,-37.424,286.685,Yaw
-1.092,0.300,0.926,33.653,-4.182,286.685,Yaw
-1.240,-0.228,0.966,46.611,12.285,239.514,Yaw
-0.195,-0.139,1.073,14.481,-1.356,22.636,Yaw
-0.362,-0.181,1.037,2.949,0.761,-73.824,Yaw
-0.468,-0.147,1.008,-6.221,-0.726,-194.539,Yaw
-0.598,-0.133,1.031,-7.341,-2.293,-286.685,Yaw
-0.644,0.102,1.004,-17.246,1.776,-286.685,Yaw
-0.619,0.099,1.117,-22.225,-15.453,-286.685,Yaw
-0.194,0.566,1.145,-48.423,-23.319,-286.685,Yaw
0.584,0.717,0.761,-31.771,-4.506,-286.685,Yaw
0.186,0.585,1.001,16.958,-13.913,-198.905,Yaw
0.232,0.449,0.948,45.938,-31.483,-85.024,Yaw
0.188,0.107,1.094,33.688,-21.455,2.021,Yaw
0.546,0.325,0.957,-1.584,4.489,174.738,Yaw
0.315,0.586,1.007,19.941,-2.572,286.685,Yaw
0.295,0.697,1.096,-9.520,28.621,286.685,Yaw
-0.281,0.430,1.056,-20.834,17.579,286.685,Yaw
-0.574,0.137,0.864,12.591,-11.296,286.685,Yaw
-0.809,-0.006,1.115,15.557,-19.145,286.685,Yaw
-0.884,-0.541,1.027,22.111,-15.356,242.156,Yaw
-0.185,-0.378,1.082,26.854,-6.326,84.683,Yaw
-0.161,-0.237,1.029,8.995,-4.786,78.969,Yaw
-0.189,-0.343,1.001,1.584,-2.555,5.548,Yaw
-0.215,-0.351,1.021,4.585,3.124,-93.021,Yaw
-0.262,-0.164,1.074,9.730,12.460,-239.251,Yaw
-0.486,-0.067,1.062,-13.449,-0.954,-286.685,Yaw
-0.641,-0.435,1.130,-24.868,3.054,-286.685,Yaw
-1.015,0.198,1.088,-25.804,-39.034,-286.685,Yaw
0.343,1.203,0.906,7.543,-43.295,-286.685,Yaw
0.754,1.106,1.014,-3.588,-15.382,-254.783,Yaw
-0.186,0.760,1.044,-4.988,-2.520,-155.645,Yaw
-0.104,0.195,0.993,20.064,-12.346,-284.226,Yaw
0.884,-0.078,1.063,2.301,4.235,-186.524,Yaw
0.754,0.257,0.963,5.425,13.265,64.820,Yaw
1.200,0.421,1.017,-3.553,16.476,256.331,Yaw
0.612,0.718,0.963,-0.980,31.631,286.685,Yaw
-0.849,0.655,0.963,17.876,7.927,286.685,Yaw
-1.061,0.208,0.989,-33.775,43.243,286.685,Yaw
-0.430,-0.002,1.088,28.298,-20.755,286.685,Yaw
-0.520,-0.071,1.056,-4.926,-17.421,286.685,Yaw
-0.753,-0.185,0.941,8.094,-7.569,286.685,Yaw
-0.666,-0.299,1.059,9.695,-1.234,234.833,Yaw
-0.107,-0.338,1.003,-5.565,-2.975,181.029,Yaw
-0.056,-0.351,1.057,7.919,-11.524,86.126,Yaw
-0.062,0.249,0.891,10.911,-5.346,-148.855,Yaw
-0.012,0.247,1.196,24.500,0.411,-286.685,Yaw
-0.378,-0.996,0.878,49.359,-1.269,-286.685,Yaw
-0.902,-0.615,1.068,-6.256,-12.154,-286.685,Yaw
-0.706,0.354,1.070,-31.806,-37.362,-286.685,Yaw
0.426,0.908,0.710,-43.470,-42.114,-286.685,Yaw
0.442,0.727,1.020,-4.366,-35.831,-286.685,Yaw
0.007,0.289,0.913,-5.171,-30.511,-196.691,Yaw
-0.615,0.220,1.150,-19.451,-1.741,-126.831,Yaw
-0.573,0.241,0.811,-19.058,-4.742,-261.380,Yaw
1.262,0.322,0.918,12.092,-15.172,-253.102,Yaw
0.496,-0.267,1.128,-0.604,33.845,112.149,Yaw
0.321,0.112,1.087,20.843,-11.559,285.784,Yaw
-0.270,0.099,1.228,13.895,16.310,286.685,Yaw
-0.618,0.057,1.208,-20.160,24.552,286.685,Yaw
0.819,0.085,0.656,-54.976,40.136,286.685,Yaw
0.296,0.212,1.221,28.403,20.939,286.685,Yaw
0.107,0.272,0.930,42.717,44.818,286.685,Yaw
-0.099,0.218,0.952,25.051,27.843,286.685,Yaw
-0.301,0.078,1.159,-68.259,2.336,270.865,Yaw
-0.639,-0.227,1.005,-18.979,-17.167,102.585,Yaw
-0.542,0.285,0.930,-35.805,-24.500,26.513,Yaw
-0.924,0.216,1.063,-33.101,-17.894,-121.774,Yaw
-0.624,0.481,0.911,-46.322,-5.206,-286.685,Yaw
-0.508,1.097,0.758,35.219,57.890,-286.685,Yaw
0.974,-0.189,1.187,115.728,11.358,-286.685,Yaw
-0.133,-0.174,1.090,62.449,-48.134,-286.685,Yaw
-0.168,0.254,0.963,18.673,-57.557,-286.685,Yaw
0.434,0.362,0.916,-72.424,-40.924,-286.685,Yaw
0.216,0.378,1.151,-163.581,47.609,-285.233,Yaw
0.203,0.432,0.833,-34.353,10.448,-159.224,Yaw
-0.017,0.067,0.901,9.415,14.499,-149.074,Yaw
0.194,-0.113,1.041,29.120,5.731,-120.426,Yaw
0.221,-0.231,1.076,12.337,2.800,-38.054,Yaw
0.274,-0.253,1.027,-2.328,-0.079,24.710,Yaw
0.455,-0.001,0.994,-1.645,-7.262,151.734,Yaw
0.845,0.159,0.986,8.033,-18.261,285.241,Yaw
0.831,0.441,0.963,38.080,-46.812,286.685,Yaw
0.095,1.144,1.248,16.677,-15.601,286.685,Yaw
-0.316,0.818,0.905,-30.660,-32.489,286.685,Yaw
0.143,0.779,0.755,29.986,10.727,286.685,Yaw
-0.767,0.658,0.549,18.025,1.409,286.685,Yaw
-0.690,-0.323,1.174,-10.097,-25.165,-90.353,Yaw
-0.208,0.096,1.096,-26.609,-13.081,-67.909,Yaw
-0.152,0.053,1.022,-14.123,-12.329,-48.571,Yaw
-0.658,0.271,1.012,-15.409,-9.677,-261.004,Yaw
-0.576,0.871,0.961,-18.471,0.683,-286.685,Yaw
-0.972,0.826,0.885,6.825,40.136,-286.685,Yaw
0.387,0.603,1.211,20.081,-8.015,-286.685,Yaw
0.773,0.503,0.932,-12.451,-27.816,-286.685,Yaw
0.876,0.315,0.796,16.826,-22.733,-286.510,Yaw
0.359,0.403,1.106,12.792,-15.943,-161.945,Yaw
0.011,0.349,1.022,5.014,-22.724,-98.551,Yaw
-0.059,-0.047,0.934,-6.956,-2.179,-75.863,Yaw
0.294,-0.169,1.051,-9.887,12.871,19.626,Yaw
0.428,-0.033,1.037,1.216,3.509,89.206,Yaw
0.748,0.226,1.132,-27.983,35.035,286.685,Yaw
0.696,0.452,0.853,-74.340,15.619,286.685,Yaw
0.180,0.653,1.315,38.544,-54.469,286.685,Yaw
-0.183,0.789,1.346,10.544,-13.904,286.685,Yaw
0.056,0.444,0.916,-13.256,-22.286,286.685,Yaw
-0.406,0.601,0.842,34.011,1.899,286.685,Yaw
-1.130,0.069,1.187,3.334,-16.590,98.096,Yaw
-0.272,-0.166,1.056,-3.299,-7.560,-27.493,Yaw
-0.125,-0.043,0.979,-7.114,-7.052,-83.991,Yaw
-0.566,0.325,1.087,-22.680,-16.074,-238.114,Yaw
-0.777,0.609,1.090,-44.564,-19.163,-286.685,Yaw
-0.568,0.851,1.045,-34.361,21.210,-286.685,Yaw
0.143,-0.001,1.149,25.655,50.400,-286.685,Yaw
0.298,0.272,1.141,5.722,20.204,-286.685,Yaw
0.317,0.252,1.056,-24.491,16.896,-286.685,Yaw
0.348,0.278,1.068,-39.524,22.400,-286.641,Yaw
0.236,0.516,0.920,2.511,7.166,-187.871,Yaw
0.189,0.190,1.074,25.042,3.579,-118.370,Yaw
0.093,-0.063,1.083,13.142,5.784,-105.122,Yaw
0.073,-0.165,0.997,4.620,4.069,-74.253,Yaw
0.208,-0.186,1.024,8.488,0.175,-19.337,Yaw
0.412,-0.084,0.970,2.783,-3.351,75.302,Yaw
0.532,-0.121,0.999,19.933,-17.824,215.775,Yaw
1.008,0.152,0.980,42.359,-42.350,286.685,Yaw
0.686,0.793,1.212,44.415,-18.909,286.685,Yaw
0.110,0.930,1.082,-34.676,46.410,286.685,Yaw
0.054,0.693,1.149,-21.866,-6.659,286.685,Yaw
0.070,0.953,0.822,-6.492,-32.489,286.685,Yaw
-1.339,0.451,0.994,52.351,-3.185,279.606,Yaw
-1.026,-0.100,1.138,1.041,-15.382,-38.771,Yaw
-0.029,0.005,1.106,-6.878,-10.167,0.875,Yaw
-0.642,0.005,1.020,-11.611,-10.544,-56.053,Yaw
-0.545,0.447,0.817,-21.087,-16.931,-286.685,Yaw
-0.502,1.149,1.058,-27.081,-7.280,-286.685,Yaw
-0.629,0.835,0.968,20.108,46.533,-286.685,Yaw
0.907,0.665,1.133,-10.990,18.375,-286.685,Yaw
1.382,0.268,0.742,28.087,-24.771,-286.685,Yaw
0.780,-0.003,1.314,58.389,-42.315,-274.094,Yaw
-0.020,0.159,1.146,-9.266,-0.613,5.565,Yaw
0.162,-0.087,1.092,18.305,-33.425,-26.451,Yaw
-0.072,0.097,1.003,-12.023,-0.280,4.681,Yaw
0.044,0.035,1.048,-17.439,10.316,0.123,Yaw
0.648,-0.211,0.995,-35.752,20.160,84.551,Yaw
1.053,0.082,0.975,-80.649,30.625,286.685,Yaw
0.784,0.686,0.959,-3.981,-64.671,286.685,Yaw
0.346,0.943,1.013,37.126,-69.055,286.685,Yaw
-0.490,0.651,1.283,1.242,-21.560,286.685,Yaw
-0.153,0.474,0.978,8.698,-17.596,286.685,Yaw
-0.506,0.382,0.991,20.020,-11.725,285.871,Yaw
-0.973,-0.053,0.931,29.225,-2.765,189.989,Yaw
-0.123,-0.035,1.114,11.244,-4.156,2.406,Yaw
-0.908,0.188,1.080,1.269,-7.341,-64.671,Yaw
-0.778,0.540,0.991,-7.936,-0.035,-286.685,Yaw
-0.776,0.896,0.885,16.520,36.969,-286.685,Yaw
-0.000,0.779,1.116,-14.403,-21.052,-286.685,Yaw
0.952,0.320,1.217,-25.183,-0.289,-286.685,Yaw
1.143,0.229,0.540,-65.310,30.817,-284.568,Yaw
0.181,0.516,1.054,-7.761,-6.055,-146.484,Yaw
-0.210,0.331,0.933,5.705,-14.875,-126.254,Yaw
0.166,0.104,1.012,62.974,-34.580,-179.305,Yaw
0.575,-0.087,1.132,34.720,-11.751,-31.754,Yaw
0.820,0.071,1.159,-14.236,22.575,272.650,Yaw
0.843,0.181,0.877,-59.614,16.188,286.685,Yaw
0.114,0.743,1.104,37.826,-57.024,286.685,Yaw
0.370,0.681,1.155,10.850,-26.014,286.685,Yaw
-0.377,0.651,1.119,-16.013,-26.889,286.685,Yaw
-0.791,0.663,0.917,5.801,-21.254,286.685,Yaw
-1.194,-0.034,1.072,58.292,6.213,89.793,Yaw
-0.381,0.147,1.092,41.746,12.381,-75.224,Yaw
-0.987,0.405,1.027,10.141,2.721,-267.785,Yaw
-0.550,0.556,0.993,-3.203,-2.800,-286.685,Yaw
-0.347,0.524,0.893,-8.479,-33.836,-286.685,Yaw
0.352,0.481,1.211,3.824,-24.798,-286.685,Yaw
0.605,0.811,1.015,-76.195,14.262,-286.685,Yaw
1.180,0.406,1.057,45.281,-22.907,-280.621,Yaw
-0.056,0.484,1.129,44.870,-33.967,-84.683,Yaw
0.149,-0.082,1.012,15.951,-23.529,-75.084,Yaw
0.111,-0.054,1.013,-1.155,1.076,52.972,Yaw
0.490,-0.050,0.968,-1.383,8.523,224.184,Yaw
0.600,0.157,1.061,-38.386,36.531,286.685,Yaw
0.705,0.190,0.878,-77.298,14.525,286.685,Yaw
0.461,0.620,0.995,2.870,-54.583,286.685,Yaw
-0.175,0.689,1.302,19.504,-33.110,286.685,Yaw
-0.227,0.542,0.917,-24.132,-31.500,286.685,Yaw
-0.848,0.339,0.913,13.807,-28.009,286.685,Yaw
-0.917,-0.317,1.085,34.930,-0.919,131.863,Yaw
0.012,-0.074,0.960,12.443,-3.220,1.102,Yaw
-0.114,-0.089,1.078,34.318,17.526,-26.985,Yaw
-1.199,0.306,0.990,-33.180,-21.298,-225.129,Yaw
-0.697,-0.160,1.071,4.673,11.778,-286.685,Yaw
-0.611,0.372,1.067,16.896,-21.761,-286.685,Yaw
-0.134,1.259,1.050,-47.127,-0.018,-286.685,Yaw
0.803,0.922,0.704,-92.890,52.999,-286.685,Yaw
0.960,0.617,1.327,23.879,-26.189,-250.504,Yaw
0.485,0.210,1.120,26.696,-12.136,-140.779,Yaw
-0.018,0.049,0.977,36.374,-21.254,-136.964,Yaw
0.065,-0.155,0.969,57.785,-29.628,-47.618,Yaw
0.105,-0.218,1.097,41.974,-10.430,126.717,Yaw
0.451,0.032,0.958,23.739,19.154,274.855,Yaw
0.449,0.101,1.029,21.464,18.279,286.685,Yaw
0.584,0.265,0.949,4.935,29.426,286.685,Yaw
-0.058,0.616,0.996,-40.766,55.589,286.685,Yaw
-0.169,0.451,0.984,26.478,17.710,286.685,Yaw
-0.259,0.264,1.012,19.591,11.795,286.685,Yaw
-0.737,-0.079,1.017,-3.281,1.610,286.685,Yaw
-0.583,-0.084,0.972,-0.481,-9.922,52.666,Yaw
-0.404,-0.294,1.050,-0.691,-10.631,-40.005,Yaw
-0.621,0.096,1.090,-0.394,-1.479,-244.370,Yaw
-0.654,0.254,0.606,-10.316,-3.754,-286.685,Yaw
0.461,0.468,1.337,-0.525,-23.642,-286.685,Yaw
-0.429,-0.419,1.145,-35.184,-0.752,-286.685,Yaw
-0.357,0.434,1.198,-72.607,27.904,-286.685,Yaw
-0.400,0.737,0.889,-39.209,32.524,-286.685,Yaw
0.454,0.898,1.016,69.545,44.205,-286.685,Yaw
1.046,0.396,0.640,120.050,-39.104,-273.263,Yaw
-0.000,-0.435,1.218,54.792,-49.481,-56.210,Yaw
0.279,-0.072,0.979,-33.976,-6.860,49.814,Yaw
-0.022,0.047,1.132,-4.384,-1.706,49.236,Yaw
0.000,0.054,1.014,3.649,-3.754,57.120,Yaw
0.089,-0.149,1.014,3.246,-3.281,31.272,Yaw
0.052,-0.030,1.011,1.067,-2.249,44.774,Yaw
0.091,0.047,1.008,7.000,-4.699,38.412,Yaw
-0.028,0.226,0.862,14.507,10.929,38.500,Yaw
0.183,-0.158,1.158,17.272,-0.866,18.489,Yaw
0.084,0.081,0.975,-1.496,-0.210,40.189,Yaw
0.108,0.165,1.064,1.505,-2.301,15.820,Yaw
0.075,0.041,1.013,-0.822,-1.111,0.140,Yaw
-0.093,0.260,1.045,-5.171,-4.891,-13.913,Yaw
0.460,-0.554,0.881,-23.704,11.533,-10.929,Yaw
-0.207,-0.505,0.880,-18.751,27.458,29.251,Yaw
-0.225,0.260,1.164,47.215,-12.119,150.386,Yaw
0.248,0.198,1.004,4.559,6.282,147.271,Yaw
0.322,0.245,1.129,18.874,-9.424,68.933,Yaw
0.186,0.223,1.185,-21.709,5.416,-2.354,Yaw
-0.111,-0.225,0.563,-146.055,91.875,-44.914,Yaw
0.010,-0.103,0.970,-4.340,2.546,-2.783,Yaw
0.088,-0.116,1.051,4.856,-3.824,20.134,Yaw
0.382,-0.041,0.694,8.645,-11.007,141.251,Yaw
-0.286,-0.153,1.081,68.040,-55.519,156.572,Yaw
0.039,0.192,1.049,-9.476,-7.569,32.191,Yaw
0.091,-0.027,1.058,-40.661,18.016,3.876,Yaw
-0.120,-0.213,0.928,36.671,-22.382,-26.985,Yaw
0.131,0.005,1.059,0.262,10.264,2.852,Yaw
0.043,-0.252,1.185,-64.277,43.033,80.062,Yaw
0.032,0.384,0.871,-73.491,45.036,113.776,Yaw
0.041,0.133,0.963,-7.787,2.520,59.535,Yaw
0.387,-0.266,1.095,5.128,-7.516,83.790,Yaw
0.987,-0.305,1.061,-30.161,2.293,268.546,Yaw
0.263,-0.134,0.872,-54.941,-8.531,286.685,Yaw
0.320,0.211,0.918,-20.720,-33.495,286.685,Yaw
-0.379,0.408,1.389,54.827,-29.225,286.685,Yaw
-0.259,-0.259,1.071,-20.528,-13.177,281.251,Yaw
-0.527,0.300,0.916,-22.243,-15.199,243.731,Yaw
-0.716,-0.171,0.996,5.189,-8.505,-48.388,Yaw
-0.833,0.163,1.032,6.912,7.324,-286.519,Yaw
-0.645,1.024,1.069,36.549,40.897,-286.685,Yaw
1.046,0.561,1.159,38.045,29.698,-286.685,Yaw
1.341,0.374,1.100,20.869,-19.040,-254.984,Yaw
0.146,-0.444,0.765,-52.946,40.180,-188.186,Yaw
0.190,-0.310,1.061,14.945,-6.492,78.321,Yaw
0.836,0.042,0.902,17.036,-11.323,213.684,Yaw
-0.091,0.149,1.205,19.206,1.085,286.685,Yaw
-0.631,-0.400,1.051,-6.528,-2.380,286.685,Yaw
-0.550,0.128,0.986,-2.275,1.383,171.430,Yaw
-0.253,0.161,1.029,3.561,-5.267,77.543,Yaw
-0.021,-0.186,1.041,-10.307,-10.124,19.679,Yaw
-0.836,-0.114,0.922,6.169,-0.157,-180.023,Yaw
-0.650,0.094,1.098,10.841,2.572,-286.685,Yaw
0.316,0.217,0.982,7.516,-17.115,-286.685,Yaw
0.795,0.172,0.985,8.488,-19.346,-285.740,Yaw
0.340,0.354,0.982,18.007,-19.976,-182.542,Yaw
-0.019,-0.103,1.062,6.571,-9.363,-120.461,Yaw
0.301,0.153,0.946,-0.639,7.315,124.031,Yaw
0.448,0.202,1.019,-4.699,30.896,286.685,Yaw
-0.200,-0.221,1.073,-15.278,19.075,286.685,Yaw
-0.430,-0.414,1.054,-1.102,-6.370,286.685,Yaw
0.005,0.287,0.905,12.469,13.186,286.685,Yaw
-0.244,-0.047,1.114,25.034,16.949,286.414,Yaw
-0.350,-0.019,1.003,2.713,8.908,191.686,Yaw
-0.010,0.094,0.942,-1.636,2.030,74.909,Yaw
-1.059,-0.188,1.031,-30.739,-25.471,-163.179,Yaw
-0.945,0.363,0.939,-41.790,-6.807,-286.685,Yaw
-0.181,0.910,1.054,-15.479,37.529,-286.685,Yaw
0.646,0.487,0.957,-5.390,34.335,-286.685,Yaw
1.015,0.439,0.918,93.879,-51.958,-286.685,Yaw
0.678,-0.008,1.159,16.730,-17.229,-218.068,Yaw
0.253,-0.011,0.939,7.175,-5.233,74.603,Yaw
0.341,0.112,1.018,2.634,12.521,272.860,Yaw
0.409,0.273,1.044,-13.239,34.895,286.685,Yaw
-0.443,-0.015,1.042,-10.299,15.767,286.685,Yaw
-0.457,-0.319,1.084,-3.273,-6.676,286.685,Yaw
0.190,0.061,1.070,8.006,1.365,286.685,Yaw
-0.089,0.146,1.060,11.874,15.068,286.685,Yaw
-0.748,0.253,0.908,3.946,6.484,182.000,Yaw
-0.134,0.066,0.995,3.990,-19.145,-10.386,Yaw
-0.483,0.150,1.047,-8.776,-12.810,-143.850,Yaw
-0.556,0.256,1.031,-33.845,-21.639,-286.685,Yaw
0.155,0.324,1.263,-27.038,28.184,-286.685,Yaw
0.493,0.333,0.929,-33.355,42.053,-286.685,Yaw
0.637,0.197,0.881,27.991,13.239,-286.685,Yaw
0.572,0.036,0.984,95.305,-52.955,-223.851,Yaw
0.358,0.115,1.107,9.056,-5.162,39.480,Yaw
0.524,0.146,1.029,7.472,-1.697,252.394,Yaw
0.210,0.315,0.979,-11.340,19.801,286.685,Yaw
-0.433,-0.061,1.016,3.588,9.065,286.685,Yaw
-0.106,-0.397,1.023,-14.910,22.470,286.685,Yaw
0.187,-0.154,1.069,-3.115,0.385,286.685,Yaw
0.002,0.253,1.006,8.129,15.908,286.685,Yaw
-0.598,0.250,0.962,5.565,4.970,131.679,Yaw
-0.470,0.201,0.938,1.041,-11.331,-70.621,Yaw
-0.463,-0.046,1.068,-12.828,-26.364,-262.264,Yaw
-0.308,0.004,1.115,-23.459,3.325,-286.685,Yaw
0.155,0.281,1.084,-56.761,34.571,-286.685,Yaw
0.566,0.252,0.790,-18.900,34.641,-286.685,Yaw
0.733,0.222,0.773,48.667,4.034,-286.659,Yaw
0.345,0.077,1.184,38.421,-9.914,18.743,Yaw
0.520,0.311,1.065,20.361,-16.599,264.399,Yaw
-0.454,-0.033,0.958,12.941,-6.904,286.685,Yaw
-0.667,-0.520,1.060,10.097,-6.274,286.685,Yaw
0.095,-0.317,1.047,-31.474,15.435,274.304,Yaw
0.291,0.143,1.057,-12.854,-12.574,286.685,Yaw
-0.227,0.172,1.039,-11.244,-8.592,262.019,Yaw
-0.449,0.203,0.946,-0.595,-2.179,51.599,Yaw
-0.660,0.140,1.014,7.455,0.507,-202.344,Yaw
-0.237,-0.013,1.050,-6.702,15.855,-286.685,Yaw
0.169,0.159,1.168,-9.887,27.458,-286.685,Yaw
0.545,0.476,1.016,-16.835,23.205,-286.685,Yaw
0.649,0.182,0.912,14.875,5.198,-261.826,Yaw
0.351,-0.098,0.908,33.416,-15.794,-11.716,Yaw
0.348,0.249,1.139,79.896,-50.899,169.269,Yaw
0.092,-0.025,1.045,9.905,2.476,286.685,Yaw
-0.434,-0.236,1.004,-10.885,15.627,286.685,Yaw
-0.104,-0.221,1.046,-1.234,-3.115,285.696,Yaw
0.034,0.045,1.062,1.531,-2.345,253.068,Yaw
-0.047,-0.097,1.067,16.870,16.599,239.033,Yaw
-0.399,-0.016,0.961,11.847,4.436,125.510,Yaw
-0.560,-0.055,0.918,-21.350,-6.387,-61.346,Yaw
-0.516,-0.058,1.057,-32.751,-31.062,-191.161,Yaw
-0.255,-0.067,1.109,-29.129,-2.398,-286.685,Yaw
0.291,0.263,1.082,-39.305,12.889,-286.685,Yaw
0.630,0.445,0.842,-8.102,3.789,-215.827,Yaw
0.228,0.066,1.051,17.290,2.030,-45.106,Yaw
0.200,0.277,1.026,17.824,-5.302,75.075,Yaw
0.047,0.131,1.039,21.910,-4.270,144.016,Yaw
0.022,-0.293,1.022,18.594,-3.780,147.788,Yaw
-0.016,-0.226,1.026,18.699,-2.188,161.604,Yaw
-0.011,-0.208,1.064,14.630,7.665,181.790,Yaw
-0.254,-0.077,1.044,5.495,9.135,280.140,Yaw
-0.475,-0.100,0.994,-18.603,-2.879,158.804,Yaw
-0.424,-0.058,1.029,-35.971,-22.487,1.890,Yaw
-0.486,-0.171,1.017,-37.109,-4.226,-215.014,Yaw
-0.229,0.115,1.051,-37.301,24.780,-286.685,Yaw
0.033,0.403,0.812,5.722,34.554,-286.685,Yaw
0.175,0.405,0.926,54.346,10.028,-286.685,Yaw
0.748,0.253,1.166,82.740,-53.778,-248.360,Yaw
0.300,-0.050,1.042,-15.837,3.054,-90.151,Yaw
0.468,0.100,0.959,-21.551,5.548,120.619,Yaw
0.353,0.398,0.987,23.083,-6.668,260.059,Yaw
0.186,0.119,1.080,8.444,21.674,286.685,Yaw
-0.622,-0.185,1.062,4.909,22.120,286.685,Yaw
-0.704,-0.415,1.022,3.832,15.190,286.685,Yaw
-0.381,-0.154,1.042,-10.203,0.630,155.951,Yaw
-0.230,0.158,0.966,-25.104,-10.999,32.568,Yaw
-0.643,-0.040,0.995,-22.610,-11.568,-178.115,Yaw
-0.410,0.017,1.043,-4.909,17.894,-286.685,Yaw
-0.152,0.216,1.156,-12.057,28.525,-286.685,Yaw
0.775,0.418,0.955,-28.035,27.711,-286.685,Yaw
0.597,0.254,0.914,40.950,-9.424,-256.620,Yaw
0.319,0.007,0.991,50.286,-23.144,-85.033,Yaw
0.152,0.189,1.104,46.690,-22.837,174.256,Yaw
0.118,0.150,1.005,9.922,14.166,286.685,Yaw
-0.303,-0.406,1.065,0.087,14.595,286.685,Yaw
-0.267,-0.436,1.083,-3.561,8.409,286.685,Yaw
-0.289,-0.061,1.025,-2.144,12.915,286.685,Yaw
-0.326,0.147,0.987,-1.750,7.175,234.176,Yaw
-0.379,0.190,0.969,-7.219,-10.054,14.936,Yaw
-0.431,0.229,1.026,-11.988,-19.469,-171.754,Yaw
0.098,0.076,1.089,-15.523,-0.779,-286.685,Yaw
0.201,0.093,1.073,-26.460,23.065,-286.685,Yaw
-0.067,0.052,0.973,-17.675,28.796,-286.685,Yaw
0.453,-0.001,1.009,15.890,34.790,-286.685,Yaw
0.444,-0.189,0.765,47.801,-44.590,-108.552,Yaw
0.301,0.186,1.168,19.705,-0.569,285.171,Yaw
0.408,0.353,0.979,17.483,-4.191,286.685,Yaw
-0.083,-0.010,1.101,20.510,-9.214,286.685,Yaw
-0.231,-0.323,1.077,26.644,9.887,286.685,Yaw
-0.458,-0.179,1.027,-12.486,14.087,286.685,Yaw
-0.461,0.009,0.928,-37.240,13.685,208.889,Yaw
-0.156,0.219,1.044,-28.201,-20.239,101.544,Yaw
-0.576,0.149,1.007,-10.885,-7.919,-134.146,Yaw
-0.198,0.045,1.114,-15.540,13.554,-286.685,Yaw
0.269,0.082,1.145,-33.303,33.941,-286.685,Yaw
0.065,0.192,1.020,-41.597,39.568,-286.685,Yaw
0.403,0.353,1.037,101.474,85.899,-286.685,Yaw
0.390,0.111,0.841,60.034,-81.673,-210.219,Yaw
0.316,0.005,1.289,29.680,-42.709,47.171,Yaw
0.562,0.297,1.041,3.710,11.182,286.685,Yaw
-0.011,0.239,1.034,5.617,-2.345,286.685,Yaw
-0.525,-0.275,1.056,11.252,-0.306,286.685,Yaw
-0.643,-0.453,1.049,17.439,12.434,286.685,Yaw
-0.357,-0.224,1.025,-20.186,12.994,265.344,Yaw
-0.070,0.057,0.944,-18.909,1.645,206.876,Yaw
-0.098,0.248,0.942,-9.966,-11.095,18.060,Yaw
-0.563,0.172,1.057,-17.920,-19.539,-224.219,Yaw
-0.266,0.285,1.118,-23.599,17.448,-286.685,Yaw
0.018,0.367,1.049,-26.950,50.059,-286.685,Yaw
0.421,0.151,0.821,-9.511,33.399,-286.685,Yaw
0.459,0.132,0.775,84.726,-29.978,-286.685,Yaw
0.360,-0.008,0.996,54.626,-29.907,-187.049,Yaw
0.487,-0.256,1.000,-16.433,12.565,53.970,Yaw
0.748,0.068,1.035,-6.387,6.746,268.511,Yaw
0.223,0.679,1.055,-31.395,24.955,286.685,Yaw
-0.144,0.088,1.033,2.371,-11.524,286.685,Yaw
-0.706,-0.199,1.046,0.980,-7.709,286.685,Yaw
-0.461,-0.307,1.032,1.908,2.432,262.649,Yaw
-0.354,-0.011,0.931,-35.507,-8.557,119.122,Yaw
-0.668,0.152,1.007,-32.498,-10.404,-100.205,Yaw
-0.284,0.291,1.201,-30.993,28.035,-286.685,Yaw
0.081,0.356,0.825,-39.401,57.164,-286.685,Yaw
0.164,0.281,0.811,32.489,49.551,-286.685,Yaw
0.374,0.147,1.013,97.011,-51.065,-286.685,Yaw
0.458,0.201,1.215,52.377,-45.412,-286.685,Yaw
0.808,-0.012,0.972,13.160,-7.595,-208.950,Yaw
0.576,-0.122,0.914,-21.429,1.094,116.314,Yaw
0.645,0.390,1.075,-22.111,27.046,286.685,Yaw
0.461,0.704,0.973,-52.421,33.827,286.685,Yaw
-0.057,0.192,0.858,4.436,-25.209,286.685,Yaw
-0.633,-0.467,1.110,4.821,-12.880,286.685,Yaw
-0.403,-0.238,1.047,-14.726,-3.973,285.276,Yaw
-0.137,0.117,0.921,-26.381,-9.677,197.575,Yaw
-0.082,0.311,0.930,-1.365,-5.906,111.772,Yaw
-0.753,0.064,1.012,4.988,-1.339,-84.446,Yaw
-0.766,0.332,1.045,2.231,7.052,-286.685,Yaw
-0.012,0.463,1.220,-2.730,22.339,-286.685,Yaw
0.764,0.243,0.883,-23.100,35.595,-286.685,Yaw
0.195,0.105,0.932,32.025,-12.005,-286.685,Yaw
0.284,0.371,0.972,77.753,-55.877,-286.685,Yaw
0.708,0.138,1.072,28.175,-19.451,-272.764,Yaw
0.633,-0.015,0.924,-6.003,15.295,107.004,Yaw
0.799,0.751,1.058,-2.888,25.471,286.685,Yaw
-0.201,0.743,1.055,-36.111,28.210,286.685,Yaw
-0.720,-0.086,1.207,6.851,-15.417,286.685,Yaw
-0.966,-0.587,0.990,0.429,-2.739,286.685,Yaw
-0.379,-0.094,0.947,-34.886,-5.241,131.285,Yaw
-0.171,0.199,1.024,-33.792,-4.874,-7.770,Yaw
-0.405,0.018,1.092,-26.285,0.910,-110.364,Yaw
-0.665,0.178,1.031,-30.126,31.850,-286.685,Yaw
-0.078,0.403,0.943,-17.325,60.751,-286.685,Yaw
0.528,0.330,0.876,52.526,36.768,-286.685,Yaw
0.575,0.351,1.129,74.699,-3.771,-286.685,Yaw
0.635,0.258,1.051,67.016,-46.244,-281.295,Yaw
0.228,-0.244,1.024,4.856,-4.497,-109.603,Yaw
0.637,-0.027,1.004,-0.490,14.227,273.761,Yaw
0.648,0.596,1.072,-12.828,24.622,286.685,Yaw
-0.201,0.321,1.059,-50.689,23.222,286.685,Yaw
-1.059,-0.050,1.035,19.250,-26.591,286.685,Yaw
-1.077,-0.302,1.005,-2.406,3.832,286.615,Yaw
-0.164,-0.125,1.014,-8.855,2.170,156.091,Yaw
-0.186,0.147,1.048,-26.757,-9.494,37.599,Yaw
-0.546,0.227,0.946,-21.997,-0.499,-242.874,Yaw
-0.364,0.362,0.966,-5.136,18.891,-286.685,Yaw
-0.042,0.278,1.107,10.649,40.285,-286.685,Yaw
0.451,0.084,0.907,23.555,-9.538,-286.685,Yaw
0.230,0.474,0.888,67.935,-50.015,-286.685,Yaw
0.316,0.360,1.049,42.298,-34.458,-286.685,Yaw
0.570,-0.020,1.013,-9.371,-4.909,-177.424,Yaw
0.634,-0.333,1.016,-15.820,10.299,59.841,Yaw
0.859,0.129,1.115,-15.164,24.202,286.685,Yaw
0.597,0.840,0.942,-46.882,31.964,286.685,Yaw
-0.224,0.565,0.723,-27.676,-7.761,286.685,Yaw
-1.027,-0.157,1.093,18.427,-21.359,286.685,Yaw
-1.051,-0.504,0.998,6.851,1.400,158.139,Yaw
-0.375,-0.114,0.982,-8.575,-2.713,30.074,Yaw
-0.520,0.093,0.965,-20.003,-4.401,-87.990,Yaw
-0.156,0.436,0.951,-3.964,11.217,-286.212,Yaw
-0.242,0.348,1.136,7.061,25.244,-286.685,Yaw
0.230,0.201,1.055,-38.972,41.571,-286.685,Yaw
0.151,0.323,0.844,61.932,24.649,-286.685,Yaw
0.478,0.581,0.741,117.609,-75.416,-286.685,Yaw
0.718,0.128,1.144,47.162,-53.533,-255.929,Yaw
0.547,-0.325,0.993,-38.377,15.986,129.054,Yaw
0.890,0.090,1.040,5.443,9.642,286.685,Yaw
0.472,0.581,1.014,-15.977,15.146,286.685,Yaw
0.150,0.772,1.022,-46.856,32.603,286.685,Yaw
-0.637,0.199,0.948,8.925,-16.844,286.685,Yaw
-1.106,-0.261,1.019,21.683,6.081,286.685,Yaw
-0.272,-0.103,1.058,2.642,13.212,188.038,Yaw
0.189,0.081,0.988,-20.458,2.214,169.724,Yaw
-0.072,0.333,0.903,-33.294,-24.885,46.025,Yaw
-1.122,0.362,0.889,-24.299,-15.995,-83.729,Yaw
-0.646,0.287,1.026,9.398,15.794,-286.685,Yaw
0.081,0.296,1.078,13.230,29.339,-286.685,Yaw
0.433,0.140,1.079,-8.601,32.541,-286.685,Yaw
0.464,0.275,0.727,65.249,-55.667,-286.685,Yaw
-0.074,0.426,1.144,71.269,-30.415,-286.685,Yaw
0.320,0.277,0.932,-17.806,-6.003,-286.659,Yaw
0.714,-0.131,1.000,-17.911,10.876,-103.241,Yaw
0.943,0.206,0.987,-12.346,11.288,129.605,Yaw
1.044,0.600,1.046,11.121,2.774,286.685,Yaw
0.140,1.145,0.974,-64.374,46.025,286.685,Yaw
-0.601,0.536,0.928,35.472,-48.195,286.685,Yaw
-1.737,-0.668,1.080,35.945,-1.916,286.151,Yaw
-0.252,-0.541,1.102,7.639,4.742,132.711,Yaw
0.068,0.008,1.076,-64.094,-25.462,120.103,Yaw
-0.099,0.452,0.866,-28.411,-5.714,111.396,Yaw
-1.165,0.324,0.893,26.302,4.392,-194.959,Yaw
-0.723,0.174,1.233,37.511,20.055,-286.685,Yaw
0.176,-0.040,1.369,-4.707,30.397,-286.685,Yaw
0.539,0.181,0.771,-30.511,8.680,-286.685,Yaw
-0.288,0.593,0.902,139.685,-62.431,-286.685,Yaw
0.031,0.894,0.948,126.009,-94.412,-286.685,Yaw
0.446,0.326,1.080,-87.640,3.614,-108.518,Yaw
0.509,0.131,1.135,-76.895,25.331,100.056,Yaw
0.807,0.286,0.996,19.924,-9.231,183.732,Yaw
0.674,0.176,0.960,40.827,-7.508,286.685,Yaw
0.242,0.508,1.040,19.827,29.776,286.685,Yaw
-0.230,0.510,0.994,-55.309,48.300,286.685,Yaw
-0.561,0.371,1.027,-1.575,-6.764,286.685,Yaw
-1.166,-0.006,0.869,21.228,18.436,286.685,Yaw
-0.198,-0.214,1.144,-35.998,-9.511,191.852,Yaw
0.223,0.227,0.886,-33.294,-19.880,70.018,Yaw
-0.112,0.099,1.048,8.453,-7.823,20.038,Yaw
-1.217,0.288,0.961,-13.309,-5.180,-42.088,Yaw
-0.630,0.405,0.914,16.179,26.110,-286.685,Yaw
-0.248,0.190,1.363,22.243,34.256,-286.685,Yaw
0.206,-0.172,1.079,-20.230,6.090,-286.685,Yaw
-0.293,0.862,0.954,36.452,23.153,-286.685,Yaw
0.060,1.247,0.278,59.614,-70.201,-286.685,Yaw
1.339,0.046,1.398,-33.906,41.641,-214.174,Yaw
0.555,0.017,1.126,-12.023,6.037,-29.374,Yaw
0.890,0.477,0.918,-16.765,-1.418,188.694,Yaw
0.438,0.816,0.996,17.369,-10.509,286.685,Yaw
0.142,0.733,0.926,30.608,-0.709,286.685,Yaw
-0.145,0.623,0.905,0.919,26.101,286.685,Yaw
-0.637,0.350,0.974,-8.636,19.302,286.685,Yaw
-1.778,-0.601,1.092,8.837,-17.404,286.685,Yaw
-0.310,-0.540,1.158,-6.510,-6.729,203.018,Yaw
0.232,0.097,0.936,-44.091,-7.709,227.675,Yaw
-0.044,0.299,0.856,13.134,-3.544,244.247,Yaw
-0.860,0.207,0.970,14.105,-13.090,-20.772,Yaw
-1.047,0.309,1.037,14.376,-4.751,-271.014,Yaw
-0.862,0.623,1.258,8.094,18.804,-286.685,Yaw
0.849,0.352,1.277,-43.838,37.389,-286.685,Yaw
0.749,0.959,0.929,59.229,2.371,-286.685,Yaw
0.165,1.163,0.492,98.499,-15.006,-286.685,Yaw
0.201,0.147,1.282,-10.028,-15.549,-282.188,Yaw
0.773,-0.400,0.939,-28.079,18.156,-76.265,Yaw
0.301,0.094,0.981,-8.243,-3.517,1.365,Yaw
0.918,0.502,0.908,30.677,-18.244,139.913,Yaw
0.854,0.494,0.980,24.850,7.875,286.685,Yaw
-0.452,0.714,1.019,-26.801,47.959,286.685,Yaw
-0.988,0.018,0.674,-44.214,4.673,286.685,Yaw
-0.683,-0.204,0.955,25.970,-25.760,286.685,Yaw
-0.033,-0.513,0.981,-10.150,-12.460,286.685,Yaw
0.009,0.043,0.973,-35.315,-12.057,286.685,Yaw
-0.125,0.464,0.856,1.339,-8.453,139.003,Yaw
-0.731,0.542,1.039,2.975,-11.953,-34.283,Yaw
-0.490,-0.027,1.131,13.606,3.596,-285.793,Yaw
-0.542,0.453,1.174,-3.124,34.641,-286.685,Yaw
-0.320,0.445,1.045,-26.075,64.103,-286.685,Yaw
-0.275,0.714,0.601,100.616,-35.315,-286.685,Yaw
1.092,0.835,1.082,18.559,15.470,-286.685,Yaw
1.106,0.508,1.154,-46.979,39.200,-233.503,Yaw
0.336,0.405,1.200,-15.689,6.615,-53.331,Yaw
0.052,0.339,0.929,-5.722,-9.126,-112.473,Yaw
0.323,0.292,1.149,39.191,-24.824,86.590,Yaw
0.649,0.294,1.011,35.438,-7.332,286.685,Yaw
0.759,0.348,1.028,34.204,6.073,286.685,Yaw
-0.114,0.360,1.060,-55.982,58.362,286.685,Yaw
-1.080,0.139,0.828,-22.942,-43.286,286.685,Yaw
-0.453,0.165,1.201,26.145,-24.622,286.685,Yaw
-0.418,-0.382,1.156,16.573,-15.916,286.685,Yaw
-0.227,-0.222,1.019,-25.218,-11.288,264.198,Yaw
-0.297,0.316,0.901,-7.858,2.188,175.735,Yaw
-0.664,0.361,0.997,-7.884,-10.010,-169.488,Yaw
-0.872,0.484,0.961,4.909,12.390,-286.685,Yaw
-0.486,0.447,1.224,16.642,37.380,-286.685,Yaw
0.509,0.767,1.004,-35.219,35.000,-286.685,Yaw
0.938,1.334,0.681,39.428,5.556,-286.685,Yaw
0.918,0.537,1.050,37.669,9.135,-286.685,Yaw
0.518,0.241,0.922,23.345,-8.120,-286.685,Yaw
0.459,-0.445,1.086,24.124,-7.945,-194.381,Yaw
0.328,0.070,0.990,28.577,-12.801,194.180,Yaw
0.968,0.473,1.037,-9.432,1.199,286.685,Yaw
0.471,0.752,1.077,-11.156,24.894,286.685,Yaw
-0.436,0.491,0.852,-17.736,9.257,286.685,Yaw
-0.557,0.527,1.055,16.739,-13.177,286.685,Yaw
-0.642,-0.234,1.027,-15.523,-16.004,286.685,Yaw
-0.807,-0.624,1.077,-18.139,-18.200,279.729,Yaw
-0.307,0.268,0.922,-24.272,-11.025,186.734,Yaw
-0.202,0.279,0.892,6.633,-10.605,146.878,Yaw
-0.516,0.041,1.105,24.868,-4.358,-8.837,Yaw
-0.796,0.195,0.964,15.619,11.200,-259.980,Yaw
-0.267,0.065,1.202,0.123,22.347,-286.685,Yaw
0.701,-0.276,1.189,-44.494,40.416,-286.685,Yaw
-0.295,0.686,0.830,-8.365,21.647,-286.685,Yaw
0.009,1.122,0.704,171.894,-100.188,-286.685,Yaw
0.440,0.114,1.158,-14.831,-4.550,-267.619,Yaw
0.013,-0.231,0.986,-112.717,5.512,-20.913,Yaw
0.854,0.416,0.968,-34.676,24.062,-43.890,Yaw
0.520,0.236,0.786,-17.841,0.350,38.491,Yaw
0.206,0.234,1.118,57.479,-37.502,192.544,Yaw
0.581,0.633,1.064,28.455,4.182,286.650,Yaw
0.096,0.183,1.122,44.048,4.742,286.685,Yaw
-0.194,0.353,1.071,-13.142,50.732,286.685,Yaw
-0.887,0.480,0.964,-45.806,20.300,286.685,Yaw
-0.908,0.048,1.046,24.946,-21.236,286.685,Yaw
-0.119,-0.669,1.126,12.049,7.963,269.920,Yaw
0.271,-0.095,1.060,-45.369,-11.436,172.996,Yaw
0.017,0.153,0.881,-15.986,-11.419,114.450,Yaw
-0.009,0.275,1.073,-5.250,-14.070,13.151,Yaw
-0.975,0.346,0.949,6.554,8.925,-252.402,Yaw
-0.356,0.337,1.162,26.224,26.757,-286.685,Yaw
0.313,0.219,1.202,18.699,28.472,-286.685,Yaw
0.498,0.081,0.864,31.771,-42.306,-286.685,Yaw
-0.107,0.290,1.044,53.007,-47.819,-286.685,Yaw
0.285,0.444,0.957,22.750,-32.357,-286.685,Yaw
0.259,0.495,0.936,-48.169,-20.597,-286.685,Yaw
0.222,0.352,1.048,-4.016,1.339,-243.303,Yaw
0.242,0.230,0.976,-41.274,1.435,31.439,Yaw
0.051,-0.167,1.176,6.764,4.900,219.398,Yaw
0.517,-0.034,0.967,9.231,3.098,158.952,Yaw
0.719,0.325,1.109,18.104,-4.839,286.659,Yaw
0.002,0.451,1.035,0.770,28.184,286.685,Yaw
-0.533,0.404,1.066,-113.251,78.041,286.685,Yaw
-0.733,0.141,0.430,3.360,-36.873,286.685,Yaw
-0.288,-0.883,1.182,17.246,-19.495,286.685,Yaw
-0.112,-0.062,1.035,-28.201,-20.116,286.221,Yaw
-0.016,0.236,0.908,4.060,-11.533,286.685,Yaw
-0.292,0.173,0.981,27.667,0.700,263.288,Yaw
-0.809,0.180,1.072,3.378,-7.420,-45.500,Yaw
-0.892,0.450,1.000,-1.724,7.245,-286.685,Yaw
-0.188,0.225,1.197,8.146,25.183,-286.685,Yaw
0.368,0.691,1.251,-49.324,37.765,-286.685,Yaw
0.638,0.527,0.683,-27.169,46.812,-286.685,Yaw
0.257,0.697,0.919,91.674,-20.851,-286.685,Yaw
0.399,0.340,1.546,121.021,-76.738,-286.685,Yaw
0.568,-0.307,1.097,38.377,5.399,-271.084,Yaw
0.361,-0.028,0.992,17.176,-9.502,-37.809,Yaw
0.579,0.350,1.009,-11.261,-8.330,198.345,Yaw
0.304,0.322,1.025,-21.455,-10.666,286.685,Yaw
0.362,0.561,0.977,12.163,22.549,286.685,Yaw
0.125,0.630,1.159,-49.035,64.610,286.685,Yaw
-0.457,0.487,0.837,3.351,-56.665,286.685,Yaw
-1.423,0.026,1.049,22.610,-36.015,286.685,Yaw
-0.620,-0.439,0.969,-3.763,-9.056,258.746,Yaw
0.047,0.188,1.048,-5.075,-3.553,131.784,Yaw
0.102,0.119,0.980,-3.736,-14.061,26.959,Yaw
-1.173,0.146,1.022,4.069,-3.911,-88.043,Yaw
-0.385,0.429,0.989,20.151,22.829,-286.685,Yaw
-0.057,0.228,1.183,15.181,16.275,-286.685,Yaw
0.030,0.160,0.943,21.350,-47.451,-286.685,Yaw
0.144,0.459,0.964,6.983,-53.839,-286.685,Yaw
0.565,0.632,0.845,34.947,-21.858,-286.685,Yaw
0.659,0.349,1.033,-4.874,0.123,-233.686,Yaw
0.042,-0.126,1.026,-22.365,-5.801,19.233,Yaw
0.281,0.269,0.960,-35.849,-11.708,226.783,Yaw
0.728,0.442,1.017,25.524,-4.725,286.685,Yaw
0.341,0.709,1.037,17.692,19.714,286.685,Yaw
-0.025,0.745,0.996,-23.608,46.034,286.685,Yaw
-0.987,0.371,0.855,-10.640,-4.900,286.685,Yaw
-1.202,-0.902,1.146,22.855,-10.876,246.872,Yaw
-0.030,-0.408,1.116,-25.979,-6.457,31.763,Yaw
0.038,-0.145,1.151,-55.484,-7.709,52.938,Yaw
-0.881,0.127,0.877,-61.670,2.564,-29.452,Yaw
-1.029,0.405,0.744,-6.729,40.381,-286.685,Yaw
0.236,0.306,1.378,60.638,54.346,-286.685,Yaw
0.196,-0.121,1.313,5.985,36.050,-286.685,Yaw
-0.214,0.299,0.883,28.411,-39.471,-286.685,Yaw
0.119,0.993,0.783,70.516,-31.701,-286.685,Yaw
0.761,0.533,1.098,3.211,-16.319,-242.944,Yaw
0.399,-0.346,1.189,-40.250,14.158,-24.929,Yaw
0.372,0.520,0.972,4.883,-8.654,88.699,Yaw
0.496,0.597,0.972,27.186,4.463,286.685,Yaw
0.555,0.442,1.018,21.192,21.560,286.685,Yaw
-0.006,0.274,1.035,-4.874,34.099,286.685,Yaw
-0.826,0.361,0.968,-45.001,41.160,286.685,Yaw
-0.913,-0.005,1.000,26.136,-23.835,286.685,Yaw
-1.091,-0.714,1.102,19.495,-3.797,249.261,Yaw
-0.027,-0.402,1.126,-19.434,3.185,172.296,Yaw
-0.073,0.262,0.936,-34.195,-8.645,187.408,Yaw
-0.167,0.218,0.979,-4.585,-12.408,28.551,Yaw
-0.747,0.246,0.988,7.088,-5.267,-165.708,Yaw
-0.669,0.177,1.122,19.653,13.256,-286.685,Yaw
0.159,0.359,1.385,-18.375,36.750,-286.685,Yaw
0.504,0.314,0.959,-58.188,51.643,-286.685,Yaw
0.281,0.505,0.628,27.116,33.679,-286.685,Yaw
-0.015,0.520,0.838,103.600,-60.077,-286.685,Yaw
0.324,0.002,0.844,13.939,17.684,-286.685,Yaw
0.831,-0.037,1.080,-15.636,3.535,-116.821,Yaw
0.207,0.183,1.028,-26.653,-7.997,13.169,Yaw
0.401,0.404,1.033,15.365,-13.580,236.705,Yaw
0.468,0.319,1.004,32.506,-9.896,286.685,Yaw
0.333,0.710,1.037,12.346,21.157,286.685,Yaw
-0.106,0.582,1.077,-78.636,75.757,286.685,Yaw
-0.537,0.529,0.857,-15.767,-55.764,286.685,Yaw
-1.657,-0.403,1.344,58.529,-36.155,286.685,Yaw
-0.592,-0.522,1.113,3.299,-1.881,163.126,Yaw
0.149,0.133,0.954,-14.009,-4.358,74.646,Yaw
-0.649,0.396,0.981,9.765,-6.177,-34.493,Yaw
-0.300,-0.122,1.150,32.104,11.410,-286.134,Yaw
-0.292,-0.174,1.190,11.252,23.039,-286.685,Yaw
-0.107,-0.400,1.263,-55.597,37.441,-286.685,Yaw
0.056,0.598,1.071,-73.868,42.647,-286.685,Yaw
-0.243,0.603,1.231,134.601,117.539,-286.685,Yaw
-0.100,0.314,0.678,178.973,-39.016,-286.685,Yaw
0.148,0.425,0.886,123.550,-120.400,-228.060,Yaw
0.589,0.175,1.129,-81.716,0.962,-18.856,Yaw
0.381,0.499,1.164,-29.435,-1.741,179.594,Yaw
0.274,0.278,0.933,-40.434,0.096,286.685,Yaw
0.496,0.202,1.023,34.099,9.056,286.685,Yaw
0.118,0.447,1.145,-18.427,45.929,286.685,Yaw
-0.753,0.512,0.965,-82.915,44.485,286.685,Yaw
-1.096,0.481,0.901,16.275,-41.939,286.685,Yaw
-0.879,-0.754,1.137,42.525,-9.424,286.265,Yaw
0.008,-0.533,1.156,7.630,10.789,132.895,Yaw
0.086,0.144,0.894,-58.450,-25.016,104.624,Yaw
-0.167,0.481,0.904,-17.587,-7.044,1.400,Yaw
-0.762,0.293,0.940,15.400,7.997,-264.075,Yaw
-0.354,-0.272,1.227,2.844,25.847,-286.685,Yaw
-0.296,-0.464,1.254,-70.166,49.700,-286.685,Yaw
-0.044,0.505,0.821,-54.399,42.403,-286.685,Yaw
-0.169,1.031,0.628,142.695,32.139,-286.685,Yaw
0.280,0.922,0.810,142.012,-129.509,-286.685,Yaw
0.712,0.284,1.345,-12.057,0.674,-113.645,Yaw
0.212,0.048,1.028,-105.061,-0.438,-25.996,Yaw
0.706,0.510,1.015,-16.327,3.938,124.723,Yaw
0.529,0.646,0.951,56.000,-23.397,286.685,Yaw
0.288,0.482,1.073,46.743,3.115,286.685,Yaw
-0.122,0.730,1.114,-37.870,67.235,286.685,Yaw
-0.982,0.348,0.600,-36.601,-15.514,286.685,Yaw
-1.797,-0.663,0.966,30.013,-22.085,286.685,Yaw
-0.127,-0.756,1.064,2.940,-12.040,224.324,Yaw
0.005,-0.089,1.113,-22.890,0.018,144.602,Yaw
-0.102,0.345,0.808,0.586,12.154,155.339,Yaw
-0.271,0.018,1.056,18.909,-3.640,3.027,Yaw
-0.249,-0.144,1.089,-8.417,-12.696,-203.219,Yaw
-0.409,0.099,1.085,-28.726,5.740,-286.685,Yaw
-0.006,0.104,1.191,-45.955,48.825,-286.685,Yaw
0.516,0.037,1.133,-99.960,59.833,-286.685,Yaw
0.125,0.292,0.662,-16.153,30.660,-286.685,Yaw
-0.444,0.478,0.780,161.840,72.126,-286.685,Yaw
0.521,0.219,1.346,135.188,-183.610,-286.685,Yaw
0.791,-0.161,1.102,-22.671,3.701,-173.364,Yaw
0.344,-0.057,1.053,-4.952,1.251,-56.621,Yaw
0.297,0.011,1.028,22.347,0.858,21.333,Yaw
0.635,0.045,0.932,-5.793,-0.359,242.462,Yaw
0.585,0.085,1.108,0.709,30.056,286.685,Yaw
-0.096,0.504,1.041,-54.215,61.338,286.685,Yaw
-0.588,0.029,0.849,-34.318,-10.509,286.685,Yaw
0.381,0.111,0.876,-19.022,-33.749,286.685,Yaw
0.245,0.004,0.793,47.425,-33.504,286.685,Yaw
-0.405,-0.720,1.314,13.361,-18.979,272.851,Yaw
-0.394,0.202,0.919,-29.094,-10.395,134.811,Yaw
-0.178,0.023,1.029,-0.577,-9.319,-0.114,Yaw
-1.087,0.132,1.002,11.708,5.329,-234.885,Yaw
-0.252,0.175,1.161,24.465,24.596,-286.685,Yaw
0.204,0.348,1.169,-22.111,34.265,-286.685,Yaw
0.431,0.084,0.948,-8.330,19.775,-286.685,Yaw
-0.131,0.267,0.756,78.190,-56.507,-286.685,Yaw
0.337,0.296,1.198,118.283,-16.170,-286.685,Yaw
0.568,0.216,0.932,-15.654,-14.175,-153.414,Yaw
0.070,0.249,0.965,-76.335,-6.738,25.847,Yaw
0.906,0.219,1.102,-47.346,27.983,134.111,Yaw
0.638,0.634,1.092,-19.933,20.790,286.685,Yaw
0.151,0.451,0.858,-92.103,55.213,286.685,Yaw
-0.378,0.522,0.942,19.399,-45.780,286.685,Yaw
-1.511,0.001,1.291,68.880,-41.370,286.685,Yaw
-0.624,-0.760,1.156,4.874,-7.779,242.637,Yaw
-0.025,0.018,1.032,-45.019,-8.251,209.598,Yaw
0.033,0.245,0.856,-2.791,-5.565,200.410,Yaw
-0.263,0.174,0.984,25.042,-5.443,78.470,Yaw
-0.952,0.194,1.070,13.930,-0.157,-281.750,Yaw
-0.171,0.435,1.294,6.694,17.972,-286.685,Yaw
0.513,0.706,1.218,-56.035,34.589,-286.685,Yaw
0.639,0.651,0.912,-45.911,33.110,-286.685,Yaw
0.428,0.762,0.902,84.787,-1.759,-286.685,Yaw
0.372,-0.127,1.445,186.970,-99.575,-286.685,Yaw
0.298,-0.381,1.084,67.725,4.244,-91.228,Yaw
0.337,-0.151,1.011,-25.638,7.875,91.560,Yaw
0.802,0.307,0.934,-67.515,6.878,286.685,Yaw
0.798,0.488,1.095,-14.761,27.493,286.685,Yaw
0.305,0.651,1.085,-67.690,64.120,286.685,Yaw
-0.031,0.632,1.255,-48.493,-47.889,286.685,Yaw
-0.725,0.644,0.775,59.631,-61.845,286.685,Yaw
-1.078,-0.458,1.036,7.227,-12.784,286.668,Yaw
-0.429,0.008,1.006,-3.168,1.173,223.256,Yaw
0.071,0.174,0.967,-0.026,-3.045,122.054,Yaw
-0.345,0.087,1.066,-4.690,-15.129,-24.246,Yaw
-0.779,0.247,0.962,-14.682,-0.534,-284.217,Yaw
-0.455,0.772,0.929,7.438,22.514,-286.685,Yaw
0.439,0.460,1.211,10.395,37.643,-286.685,Yaw
0.605,0.208,1.011,-18.786,27.711,-286.685,Yaw
0.292,0.335,0.932,3.658,19.355,-286.685,Yaw
0.509,0.608,0.806,92.838,-53.226,-286.685,Yaw
0.506,0.045,1.003,9.879,-10.413,-286.685,Yaw
0.431,-0.212,1.017,49.787,-1.435,-82.967,Yaw
0.282,-0.064,0.978,13.160,5.819,260.610,Yaw
0.717,0.026,0.951,-47.792,10.920,286.685,Yaw
0.369,0.271,1.389,-25.244,41.685,286.685,Yaw
-0.024,0.623,1.119,-93.074,-19.031,286.685,Yaw
-0.524,0.450,0.844,-55.746,-73.159,286.685,Yaw
-0.902,-0.055,1.001,35.542,-43.680,286.685,Yaw
-0.339,-0.108,1.101,6.037,-11.288,172.060,Yaw
-0.193,0.080,1.032,-12.696,-6.387,-8.304,Yaw
-0.898,0.213,1.088,-16.292,4.489,-124.092,Yaw
-0.292,0.348,0.861,-1.549,38.605,-286.685,Yaw
-0.134,0.521,1.207,56.149,52.159,-286.685,Yaw
0.559,0.244,1.078,21.420,16.231,-286.685,Yaw
0.251,0.412,0.901,47.206,-30.450,-286.685,Yaw
0.813,0.618,1.238,54.162,-48.939,-286.685,Yaw
0.817,-0.072,0.981,21.420,-8.024,-230.256,Yaw
0.242,-0.390,0.955,-61.075,-8.540,85.838,Yaw
0.832,0.064,1.419,-45.833,33.399,284.944,Yaw
0.896,0.860,0.900,-99.986,10.369,286.685,Yaw
-0.011,1.170,0.697,-32.279,-68.338,286.685,Yaw
-0.372,0.796,0.939,93.966,-61.268,286.685,Yaw
-1.220,-0.724,1.197,27.466,-25.191,286.685,Yaw
-0.738,-0.337,1.079,-61.057,-20.169,237.764,Yaw
0.080,0.519,0.848,-79.765,-7.420,212.747,Yaw
0.126,0.405,0.569,-4.996,-12.355,171.780,Yaw
-0.274,-0.224,1.215,76.808,-11.734,33.224,Yaw
-0.975,0.010,1.059,7.656,6.755,-246.400,Yaw
-0.096,0.733,1.172,18.646,32.498,-286.685,Yaw
0.782,0.616,1.154,17.544,36.286,-286.685,Yaw
0.445,0.320,1.082,24.343,10.106,-286.685,Yaw
0.142,0.319,0.942,63.621,-56.061,-286.685,Yaw
0.778,0.335,0.962,15.986,-9.380,-286.685,Yaw
1.001,0.023,0.875,106.277,-21.962,-286.685,Yaw
0.233,-0.193,1.040,73.544,-17.334,-130.156,Yaw
0.152,0.066,0.964,-33.609,4.008,148.908,Yaw
0.531,0.109,0.908,-112.997,12.583,286.685,Yaw
0.571,0.164,1.267,-90.878,60.690,286.685,Yaw
0.490,0.413,0.877,-118.676,46.751,286.685,Yaw
-0.246,1.055,0.951,-8.426,-69.440,286.685,Yaw
-0.888,-0.120,1.258,48.799,-34.930,286.685,Yaw
-1.187,-0.344,1.038,16.135,-14.980,283.902,Yaw
-0.171,0.060,1.036,-2.082,1.225,110.145,Yaw
0.001,0.176,1.007,4.480,-1.111,78.426,Yaw
-0.390,0.031,1.069,-10.342,-5.556,-160.624,Yaw
-0.535,0.248,0.950,-14.315,5.110,-286.685,Yaw
0.120,0.145,1.223,4.471,29.855,-286.685,Yaw
0.156,0.545,1.025,-30.879,44.905,-286.685,Yaw
0.042,0.264,0.936,-13.685,37.380,-286.685,Yaw
0.441,0.409,0.813,40.443,12.040,-286.685,Yaw
0.740,0.329,1.415,106.400,-77.761,-286.685,Yaw
0.120,-0.376,0.975,29.969,-7.315,-76.020,Yaw
0.577,0.020,0.932,3.465,-3.920,91.849,Yaw
0.798,0.691,1.130,-5.827,29.628,286.685,Yaw
0.374,0.825,0.918,-40.399,37.791,286.685,Yaw
-0.012,0.508,0.832,-29.960,1.584,286.685,Yaw
-0.850,0.010,1.161,31.999,-32.734,286.685,Yaw
-1.143,-0.389,1.048,-8.146,-15.557,286.685,Yaw
-0.250,0.242,0.898,-10.159,-4.769,210.000,Yaw
0.010,0.095,1.069,17.841,-2.730,160.431,Yaw
0.183,-0.159,1.114,-0.805,-9.380,74.629,Yaw
-0.928,0.012,0.981,-14.752,-1.872,-113.566,Yaw
-0.476,0.392,0.909,-1.374,20.230,-286.685,Yaw
-0.298,0.586,1.253,33.644,20.825,-286.685,Yaw
0.223,0.573,0.971,43.951,-37.397,-286.685,Yaw
0.217,0.398,1.076,13.300,-41.335,-286.685,Yaw
0.534,0.751,1.061,-30.013,-5.766,-286.685,Yaw
0.638,0.499,0.809,-20.755,12.539,-286.685,Yaw
0.665,-0.255,1.079,25.699,-0.534,-185.115,Yaw
0.404,-0.022,0.976,43.645,-13.151,48.116,Yaw
0.380,0.346,0.980,-39.979,-5.617,286.685,Yaw
0.758,0.551,1.536,-32.200,61.670,286.685,Yaw
0.281,0.487,0.807,-126.595,39.191,286.685,Yaw
-0.120,0.829,0.799,-1.330,-80.098,286.685,Yaw
-1.552,-0.171,1.262,62.370,-38.106,286.685,Yaw
-0.819,-0.469,1.198,17.631,-6.029,264.267,Yaw
-0.071,-0.046,1.011,-23.100,-3.010,38.316,Yaw
-0.135,0.271,1.012,-14.613,-2.494,-1.374,Yaw
-0.780,0.061,0.908,-21.403,9.494,-268.336,Yaw
-0.514,0.024,1.054,4.760,38.089,-286.685,Yaw
-0.031,0.181,1.008,-15.269,49.717,-286.685,Yaw
-0.104,0.511,1.051,-5.836,38.080,-286.685,Yaw
-0.089,0.600,0.945,68.014,-26.862,-286.685,Yaw
0.454,0.801,1.132,120.374,-82.285,-286.685,Yaw
0.934,0.420,1.102,65.905,-9.730,-239.724,Yaw
0.425,-0.023,0.955,51.135,-6.265,-25.917,Yaw
0.106,0.026,0.956,-23.625,16.275,272.519,Yaw
0.620,0.523,0.936,-69.974,28.420,286.685,Yaw
0.296,0.469,1.204,-107.817,112.866,286.685,Yaw
-0.266,0.586,1.125,-24.622,-55.667,286.685,Yaw
-1.136,0.336,0.823,20.781,-49.884,286.685,Yaw
-0.723,-0.375,1.155,39.576,-20.711,286.685,Yaw
-0.186,0.023,1.032,5.233,-3.106,240.975,Yaw
-0.025,0.076,1.024,0.752,-7.420,131.408,Yaw
0.151,-0.019,1.063,-6.335,-15.269,-13.055,Yaw
-0.895,-0.063,1.009,-9.319,2.214,-236.924,Yaw
-0.513,0.387,0.899,4.489,38.833,-286.685,Yaw
0.008,0.611,1.225,14.245,32.445,-286.685,Yaw
0.672,0.491,0.955,8.146,1.496,-286.685,Yaw
0.167,0.502,1.054,35.315,-31.106,-286.685,Yaw
0.622,0.311,1.028,101.692,-35.219,-286.685,Yaw
0.422,0.141,0.943,77.018,-22.067,-266.665,Yaw
0.311,-0.049,0.993,65.319,-16.214,-123.690,Yaw
0.281,0.143,0.978,-40.276,4.891,126.893,Yaw
0.413,0.365,1.032,-81.183,26.845,286.685,Yaw
0.778,0.457,1.196,-21.569,58.467,286.685,Yaw
0.074,0.787,1.166,-39.340,45.421,286.685,Yaw
-0.539,0.340,0.739,-17.299,-52.798,286.685,Yaw
-1.066,-0.247,1.023,11.445,-23.319,286.685,Yaw
-0.589,-0.436,1.010,-19.705,-13.011,195.991,Yaw
-0.031,0.038,0.986,-34.414,-11.882,74.279,Yaw
0.012,0.104,1.032,-17.587,-2.678,-21.166,Yaw
-0.990,-0.020,0.861,-6.247,11.445,-215.154,Yaw
-0.577,-0.025,1.092,10.535,45.141,-286.685,Yaw
0.119,0.013,1.164,-18.025,55.519,-286.685,Yaw
0.005,0.532,0.947,-3.456,49.359,-286.685,Yaw
0.128,0.309,1.026,129.780,-9.721,-286.685,Yaw
0.382,0.343,1.112,155.383,-93.546,-286.685,Yaw
0.623,0.460,1.031,50.068,-23.222,-212.590,Yaw
0.265,0.122,0.912,-10.727,0.420,92.461,Yaw
0.317,0.319,0.924,-99.444,18.655,286.685,Yaw
0.765,0.369,1.383,-41.956,79.730,286.685,Yaw
0.287,0.752,0.972,-70.219,26.233,286.685,Yaw
-0.947,0.602,1.228,56.018,-49.245,286.685,Yaw
-1.155,-0.594,1.021,34.037,-1.671,286.685,Yaw
-0.336,-0.358,1.085,31.675,18.506,209.309,Yaw
-0.061,0.094,1.018,11.506,13.965,105.840,Yaw
0.034,0.119,0.953,-2.223,-3.430,57.181,Yaw
-0.647,-0.024,1.034,-15.514,-28.096,-108.439,Yaw
-0.523,-0.038,0.910,-41.501,-39.042,-285.276,Yaw
-0.546,0.165,1.147,-10.517,15.181,-286.685,Yaw
0.155,0.286,1.147,-63.026,42.070,-286.685,Yaw
0.121,0.717,0.967,-50.365,48.081,-286.685,Yaw
0.106,0.390,0.707,44.476,92.785,-286.685,Yaw
0.379,0.455,0.802,137.165,-44.695,-286.685,Yaw
0.588,0.170,1.506,83.230,-86.179,-142.712,Yaw
0.466,-0.094,1.010,-44.039,-0.376,112.849,Yaw
0.506,0.029,1.092,-44.844,4.602,273.280,Yaw
0.594,0.574,1.040,11.156,9.257,286.685,Yaw
0.198,0.780,0.959,-0.849,25.305,286.685,Yaw
-0.349,0.663,0.941,-25.156,27.344,286.685,Yaw
-0.947,-0.013,1.048,1.531,-12.241,286.685,Yaw
-0.841,-0.468,0.982,19.924,0.980,286.300,Yaw
-0.019,0.103,1.107,-14.193,-1.619,165.515,Yaw
0.111,0.073,0.969,-16.415,-10.045,94.264,Yaw
-0.071,0.057,1.050,-8.706,-11.751,3.176,Yaw
-0.738,0.084,0.964,-10.019,0.507,-274.978,Yaw
-0.594,0.361,1.204,7.403,32.856,-286.685,Yaw
0.017,0.202,1.043,-19.714,40.268,-286.685,Yaw
0.185,0.203,0.978,-8.295,20.808,-286.685,Yaw
0.282,0.751,0.763,11.305,1.925,-286.685,Yaw
0.468,0.577,1.253,74.340,-50.724,-286.685,Yaw
0.831,0.217,1.073,-1.356,-0.779,-160.536,Yaw
0.378,0.052,0.993,-7.814,4.051,35.018,Yaw
0.739,0.352,1.054,15.899,-0.087,286.492,Yaw
0.460,0.936,0.962,-6.641,25.629,286.685,Yaw
0.087,1.018,0.879,-19.705,21.875,286.685,Yaw
-0.493,0.571,0.977,17.334,11.996,286.685,Yaw
-1.795,-0.861,1.137,27.081,3.727,286.685,Yaw
-0.332,-0.200,1.077,-2.354,13.974,159.434,Yaw
0.001,0.282,1.058,-33.714,0.788,172.699,Yaw
-0.121,0.293,0.932,18.410,16.844,241.281,Yaw
-0.172,-0.077,1.027,16.931,9.590,152.889,Yaw
-0.513,0.089,1.045,-20.256,-19.469,-138.792,Yaw
-0.416,0.171,0.877,-75.679,-52.264,-286.212,Yaw
-0.193,0.695,1.141,12.784,21.079,-286.685,Yaw
0.555,0.108,1.202,14.507,29.243,-286.685,Yaw
0.299,0.195,1.050,-34.632,27.983,-286.685,Yaw
0.117,0.354,1.029,-36.129,38.071,-286.685,Yaw
0.306,0.229,0.886,67.952,-15.208,-286.685,Yaw
0.569,0.115,1.456,146.309,-84.122,-284.515,Yaw
0.588,-0.277,1.073,32.812,-7.560,-62.353,Yaw
0.502,0.102,0.986,0.665,-10.666,69.011,Yaw
0.639,0.195,0.931,-43.864,-5.477,286.685,Yaw
0.402,0.604,1.464,-29.356,70.000,286.685,Yaw
0.040,0.649,0.879,-71.356,12.705,286.685,Yaw
-0.298,0.591,0.921,1.444,-48.204,286.685,Yaw
-1.093,-0.174,1.219,37.555,-26.259,286.685,Yaw
-0.543,-0.215,1.058,-0.315,-5.661,244.746,Yaw
-0.201,-0.051,1.045,-10.264,-6.247,88.681,Yaw
-0.051,0.131,0.960,-13.974,-5.670,13.956,Yaw
-0.625,0.016,0.944,12.486,4.401,-260.549,Yaw
-0.305,0.337,1.158,15.943,23.257,-286.685,Yaw
0.107,0.149,1.396,-6.860,30.091,-286.685,Yaw
0.162,0.137,0.925,-48.405,27.265,-286.685,Yaw
0.182,0.463,0.820,19.819,38.815,-286.685,Yaw
0.433,0.405,0.775,68.967,-87.596,-284.716,Yaw
0.723,-0.070,1.344,57.479,-23.109,-130.585,Yaw
0.843,0.392,0.971,-21.744,8.759,52.868,Yaw
0.564,0.712,1.047,6.256,-3.369,286.685,Yaw
0.099,0.751,0.900,-38.264,28.105,286.685,Yaw
-0.266,0.694,0.999,5.390,-6.554,286.685,Yaw
-1.258,-0.297,1.141,28.997,-26.565,286.685,Yaw
-0.863,-0.354,1.053,34.939,20.475,278.871,Yaw
-0.220,0.089,1.045,-12.294,-0.595,159.941,Yaw
-0.061,0.079,1.004,-20.501,-11.594,122.456,Yaw
-0.171,-0.008,1.120,-25.489,-19.145,0.131,Yaw
-0.679,0.131,0.979,-19.950,-1.741,-277.865,Yaw
-0.514,0.163,0.969,5.469,28.096,-286.685,Yaw
-0.231,0.582,1.145,1.750,30.712,-286.685,Yaw
0.125,0.346,1.071,-18.349,26.337,-286.685,Yaw
0.419,0.661,0.688,59.019,-45.972,-286.685,Yaw
0.680,0.696,1.255,109.340,0.507,-286.685,Yaw
0.674,0.028,1.032,19.084,-8.479,-186.051,Yaw
0.295,0.135,0.934,7.499,-2.074,51.056,Yaw
0.763,0.663,0.985,-64.768,20.930,286.685,Yaw
0.689,0.904,1.182,-10.964,42.000,286.685,Yaw
-0.100,0.777,0.959,-39.270,19.688,286.685,Yaw
-0.993,-0.071,1.174,24.264,-27.702,286.685,Yaw
-1.384,-0.453,0.994,1.960,-11.086,286.475,Yaw
-0.546,-0.083,1.052,-4.008,-8.050,179.751,Yaw
-0.141,0.046,0.971,-16.555,-6.843,86.327,Yaw
-0.689,-0.122,1.009,-14.280,0.333,-123.384,Yaw
-0.757,0.092,0.986,-13.694,20.108,-286.685,Yaw
-0.860,0.281,1.060,0.219,33.373,-286.685,Yaw
-0.146,0.489,1.230,-18.970,40.950,-286.685,Yaw
0.608,0.781,0.730,-26.189,24.544,-286.685,Yaw
0.608,0.710,0.881,77.096,-40.425,-286.685,Yaw
0.527,0.534,1.275,86.450,-54.836,-256.909,Yaw
0.310,0.207,1.083,-8.767,0.892,-79.109,Yaw
0.578,0.503,0.955,-15.068,15.295,82.250,Yaw
0.707,1.100,0.971,-1.523,26.084,286.685,Yaw
0.391,1.268,0.950,-5.504,37.765,286.685,Yaw
-0.641,0.521,1.005,25.366,-3.640,286.685,Yaw
-1.966,-0.784,1.007,20.440,-12.530,286.685,Yaw
-1.938,-0.843,0.603,5.548,52.316,104.020,Yaw
-0.264,-0.307,1.142,-7.621,4.935,28.420,Yaw
-0.675,-0.333,1.006,-4.384,-7.254,19.731,Yaw
-0.040,-0.121,0.942,0.805,-1.628,8.400,Yaw
-0.117,-0.146,1.011,2.835,-3.281,13.851,Yaw
0.050,-0.166,0.942,1.855,-5.259,4.856,Yaw
0.062,0.080,1.166,-0.910,-3.351,-10.097,Yaw
-0.156,0.246,0.894,6.064,1.977,-91.228,Yaw
0.103,0.358,1.080,5.932,5.722,-121.949,Yaw
0.460,0.704,0.882,7.718,5.626,-274.260,Yaw
0.051,-0.546,1.172,49.429,-22.584,-210.061,Yaw
-0.180,-0.486,1.010,-3.185,1.251,-40.775,Yaw
0.072,-0.312,1.014,5.906,-5.924,3.666,Yaw
0.059,0.094,0.998,10.824,1.347,49.350,Yaw
0.150,0.274,0.999,29.208,-2.678,-29.103,Yaw
-0.219,0.219,0.940,-37.371,1.487,27.458,Yaw
-0.128,-0.082,1.187,-69.527,12.635,68.609,Yaw
0.157,-0.214,0.966,-21.017,12.381,21.114,Yaw
-0.097,-0.378,1.246,-1.505,-2.135,24.491,Yaw
0.054,-0.299,0.729,-7.849,-8.977,87.902,Yaw
0.279,0.173,0.995,-13.913,1.339,80.089,Yaw
0.201,0.156,1.116,21.569,-17.833,148.400,Yaw
-0.432,-0.022,1.235,22.103,-5.932,137.130,Yaw
-0.106,-0.168,1.161,11.874,-1.969,56.752,Yaw
-0.057,0.147,1.139,34.283,16.039,10.658,Yaw
0.169,-0.079,1.233,27.632,-44.091,-31.028,Yaw
0.042,-0.337,1.295,9.914,-114.118,-46.174,Yaw
-0.288,-0.369,1.167,-27.221,-153.913,-32.708,Yaw
-0.766,-0.349,0.735,-61.862,-120.181,-94.859,Yaw
-0.563,-0.103,0.662,-31.517,23.205,-193.296,Yaw
-0.284,-0.015,0.783,-4.349,86.774,-209.405,Yaw
-0.396,0.029,0.994,-34.807,60.104,-212.503,Yaw
-0.247,0.108,0.986,-52.535,74.270,-277.760,Yaw
1.874,0.682,0.840,-20.589,158.681,-263.681,Yaw
0.493,0.356,1.167,-26.495,-47.889,129.841,Yaw
0.433,0.221,1.193,-12.600,-28.936,261.599,Yaw
0.268,0.162,1.090,-0.752,6.545,250.574,Yaw
-0.165,0.078,1.063,7.613,-11.708,188.169,Yaw
0.133,0.057,1.054,5.530,-9.310,149.599,Yaw
0.169,0.107,1.024,10.535,-10.342,240.030,Yaw
-0.152,-0.033,1.025,22.129,-2.406,255.666,Yaw
-0.809,-0.222,1.032,13.519,1.689,86.030,Yaw
-0.338,0.096,0.889,-15.820,-22.628,-60.638,Yaw
-0.450,-0.288,1.083,10.395,-5.626,-266.332,Yaw
-0.525,0.113,1.023,-2.678,10.413,-286.685,Yaw
-0.284,0.270,1.165,-3.789,19.425,-286.685,Yaw
0.250,0.196,0.920,-4.585,-4.795,-286.685,Yaw
0.384,0.409,1.005,5.591,-12.119,-286.685,Yaw
0.748,0.576,0.918,44.774,-46.322,-276.491,Yaw
0.380,0.138,1.076,16.485,-16.826,-118.580,Yaw
0.399,0.288,1.010,8.172,2.301,159.574,Yaw
0.410,0.394,1.058,7.210,16.914,286.221,Yaw
0.132,0.759,0.954,-1.741,27.545,286.685,Yaw
-0.359,0.273,1.068,-2.634,24.684,286.685,Yaw
-1.785,-0.297,0.992,63.289,22.032,286.685,Yaw
-0.602,-0.531,1.136,74.366,11.909,269.631,Yaw
-0.345,0.154,1.003,-4.218,22.286,146.090,Yaw
-0.172,0.179,0.942,-34.536,10.684,72.914,Yaw
-0.317,0.078,1.101,-63.333,-25.253,-152.635,Yaw
-0.069,-0.052,1.227,-72.520,-58.870,-286.501,Yaw
-0.487,0.145,1.119,-29.146,20.379,-286.685,Yaw
0.148,0.755,1.092,-53.042,48.930,-286.685,Yaw
0.586,0.791,0.671,-4.673,35.621,-286.685,Yaw
0.537,0.723,0.808,87.596,-6.318,-286.685,Yaw
0.476,0.301,1.293,106.802,-78.400,-275.301,Yaw
0.454,-0.108,0.907,-8.365,2.310,0.018,Yaw
0.864,0.325,1.065,-3.614,23.109,286.685,Yaw
0.390,0.898,1.081,-13.615,32.891,286.685,Yaw
-0.251,0.709,0.798,-39.987,40.171,286.685,Yaw
-1.215,-0.352,1.155,12.163,-17.378,286.685,Yaw
-1.834,-0.645,0.889,-1.330,-5.801,286.685,Yaw
-0.444,-0.117,1.033,-4.139,-5.530,225.365,Yaw
-0.078,0.157,0.978,-14.823,-2.590,179.865,Yaw
-0.035,-0.019,1.023,27.589,28.157,126.079,Yaw
-0.251,0.026,1.061,-6.449,-5.863,-114.170,Yaw
-0.714,-0.120,1.119,-17.229,-4.235,-283.902,Yaw
0.087,0.245,1.117,-15.514,28.228,-286.685,Yaw
-0.080,0.726,1.136,-35.691,48.466,-286.685,Yaw
-0.178,0.361,0.891,-14.201,35.691,-286.685,Yaw
0.430,0.614,0.797,105.604,-24.763,-286.685,Yaw
0.348,0.599,1.115,54.329,-61.373,-286.685,Yaw
0.566,0.041,1.004,-34.877,-0.647,-156.021,Yaw
0.225,-0.007,1.009,-13.248,-1.041,-78.461,Yaw
0.547,0.202,1.009,-3.281,4.174,131.626,Yaw
0.637,0.502,1.059,7.989,12.932,286.685,Yaw
0.169,0.809,0.998,-9.118,32.515,286.685,Yaw
-0.160,0.889,1.034,-11.690,28.236,286.685,Yaw
-1.304,-0.065,1.086,14.009,-24.062,286.685,Yaw
-1.378,-0.380,0.994,24.544,-2.861,285.828,Yaw
-0.220,-0.365,0.965,-53.804,-22.794,197.697,Yaw
0.035,0.299,0.908,-19.705,-0.875,191.704,Yaw
0.090,0.112,0.983,16.538,1.321,129.762,Yaw
-0.554,-0.002,1.022,-2.704,-10.517,-114.205,Yaw
-0.690,-0.062,1.061,-15.986,5.617,-286.685,Yaw
-0.178,0.181,1.018,-8.592,28.140,-286.685,Yaw
0.129,0.451,1.166,-32.104,39.077,-286.685,Yaw
-0.036,0.321,0.990,-41.667,48.029,-286.685,Yaw
0.249,0.353,0.721,-11.296,46.095,-286.685,Yaw
0.400,0.323,0.934,99.085,-52.894,-286.685,Yaw
0.653,0.109,1.108,48.046,-30.642,-170.144,Yaw
0.446,0.144,0.976,1.592,-2.371,41.256,Yaw
0.592,0.355,1.003,10.386,2.161,216.151,Yaw
0.551,0.597,0.975,18.638,5.758,286.685,Yaw
0.071,1.039,1.007,-34.414,50.592,286.685,Yaw
-0.730,0.118,1.252,16.651,-22.776,286.685,Yaw
-1.592,-0.500,0.925,-7.446,-28.962,286.685,Yaw
-0.595,-0.174,0.993,-4.497,-11.130,194.696,Yaw
-0.058,0.019,1.020,-13.265,-8.873,155.943,Yaw
-0.306,0.074,0.953,-0.858,-3.281,120.418,Yaw
-0.450,-0.158,1.004,3.342,0.228,-41.554,Yaw
-0.685,-0.115,1.029,-9.852,11.034,-285.661,Yaw
-0.237,-0.001,1.265,-33.171,38.307,-286.685,Yaw
-0.159,0.474,1.248,-90.064,55.956,-286.685,Yaw
0.212,0.515,0.940,-65.118,58.739,-286.685,Yaw
0.108,0.778,0.616,67.655,27.046,-286.685,Yaw
0.658,0.634,1.457,131.854,-43.085,-286.685,Yaw
0.803,0.347,1.101,59.684,-36.732,-211.085,Yaw
0.345,0.092,0.947,0.429,-9.118,-132.020,Yaw
0.140,-0.089,1.005,3.211,11.261,150.378,Yaw
0.625,0.362,1.102,12.101,21.245,286.685,Yaw
0.539,0.780,0.961,4.366,24.885,286.685,Yaw
-0.504,0.821,0.977,-21.507,38.684,286.685,Yaw
-0.957,-0.384,1.100,30.782,-23.345,286.685,Yaw
-1.603,-0.474,0.979,7.910,-13.038,286.685,Yaw
-0.330,-0.251,1.072,6.309,1.006,244.947,Yaw
-0.103,0.080,0.938,-30.196,-13.562,174.134,Yaw
-0.306,-0.050,1.000,-19.696,-10.211,18.882,Yaw
-0.655,-0.100,1.115,-22.986,5.548,-243.617,Yaw
-0.230,-0.220,1.253,-48.659,21.403,-286.685,Yaw
0.288,0.043,1.357,-160.274,55.659,-286.685,Yaw
0.200,0.072,0.801,-174.160,112.560,-286.685,Yaw
0.099,0.315,0.732,64.225,111.475,-286.685,Yaw
-0.091,0.667,0.618,164.920,85.286,-286.685,Yaw
-0.098,0.559,0.626,224.551,17.929,-286.685,Yaw
0.903,-0.052,1.208,25.725,-193.961,-135.616,Yaw
0.796,-0.540,1.558,5.670,0.604,79.144,Yaw
0.490,0.408,1.020,6.379,1.732,175.166,Yaw
0.089,0.772,1.024,29.216,14.193,286.685,Yaw
-0.131,0.774,0.941,6.930,42.438,286.685,Yaw
-0.594,0.122,1.080,16.362,37.537,286.685,Yaw
-1.462,-0.831,1.099,-5.259,23.476,286.685,Yaw
-0.646,-0.259,1.039,-21.884,9.879,286.685,Yaw
0.192,0.073,0.945,-8.663,-31.850,280.000,Yaw
-0.093,-0.304,1.001,-0.289,-24.378,175.630,Yaw
-0.072,-0.169,1.026,-27.265,-8.295,24.124,Yaw
-0.502,-0.427,1.086,-47.600,3.929,-150.719,Yaw
-0.517,0.183,0.941,-91.350,35.000,-286.685,Yaw
-0.655,0.546,0.692,-45.316,72.984,-286.685,Yaw
-0.035,0.586,0.747,63.166,80.168,-286.685,Yaw
0.203,0.170,1.390,50.601,2.179,-286.685,Yaw
0.250,0.726,0.898,-41.134,27.799,-286.685,Yaw
0.413,0.668,0.870,25.051,-21.726,-286.685,Yaw
0.622,0.456,0.971,68.005,-47.705,-264.950,Yaw
0.412,0.069,1.109,41.160,9.774,-91.149,Yaw
0.258,0.196,0.843,-4.454,10.342,256.970,Yaw
0.624,0.465,1.228,-12.915,40.294,286.685,Yaw
0.071,0.721,1.028,-26.688,45.071,286.685,Yaw
-0.575,0.580,0.846,-2.074,8.365,286.685,Yaw
-0.791,-0.465,1.103,9.432,-14.814,286.685,Yaw
-1.599,-0.602,1.059,-35.131,-10.132,286.685,Yaw
-0.638,-0.202,0.908,-41.449,-16.975,163.188,Yaw
-0.061,0.306,0.801,-16.896,-1.636,14.551,Yaw
-0.058,0.141,0.982,8.435,0.254,-150.010,Yaw
-0.524,-0.419,1.177,1.102,13.466,-273.927,Yaw
-0.468,-0.359,1.343,-96.215,45.115,-286.685,Yaw
0.040,0.376,0.804,-127.146,89.950,-286.685,Yaw
-0.445,0.753,0.674,78.960,79.424,-286.685,Yaw
-0.323,0.710,0.516,165.410,57.347,-286.685,Yaw
0.497,0.568,1.250,119.656,-182.569,-286.685,Yaw
0.904,0.285,0.966,-14.849,-1.426,-127.505,Yaw
0.331,0.149,1.017,-6.501,4.620,51.415,Yaw
0.327,0.231,1.062,-0.516,12.355,230.545,Yaw
0.337,0.427,1.121,-9.511,29.575,286.685,Yaw
0.131,0.623,0.978,-39.751,36.636,286.685,Yaw
-0.166,0.752,0.798,-4.270,1.234,286.685,Yaw
-0.623,0.208,1.041,45.220,-16.984,286.685,Yaw
-1.486,-0.695,1.097,16.616,-9.310,286.685,Yaw
-0.882,-0.588,1.082,-7.044,-0.831,284.821,Yaw
-0.453,-0.190,0.946,-29.487,-4.935,213.570,Yaw
0.174,-0.619,0.530,178.736,286.685,-286.685,Shake
-0.809,-0.044,0.798,212.476,286.685,-286.685,Shake
-1.430,-0.297,0.781,144.357,286.676,-286.685,Shake
-1.283,0.159,0.687,58.126,100.056,-114.511,Shake
-0.598,0.295,1.015,-89.294,-180.600,232.785,Shake
-0.215,-0.032,0.979,-180.880,-219.931,286.685,Shake
-0.136,-0.871,0.969,-248.176,-216.431,286.685,Shake
0.640,-1.898,0.761,-198.992,-281.811,286.685,Shake
1.467,-1.011,0.388,-135.984,-237.475,-23.336,Shake
0.741,-1.172,0.548,53.077,107.660,-266.884,Shake
0.131,-0.751,0.535,206.605,285.600,-284.559,Shake
-0.909,-0.058,0.743,240.240,286.685,-286.685,Shake
-1.871,-0.239,0.843,194.425,286.685,-286.685,Shake
-1.357,0.216,0.634,99.391,36.654,-132.501,Shake
-0.470,0.487,1.058,-78.155,-215.688,285.696,Shake
-0.082,-0.070,0.959,-218.137,-242.428,286.685,Shake
-0.653,-1.352,0.700,-247.835,-273.158,286.685,Shake
0.956,-1.822,0.243,-241.106,-286.685,281.636,Shake
1.655,-1.288,0.241,-112.516,-73.885,-173.784,Shake
0.359,-1.206,0.346,219.249,256.436,-286.685,Shake
-0.383,-0.068,0.652,286.685,286.685,-286.685,Shake
-1.246,0.003,0.915,267.733,286.685,-286.685,Shake
-1.999,-0.453,0.671,134.881,284.987,-286.685,Shake
-1.476,0.717,0.979,55.562,-107.573,-69.230,Shake
-0.561,0.303,0.994,-87.902,-245.849,286.545,Shake
-0.124,-0.192,1.027,-150.544,-223.291,286.685,Shake
-0.489,-1.517,0.916,-180.224,-230.414,286.685,Shake
1.925,-1.203,0.914,-273.131,-286.685,284.174,Shake
1.520,-1.770,0.140,-101.596,19.285,-274.654,Shake
-0.204,-0.760,0.285,266.385,286.685,-286.685,Shake
-1.401,0.317,0.559,286.685,286.685,-286.685,Shake
-1.989,-0.374,0.655,245.997,286.685,-286.685,Shake
-1.999,0.170,0.312,42.140,105.324,-281.242,Shake
-0.881,0.891,1.055,-158.235,-281.671,250.521,Shake
-0.216,-0.367,1.060,-229.372,-286.685,286.685,Shake
-1.433,-1.965,0.912,-224.149,-286.685,286.685,Shake
1.336,-1.999,0.138,-283.999,-286.685,204.225,Shake
1.945,-1.856,-0.146,-140.018,-124.766,-276.894,Shake
0.210,-1.230,-0.048,239.365,285.854,-286.685,Shake
-1.983,0.204,0.380,286.685,286.685,-286.685,Shake
-1.999,0.008,0.486,273.744,286.108,-286.685,Shake
-1.720,1.812,1.159,-214.909,-278.443,197.470,Shake
-0.975,-0.290,1.064,-286.685,-286.685,286.685,Shake
-0.290,-1.518,0.895,-253.794,-286.685,286.685,Shake
1.897,-1.972,-0.606,-189.122,-286.685,286.685,Shake
1.959,-1.999,-0.390,108.272,44.118,-281.925,Shake
-0.936,0.234,0.003,286.685,286.685,-286.685,Shake
-1.979,1.043,0.594,286.685,286.685,-286.685,Shake
-1.999,-0.224,-0.042,240.599,202.536,-286.685,Shake
-1.747,1.009,0.254,-272.948,-281.750,87.395,Shake
-0.682,-0.576,1.141,-286.685,-275.573,286.685,Shake
-0.629,-1.377,1.216,-249.716,-241.806,286.685,Shake
1.453,-1.999,0.137,-276.763,-286.685,286.685,Shake
1.999,-1.999,-0.199,-11.524,-104.256,-210.516,Shake
-0.149,-0.851,0.141,286.685,286.685,-286.685,Shake
-1.999,1.203,0.760,286.685,283.850,-286.685,Shake
-1.999,1.115,0.475,-31.334,4.909,-285.679,Shake
-1.999,0.760,0.389,-277.777,-165.393,132.081,Shake
-1.384,-0.883,0.902,-282.581,-286.685,286.685,Shake
0.664,-1.999,0.824,-127.050,-286.685,286.685,Shake
1.999,-1.646,0.166,116.209,-283.815,188.773,Shake
1.949,-1.920,-0.456,116.533,135.695,-286.668,Shake
0.466,-0.627,-0.268,182.796,286.685,-286.685,Shake
-1.999,0.378,-0.153,285.731,286.685,-286.685,Shake
-1.999,0.453,0.472,79.511,191.004,-286.685,Shake
-1.991,0.612,0.672,-286.606,-272.668,261.240,Shake
-0.644,-0.701,1.314,-286.685,-270.480,286.685,Shake
-0.135,-1.999,0.416,-285.451,-286.685,286.685,Shake
1.999,-1.999,-0.754,-182.254,-286.685,286.466,Shake
1.999,-1.999,0.031,100.581,157.386,-284.611,Shake
-0.601,-0.694,0.211,286.685,286.685,-286.685,Shake
-1.999,0.243,0.552,286.685,286.685,-286.685,Shake
-1.999,0.487,0.183,-24.911,25.629,-286.685,Shake
-1.998,0.825,0.609,-257.416,-279.475,-80.430,Shake
-1.106,-0.391,0.464,-146.326,-286.685,286.685,Shake
-0.244,-1.043,0.805,-52.465,-220.570,286.685,Shake
0.406,-1.999,0.755,-134.295,-228.681,286.685,Shake
1.999,-1.002,1.013,-97.781,-135.459,96.215,Shake
1.690,-1.999,0.662,35.385,104.956,-286.685,Shake
0.169,-1.182,0.668,180.197,286.685,-286.685,Shake
-1.747,0.373,0.488,196.070,283.763,-286.685,Shake
-1.999,-0.452,0.536,117.486,114.170,-286.685,Shake
-1.813,0.536,0.354,-156.441,-122.150,-66.902,Shake
-1.343,-0.026,0.452,-206.929,-277.900,261.362,Shake
-0.219,-0.746,0.612,-114.266,-286.685,286.685,Shake
-0.258,-1.961,1.278,-103.460,-275.258,286.685,Shake
1.999,-1.390,-0.255,2.345,-106.024,270.095,Shake
1.573,-1.999,0.088,205.809,284.340,-286.685,Shake
-1.585,-0.841,1.233,286.685,286.685,-286.685,Shake
-1.999,0.161,0.341,286.685,286.160,-286.685,Shake
-1.999,-1.141,-0.087,229.268,145.889,-286.685,Shake
-1.982,0.990,0.604,58.091,-150.964,-126.744,Shake
-1.589,0.401,0.354,-194.967,-281.006,286.668,Shake
-0.294,-0.255,0.593,-174.484,-255.885,286.685,Shake
-0.282,-1.090,1.055,-186.664,-185.150,286.685,Shake
1.764,-1.999,-0.434,-278.950,-283.710,286.685,Shake
1.993,-1.985,0.298,-45.579,5.574,-252.411,Shake
-0.112,-1.405,0.840,251.326,283.736,-286.685,Shake
-0.521,-0.127,0.716,276.360,286.685,-286.685,Shake
-1.975,0.323,0.542,238.402,250.163,-286.685,Shake
-1.999,-0.852,0.328,91.997,106.662,-286.685,Shake
-1.461,0.892,0.650,-45.876,-193.060,8.129,Shake
-0.797,0.163,0.590,-174.554,-279.650,286.685,Shake
0.060,-0.796,0.718,-165.288,-239.015,286.685,Shake
-0.757,-1.999,0.779,-234.264,-250.723,286.685,Shake
1.999,0.425,1.395,-147.061,-194.539,124.232,Shake
0.754,-1.999,0.441,236.609,286.685,-286.685,Shake
-1.999,-0.238,1.072,286.685,286.685,-286.685,Shake
-1.999,-0.395,0.466,286.685,276.596,-286.685,Shake
-1.999,0.090,-0.081,266.175,-85.759,-260.706,Shake
-1.281,0.345,0.367,-24.465,-286.685,283.999,Shake
0.146,-0.899,0.184,-163.327,-286.169,286.685,Shake
-0.740,-1.999,0.691,-209.711,-280.735,286.685,Shake
1.999,-1.644,-1.365,-225.829,-236.460,197.085,Shake
1.999,-1.999,0.244,-69.711,174.878,-284.786,Shake
-0.753,-0.642,1.080,282.362,286.685,-286.685,Shake
-1.998,0.236,0.438,286.685,286.685,-286.685,Shake
-1.999,-1.045,0.570,248.509,80.622,-286.685,Shake
-1.914,1.010,0.768,101.027,-222.364,-49.245,Shake
-0.631,-0.398,0.417,-193.384,-286.685,286.685,Shake
-0.933,-1.681,0.738,-151.646,-286.685,286.685,Shake
1.899,-1.652,-1.402,-37.748,-286.685,286.554,Shake
1.994,-1.999,0.247,-15.943,74.454,-275.389,Shake
0.836,-1.475,0.610,160.458,286.641,-286.685,Shake
-1.138,0.875,0.878,255.929,286.685,-286.685,Shake
-1.999,-0.935,0.536,109.848,226.669,-286.685,Shake
-1.892,0.748,0.563,41.414,-19.250,-213.342,Shake
-1.141,0.124,0.839,-70.516,-283.185,286.685,Shake
-0.174,-1.068,0.636,-167.738,-286.685,286.685,Shake
-0.057,-1.999,-1.305,-239.671,-286.685,286.685,Shake
1.999,-1.855,0.014,-139.720,-132.738,-197.575,Shake
0.857,-0.639,0.314,208.819,286.685,-286.685,Shake
-0.898,0.099,0.667,224.613,286.685,-286.685,Shake
-1.999,-0.368,0.784,184.485,276.605,-286.685,Shake
-1.873,0.223,0.883,-4.209,-157.596,-62.816,Shake
-0.728,-0.298,0.925,-139.913,-286.685,286.685,Shake
-0.244,-0.928,0.767,-113.024,-286.685,286.685,Shake
0.380,-1.458,0.307,-65.879,-286.685,285.740,Shake
1.999,-0.781,0.480,-10.395,-137.077,11.078,Shake
1.299,-1.157,0.249,69.816,281.006,-286.685,Shake
-0.285,-0.018,0.811,114.783,286.685,-286.685,Shake
-1.452,0.049,1.061,45.894,286.081,-286.685,Shake
-1.937,-0.568,1.005,-0.674,217.193,-286.685,Shake
-1.533,0.117,1.010,5.810,-68.180,-68.512,Shake
-0.846,-0.125,0.904,-30.835,-260.260,233.258,Shake
-0.001,-0.346,0.815,-56.954,-285.600,286.685,Shake
0.229,-0.616,0.773,-52.351,-286.685,286.685,Shake
1.122,-0.490,0.776,-11.165,-265.737,227.946,Shake
1.164,-0.511,0.823,-8.339,-15.671,-81.454,Shake
0.334,-0.465,0.771,23.888,151.296,-74.961,Shake
0.044,-0.267,0.755,8.977,127.671,-22.645,Shake
-0.253,-0.195,0.876,-50.943,6.939,-23.109,Shake
-0.092,-0.142,0.940,-43.627,-19.600,-63.787,Shake
-0.144,-0.402,1.262,40.031,28.306,-0.262,Shake
-0.181,-0.095,1.240,31.325,27.431,33.057,Shake
0.267,-0.015,0.863,-2.109,-30.511,-41.431,Shake
1.131,-0.060,0.471,-24.237,-172.410,26.889,Shake
-0.099,-0.643,1.434,33.819,22.103,142.914,Shake
-0.194,-0.589,1.307,-1.120,86.380,152.372,Shake
-0.889,-0.159,0.846,-3.474,23.310,111.878,Shake
-0.438,-0.246,0.902,12.714,-67.524,-37.993,Shake
0.028,-0.210,0.712,-0.945,-105.315,-53.751,Shake
0.765,-0.365,0.694,15.321,-69.606,-33.215,Shake
-0.199,-0.554,1.142,39.270,-43.006,230.230,Shake
0.817,-0.863,0.967,7.271,-95.673,105.893,Shake
0.905,-0.896,0.769,8.636,26.372,-21.971,Shake
0.565,-0.537,0.731,28.831,93.144,-187.495,Shake
0.067,-0.229,0.608,46.077,197.348,-286.641,Shake
-0.708,-0.021,0.895,32.708,262.999,-286.685,Shake
-1.087,0.079,1.152,23.415,209.151,-282.188,Shake
-0.963,0.583,1.239,-7.805,60.699,-70.665,Shake
-0.915,0.266,1.290,-18.603,-75.346,225.234,Shake
-0.472,-0.165,1.123,-63.586,-199.307,286.685,Shake
-0.031,-0.466,0.922,-84.184,-259.866,286.685,Shake
0.615,-1.070,0.592,-68.416,-213.946,286.685,Shake
1.412,-1.369,0.364,-23.083,-109.620,158.156,Shake
1.068,-1.163,0.334,5.766,75.110,-178.605,Shake
0.381,-0.670,0.478,84.140,255.106,-286.685,Shake
-0.313,-0.221,0.716,109.060,286.685,-286.685,Shake
-1.512,-0.086,1.039,57.190,286.685,-286.685,Shake
-1.500,0.223,1.244,-22.225,127.243,-269.089,Shake
-1.077,0.361,1.250,-117.128,-123.777,48.711,Shake
-0.994,-0.021,1.044,-130.462,-214.322,226.774,Shake
-0.411,-0.362,0.837,-124.171,-233.354,286.685,Shake
0.138,-0.681,0.859,-101.964,-217.096,286.685,Shake
0.485,-1.610,0.196,-127.671,-265.913,286.685,Shake
1.433,-1.963,-0.116,-43.531,-108.448,129.071,Shake
0.787,-1.439,0.352,81.900,231.866,-279.457,Shake
0.137,-0.900,0.709,177.835,286.685,-286.685,Shake
-0.631,-0.136,1.118,167.414,286.685,-286.685,Shake
-1.679,-0.069,1.079,77.525,178.885,-286.685,Shake
-1.443,0.450,1.241,14.630,25.104,-252.674,Shake
-1.240,0.491,1.176,-32.856,-84.665,-10.938,Shake
-1.089,-0.091,0.796,-28.910,-204.356,239.908,Shake
-0.314,-0.369,0.656,-38.001,-225.304,286.685,Shake
0.017,-0.724,0.691,-54.757,-214.856,286.685,Shake
0.062,-1.293,0.617,-76.825,-246.269,286.685,Shake
1.296,-1.595,0.112,-64.741,-210.560,247.214,Shake
1.236,-1.589,0.262,-47.591,66.264,-214.883,Shake
0.438,-1.228,0.450,73.762,260.234,-284.069,Shake
0.058,-0.859,0.569,143.045,286.685,-286.685,Shake
-0.975,-0.191,0.868,151.025,286.685,-286.685,Shake
-1.999,-0.250,0.965,110.609,256.646,-286.685,Shake
-1.611,0.528,1.070,95.349,75.933,-230.641,Shake
-1.391,0.543,1.038,15.881,-119.674,173.224,Shake
-1.054,0.174,0.897,-23.782,-201.294,286.685,Shake
-0.092,-0.136,0.947,-71.698,-190.033,286.685,Shake
-0.204,-1.798,1.020,-151.602,-258.939,286.685,Shake
1.985,-1.989,-0.171,-162.409,-281.409,216.746,Shake
1.100,-1.984,-0.106,24.132,150.946,-283.544,Shake
0.267,-1.310,0.088,235.042,286.589,-286.685,Shake
-1.453,0.118,0.749,286.685,286.685,-286.685,Shake
-1.999,-0.155,0.840,233.844,212.931,-286.685,Shake
-1.876,1.265,1.212,84.262,-13.729,-284.891,Shake
-1.302,1.464,1.114,-65.791,-161.166,24.815,Shake
-1.081,0.145,0.718,-105.630,-225.881,286.685,Shake
-0.597,-0.808,0.777,-89.110,-216.090,286.685,Shake
-0.970,-1.999,0.901,-173.171,-286.659,286.685,Shake
1.955,-1.823,-0.264,-286.685,-286.388,221.541,Shake
1.851,-1.999,-0.611,-45.526,110.696,-286.685,Shake
0.414,-1.263,-0.245,245.586,286.685,-286.685,Shake
-1.018,0.313,0.595,286.685,286.685,-286.685,Shake
-1.999,-0.229,0.716,189.490,286.685,-286.685,Shake
-1.999,0.728,0.942,-27.081,104.064,-286.685,Shake
-1.330,1.165,0.951,-271.670,-278.259,114.450,Shake
-0.913,0.160,0.656,-218.277,-286.685,286.685,Shake
-0.448,-0.977,0.845,-89.854,-273.087,286.685,Shake
-0.672,-1.996,1.123,-84.621,-286.142,286.685,Shake
1.999,-1.170,0.174,-162.181,-279.974,222.967,Shake
1.048,-1.962,-0.162,-137.760,63.630,-286.685,Shake
0.142,-0.757,0.260,180.066,286.685,-286.685,Shake
-0.809,-0.013,0.661,283.929,286.685,-286.685,Shake
-1.951,0.006,0.795,219.966,286.650,-286.685,Shake
-1.997,-0.126,0.810,49.893,151.349,-286.685,Shake
-1.084,0.992,1.067,-134.557,-171.106,-49.009,Shake
-0.649,0.488,0.819,-200.988,-286.685,285.285,Shake
-0.162,-0.254,0.702,-159.679,-274.566,286.685,Shake
-0.225,-1.448,0.774,-91.823,-238.665,286.685,Shake
0.977,-1.999,-0.147,-22.435,-286.676,284.953,Shake
1.346,-1.106,0.741,-53.891,-48.982,-177.012,Shake
0.493,-1.176,0.284,-55.702,59.911,-254.992,Shake
0.265,-0.640,0.454,64.339,164.946,-248.684,Shake
-0.568,-0.050,0.731,123.882,285.854,-286.659,Shake
-1.286,-0.322,0.778,51.958,286.685,-286.685,Shake
-1.665,-0.278,1.014,-43.085,201.128,-286.396,Shake
-1.091,0.266,1.207,-115.202,-121.494,-74.296,Shake
-0.649,0.029,1.101,-120.033,-213.325,101.194,Shake
-0.315,-0.352,0.863,-37.783,-216.580,281.733,Shake
-0.015,-0.691,0.810,43.120,-165.742,286.685,Shake
0.193,-1.506,0.734,82.119,-164.106,286.685,Shake
0.647,-1.889,0.752,65.494,-150.553,182.026,Shake
1.143,-1.210,0.681,-57.855,-44.905,-119.359,Shake
0.674,-1.002,0.621,-56.857,35.945,-266.884,Shake
0.048,-0.628,0.714,28.368,107.327,-230.143,Shake
-0.336,-0.409,0.710,61.959,191.380,-286.256,Shake
-1.216,-0.397,0.716,91.534,237.738,-286.685,Shake
-1.330,-0.140,0.787,95.357,215.792,-285.215,Shake
-0.922,0.337,0.998,23.100,49.507,-101.806,Shake
-0.690,0.334,0.990,-48.309,-60.060,63.814,Shake
-0.459,-0.073,0.906,-87.552,-122.071,273.332,Shake
-0.109,-0.503,0.982,-43.216,-118.632,286.685,Shake
0.066,-1.116,1.002,-3.684,-115.325,286.685,Shake
0.839,-1.581,1.018,-60.375,-159.346,282.100,Shake
1.117,-1.396,0.705,-151.069,-150.929,55.143,Shake
1.139,-1.187,0.577,-30.634,3.062,-203.271,Shake
0.125,-0.712,0.621,195.239,221.664,-176.645,Shake
-0.441,-0.388,0.778,280.770,286.589,-277.410,Shake
-1.588,-0.209,0.826,266.035,267.706,-286.685,Shake
-1.819,-0.045,0.838,160.449,63.368,-286.685,Shake
-1.242,0.634,0.718,5.355,-126.543,-94.491,Shake
-1.002,0.346,0.653,-133.551,-172.139,171.876,Shake
-0.750,0.056,0.638,-126.473,-180.232,286.685,Shake
-0.089,-0.297,0.711,-97.125,-163.196,286.685,Shake
0.017,-1.262,0.839,-89.661,-137.952,286.685,Shake
1.397,-1.795,0.726,-130.025,-164.649,285.793,Shake
1.373,-1.892,0.605,-121.677,-27.799,-127.444,Shake
0.551,-1.346,0.596,-9.065,125.283,-240.048,Shake
0.070,-1.165,0.581,85.452,204.330,-271.880,Shake
-0.849,-0.656,0.514,176.872,286.685,-286.685,Shake
-1.999,-0.570,0.656,166.005,286.685,-286.685,Shake
-1.999,-0.205,0.920,78.820,137.410,-286.685,Shake
-1.610,0.869,1.212,-62.020,-202.676,-77.228,Shake
-1.202,0.408,0.951,-57.435,-264.740,226.179,Shake
-0.365,-0.067,0.677,53.585,-207.576,286.685,Shake
-0.095,-0.977,0.783,72.109,-109.104,286.685,Shake
-0.341,-1.999,1.060,29.925,-238.367,286.685,Shake
1.997,-1.418,1.060,-89.372,-224.271,100.074,Shake
1.235,-1.819,0.310,-124.338,27.983,-286.685,Shake
-0.462,-0.840,0.333,155.811,286.142,-286.685,Shake
-1.987,-0.107,0.771,282.555,286.685,-286.685,Shake
-1.999,-0.833,0.649,272.195,281.356,-286.685,Shake
-1.944,1.997,1.189,52.605,-187.443,-190.592,Shake
-1.386,0.247,0.408,-135.572,-286.685,286.685,Shake
-0.347,-0.884,0.417,-11.148,-240.835,286.685,Shake
0.801,-1.999,0.552,49.123,-274.277,286.685,Shake
1.999,-1.593,1.426,-15.986,-264.408,208.976,Shake
1.987,-1.895,0.055,-194.792,-65.511,-286.685,Shake
0.206,-1.004,0.086,104.755,280.551,-286.685,Shake
-1.999,-0.462,0.523,267.269,286.685,-286.685,Shake
-1.999,-0.900,0.581,268.992,273.263,-286.685,Shake
-1.999,1.997,0.887,-14.717,-136.202,-237.807,Shake
-1.896,0.060,0.351,-286.685,-286.685,286.685,Shake
-0.532,-0.815,0.426,-122.850,-286.142,286.685,Shake
0.673,-1.943,0.889,45.771,-163.958,286.685,Shake
1.999,-1.956,1.228,50.697,-251.624,286.624,Shake
1.999,-1.973,0.452,-157.789,-206.264,-16.817,Shake
1.531,-1.529,0.158,8.102,81.524,-286.685,Shake
-0.384,-0.622,0.277,117.618,286.685,-286.685,Shake
-1.999,-0.801,0.633,202.011,286.685,-286.685,Shake
-1.999,0.023,0.577,174.580,195.326,-286.685,Shake
-1.981,1.997,1.302,-113.277,-261.161,-128.783,Shake
-1.159,-0.142,0.261,-272.379,-286.685,286.685,Shake
-0.198,-0.947,0.501,-33.014,-278.180,286.685,Shake
0.496,-1.999,0.566,124.688,-195.930,286.685,Shake
1.999,-0.761,1.204,24.745,-205.056,275.721,Shake
1.777,-1.706,0.064,-204.995,53.375,-283.771,Shake
0.707,-1.346,0.382,-112.368,242.742,-286.685,Shake
-1.681,-0.686,0.613,20.597,286.685,-286.685,Shake
-1.999,-1.023,0.944,83.003,286.685,-286.685,Shake
-1.999,-0.512,0.862,-43.347,73.938,-286.676,Shake
-1.133,0.996,1.234,-70.184,-261.721,-30.651,Shake
-0.126,0.017,0.532,-2.984,-286.685,286.685,Shake
-0.375,-1.565,0.765,131.661,-232.881,286.685,Shake
1.760,-1.999,0.010,186.121,-133.508,286.685,Shake
1.863,-0.795,1.330,78.872,107.494,-259.499,Shake
0.647,-1.440,0.730,-62.475,93.686,-286.685,Shake
-1.909,-0.573,0.664,32.034,266.280,-286.685,Shake
-1.999,-1.152,0.845,147.236,286.685,-286.685,Shake
-1.999,-0.137,0.781,173.950,112.026,-280.770,Shake
-1.726,1.361,1.157,12.898,-249.629,203.438,Shake
-0.851,-0.516,0.239,0.289,-286.685,286.685,Shake
-0.607,-1.928,0.682,64.846,-257.119,286.685,Shake
-0.124,-1.999,-1.175,-30.310,-286.685,286.685,Shake
1.999,-0.807,0.430,-231.569,-234.325,135.109,Shake
1.038,-1.998,0.075,-197.846,156.616,-286.685,Shake
-1.651,-0.328,0.935,147.044,286.685,-286.685,Shake
-1.999,-1.121,1.069,284.025,286.685,-286.685,Shake
-1.999,1.176,1.033,-14.446,-90.011,-286.116,Shake
-1.601,0.978,0.938,-245.446,-286.685,259.044,Shake
-0.035,-0.121,-0.079,71.680,-286.685,286.685,Shake
-0.434,-1.961,0.238,284.786,-286.659,286.685,Shake
1.999,-1.999,-1.703,119.823,-29.339,286.685,Shake
1.833,-1.961,0.316,-112.315,286.151,-260.365,Shake
-0.425,-1.069,1.187,-6.956,286.685,-286.685,Shake
-1.999,-0.677,1.373,37.021,286.685,-286.685,Shake
-1.999,-1.357,0.634,144.909,286.379,-286.685,Shake
-1.964,0.371,0.741,90.073,-219.389,-244.020,Shake
-0.312,0.348,0.254,16.380,-286.685,280.831,Shake
0.776,0.258,0.019,125.274,-286.685,286.685,Shake
-0.555,-1.999,0.433,183.417,-286.685,286.685,Shake
1.999,-0.786,-0.604,53.498,125.991,280.420,Shake
0.765,-1.873,0.401,-131.688,286.685,-286.685,Shake
-1.954,-1.036,0.740,70.061,286.685,-286.685,Shake
-1.999,-1.715,0.684,144.865,286.685,-286.685,Shake
-1.999,0.140,0.885,49.569,127.137,-286.527,Shake
-1.379,0.269,0.772,-129.124,-286.685,124.442,Shake
0.428,-0.082,0.278,44.135,-286.685,286.685,Shake
0.257,-0.733,0.334,161.779,-286.501,286.685,Shake
1.906,-1.999,-1.318,176.120,-30.021,286.685,Shake
1.762,-1.894,0.825,-9.502,286.676,-259.962,Shake
-0.824,-1.228,0.466,87.675,283.955,-286.685,Shake
-1.995,-1.115,0.904,173.101,286.685,-286.685,Shake
-1.999,-1.988,0.397,94.955,286.668,-286.685,Shake
-1.999,1.368,1.601,52.474,-241.342,-116.287,Shake
-0.873,-0.189,0.161,69.764,-286.685,286.685,Shake
0.251,-0.646,0.231,254.520,-286.676,286.685,Shake
-0.202,-1.999,0.580,203.350,-216.195,286.685,Shake
1.999,-0.485,0.693,-183.514,-42.945,129.133,Shake
1.298,-1.999,0.156,-123.419,95.690,-286.685,Shake
-0.121,-1.593,0.813,129.981,286.685,-286.685,Shake
-1.999,-0.824,0.233,163.275,286.685,-286.685,Shake
-1.999,-0.998,0.548,261.284,265.851,-286.685,Shake
-1.999,0.819,0.811,-108.719,-283.500,-43.059,Shake
-0.981,-0.392,0.183,-159.775,-286.685,286.685,Shake
0.268,-0.767,0.271,86.284,-286.685,286.685,Shake
0.447,-1.996,0.201,190.479,-202.930,286.685,Shake
1.999,-0.666,0.468,71.461,45.500,223.475,Shake
1.222,-1.845,0.692,1.610,215.066,-286.685,Shake
-0.055,-1.008,0.847,50.251,284.454,-286.685,Shake
-1.745,-1.031,0.607,65.170,286.685,-286.685,Shake
-1.999,-0.658,0.295,207.244,281.286,-286.685,Shake
-1.787,0.457,0.895,136.369,-150.964,-176.409,Shake
-0.793,0.050,0.547,-19.259,-286.685,286.571,Shake
-0.091,-0.549,0.470,0.954,-256.392,286.685,Shake
-0.511,-1.241,0.733,-31.789,-217.044,286.685,Shake
1.941,-1.977,-0.426,-195.886,-239.811,286.685,Shake
1.892,-1.258,0.341,-224.464,25.891,-239.969,Shake
0.396,-1.560,0.547,-9.135,269.474,-286.685,Shake
-1.279,-0.511,0.733,213.202,286.685,-286.685,Shake
-1.999,-0.568,0.745,283.456,286.685,-286.685,Shake
-1.999,-0.196,0.383,203.376,198.240,-286.685,Shake
-1.169,0.364,0.838,-59.868,-283.964,62.501,Shake
-0.522,-0.340,0.479,-143.973,-286.685,286.685,Shake
-0.169,-0.897,0.484,-29.802,-286.685,286.685,Shake
-0.158,-1.491,0.540,-5.416,-286.606,286.685,Shake
1.999,-1.965,-0.776,-44.135,-196.044,285.609,Shake
1.889,-1.572,0.248,-67.113,234.876,-249.690,Shake
0.322,-1.558,0.437,109.874,286.685,-286.685,Shake
-1.241,-0.770,0.641,259.788,286.685,-286.685,Shake
-1.999,-0.626,0.723,266.927,286.685,-286.685,Shake
-1.999,-0.470,0.190,125.536,118.073,-286.685,Shake
-1.324,0.655,0.928,-79.056,-286.685,84.726,Shake
-0.155,-0.051,0.563,-111.808,-286.685,286.685,Shake
-0.145,-1.056,0.684,-19.618,-286.685,286.685,Shake
-0.241,-1.999,0.152,-29.120,-235.620,286.685,Shake
1.999,0.121,0.990,-54.757,-27.939,67.594,Shake
0.754,-1.913,0.611,-29.689,286.353,-286.685,Shake
-1.640,-0.772,0.696,121.406,286.685,-286.685,Shake
-1.999,-0.605,0.608,248.202,286.685,-286.685,Shake
-1.999,-0.246,0.578,213.859,83.160,-285.346,Shake
-1.466,0.387,0.782,61.889,-221.812,-31.666,Shake
-0.801,-0.121,0.565,-51.791,-286.685,286.685,Shake
0.053,-0.486,0.587,-41.667,-275.013,286.685,Shake
-0.124,-1.117,0.612,-79.923,-234.098,286.685,Shake
1.732,-1.999,-0.389,-227.509,-243.495,286.685,Shake
1.950,-0.873,0.541,-163.012,-124.740,-83.457,Shake
0.730,-1.755,0.281,-20.615,284.690,-286.685,Shake
-0.613,-0.899,0.825,147.079,286.685,-281.759,Shake
-1.998,-0.434,0.766,198.651,286.685,-286.685,Shake
-1.999,-0.665,0.500,186.226,174.326,-286.685,Shake
-1.541,-0.127,0.632,78.085,-129.902,-219.030,Shake
-0.696,0.119,0.750,-116.323,-286.685,200.979,Shake
0.046,-0.181,0.488,-96.469,-286.685,286.685,Shake
-0.119,-1.281,0.583,-3.351,-286.685,286.685,Shake
0.707,-1.999,-0.093,-66.596,-196.604,286.685,Shake
1.920,-0.919,0.014,-34.431,-103.775,170.546,Shake
1.089,-1.809,0.235,-26.854,286.598,-286.685,Shake
-0.543,-1.140,0.851,150.745,286.685,-286.685,Shake
-1.999,-0.515,0.691,236.294,286.685,-286.685,Shake
-1.999,-0.737,0.442,242.121,228.156,-286.685,Shake
-1.909,-0.090,0.463,161.928,-24.789,-283.911,Shake
-1.210,0.300,0.744,-66.045,-286.685,157.649,Shake
-0.209,-0.194,0.484,-43.094,-286.685,286.685,Shake
0.188,-0.776,0.612,45.054,-281.776,286.685,Shake
-0.309,-1.921,0.769,-33.941,-235.821,286.685,Shake
1.999,-1.558,-1.208,-224.735,-282.511,286.685,Shake
1.911,-1.715,0.328,-197.636,74.349,-272.510,Shake
0.358,-1.698,0.744,43.208,280.936,-286.685,Shake
-1.375,-0.408,0.861,110.705,286.685,-277.681,Shake
-1.828,-0.190,0.781,105.368,286.685,-286.685,Shake
-1.999,-0.807,0.594,61.084,266.753,-286.685,Shake
-1.359,-0.304,0.624,-34.904,-113.741,-194.740,Shake
-0.655,0.073,0.862,-73.080,-286.685,245.333,Shake
0.099,-0.266,0.637,24.833,-279.160,286.685,Shake
0.066,-0.989,0.823,81.270,-258.869,286.685,Shake
1.002,-1.999,-0.159,-5.425,-217.367,286.685,Shake
1.771,-0.409,0.333,-42.376,-210.289,103.889,Shake
1.011,-1.482,0.143,-92.820,250.066,-286.685,Shake
0.068,-1.442,0.489,55.965,286.396,-286.685,Shake
-1.554,-0.692,0.836,156.450,286.685,-286.125,Shake
-1.967,-0.552,0.552,156.205,286.685,-286.685,Shake
-1.448,-0.248,0.572,86.310,45.955,-268.328,Shake
-1.285,-0.042,0.791,-60.751,-266.184,58.546,Shake
-0.659,-0.210,0.793,-75.031,-286.685,237.641,Shake
0.230,-0.281,0.838,-18.279,-216.606,286.685,Shake
-0.092,-1.580,0.835,19.740,-217.271,286.685,Shake
1.998,-1.869,-0.204,7.324,-254.809,241.150,Shake
1.658,-0.584,1.085,-65.188,-164.885,-55.519,Shake
1.239,-1.467,0.227,-116.331,75.591,-286.685,Shake
-0.292,-1.045,0.488,73.631,228.235,-195.440,Shake
-0.980,-0.324,0.669,138.495,286.685,-286.492,Shake
-1.636,-0.507,0.593,128.249,286.685,-286.685,Shake
-1.801,-0.499,0.637,74.183,215.749,-286.685,Shake
-1.316,-0.120,0.857,-89.311,-158.646,-17.413,Shake
-0.775,-0.332,0.868,-131.381,-286.685,226.476,Shake
0.065,-0.524,0.829,-51.879,-276.728,286.685,Shake
0.381,-0.724,0.732,13.248,-243.705,286.685,Shake
0.886,-1.999,0.440,-8.391,-245.822,286.685,Shake
1.929,-0.819,0.155,-15.759,-239.908,153.283,Shake
1.298,-1.539,0.176,-93.406,149.756,-284.462,Shake
0.328,-1.450,0.406,36.190,206.255,-280.473,Shake
-0.982,-0.755,0.723,132.781,286.685,-255.229,Shake
-1.834,-0.470,0.573,159.635,286.685,-286.685,Shake
-1.999,-0.574,0.534,115.902,247.415,-286.685,Shake
-1.526,-0.021,0.584,-53.139,-120.339,-167.326,Shake
-0.884,-0.082,0.894,-109.725,-286.685,245.411,Shake
-0.290,-0.373,0.846,-51.537,-286.685,286.685,Shake
0.077,-0.961,0.838,36.881,-248.762,286.685,Shake
0.088,-1.999,0.484,-27.247,-242.331,286.685,Shake
1.989,-0.833,-0.001,-23.205,-286.685,257.294,Shake
1.675,-1.329,0.395,-121.713,83.177,-282.642,Shake
0.922,-1.356,-0.093,-80.045,160.982,-286.685,Shake
0.004,-1.256,0.551,96.871,213.413,-230.650,Shake
-1.357,-0.235,0.942,67.357,286.685,-284.672,Shake
-1.867,-0.976,0.528,31.517,286.685,-286.685,Shake
-1.922,-0.797,0.537,16.284,262.027,-286.685,Shake
-1.299,-0.142,0.739,-54.390,-86.564,-8.374,Shake
-0.477,-0.190,0.834,-66.386,-283.946,278.425,Shake
0.114,-0.477,0.791,-23.301,-262.351,286.685,Shake
0.075,-1.197,0.818,-14.709,-248.535,286.685,Shake
1.509,-1.999,-0.086,12.766,-248.570,286.685,Shake
1.598,-0.145,1.139,24.316,-115.955,54.486,Shake
1.079,-1.391,0.424,-62.011,273.551,-286.685,Shake
0.332,-1.287,0.433,79.774,286.484,-277.996,Shake
-1.253,-0.493,0.863,190.986,286.685,-282.459,Shake
-1.999,-0.889,0.494,189.105,286.536,-286.685,Shake
-1.910,-0.610,0.458,145.329,81.541,-286.668,Shake
-1.398,0.129,0.858,15.304,-218.663,50.514,Shake
-0.932,-0.085,0.610,-47.057,-286.212,234.342,Shake
-0.102,-0.366,0.549,-4.130,-285.661,286.685,Shake
0.335,-1.217,0.710,24.719,-250.574,286.685,Shake
1.819,-1.999,-0.031,55.011,-161.394,286.685,Shake
1.851,-0.298,1.088,-17.955,-90.116,191.660,Shake
1.572,-1.342,0.567,-173.084,105.000,-286.169,Shake
0.345,-1.346,0.530,-12.233,254.266,-286.685,Shake
-1.450,-0.593,0.927,84.149,286.685,-286.685,Shake
-1.999,-1.150,0.631,80.710,286.685,-286.685,Shake
-1.999,-0.863,0.388,66.885,169.199,-286.685,Shake
-1.404,0.653,1.157,-73.045,-284.707,129.395,Shake
-0.397,-0.393,0.391,-52.605,-286.685,286.685,Shake
-0.124,-0.775,0.279,77.507,-286.685,286.685,Shake
0.623,-1.999,-0.121,187.110,-285.556,286.685,Shake
1.999,-1.534,-0.440,101.089,-75.880,286.668,Shake
1.510,-0.873,0.945,-141.444,170.398,-156.467,Shake
0.903,-1.305,0.496,-28.114,177.301,-286.685,Shake
-0.025,-0.997,0.687,82.198,260.610,-286.685,Shake
-1.574,-0.618,0.995,100.144,286.685,-286.685,Shake
-1.999,-1.404,0.167,78.566,286.685,-286.685,Shake
-1.999,0.066,0.470,78.916,63.998,-200.909,Shake
-1.461,0.542,1.132,-56.507,-263.279,222.889,Shake
-0.624,-0.698,0.320,-56.989,-286.685,286.685,Shake
0.153,-1.550,0.488,67.506,-286.685,286.685,Shake
-0.073,-1.999,0.421,31.028,-286.685,286.685,Shake
1.968,-1.679,-1.047,-13.659,-277.253,229.976,Shake
1.716,-1.423,0.994,-50.706,27.729,-194.845,Shake
0.079,-1.046,0.500,96.022,184.398,-286.685,Shake
-0.645,-0.339,0.716,223.633,286.685,-286.685,Shake
-1.700,-0.236,0.568,169.768,286.685,-286.685,Shake
-1.999,-1.152,0.367,101.789,256.961,-286.685,Shake
-1.999,-0.677,-0.071,-2.888,71.260,-286.239,Shake
-1.252,0.686,1.137,-181.667,-262.719,158.244,Shake
-0.371,-0.412,0.478,-104.860,-286.685,286.685,Shake
-0.498,-1.776,0.920,28.333,-286.685,286.685,Shake
-0.025,-1.999,1.272,-11.559,-286.685,286.685,Shake
1.999,-0.239,1.496,276.264,-87.412,57.864,Shake
0.462,-1.379,0.682,3.325,131.810,-286.685,Shake
-0.200,-0.385,0.538,101.482,230.265,-286.685,Shake
-1.970,0.101,0.718,185.693,286.685,-286.685,Shake
-1.999,-0.793,0.413,174.536,273.884,-286.685,Shake
-1.999,-0.275,0.424,92.137,133.595,-286.370,Shake
-1.531,0.337,0.725,-218.654,-251.571,267.391,Shake
-0.324,-0.700,0.394,-92.444,-286.685,286.685,Shake
-0.231,-1.892,0.709,34.213,-286.685,286.685,Shake
-0.590,-1.999,0.624,-29.951,-280.490,286.685,Shake
1.999,0.488,1.708,79.774,-226.546,231.534,Shake
1.662,-1.786,0.339,11.191,198.144,-286.685,Shake
-0.335,-0.701,0.841,156.266,284.296,-286.685,Shake
-1.306,0.062,0.733,139.387,286.685,-286.685,Shake
-1.999,-0.827,0.467,102.611,285.302,-286.685,Shake
-1.999,-0.870,0.352,23.083,65.056,-286.685,Shake
-1.663,0.323,0.869,-145.827,-285.661,151.734,Shake
-0.506,-0.689,0.363,-26.933,-286.685,286.685,Shake
0.310,-0.876,0.464,134.697,-280.770,286.685,Shake
0.082,-1.990,0.746,120.111,-201.688,286.685,Shake
1.999,-0.871,0.055,-3.395,-178.325,286.685,Shake
1.827,-1.705,0.386,-89.241,246.304,-282.695,Shake
0.173,-1.323,0.923,106.881,274.601,-286.685,Shake
-0.945,-1.062,0.791,111.632,286.685,-286.685,Shake
-1.999,-0.928,0.609,175.114,286.685,-286.685,Shake
-1.999,-1.229,-0.058,139.204,233.012,-286.685,Shake
-1.707,0.936,0.916,-52.290,-277.996,79.573,Shake
-0.853,-0.425,0.231,-95.174,-286.685,286.685,Shake
-0.139,-0.621,0.363,37.231,-286.685,286.685,Shake
0.352,-1.646,0.752,85.137,-240.905,286.685,Shake
1.989,-1.999,-0.577,-43.654,-167.484,286.685,Shake
1.764,-0.515,1.810,2.599,30.433,30.118,Shake
1.311,-1.633,0.755,20.064,227.141,-286.685,Shake
-0.049,-1.621,0.948,61.486,252.464,-286.685,Shake
-1.729,-0.779,0.694,130.944,284.182,-286.685,Shake
-1.999,-0.851,0.270,197.059,256.900,-286.685,Shake
-1.999,-0.686,-0.284,223.178,129.500,-286.685,Shake
-1.833,0.973,0.535,-42.717,-78.619,102.646,Shake
-1.381,-0.047,0.216,-236.924,-260.260,284.795,Shake
-0.238,-0.831,0.440,-117.985,-286.685,286.685,Shake
0.185,-1.691,0.857,-82.162,-261.730,286.685,Shake
1.360,-1.999,0.452,-121.949,-286.641,286.685,Shake
1.999,-0.383,1.331,-131.679,-42.954,-3.412,Shake
1.162,-1.999,0.426,-101.036,77.577,-286.685,Shake
0.489,-1.064,0.722,115.929,163.223,-286.685,Shake
-0.498,-0.433,0.862,166.889,267.391,-286.685,Shake
-1.101,-0.087,0.664,150.202,286.685,-286.685,Shake
-1.999,-0.836,0.263,78.076,286.011,-286.685,Shake
-1.864,-1.197,-0.296,61.565,197.505,-286.685,Shake
-1.423,0.961,1.169,-62.186,-109.069,67.200,Shake
-0.881,-0.541,0.475,-128.704,-286.685,286.685,Shake
-0.098,-0.873,0.806,-14.761,-286.685,286.685,Shake
0.264,-1.668,0.707,4.358,-273.376,286.685,Shake
0.931,-1.999,0.730,-63.219,-285.180,286.685,Shake
1.988,-0.323,1.188,-71.374,-246.033,146.746,Shake
1.056,-1.538,0.504,-55.606,72.730,-286.685,Shake
0.429,-1.157,0.406,63.219,174.519,-286.685,Shake
-0.524,-0.728,0.561,150.859,286.606,-286.685,Shake
-1.454,-0.051,0.701,163.747,286.685,-286.685,Shake
-1.999,-0.772,0.364,108.255,262.649,-286.685,Shake
-1.565,-0.085,0.694,31.316,79.118,-285.145,Shake
-1.169,0.496,0.866,-78.269,-109.891,-63.053,Shake
-0.784,-0.298,0.588,-136.622,-286.353,282.949,Shake
-0.079,-0.617,0.734,-69.064,-272.361,286.685,Shake
0.117,-1.355,0.758,-50.321,-230.738,286.685,Shake
0.318,-1.990,0.641,-53.445,-286.685,286.685,Shake
1.999,-1.239,0.740,0.446,-280.569,275.354,Shake
1.068,-1.914,0.542,-68.889,35.490,-263.716,Shake
0.639,-1.207,0.514,44.835,143.946,-286.685,Shake
0.063,-0.937,0.579,139.694,219.021,-286.685,Shake
-0.574,-0.128,0.724,122.404,286.230,-286.685,Shake
-1.893,-0.800,0.449,53.961,283.220,-286.685,Shake
-1.726,-0.619,0.332,75.198,180.819,-286.685,Shake
-1.361,0.593,0.991,14.630,-18.375,-39.926,Shake
-0.966,0.056,0.791,-60.524,-171.867,256.655,Shake
-0.313,-0.467,0.740,-59.290,-231.753,286.685,Shake
-0.146,-1.046,0.732,-101.325,-226.161,286.685,Shake
0.373,-1.999,0.668,-153.396,-286.160,286.685,Shake
1.994,-0.939,0.629,-130.489,-236.014,233.135,Shake
1.559,-1.818,0.526,-65.415,42.481,-186.454,Shake
0.641,-1.596,0.549,96.075,193.393,-286.685,Shake
0.056,-0.984,0.720,220.684,280.201,-286.685,Shake
-0.896,-0.146,0.647,203.376,286.685,-286.685,Shake
-1.560,-0.587,0.516,176.094,286.685,-286.685,Shake
-1.998,-0.864,-0.053,119.332,235.095,-286.685,Shake
-1.529,0.798,0.882,40.906,-38.369,-197.076,Shake
-1.125,0.017,0.582,-166.644,-252.525,271.399,Shake
-0.373,-0.572,0.732,-100.196,-281.619,286.685,Shake
0.121,-0.996,0.928,-120.260,-239.006,286.685,Shake
-0.418,-1.474,1.054,-146.423,-269.106,286.685,Shake
1.182,-1.994,0.624,-211.908,-286.685,286.685,Shake
1.646,-1.587,0.327,-110.268,-245.717,-67.611,Shake
0.874,-1.632,0.468,48.274,23.712,-280.647,Shake
0.276,-1.089,0.312,191.783,225.076,-278.198,Shake
0.043,-0.330,0.399,224.254,286.484,-286.685,Shake
-0.995,-0.010,0.444,154.245,286.685,-286.685,Shake
-1.999,-0.992,0.445,66.885,286.685,-286.685,Shake
-1.678,-0.256,0.520,88.261,216.667,-286.685,Shake
-1.238,0.709,1.035,32.734,-22.558,52.824,Shake
-1.033,0.100,0.850,-130.454,-189.534,285.819,Shake
-0.445,-0.685,1.043,-198.345,-270.288,286.685,Shake
-0.805,-1.269,0.858,-258.326,-286.685,286.685,Shake
0.668,-1.999,0.399,-275.651,-286.685,286.685,Shake
1.647,-1.681,0.617,-7.420,-286.685,247.564,Shake
1.637,-1.598,0.398,13.948,-253.864,-135.940,Shake
0.903,-1.313,0.046,107.774,77.289,-286.685,Shake
0.081,-0.736,0.168,216.527,282.599,-286.685,Shake
-0.490,0.116,0.415,132.169,286.685,-286.685,Shake
-1.116,0.043,0.507,17.491,286.685,-286.685,Shake
-1.897,-1.173,0.420,-186.104,203.901,-286.685,Shake
-1.112,0.076,1.140,-178.019,-55.790,-265.492,Shake
-0.819,0.212,1.252,-146.326,-283.054,154.700,Shake
-0.531,-0.308,1.005,-77.656,-286.685,286.685,Shake
-0.143,-1.418,0.693,-105.368,-286.685,286.685,Shake
0.796,-1.976,-0.135,-90.493,-286.685,286.685,Shake
1.463,-0.733,-0.598,-266.866,-286.685,186.970,Shake
0.576,-0.903,-1.106,-286.685,-286.685,-96.757,Shake
0.072,-0.499,-1.200,-286.685,-286.685,-63.910,Shake
0.570,-0.363,-1.077,-286.685,-286.685,84.840,Shake
0.645,-0.568,-0.892,-274.321,-76.519,148.881,Shake
0.991,-1.099,-0.833,-89.408,286.685,71.706,Shake
0.890,-1.588,-0.893,253.872,286.685,11.261,Shake
-0.113,-0.611,-1.622,286.685,286.685,193.322,Shake
-1.825,0.769,-1.069,286.685,286.685,286.685,Shake
-1.999,0.372,1.014,286.685,286.685,280.245,Shake
-1.999,0.658,0.984,123.926,-140.910,65.397,Shake
-0.330,0.360,1.043,-286.685,-286.685,65.406,Shake
-0.140,-0.723,0.190,-286.685,-286.685,271.040,Shake
-0.157,-1.093,-1.439,-286.685,-286.685,168.805,Shake
0.842,0.177,-1.779,-286.685,-286.685,-174.580,Shake
0.172,-0.099,-1.922,-286.685,-286.685,-286.685,Shake
0.789,0.069,-1.360,-271.399,-286.685,-275.695,Shake
0.832,-0.170,-1.438,208.031,284.953,169.846,Shake
1.203,-0.528,-1.997,286.685,286.685,286.685,Shake
0.908,-0.757,-1.997,286.685,286.685,249.428,Shake
-1.999,0.472,-1.997,286.685,286.685,173.250,Shake
-1.999,1.557,1.090,286.685,286.685,-59.290,Shake
-1.999,0.863,0.964,192.255,-255.474,-77.805,Shake
-1.164,0.765,0.593,-286.685,-286.685,-61.836,Shake
-0.222,-0.557,0.316,-286.685,-286.685,163.170,Shake
-0.540,-0.893,-0.893,-286.685,-286.685,155.339,Shake
0.760,0.476,-1.790,-286.685,-286.685,-244.081,Shake
0.314,0.284,-1.987,-286.685,-286.685,-286.685,Shake
0.818,0.342,-1.618,-285.547,-286.685,-286.685,Shake
0.711,-0.036,-1.389,141.146,191.459,-98.000,Shake
0.799,0.382,-1.981,267.566,286.685,271.469,Shake
1.707,-0.242,-1.997,284.576,286.685,253.417,Shake
-0.643,-0.433,-1.997,286.685,286.685,184.214,Shake
-1.999,0.357,-1.997,286.685,286.685,41.947,Shake
-1.999,1.672,1.795,216.475,286.685,-203.726,Shake
-1.625,-0.365,-0.281,-286.685,-286.685,-167.458,Shake
-0.347,-0.263,0.101,-286.685,-286.685,25.987,Shake
-0.055,-1.139,-0.050,-220.850,-286.685,152.644,Shake
-0.446,-1.617,-1.490,-76.746,-286.685,116.357,Shake
-0.074,1.002,-1.567,-260.426,-286.685,-86.118,Shake
1.119,1.006,-1.978,-286.239,-286.685,70.569,Shake
0.273,-0.490,-1.453,-150.290,-124.451,286.685,Shake
0.839,-0.471,-1.492,-139.685,248.281,-74.305,Shake
0.634,-0.284,-1.354,-205.319,286.685,-160.729,Shake
0.085,-0.512,-0.764,-286.685,286.685,-11.007,Shake
0.174,-0.830,-0.286,-281.837,286.580,-25.279,Shake
0.635,-0.875,-0.319,-60.655,44.266,0.280,Shake
0.362,-0.688,-0.630,270.217,-278.014,88.611,Shake
0.063,-0.697,-0.970,286.685,-286.685,136.955,Shake
-0.067,-0.763,-1.121,286.685,-286.685,286.160,Shake
-0.706,-1.983,-0.528,286.685,-195.169,286.685,Shake
0.262,-1.189,-1.997,286.685,-283.517,263.200,Shake
1.460,-0.757,-1.485,196.446,-206.273,35.647,Shake
0.948,-0.478,-1.145,-93.082,256.095,83.624,Shake
0.216,-0.356,-0.588,-280.446,217.796,109.559,Shake
0.441,-0.538,-0.250,-286.685,164.649,106.470,Shake
0.470,-1.065,-0.453,-286.685,244.869,38.342,Shake
-0.543,-1.973,-0.646,-286.685,286.685,-226.747,Shake
-0.035,-1.999,-0.342,-244.510,286.685,-286.685,Shake
-0.247,-1.744,-0.855,163.126,280.367,-286.326,Shake
-0.951,-0.969,-1.577,286.685,131.084,-63.560,Shake
-0.837,-0.312,-1.895,286.685,-68.276,238.665,Shake
-0.768,-1.387,-1.642,286.685,-4.226,286.685,Shake
-0.245,-0.510,-0.972,240.188,-286.685,286.685,Shake
0.271,-1.142,-1.620,-85.698,-177.538,286.685,Shake
1.092,-1.561,-1.325,-107.555,92.470,286.685,Shake
0.304,-1.393,-0.437,-271.547,286.396,284.742,Shake
0.555,-1.541,-0.297,-286.685,215.705,3.561,Shake
0.517,-1.757,-0.541,-286.685,241.684,-177.958,Shake
0.161,-1.870,-0.384,-286.685,286.685,-270.244,Shake
-1.292,-1.999,-0.452,-284.489,286.685,-286.685,Shake
-1.518,-1.775,-0.893,148.452,286.685,-286.685,Shake
-1.942,-1.098,-1.244,286.685,59.876,-286.685,Shake
-1.440,-1.037,-1.944,286.685,-201.626,-101.885,Shake
-0.055,-0.870,-1.894,286.685,140.962,286.247,Shake
0.300,-1.021,-1.845,278.040,234.553,286.685,Shake
0.742,-0.715,-1.740,9.363,109.760,286.685,Shake
0.609,-1.084,-0.874,-286.685,136.141,286.685,Shake
-0.027,-1.805,0.105,-286.685,194.723,286.685,Shake
-0.180,-1.978,-0.255,-286.685,155.181,146.536,Shake
0.819,-1.999,-0.002,-286.685,67.891,-242.883,Shake
0.139,-1.999,-0.292,-286.685,259.306,-286.685,Shake
-1.009,-1.999,-0.689,-102.646,286.685,-286.685,Shake
-1.999,-1.734,-1.363,286.685,286.685,-286.685,Shake
-1.984,-0.803,-1.982,286.685,173.364,-234.413,Shake
-0.227,-1.560,-1.977,286.685,177.310,274.872,Shake
0.876,-1.069,-1.963,286.492,157.360,286.685,Shake
0.805,-0.488,-1.163,70.149,81.077,286.685,Shake
0.556,-0.989,-1.157,-286.685,130.261,180.574,Shake
0.393,-1.200,-0.038,-286.685,49.420,98.805,Shake
0.158,-1.617,-0.280,-286.685,138.232,68.390,Shake
0.547,-1.999,-0.238,-286.685,139.431,-9.345,Shake
0.670,-1.999,-0.561,-286.685,190.584,-121.459,Shake
-0.215,-1.999,0.041,-71.995,286.685,-92.872,Shake
-0.483,-0.566,-0.771,281.207,285.854,-87.780,Shake
-0.909,-0.659,-1.597,286.685,-49.849,-194.967,Shake
-1.999,-1.400,-1.381,286.685,-285.031,-161.280,Shake
-0.931,-1.846,-1.981,286.685,-286.685,171.045,Shake
0.985,-1.412,-1.885,286.685,56.735,286.685,Shake
0.432,-0.726,-1.888,42.184,229.749,286.685,Shake
0.506,-0.763,0.003,-286.685,262.089,184.301,Shake
0.117,-1.214,-0.022,-286.685,199.404,113.146,Shake
0.130,-1.587,0.092,-286.685,132.309,114.082,Shake
0.180,-1.999,0.023,-286.685,100.485,40.364,Shake
0.061,-1.830,-0.324,-286.685,225.015,-201.434,Shake
-0.498,-1.583,-0.401,-121.170,286.685,-286.685,Shake
-1.851,-1.469,-0.833,286.484,286.685,-286.685,Shake
-1.999,-1.693,-0.981,286.685,213.658,-286.685,Shake
-1.364,-1.884,-1.979,286.685,167.283,-143.045,Shake
0.356,-0.975,-1.997,286.685,246.610,286.685,Shake
1.703,-0.580,-1.938,80.518,118.213,286.685,Shake
0.458,-0.197,-1.927,-208.591,93.669,286.685,Shake
-0.386,-0.423,0.122,-286.685,128.004,210.490,Shake
-0.231,-0.854,-0.325,-286.685,175.525,95.506,Shake
-0.006,-1.999,-0.422,-286.685,-10.246,161.814,Shake
0.515,-1.999,-0.434,-286.685,-112.674,271.661,Shake
0.820,-1.730,-0.141,-282.450,49.044,77.577,Shake
-0.043,-1.272,-0.692,-32.603,286.685,-176.549,Shake
-0.646,-0.578,-1.320,286.685,260.733,-188.729,Shake
-0.577,-1.123,-1.646,286.685,85.732,-31.763,Shake
0.372,-1.994,-1.997,286.685,286.536,-110.381,Shake
1.248,-1.994,-1.997,286.685,286.685,-281.216,Shake
-0.194,-1.599,-1.794,286.685,286.685,-286.685,Shake
-0.018,-1.092,-0.820,286.685,286.685,-286.685,Shake
-0.977,0.213,0.369,286.685,286.685,-286.685,Shake
-0.765,0.434,0.494,-100.520,176.050,-286.685,Shake
-1.342,0.595,0.918,-286.685,-246.199,-277.279,Shake
-1.699,0.331,0.884,-286.685,-286.685,-130.839,Shake
-0.722,0.015,-1.233,-286.685,-286.685,-134.024,Shake
0.203,0.189,-1.997,-286.685,-286.685,-73.238,Shake
0.711,-0.371,-1.997,-286.685,-286.685,-195.151,Shake
0.738,-0.497,-1.986,-116.121,-248.771,-286.685,Shake
0.717,-0.636,-1.388,286.326,286.685,-216.212,Shake
0.180,-0.008,-1.368,286.685,286.685,23.091,Shake
1.019,0.249,-0.579,230.851,286.685,150.465,Shake
1.935,-1.701,-1.997,223.151,286.685,-48.072,Shake
-1.774,-0.663,-1.997,286.685,286.685,-124.022,Shake
-1.999,0.083,-1.997,286.685,286.685,6.624,Shake
-1.999,1.891,1.737,286.685,286.685,119.919,Shake
-1.994,1.021,1.327,-281.724,-279.440,-196.866,Shake
-0.435,0.014,0.653,-286.685,-286.685,107.503,Shake
-1.153,-1.293,-0.909,-286.685,-286.685,155.216,Shake
-0.463,-0.251,-1.997,-286.685,-286.685,-141.452,Shake
-0.473,0.511,-1.997,-286.685,-286.685,-286.685,Shake
0.469,0.736,-1.956,-286.685,-286.685,-286.685,Shake
0.451,-0.186,-1.506,8.663,-131.705,-224.333,Shake
0.123,0.343,-1.615,286.685,286.685,213.133,Shake
0.692,0.660,-1.992,286.685,286.685,286.685,Shake
0.940,-0.811,-1.997,286.685,286.685,280.866,Shake
-1.999,-0.521,-1.997,286.685,286.685,84.507,Shake
-1.999,1.060,0.776,286.685,286.685,-109.139,Shake
-1.999,1.925,0.964,234.089,154.875,-36.619,Shake
-1.301,0.840,-0.373,-286.685,-286.685,-4.699,Shake
-0.626,-0.691,-0.202,-96.066,-286.685,282.818,Shake
-0.743,-1.394,-0.415,104.711,-286.685,286.685,Shake
-0.792,0.270,-1.257,-233.100,-286.685,254.844,Shake
-0.886,0.304,-1.997,-286.685,-286.685,135.791,Shake
-0.416,-0.140,-1.994,-271.906,-286.685,281.234,Shake
0.219,-0.458,-1.997,-151.979,-165.139,265.886,Shake
0.593,-0.825,-1.997,81.848,286.685,10.045,Shake
1.368,-1.322,-1.997,286.685,286.685,13.142,Shake
-0.109,-1.421,-1.997,286.685,286.685,36.916,Shake
-1.999,0.421,-1.993,286.685,286.685,-93.004,Shake
-1.999,1.006,1.899,286.685,286.685,-286.685,Shake
-1.999,1.308,0.613,-273.122,-286.685,-215.084,Shake
-1.098,0.665,0.325,-286.685,-286.685,49.919,Shake
-0.974,-0.912,0.492,-196.236,-286.685,231.717,Shake
-0.544,-0.865,-0.137,-161.682,-286.685,225.173,Shake
-0.414,0.314,-1.493,-286.685,-286.685,-97.396,Shake
-0.401,0.533,-1.997,-286.685,-286.685,-286.685,Shake
0.628,0.567,-1.940,-204.120,-286.685,-269.981,Shake
0.535,0.010,-1.734,128.625,29.619,104.886,Shake
0.546,-0.110,-1.997,286.685,286.685,221.077,Shake
1.100,-0.527,-1.997,286.685,286.685,207.821,Shake
-1.170,-0.669,-1.997,286.685,286.685,-30.266,Shake
-1.999,0.047,-1.990,286.685,286.685,-174.204,Shake
-1.999,1.252,1.010,286.685,286.685,-203.236,Shake
-1.999,1.591,0.906,-257.819,-285.862,-71.698,Shake
-1.120,0.161,0.312,-286.685,-286.685,153.965,Shake
-0.600,-0.742,0.292,-286.685,-286.685,286.685,Shake
-0.672,-1.597,-1.184,-280.770,-286.685,286.685,Shake
-1.221,-0.919,-1.807,-266.892,-286.685,71.181,Shake
0.920,0.338,-1.997,-244.860,-286.685,-57.452,Shake
0.353,-0.649,-1.997,-21.149,108.202,286.335,Shake
0.035,-1.080,-1.644,-54.101,286.685,-91.070,Shake
0.021,-0.835,-0.872,-47.513,286.685,-125.230,Shake
0.462,-0.224,0.174,-107.345,286.685,83.274,Shake
1.217,-0.707,-0.231,-285.049,286.685,190.452,Shake
0.607,-1.188,-1.686,12.084,286.685,229.303,Shake
-0.383,-0.386,-1.756,286.685,286.685,286.685,Shake
-1.999,0.502,-1.867,286.685,286.685,286.685,Shake
-1.999,1.845,1.872,286.685,286.685,286.685,Shake
-1.958,-0.164,0.683,-254.065,-286.615,52.351,Shake
-0.913,-0.163,0.038,-286.685,-286.685,-29.067,Shake
-0.702,-0.166,-0.942,-286.685,-286.685,-100.914,Shake
0.168,0.348,-1.997,-286.685,-286.685,-284.261,Shake
0.078,0.390,-1.997,-286.685,-286.685,-286.685,Shake
0.834,0.356,-1.712,-286.685,-286.685,-286.685,Shake
0.064,-0.137,-1.524,-60.541,-169.225,-286.685,Shake
0.615,0.287,-1.908,286.685,286.685,202.361,Shake
1.203,0.280,-1.997,286.685,286.685,286.685,Shake
1.204,-0.529,-1.997,286.685,286.685,286.685,Shake
-1.879,0.066,-1.997,286.685,286.685,268.476,Shake
-1.999,1.118,-1.003,286.685,286.685,92.155,Shake
-1.999,1.297,1.182,-9.818,-23.030,-89.959,Shake
-1.906,0.405,0.019,-286.685,-286.685,-176.015,Shake
-0.793,-0.140,-0.409,-286.685,-286.685,-113.260,Shake
-0.543,-0.589,-1.235,-286.685,-286.685,-78.951,Shake
-0.046,0.289,-1.801,-286.685,-286.685,-269.911,Shake
0.348,0.423,-1.888,-286.685,-286.685,-286.685,Shake
0.629,0.376,-1.867,-173.443,-285.775,-283.771,Shake
0.777,0.045,-1.485,191.398,284.392,140.665,Shake
0.778,0.310,-1.997,284.830,286.685,286.318,Shake
1.292,-0.390,-1.997,286.685,286.685,286.685,Shake
-1.965,0.521,-1.997,286.685,286.685,286.011,Shake
-1.999,1.105,-1.997,286.685,286.685,195.344,Shake
-1.999,1.883,1.999,225.505,286.580,-91.201,Shake
-1.999,0.261,0.362,-286.685,-286.685,-225.330,Shake
-0.944,-0.039,-0.761,-286.685,-286.685,-246.881,Shake
-0.075,0.000,-1.997,-286.685,-286.685,-286.685,Shake
0.256,0.720,-1.997,-286.685,-286.685,-286.685,Shake
0.796,0.461,-1.679,-286.685,-286.685,-286.685,Shake
0.425,0.393,-1.759,-146.930,-230.939,-285.705,Shake
0.849,0.888,-1.997,286.624,286.685,277.051,Shake
1.629,-0.193,-1.997,286.685,286.685,286.685,Shake
-0.184,0.016,-1.997,286.685,286.685,286.685,Shake
-1.999,1.417,-1.997,286.685,286.685,286.685,Shake
-1.999,1.997,1.827,286.685,286.685,100.135,Shake
-1.999,0.451,0.212,-286.554,-286.685,-132.624,Shake
-0.884,1.117,-0.450,-286.685,-286.685,-128.065,Shake
-0.815,-0.348,-0.808,-286.685,-286.685,-0.945,Shake
-0.609,-0.209,-1.813,-286.685,-286.685,-51.371,Shake
-0.482,0.797,-1.991,-286.685,-286.685,-286.685,Shake
0.234,0.903,-1.900,-286.685,-286.685,-286.685,Shake
0.187,0.170,-1.771,59.526,-224.919,-169.452,Shake
0.380,-0.104,-1.589,286.388,271.022,248.973,Shake
0.809,0.238,-1.997,286.685,286.685,286.685,Shake
1.016,-0.732,-1.997,286.685,286.685,286.685,Shake
-1.323,-0.317,-1.765,286.685,286.685,237.151,Shake
-1.999,-0.165,-0.261,251.431,286.685,84.350,Shake
-1.999,0.558,1.989,-239.864,260.216,-266.849,Shake
-0.699,-0.911,1.034,-286.685,-286.685,-286.466,Shake
-0.557,-1.118,-1.065,-120.750,-286.685,-191.783,Shake
-0.219,-1.381,-1.331,148.400,-286.685,-28.464,Shake
0.828,-1.521,-1.781,286.685,-254.564,286.011,Shake
1.387,-1.420,-1.994,286.685,-79.949,283.220,Shake
0.813,-0.871,-0.802,223.055,-3.754,59.097,Shake
0.506,-1.069,-0.741,28.122,171.124,-164.789,Shake
0.455,-0.674,-0.198,-102.882,286.685,-202.029,Shake
0.334,-0.318,0.356,-280.079,286.685,-245.971,Shake
-0.368,-0.635,0.851,-286.685,286.685,-286.580,Shake
-1.999,-1.999,0.391,-286.685,286.685,-286.685,Shake
0.079,-1.781,1.143,-273.560,-5.626,-233.424,Shake
0.147,-0.911,0.563,157.159,-286.046,-39.681,Shake
-0.292,-1.065,0.026,286.685,-286.685,-34.405,Shake
-0.629,-1.997,-1.601,286.685,-286.685,-85.470,Shake
0.109,-1.650,-1.997,286.685,-286.685,6.571,Shake
0.998,-0.837,-1.997,286.685,-286.685,66.080,Shake
0.546,-0.593,-1.899,234.491,-146.676,24.071,Shake
0.692,-0.973,-1.564,147.884,-10.500,-22.846,Shake
0.499,-0.388,-0.974,4.445,247.231,-49.061,Shake
0.366,-0.237,-0.365,-104.160,286.685,-102.261,Shake
0.372,-0.290,-0.030,-277.769,286.685,-109.673,Shake
-0.908,-1.031,0.885,-286.685,286.685,-84.989,Shake
-1.983,-1.918,0.971,-286.685,286.685,-114.048,Shake
-0.631,-1.974,1.401,-286.685,-185.999,-174.475,Shake
-0.148,-1.058,-0.041,-197.785,-286.685,-281.767,Shake
-0.395,-0.752,-1.002,-15.365,-286.685,-286.685,Shake
-0.866,-0.780,-1.976,209.055,-286.685,-286.685,Shake
-1.235,-0.997,-1.997,286.685,-286.685,-286.685,Shake
-1.423,-0.437,-1.997,286.685,-116.918,-263.086,Shake
0.554,-0.221,-1.997,286.685,286.169,198.879,Shake
0.461,0.207,-1.752,285.705,286.685,286.685,Shake
-0.091,-1.036,-1.254,-84.131,271.057,122.185,Shake
-0.135,-0.513,0.663,-190.855,114.529,21.438,Shake
0.383,-0.617,0.322,-286.685,286.685,-32.935,Shake
0.606,-0.634,0.223,-286.685,286.685,74.253,Shake
-0.867,-1.553,-0.071,-286.685,286.685,177.607,Shake
-0.938,-1.999,0.725,-286.685,286.685,102.681,Shake
-0.282,-1.839,0.249,-51.266,-25.996,-94.692,Shake
-0.385,-1.089,0.277,222.871,-267.365,-244.414,Shake
-0.824,-0.879,-0.642,285.084,-286.685,-286.685,Shake
-1.129,-1.260,-1.997,286.685,-286.685,-286.685,Shake
-0.787,-0.021,-1.997,286.685,-286.685,-286.501,Shake
-0.252,-0.473,-1.784,286.685,-56.070,-62.230,Shake
1.242,-0.481,-1.997,286.545,258.003,172.585,Shake
1.185,-0.369,-1.442,230.982,242.804,83.457,Shake
0.658,-1.041,-1.214,-57.278,268.765,38.544,Shake
0.279,-0.356,0.150,-148.181,96.346,114.879,Shake
0.453,-0.009,0.499,-286.685,286.685,88.244,Shake
0.230,-0.697,0.109,-286.685,286.685,176.557,Shake
-1.778,-1.999,0.346,-286.685,286.685,131.049,Shake
-0.358,-1.999,0.756,-286.685,99.759,-32.769,Shake
-0.279,-1.189,-0.104,-38.237,-245.394,-278.941,Shake
-0.383,-0.957,-0.525,136.342,-227.316,-286.685,Shake
-0.786,-0.954,-1.065,280.297,-239.234,-286.685,Shake
-1.581,-1.295,-1.724,286.685,-286.685,-286.685,Shake
-1.492,-1.039,-1.997,286.685,-286.685,-286.685,Shake
1.052,-0.001,-1.997,286.685,-11.996,-47.661,Shake
1.133,0.076,-1.960,248.334,286.685,286.685,Shake
-0.659,-0.220,-1.359,-0.394,225.969,286.685,Shake
-0.294,-0.675,-0.380,-226.564,-27.974,253.479,Shake
0.731,-0.571,0.188,-286.685,73.981,77.332,Shake
0.379,-0.950,-0.369,-286.685,115.832,210.035,Shake
-0.080,-1.778,-0.372,-286.685,0.884,286.685,Shake
-0.117,-1.999,0.012,-286.685,-7.534,286.283,Shake
0.048,-1.849,-0.709,-279.527,41.440,-5.477,Shake
-0.360,-1.519,-0.736,-6.536,201.880,-285.836,Shake
-1.032,-1.340,-0.833,284.848,258.956,-286.685,Shake
-1.986,-1.302,-1.356,286.685,170.503,-286.685,Shake
-1.902,-0.726,-1.997,286.685,-19.407,-285.075,Shake
-0.344,-0.053,-1.997,286.685,-54.390,72.984,Shake
0.118,-0.199,-1.279,286.685,93.021,286.685,Shake
0.369,-0.579,-1.613,70.866,63.263,286.685,Shake
1.012,-0.732,-0.889,-107.065,-56.735,286.685,Shake
0.558,-0.503,-0.239,-286.685,92.960,286.685,Shake
-0.039,-1.057,-0.320,-286.685,179.462,286.589,Shake
-0.204,-1.911,-0.417,-286.685,8.321,207.568,Shake
-0.428,-1.999,-0.256,-286.685,-36.680,119.717,Shake
-0.400,-1.999,-0.868,-286.685,148.120,-141.321,Shake
-1.178,-1.640,-0.749,6.256,286.685,-286.685,Shake
-1.999,-1.446,-0.936,286.685,286.685,-286.685,Shake
-1.992,-1.106,-1.487,286.685,274.033,-286.685,Shake
-1.236,-0.170,-1.997,286.685,180.337,10.369,Shake
0.261,0.237,-1.434,286.685,25.244,285.521,Shake
0.260,0.194,-1.233,104.939,38.815,286.685,Shake
0.299,-0.597,-0.847,-279.746,5.224,286.685,Shake
0.341,-0.866,-0.648,-286.685,-3.412,286.685,Shake
-0.062,-1.391,-0.513,-286.685,8.111,286.685,Shake
-0.176,-1.987,-0.857,-286.685,13.221,237.746,Shake
0.108,-1.999,-0.816,-286.659,51.643,-81.366,Shake
0.027,-1.980,-0.439,-231.158,266.166,-165.742,Shake
-1.101,-1.445,-0.928,-54.854,286.685,-247.205,Shake
-1.999,-1.272,-0.948,284.909,286.685,-286.685,Shake
-1.975,-0.855,-0.896,286.685,240.887,-286.685,Shake
-1.467,-0.025,-1.997,286.685,87.666,-145.232,Shake
1.025,0.239,-1.552,286.676,-59.876,258.309,Shake
0.251,-0.066,-1.678,4.349,22.663,286.685,Shake
0.116,-0.424,-0.780,-146.300,61.827,286.685,Shake
0.044,-0.724,-0.239,-286.685,76.711,286.685,Shake
-0.292,-1.472,-0.295,-286.685,-29.776,286.685,Shake
-0.649,-1.999,-1.008,-286.685,-156.896,286.370,Shake
0.026,-1.999,-0.999,-286.685,-205.249,158.436,Shake
0.285,-1.771,-0.515,-187.679,31.561,-122.745,Shake
-0.513,-1.192,-0.866,-46.576,286.685,-273.779,Shake
-1.838,-1.379,-0.862,232.794,286.685,-286.685,Shake
-1.999,-1.209,-0.857,286.685,286.685,-286.685,Shake
-1.285,-0.603,-1.341,286.685,198.625,-283.491,Shake
-0.609,-0.634,-1.943,286.685,157.325,91.236,Shake
1.598,-0.394,-1.531,286.169,60.445,264.539,Shake
0.509,-0.345,-1.307,-39.629,23.118,284.025,Shake
0.472,-0.634,-0.742,-276.614,254.747,-38.062,Shake
0.386,-0.851,-0.650,-286.685,286.685,-285.022,Shake
0.394,-1.170,-0.386,-286.685,286.685,-283.684,Shake
-0.636,-1.552,0.076,-286.685,286.685,-29.356,Shake
-1.507,-1.766,0.129,-286.685,286.685,152.696,Shake
-0.092,-1.595,0.473,-286.685,280.210,161.779,Shake
0.419,-1.951,0.735,-59.981,-78.173,174.186,Shake
0.080,-1.357,0.887,194.346,-271.364,26.722,Shake
-0.407,-0.928,0.331,255.045,-286.685,-106.768,Shake
-1.818,-1.707,-1.790,111.624,-286.685,-282.695,Shake
-1.707,-1.327,-1.997,184.818,-286.685,-286.685,Shake
-0.569,-0.429,-1.997,286.685,-286.685,-286.685,Shake
1.025,-0.629,-1.856,286.685,102.025,83.799,Shake
0.534,-0.301,-1.689,286.668,286.633,285.346,Shake
-0.124,-0.369,-1.271,139.038,286.685,285.723,Shake
0.408,-0.137,0.324,-115.229,226.459,3.229,Shake
1.210,0.172,0.623,-286.685,286.685,-125.606,Shake
0.138,-0.544,-0.047,-286.685,286.685,-80.168,Shake
-1.829,-1.999,-0.609,-286.685,286.685,-110.714,Shake
-0.460,-1.984,0.346,-282.818,271.784,-56.893,Shake
-0.158,-0.555,-0.471,226.669,-246.015,-48.493,Shake
-1.295,-1.771,-1.912,286.685,-286.685,-281.041,Shake
-1.711,-1.398,-1.997,286.685,-286.685,-286.685,Shake
-0.541,-0.640,-1.997,286.685,-281.628,-286.685,Shake
1.276,-0.870,-1.997,286.685,283.325,9.354,Shake
-0.081,-0.575,-1.717,244.816,286.685,186.410,Shake
-0.015,-0.266,0.218,41.912,286.685,-245.009,Shake
0.785,0.320,0.276,-113.015,286.685,-286.685,Shake
-0.463,-0.690,-0.164,-178.981,286.685,-286.685,Shake
-1.999,-1.500,0.659,-286.291,286.685,-286.361,Shake
-1.271,-1.027,1.088,-286.685,286.685,-165.742,Shake
-1.034,-0.791,0.967,-143.535,286.685,-60.314,Shake
-1.025,-0.427,1.480,127.531,195.335,198.249,Shake
-0.974,-0.468,1.449,179.095,-98.674,286.685,Shake
-0.227,-1.484,1.051,160.475,-286.685,286.685,Shake
-0.537,-1.999,0.604,103.268,-286.685,286.685,Shake
-0.134,-1.937,0.422,-134.452,-286.685,286.685,Shake
0.313,-1.320,-0.340,-265.265,-286.685,86.590,Shake
0.387,-1.657,-0.948,-264.985,-286.685,-254.651,Shake
1.235,-0.727,-0.561,-109.357,-270.883,-286.685,Shake
1.449,1.206,0.005,94.106,285.329,-286.685,Shake
-0.698,0.569,0.300,206.658,286.685,-286.685,Shake
-1.999,-1.933,0.244,-43.199,286.685,-286.685,Shake
-1.999,1.084,1.997,-283.115,153.466,-286.099,Shake
-1.095,1.042,1.407,-286.685,-285.101,32.568,Shake
-0.765,-0.757,0.182,-286.685,-286.685,286.685,Shake
-1.409,-1.999,-1.790,-70.945,-286.685,286.685,Shake
1.981,-1.150,-1.997,248.736,-286.685,128.625,Shake
0.820,-1.046,-1.121,-0.752,74.489,27.528,Shake
0.893,-1.091,-0.957,-35.630,286.685,-257.478,Shake
-0.211,-0.911,-0.986,77.166,286.685,-274.312,Shake
-1.999,-0.142,0.695,242.235,286.685,-286.650,Shake
-1.999,-1.939,0.291,243.285,286.685,-286.685,Shake
-1.999,1.968,1.999,-93.940,263.349,-271.101,Shake
-1.764,1.367,1.838,-286.685,-286.685,272.466,Shake
-0.857,-0.946,0.326,-286.405,-286.685,286.685,Shake
-0.608,-1.999,-1.087,92.444,-286.685,286.685,Shake
1.822,-1.999,-1.997,286.685,-286.685,286.685,Shake
1.999,-1.115,1.208,186.305,-133.455,66.640,Shake
0.490,-1.123,-0.318,-143.955,286.685,-286.685,Shake
-0.055,-1.120,-0.762,104.090,286.685,-286.685,Shake
-1.999,-1.220,0.545,286.484,286.685,-286.685,Shake
-1.999,-0.433,0.624,239.426,286.685,-286.685,Shake
-1.999,1.610,1.793,-254.135,-117.014,58.730,Shake
-1.213,-0.542,-0.027,-281.076,-286.685,286.685,Shake
-0.940,-1.999,0.240,95.515,-286.685,286.685,Shake
-0.819,-1.999,-1.828,166.014,-286.685,286.685,Shake
1.999,-0.776,-1.046,144.462,-152.337,285.915,Shake
0.945,-1.952,0.003,-44.188,286.685,-278.163,Shake
-0.012,-0.610,0.109,165.839,286.685,-286.685,Shake
-1.946,-1.963,-0.206,286.685,286.685,-286.685,Shake
-1.999,-1.389,0.215,174.869,286.685,-286.685,Shake
-1.485,1.829,1.987,-215.477,229.066,-177.266,Shake
-1.110,-0.009,0.390,-286.388,-286.685,286.685,Shake
-1.055,-1.780,0.655,-15.190,-286.685,286.685,Shake
1.388,-1.999,-1.997,39.891,-285.731,286.685,Shake
1.999,-1.337,1.257,-124.933,208.863,-142.301,Shake
0.639,-1.951,0.290,-78.251,280.332,-286.685,Shake
-0.892,-0.364,0.428,242.410,252.175,-286.685,Shake
-1.999,-1.999,-0.717,286.685,286.685,-286.685,Shake
-1.999,1.994,0.812,213.640,286.685,-285.810,Shake
-1.999,1.843,1.736,-286.685,-241.622,285.600,Shake
-0.358,-0.348,0.102,-285.259,-286.685,286.685,Shake
-1.999,-1.999,0.490,-128.634,-286.685,286.685,Shake
1.999,-1.810,-1.997,42.446,-283.080,244.930,Shake
0.847,-1.999,0.280,-31.824,268.004,-262.552,Shake
-0.160,-1.413,-0.460,286.685,286.685,-286.685,Shake
-1.999,-0.681,0.065,286.685,286.685,-286.685,Shake
-1.999,-1.701,-0.823,286.685,286.685,-286.685,Shake
-1.830,1.997,1.999,-201.075,172.576,-200.314,Shake
-1.952,-0.587,-0.217,-286.685,-286.685,286.685,Shake
-1.569,-1.870,0.192,-111.143,-286.685,286.685,Shake
-0.313,-1.999,-1.997,1.347,-286.685,286.685,Shake
1.999,-1.657,-1.853,32.322,-285.408,286.659,Shake
1.024,-1.999,-0.224,-29.698,285.723,-250.880,Shake
0.032,-0.972,-0.057,284.112,286.685,-286.685,Shake
-1.999,-1.642,0.168,286.633,286.685,-286.685,Shake
-1.999,-0.481,-0.195,286.685,286.685,-286.685,Shake
-1.999,1.997,1.940,163.992,213.658,-255.885,Shake
-1.987,-0.039,-0.011,-286.685,-286.685,286.685,Shake
-0.901,-1.088,0.328,-87.605,-286.685,286.685,Shake
-1.472,-1.999,-1.997,-27.212,-286.685,286.685,Shake
1.999,-1.731,-1.352,-79.275,-199.561,266.254,Shake
0.865,-1.999,-0.152,-76.116,286.685,-286.265,Shake
0.101,-1.128,-0.288,215.399,286.685,-286.685,Shake
-1.923,-0.551,0.168,286.685,286.685,-286.685,Shake
-1.999,-1.755,-0.024,286.685,286.685,-286.685,Shake
-1.999,1.997,1.184,20.781,284.419,-285.513,Shake
-1.999,0.229,0.189,-286.685,-286.685,273.578,Shake
-1.232,-0.759,-0.168,-251.003,-286.685,286.685,Shake
-1.535,-1.999,-0.029,-94.369,-286.685,286.685,Shake
0.671,-1.999,-1.997,139.239,-286.685,286.685,Shake
1.999,-1.960,-0.373,68.119,-83.431,158.121,Shake
0.185,-1.904,0.068,54.189,286.685,-286.676,Shake
0.293,-1.037,-0.526,156.887,286.685,-286.685,Shake
-1.617,-1.298,0.355,281.610,286.685,-286.685,Shake
-1.999,-1.832,-0.416,286.633,286.685,-286.685,Shake
-1.999,1.994,1.427,233.747,260.654,-283.701,Shake
-1.995,0.367,0.522,-286.685,-286.457,280.193,Shake
-0.546,-0.514,0.191,-172.830,-286.685,286.685,Shake
-1.168,-1.858,0.415,-90.466,-286.685,286.685,Shake
0.513,-1.999,-1.997,-158.909,-286.685,286.685,Shake
1.982,-1.999,0.023,-19.337,-167.256,177.923,Shake
0.430,-1.930,-0.328,103.469,286.685,-286.685,Shake
-1.176,-0.715,0.081,286.685,286.685,-286.685,Shake
-1.999,-1.732,0.066,286.685,286.685,-286.685,Shake
-1.999,-0.984,0.187,253.137,286.685,-286.685,Shake
-1.999,1.589,1.899,-117.355,-146.921,0.569,Shake
-1.732,-0.485,-0.260,-260.733,-286.685,286.685,Shake
-0.455,-0.962,0.425,-23.231,-286.685,286.685,Shake
-1.903,-1.999,-1.806,-53.445,-286.685,286.685,Shake
1.989,-1.889,-1.924,-91.219,-286.685,247.704,Shake
1.923,-1.999,-1.104,-161.402,-25.638,-155.864,Shake
0.313,-1.428,-0.658,51.310,286.685,-286.685,Shake
-1.999,-0.637,0.326,286.685,286.685,-286.685,Shake
-1.999,-1.377,0.360,280.823,286.685,-286.685,Shake
-1.999,1.731,1.751,-61.127,202.851,-286.685,Shake
-1.781,1.103,1.419,-286.685,-284.217,-4.427,Shake
-0.472,-0.434,0.140,-254.905,-286.685,286.685,Shake
-1.151,-1.984,0.090,-21.298,-286.685,286.685,Shake
0.543,-1.999,-1.997,100.564,-286.685,286.685,Shake
1.999,-1.718,-0.934,35.333,-4.051,118.685,Shake
-0.605,-1.999,0.137,78.085,286.659,-249.270,Shake
-0.731,-0.664,0.332,216.913,286.685,-286.685,Shake
-1.999,-1.825,0.223,286.685,286.685,-286.685,Shake
-1.999,-1.032,-0.303,276.483,286.685,-286.685,Shake
-1.999,1.997,1.999,-82.294,23.511,-39.559,Shake
-1.972,0.414,0.575,-286.685,-286.685,286.519,Shake
-0.536,-0.648,0.281,-116.707,-286.685,286.685,Shake
-1.994,-1.999,-1.952,-128.730,-286.685,286.685,Shake
1.999,-0.154,-1.633,-3.036,-280.411,259.656,Shake
0.475,-1.999,0.305,-10.946,284.953,-234.596,Shake
-0.372,-1.586,-0.001,172.585,286.685,-286.685,Shake
-1.279,-1.243,0.366,286.685,286.685,-286.685,Shake
-1.999,-1.241,0.314,218.785,286.685,-286.685,Shake
-1.999,1.434,1.755,-227.789,245.919,-286.335,Shake
-1.774,0.213,0.728,-281.881,-285.950,149.765,Shake
-0.350,-0.429,0.414,56.193,-286.685,286.685,Shake
-0.429,-1.252,0.513,110.469,-286.685,286.685,Shake
-1.369,-1.999,-1.334,-3.771,-286.668,286.685,Shake
1.999,-0.440,-0.782,-71.776,-149.319,120.330,Shake
0.390,-1.999,0.485,-74.165,83.011,-286.685,Shake
-0.047,-1.470,-0.135,70.324,229.696,-286.685,Shake
-0.748,-1.023,0.012,194.661,286.685,-286.685,Shake
-1.999,-1.238,0.418,233.467,286.685,-286.685,Shake
-1.999,0.634,1.366,-28.656,286.466,-286.685,Shake
-1.670,0.694,1.485,-286.431,-277.524,8.671,Shake
-0.555,-0.501,0.619,1.452,-286.685,286.685,Shake
-0.514,-1.234,0.542,102.629,-286.685,286.685,Shake
-0.637,-1.999,-0.438,95.935,-286.685,286.685,Shake
1.999,-1.466,-0.292,1.409,-286.685,286.685,Shake
0.646,-1.106,-0.399,-286.484,-286.685,-30.581,Shake
-0.088,-0.679,-0.930,-286.685,-286.685,-179.182,Shake
-0.322,-0.415,-0.883,-286.685,-286.685,-29.050,Shake
0.030,-0.589,-0.833,-286.685,-286.685,74.952,Shake
0.726,-0.396,-0.853,-260.199,-168.464,260.663,Shake
0.765,-0.615,-0.464,-268.896,243.477,286.685,Shake
-0.454,-1.902,-0.114,-286.685,286.685,286.685,Shake
-0.791,-1.999,0.681,-286.685,275.756,240.704,Shake
0.339,-1.640,0.632,-91.507,-277.008,-165.139,Shake
-0.006,-0.812,-0.938,75.434,-286.685,-286.685,Shake
-0.919,-0.683,-1.611,200.637,-286.685,-286.685,Shake
-1.999,-0.166,-1.997,241.430,-286.685,-286.685,Shake
-0.353,0.488,-1.997,286.685,-36.627,-50.680,Shake
-0.977,0.034,-1.938,286.685,284.839,286.685,Shake
-0.642,0.094,-1.228,221.821,193.296,243.810,Shake
0.452,-0.374,-0.637,-135.887,209.134,74.296,Shake
0.619,-0.814,-0.091,-286.659,285.040,199.299,Shake
-0.011,-1.872,0.550,-286.685,286.685,286.685,Shake
-0.862,-1.999,0.097,-286.685,164.290,286.685,Shake
0.241,-1.999,-0.404,-269.220,6.221,132.300,Shake
0.001,-1.034,-0.626,147.884,-24.036,-286.685,Shake
-0.886,-0.867,-0.940,286.685,31.981,-286.685,Shake
-1.999,-0.817,-1.997,286.685,-114.433,-286.685,Shake
-1.374,0.688,-1.997,286.685,-280.586,-213.981,Shake
-0.045,0.377,-1.997,286.685,-39.699,286.659,Shake
-0.291,0.148,-1.425,222.372,109.086,286.685,Shake
0.463,-0.305,-0.730,-228.296,192.964,183.872,Shake
0.643,-1.147,-0.021,-286.685,223.851,196.420,Shake
-0.073,-1.877,-0.411,-286.685,149.966,286.685,Shake
-0.327,-1.999,-0.827,-286.685,84.945,279.633,Shake
0.576,-1.999,-0.396,-142.354,167.904,170.319,Shake
0.201,-1.303,-0.362,197.829,275.573,-81.340,Shake
-0.943,-0.636,-0.823,286.685,219.826,-284.078,Shake
-1.998,-0.896,-1.982,286.685,-117.565,-286.685,Shake
-1.996,0.020,-1.997,286.685,-286.685,-279.580,Shake
-0.661,-0.056,-1.659,286.685,-285.740,-43.934,Shake
0.119,-0.247,-1.721,286.685,-101.675,285.679,Shake
0.992,-0.519,-1.265,132.869,-95.095,286.685,Shake
0.641,-0.418,-0.557,-238.665,39.463,286.685,Shake
0.156,-1.417,-0.249,-286.685,-29.347,286.685,Shake
-0.146,-1.926,-0.284,-286.685,-103.897,286.685,Shake
0.002,-1.999,-1.056,-286.685,-98.761,94.106,Shake
0.195,-1.932,-0.535,-260.374,67.743,-187.049,Shake
-1.276,-1.398,-0.872,48.449,286.685,-286.685,Shake
-1.999,-1.262,-0.923,286.685,286.685,-286.685,Shake
-1.999,-0.817,-1.079,286.685,286.685,-268.695,Shake
-1.768,-0.338,-1.356,286.685,213.351,43.566,Shake
-0.871,0.213,-1.176,286.685,-76.974,286.685,Shake
1.383,-0.586,-1.948,-140.306,-179.357,267.383,Shake
1.059,-1.043,-1.483,-184.476,-206.693,286.685,Shake
0.547,-1.026,-0.977,-285.828,24.894,286.685,Shake
-0.456,-1.165,-0.210,-286.685,136.054,286.685,Shake
-0.395,-1.906,-0.539,-286.685,166.679,134.908,Shake
-0.239,-1.999,-0.495,-286.685,73.019,-7.831,Shake
-0.277,-1.695,-0.434,-285.224,172.165,-135.625,Shake
-0.587,-1.493,-0.478,-97.895,286.685,-278.591,Shake
-1.538,-1.647,-0.585,56.919,286.685,-286.685,Shake
-1.999,-0.861,-1.139,286.685,286.685,-286.685,Shake
-1.653,-0.237,-1.001,286.685,269.815,-214.786,Shake
-0.949,-0.496,-0.874,286.685,198.074,254.039,Shake
-0.053,-0.476,-0.828,283.824,-135.161,286.685,Shake
1.213,-0.832,-1.709,-60.541,-286.685,286.685,Shake
0.702,-1.069,-1.460,-226.581,-207.148,286.685,Shake
-0.033,-1.580,-0.681,-286.685,186.130,286.685,Shake
-0.193,-1.999,-0.150,-286.685,245.298,271.233,Shake
-0.375,-1.999,0.045,-286.685,203.788,-1.610,Shake
-0.759,-1.999,-0.257,-286.685,286.685,-257.513,Shake
-1.095,-1.838,-0.237,-12.836,286.685,-286.685,Shake
-1.999,-1.575,-0.514,247.712,286.685,-286.685,Shake
-1.999,-1.312,-1.106,286.685,229.040,-286.685,Shake
-1.575,-0.910,-1.457,286.685,141.636,-247.100,Shake
0.224,-0.827,-1.728,286.685,286.492,261.861,Shake
1.545,-0.237,-1.075,112.394,181.151,286.685,Shake
0.977,-0.375,-1.852,-225.006,26.670,286.685,Shake
0.353,-1.018,-0.782,-285.486,-34.528,286.571,Shake
0.231,-1.627,0.126,-286.685,131.197,246.391,Shake
-0.297,-1.999,0.021,-286.685,181.335,172.777,Shake
-0.386,-1.999,0.160,-286.685,115.238,6.151,Shake
-0.676,-1.942,0.123,-284.462,160.510,-140.717,Shake
-1.453,-1.556,-0.187,49.044,286.554,-286.685,Shake
-1.999,-1.386,-0.404,286.685,283.649,-286.685,Shake
-1.999,-1.092,-0.810,286.685,170.625,-286.685,Shake
-1.212,-0.864,-1.766,286.685,152.906,-86.809,Shake
0.002,-0.606,-1.440,286.685,101.876,286.554,Shake
0.930,-0.243,-1.870,223.527,-78.724,286.685,Shake
0.706,-0.655,-1.244,-140.070,-183.908,286.685,Shake
-0.082,-1.226,-0.539,-286.685,188.151,286.685,Shake
0.073,-1.652,-0.066,-286.685,192.587,262.658,Shake
-0.214,-1.999,0.056,-286.685,115.308,166.276,Shake
-0.405,-1.999,0.818,-286.606,96.495,79.879,Shake
-0.540,-1.629,-0.028,-96.136,130.830,-126.857,Shake
-0.773,-1.274,-0.113,26.924,115.238,-286.685,Shake
-1.499,-1.264,-0.351,192.719,140.070,-286.685,Shake
-1.990,-1.098,-0.616,286.685,134.803,-286.685,Shake
-1.670,-0.925,-0.826,286.685,93.021,-285.801,Shake
-0.668,-0.545,-1.363,286.685,84.577,-0.438,Shake
0.676,-0.305,-1.224,286.212,-0.446,286.685,Shake
0.836,-0.280,-1.139,-116.786,50.199,286.685,Shake
0.401,-0.808,-1.023,-285.862,153.003,286.685,Shake
-0.023,-1.650,-0.625,-286.685,179.497,280.989,Shake
-0.156,-1.999,0.388,-286.685,60.252,283.062,Shake
-0.329,-1.999,-0.081,-286.685,25.743,144.874,Shake
-0.411,-1.962,-0.119,-285.233,172.812,-131.381,Shake
-0.821,-1.514,-0.341,-62.186,283.413,-286.685,Shake
-1.616,-1.459,-0.330,271.066,286.685,-286.685,Shake
-1.999,-1.440,-0.658,286.685,281.785,-286.685,Shake
-1.706,-1.219,-1.236,286.685,239.277,-283.771,Shake
-0.215,-0.626,-1.738,286.685,101.841,93.354,Shake
0.896,-0.395,-1.524,286.510,-45.412,286.685,Shake
1.127,0.416,-1.261,-86.389,62.283,285.267,Shake
0.922,-0.781,-1.019,-282.800,222.005,230.458,Shake
0.237,-0.992,-0.225,-286.685,203.945,286.685,Shake
-0.815,-1.477,-0.077,-286.685,94.421,286.685,Shake
-0.783,-1.999,-0.547,-286.685,-132.633,251.484,Shake
0.306,-1.999,-0.107,-286.685,-205.887,-41.807,Shake
-0.164,-1.628,-0.165,-257.871,226.398,-267.479,Shake
-1.014,-1.391,-0.496,-11.060,286.685,-286.685,Shake
-1.999,-1.543,-0.292,273.271,286.685,-286.685,Shake
-1.999,-1.269,-0.572,286.685,286.659,-286.685,Shake
-1.433,-1.018,-1.083,286.685,244.965,-238.254,Shake
-0.211,-0.393,-1.751,286.685,200.576,189.245,Shake
0.522,-0.312,-1.556,159.723,-67.025,286.685,Shake
1.062,-0.329,-0.843,-3.316,-134.234,286.685,Shake
0.507,-0.595,-0.698,-272.265,-6.755,286.685,Shake
0.019,-1.177,-0.618,-286.685,71.295,286.685,Shake
-0.217,-1.568,-0.599,-286.685,-22.067,286.685,Shake
0.036,-1.999,-0.590,-286.685,-122.019,286.685,Shake
0.129,-1.868,-0.326,-286.685,-81.664,166.145,Shake
0.034,-1.570,-0.610,-277.270,141.304,-105.385,Shake
-0.692,-1.764,-0.314,-90.842,285.215,-281.444,Shake
-1.992,-1.817,0.066,112.569,286.685,-286.685,Shake
-1.999,-1.645,-0.630,286.685,280.114,-286.685,Shake
-1.701,-1.425,-0.552,286.685,214.673,-286.685,Shake
-0.406,-0.715,-1.683,286.685,286.685,-94.719,Shake
0.678,-0.323,-1.672,286.685,264.075,286.685,Shake
0.716,-0.362,-1.541,-13.632,165.681,286.685,Shake
0.423,-0.548,-1.223,-277.349,64.908,286.685,Shake
0.280,-1.452,-0.864,-286.685,-75.198,282.888,Shake
0.102,-1.999,-0.001,-286.685,-123.480,232.496,Shake
-0.063,-1.932,0.230,-286.685,24.938,187.521,Shake
-0.053,-1.802,-0.055,-286.685,129.080,-70.927,Shake
-0.345,-1.850,-0.263,-283.290,204.094,-246.899,Shake
-0.680,-1.722,-0.213,-65.503,226.292,-286.685,Shake
-1.660,-1.536,-0.002,109.366,276.552,-286.685,Shake
-1.906,-1.496,-0.467,286.073,233.258,-286.685,Shake
-1.364,-1.038,-0.703,286.685,150.850,-286.685,Shake
-0.735,-0.938,-0.874,286.685,202.633,-1.444,Shake
0.114,-0.702,-1.501,282.546,275.109,286.685,Shake
0.788,-1.327,-1.997,79.266,260.619,286.685,Shake
1.521,-0.536,-1.814,-272.650,-42.884,286.685,Shake
-0.092,-1.217,-0.781,-283.815,-109.349,286.685,Shake
-0.183,-1.590,0.443,-286.685,242.314,286.431,Shake
-0.330,-1.987,0.214,-286.685,224.674,193.489,Shake
-0.551,-1.999,0.289,-286.685,160.878,77.166,Shake
-0.466,-1.547,-0.078,-269.001,90.956,-184.214,Shake
-0.628,-1.310,-0.190,-56.866,101.448,-286.685,Shake
-1.199,-1.198,-0.151,157.762,146.807,-286.685,Shake
-1.669,-1.374,-0.533,286.685,130.602,-286.685,Shake
-1.641,-1.393,-0.948,286.685,97.387,-286.685,Shake
-0.796,-0.946,-1.704,286.685,94.185,-265.562,Shake
-0.004,-0.640,-1.719,286.685,169.251,42.341,Shake
0.226,-0.304,-1.324,188.449,178.693,286.659,Shake
0.403,-0.773,-0.914,-97.904,92.111,211.199,Shake
0.186,-0.618,-0.296,-261.747,16.861,231.997,Shake
0.253,-0.539,-0.256,-286.685,58.660,273.788,Shake
-0.261,-1.216,-0.237,-286.685,-112.096,286.685,Shake
-0.228,-1.999,-0.288,-286.685,-283.666,269.649,Shake
-0.153,-1.578,-0.301,-286.685,-209.099,45.369,Shake
-0.297,-1.271,-0.447,-193.673,33.381,-191.432,Shake
-0.730,-1.493,-0.424,108.342,284.375,-286.685,Shake
-1.322,-1.417,-0.377,286.685,286.685,-286.685,Shake
-1.562,-0.837,-0.648,286.685,265.073,-282.625,Shake
-0.962,-0.511,-0.912,286.685,151.541,-42.368,Shake
-0.363,-0.670,-0.959,286.685,17.570,213.806,Shake
0.077,-1.002,-1.276,245.849,12.775,286.659,Shake
0.895,-0.757,-1.720,-46.996,58.170,286.685,Shake
0.405,-0.903,-1.049,-163.756,-3.990,286.685,Shake
-0.052,-1.123,-0.474,-268.406,36.671,244.458,Shake
-0.159,-1.317,-0.109,-286.685,49.464,120.059,Shake
-0.188,-1.854,-0.027,-286.685,51.231,13.807,Shake
-0.041,-1.995,-0.310,-286.685,49.726,-38.623,Shake
-0.291,-1.591,-0.061,-235.069,111.816,-119.236,Shake
-0.592,-1.326,-0.079,-36.811,239.085,-240.564,Shake
-0.838,-1.271,-0.258,144.602,249.086,-286.685,Shake
-1.136,-1.161,-0.385,263.217,204.995,-286.685,Shake
-1.686,-1.114,-0.935,286.685,99.295,-286.685,Shake
-0.837,-0.674,-1.244,286.685,18.944,-208.206,Shake
-0.248,-0.595,-1.132,286.685,81.279,100.713,Shake
0.088,-0.691,-1.207,199.273,166.740,286.685,Shake
0.598,-0.648,-1.512,-4.235,147.691,286.685,Shake
0.185,-0.904,-0.992,-146.878,-71.969,286.685,Shake
-0.280,-0.895,-0.317,-278.836,16.013,286.685,Shake
-0.328,-1.437,-0.402,-286.685,149.958,267.356,Shake
-0.313,-1.999,-0.380,-286.685,38.272,234.421,Shake
-0.142,-1.999,-0.221,-286.685,29.452,132.038,Shake
0.028,-1.757,-0.273,-275.476,88.191,-30.004,Shake
-0.198,-1.430,-0.097,-131.136,242.935,-241.964,Shake
-0.866,-1.501,-0.127,-13.991,286.685,-286.685,Shake
-1.718,-1.610,-0.303,169.024,286.685,-286.685,Shake
-1.999,-1.598,-0.722,286.685,154.814,-286.685,Shake
-1.588,-1.212,-1.128,286.685,-1.278,-227.981,Shake
-0.827,-0.482,-1.538,286.685,-26.329,-0.998,Shake
0.175,-0.664,-1.459,286.685,126.254,272.589,Shake
0.493,-0.501,-1.923,20.624,155.286,286.685,Shake
0.556,-0.753,-1.576,-254.494,22.251,286.685,Shake
0.075,-0.984,-0.664,-286.685,62.169,286.685,Shake
-0.084,-1.096,-0.438,-286.685,259.866,286.685,Shake
-0.060,-1.901,-0.088,-286.685,165.708,284.270,Shake
-0.337,-1.999,0.231,-286.685,82.119,286.685,Shake
-0.358,-1.999,-0.114,-286.685,42.061,189.271,Shake
-0.526,-1.696,-0.285,-219.835,88.821,-205.765,Shake
-1.269,-1.508,-0.146,24.903,199.378,-286.685,Shake
-1.999,-1.818,-0.452,281.654,263.471,-286.685,Shake
-1.999,-1.976,-1.369,286.685,250.040,-286.685,Shake
-1.584,-0.699,-1.677,286.685,252.061,-52.491,Shake
-0.717,-0.195,-1.883,286.685,249.917,286.571,Shake
0.326,-1.110,-1.932,280.849,-130.900,286.685,Shake
0.927,-0.315,-1.346,-189.551,79.345,286.685,Shake
0.379,-1.085,-1.402,-286.685,286.685,249.734,Shake
-0.502,-1.369,-0.029,-286.685,286.685,286.685,Shake
-0.847,-1.999,0.076,-286.685,200.156,286.685,Shake
-0.863,-1.999,0.077,-286.685,-26.749,274.339,Shake
-0.370,-1.823,-0.264,-286.685,-11.217,-116.795,Shake
-0.852,-1.324,-0.466,-134.575,286.335,-286.685,Shake
-1.992,-1.849,-0.616,177.931,286.685,-286.685,Shake
-1.999,-1.830,-0.852,286.685,286.685,-286.685,Shake
-1.858,-1.246,-0.914,286.685,283.133,-286.650,Shake
-1.041,-0.568,-1.516,286.685,261.021,125.545,Shake
0.185,-0.410,-1.373,286.685,168.140,249.480,Shake
1.482,-0.279,-1.343,171.833,43.645,286.685,Shake
0.852,0.048,-0.764,-94.955,-14.962,286.685,Shake
0.714,-0.735,-0.725,-286.685,195.055,286.685,Shake
-0.128,-1.925,-0.525,-286.685,85.365,286.685,Shake
-0.216,-1.999,-0.547,-286.685,-117.259,286.685,Shake
0.194,-1.999,0.373,-286.685,-123.130,173.171,Shake
-0.217,-1.541,-0.146,-213.334,270.209,-238.236,Shake
-1.058,-1.558,-0.122,31.780,286.685,-286.685,Shake
-1.672,-1.825,-0.147,204.636,286.685,-286.685,Shake
-1.999,-1.991,-0.610,286.676,269.867,-286.685,Shake
-1.535,-1.517,-0.413,286.685,197.697,-269.981,Shake
-1.415,-0.552,-1.992,286.685,245.411,160.291,Shake
0.502,-0.453,-1.717,286.685,-42.385,286.685,Shake
1.441,-0.427,-1.509,236.031,-239.409,286.685,Shake
1.106,0.098,-0.646,-118.064,200.095,286.685,Shake
0.036,-1.127,-1.230,-285.250,286.685,286.685,Shake
-0.419,-1.365,-0.040,-286.685,257.040,286.685,Shake
-0.931,-1.999,-0.116,-286.685,50.715,286.685,Shake
-0.000,-1.999,-0.371,-286.685,-42.621,80.202,Shake
-0.112,-1.976,-0.623,-286.685,97.624,-219.695,Shake
-0.571,-1.722,-0.455,-152.381,278.504,-286.685,Shake
-1.767,-1.835,-0.314,142.363,286.685,-286.685,Shake
-1.999,-1.960,-0.715,286.685,286.685,-286.685,Shake
-1.788,-1.665,-1.060,286.685,286.519,-286.685,Shake
-1.204,-0.766,-1.576,286.685,283.272,111.081,Shake
0.751,-0.314,-1.969,286.685,252.140,285.119,Shake
1.405,-0.521,-1.997,268.922,-110.652,286.685,Shake
1.723,0.001,-1.336,31.378,-257.635,286.685,Shake
0.146,-0.714,-0.888,-236.863,246.794,267.365,Shake
-0.188,-1.174,0.004,-286.685,286.396,284.147,Shake
-1.188,-1.999,-0.220,-286.685,23.949,286.685,Shake
-0.760,-1.999,-0.256,-286.685,-139.694,163.958,Shake
-0.157,-1.983,-0.081,-286.685,-111.274,-32.252,Shake
-0.947,-1.495,-0.304,-185.867,276.570,-286.440,Shake
-1.793,-1.802,-0.470,188.064,286.685,-286.685,Shake
-1.999,-1.637,-0.756,286.685,286.685,-286.685,Shake
-1.859,-0.940,-1.510,286.685,223.799,-286.685,Shake
-0.875,-0.442,-1.661,286.685,282.573,-91.840,Shake
0.150,-0.691,-1.997,286.685,285.819,-23.485,Shake
0.832,-0.687,-1.140,223.615,154.682,-54.583,Shake
0.994,-0.285,-0.437,-12.040,277.296,-286.685,Shake
0.747,0.340,0.181,-108.850,286.685,-286.685,Shake
-1.389,-0.345,0.980,-269.955,286.685,-286.685,Shake
-1.999,-1.897,1.507,-286.685,286.685,-286.685,Shake
-1.994,-0.233,1.924,-286.685,276.133,-286.685,Shake
-0.461,-0.051,1.631,-276.203,-234.001,15.339,Shake
0.816,-1.042,0.797,88.944,-286.685,286.685,Shake
-0.184,-1.999,1.108,286.685,-186.331,286.685,Shake
0.377,-1.999,-0.277,286.685,-152.057,286.685,Shake
1.998,-0.428,-0.554,45.334,-286.685,165.104,Shake
1.275,-1.405,-0.197,-74.077,104.746,-286.685,Shake
-1.709,-0.907,0.338,217.402,286.685,-286.685,Shake
-1.999,-0.861,0.098,286.685,286.685,-286.685,Shake
-1.999,1.370,0.449,79.747,279.388,-286.615,Shake
-1.999,1.748,1.116,-286.466,-90.396,69.772,Shake
-1.183,-0.984,0.112,-286.685,-286.685,286.685,Shake
-0.659,-1.999,0.385,16.126,-286.685,286.685,Shake
0.799,-1.999,-1.997,146.755,-286.685,286.685,Shake
1.998,-1.474,-0.857,252.709,-203.753,253.094,Shake
1.935,-1.999,-0.056,51.774,283.036,-285.005,Shake
-0.757,-0.716,0.425,267.041,271.985,-286.685,Shake
-1.999,-1.038,-0.427,212.327,286.685,-286.685,Shake
-1.999,-1.070,-0.892,186.970,286.685,-286.685,Shake
-1.945,1.888,1.727,-216.352,95.480,87.255,Shake
-1.975,-0.319,0.193,-286.685,-284.979,286.685,Shake
-0.526,-1.584,0.548,-120.960,-286.685,286.685,Shake
-0.968,-1.999,0.326,-98.997,-286.685,286.685,Shake
1.998,-1.827,0.338,-280.674,-209.571,176.006,Shake
1.984,-1.999,-0.148,-29.356,250.460,-286.685,Shake
-0.283,-0.589,-0.006,286.685,286.685,-286.685,Shake
-1.999,-0.895,-0.056,286.685,286.685,-286.685,Shake
-1.999,0.072,0.278,86.065,286.064,-286.685,Shake
-1.999,1.236,1.022,-286.685,-215.224,169.514,Shake
-1.039,-0.923,0.070,-167.781,-286.685,286.685,Shake
-1.510,-1.999,0.021,42.324,-286.685,286.685,Shake
0.681,-1.999,-1.929,-19.329,-286.685,286.685,Shake
1.998,-1.650,0.926,79.940,-236.512,147.534,Shake
1.435,-1.994,-0.654,50.278,286.545,-286.685,Shake
-0.925,-0.627,0.628,286.685,286.685,-286.685,Shake
-1.999,-1.999,-0.501,284.699,286.685,-286.685,Shake
-1.999,-0.071,-0.152,127.575,286.108,-286.685,Shake
-1.999,1.699,1.214,-286.685,-199.115,5.294,Shake
-1.054,-0.475,-0.089,-244.562,-286.685,286.685,Shake
-1.112,-1.999,0.333,110.845,-286.685,286.685,Shake
1.994,-1.996,-1.997,5.031,-77.963,282.380,Shake
1.998,-1.447,1.087,110.276,9.074,42.656,Shake
0.944,-1.898,-0.157,14.700,286.685,-286.685,Shake
-1.999,-1.476,0.160,249.288,286.685,-286.685,Shake
-1.999,-1.522,0.375,249.664,286.685,-286.685,Shake
-1.999,0.445,0.722,-16.774,143.727,-271.801,Shake
-1.810,0.586,0.889,-184.923,-148.251,55.020,Shake
-0.939,-0.398,0.313,-47.469,-286.685,286.685,Shake
-0.207,-0.960,0.335,57.033,-286.685,286.685,Shake
-0.167,-1.999,-0.190,10.474,-286.685,286.685,Shake
1.975,-1.999,-1.242,-50.487,-188.335,285.731,Shake
1.700,-1.513,1.123,-129.710,-86.214,-7.079,Shake
1.382,-1.396,-0.104,-41.834,221.095,-286.685,Shake
-0.107,-0.959,0.330,124.189,284.664,-286.685,Shake
-1.999,-0.935,0.584,176.846,286.685,-286.685,Shake
-1.999,-1.296,0.087,84.175,286.685,-286.685,Shake
-1.999,0.709,1.110,-107.616,164.124,-285.924,Shake
-1.443,0.145,0.825,-285.469,-282.467,232.776,Shake
-0.349,-0.728,0.450,-21.122,-286.685,286.685,Shake
-0.675,-1.999,0.184,106.899,-286.685,286.685,Shake
1.601,-1.999,-1.997,37.336,-283.675,283.797,Shake
1.998,-0.988,-0.590,116.235,-227.798,125.834,Shake
0.965,-1.575,0.203,-157.509,269.736,-282.109,Shake
0.179,-1.265,0.288,102.751,177.083,-286.685,Shake
-1.049,-0.487,0.173,207.690,286.685,-286.685,Shake
-1.999,-1.028,0.231,213.955,286.685,-286.685,Shake
-1.999,1.049,1.072,-20.641,259.402,-269.307,Shake
-1.861,1.030,1.442,-228.357,-43.426,122.885,Shake
-0.906,-0.428,0.472,-219.931,-286.685,286.685,Shake
-0.685,-1.902,0.633,-126.376,-286.685,286.685,Shake
1.637,-1.999,-1.119,-33.014,-281.960,286.685,Shake
1.778,-1.606,0.900,-155.663,-14.446,2.529,Shake
1.294,-1.932,0.085,-145.967,217.455,-284.480,Shake
0.579,-1.424,-0.053,170.695,143.675,-270.777,Shake
-0.943,-0.829,0.180,252.026,276.413,-286.562,Shake
-1.999,-0.838,0.347,220.307,286.685,-286.685,Shake
-1.999,-0.183,0.518,66.955,286.685,-286.685,Shake
-1.631,1.948,1.986,-154.945,41.912,77.525,Shake
-1.169,-0.053,0.571,-285.031,-286.685,286.606,Shake
-0.379,-1.098,0.567,-80.089,-286.685,286.685,Shake
-0.320,-1.999,-0.551,19.171,-286.685,286.685,Shake
1.998,-1.762,-0.851,170.030,-100.310,182.700,Shake
0.066,-1.240,1.536,-49.429,55.685,-156.476,Shake
0.924,-1.393,0.128,-122.395,176.286,-286.685,Shake
0.410,-1.501,-0.236,19.548,41.947,-250.670,Shake
-0.756,-0.787,0.395,157.833,180.845,-192.264,Shake
-1.630,-0.449,0.269,162.689,286.685,-286.685,Shake
-1.999,-0.620,0.231,183.374,286.685,-286.685,Shake
-1.989,0.543,0.735,120.750,286.685,-286.562,Shake
-1.308,1.169,1.664,-176.452,-2.336,145.303,Shake
-0.961,-0.297,0.618,-283.719,-284.848,286.685,Shake
-0.648,-1.350,0.932,-259.061,-286.685,286.685,Shake
-1.107,-1.999,-0.238,-286.466,-286.685,286.685,Shake
1.657,-1.999,-1.761,-153.090,-286.685,1.908,Shake
1.998,-1.251,-0.103,-30.966,-285.049,-257.985,Shake
0.683,-1.881,-0.115,-97.247,169.803,-286.685,Shake
0.466,-1.262,-0.839,57.382,286.685,-257.084,Shake
-1.990,-0.319,0.690,286.685,286.685,-165.253,Shake
-1.999,-0.204,0.200,286.685,286.685,-286.685,Shake
-1.999,0.183,0.356,286.685,286.685,-286.685,Shake
-1.869,1.294,0.792,104.169,168.131,-115.229,Shake
-1.431,0.282,0.548,-243.967,-168.499,257.250,Shake
-0.806,-0.522,0.392,-286.685,-278.565,286.685,Shake
-0.568,-1.493,0.677,-286.685,-286.685,286.685,Shake
-0.706,-1.999,0.371,-286.685,-286.685,286.685,Shake
1.991,-1.999,-1.264,-229.731,-286.685,222.337,Shake
0.852,-1.999,0.089,12.915,98.201,-189.945,Shake
0.665,-1.591,0.033,93.887,118.256,-266.367,Shake
0.014,-0.691,0.311,133.499,69.396,-230.414,Shake
-0.417,-0.554,0.439,123.200,162.601,-249.226,Shake
-1.924,-0.084,0.439,178.141,286.685,-286.685,Shake
-1.999,-0.677,0.340,234.027,286.685,-286.685,Shake
-1.987,0.512,0.529,76.361,262.728,-281.654,Shake
-0.998,0.741,1.375,-248.421,-236.688,245.997,Shake
-0.662,-0.201,0.502,-286.685,-286.685,286.685,Shake
-0.909,-1.870,0.199,-242.900,-286.685,286.685,Shake
-0.702,-1.999,-1.507,-70.884,-286.685,286.685,Shake
1.998,-1.328,-0.429,51.896,-180.749,44.879,Shake
0.457,-1.995,0.669,100.721,160.300,-184.896,Shake
0.492,-1.232,0.404,-6.983,184.363,-286.685,Shake
0.143,-0.627,-0.069,37.809,138.583,-286.685,Shake
-1.101,-0.545,0.811,79.817,283.911,-286.685,Shake
-1.999,-1.333,-0.090,72.503,286.685,-286.685,Shake
-1.999,-0.862,0.021,190.321,286.685,-286.685,Shake
-1.675,1.067,1.630,69.204,205.660,-127.951,Shake
-1.106,0.122,0.735,-226.783,-286.598,269.220,Shake
-0.653,-0.762,0.275,-153.650,-286.685,286.685,Shake
-0.644,-1.822,0.197,-98.376,-286.685,286.685,Shake
-0.561,-1.999,-0.356,-78.496,-267.400,286.685,Shake
0.412,-1.999,0.032,-29.041,-222.565,250.574,Shake
1.998,-1.381,1.606,69.457,-118.344,-75.504,Shake
0.847,-1.448,0.345,3.614,121.161,-282.888,Shake
0.369,-1.119,-0.192,38.885,30.013,-253.041,Shake
-0.056,-0.783,-0.083,86.573,0.560,-203.604,Shake
-1.574,-0.090,0.889,158.086,200.471,-273.709,Shake
-1.991,-1.083,0.146,139.125,286.685,-286.685,Shake
-1.999,-0.200,0.185,205.730,286.685,-286.685,Shake
-1.070,1.535,1.997,-106.995,-20.099,103.915,Shake
-1.239,0.367,0.739,-286.685,-286.466,286.685,Shake
-0.782,-0.894,0.322,-213.115,-286.685,286.685,Shake
-1.185,-1.999,-0.601,-182.691,-286.685,286.685,Shake
0.055,-1.999,-1.503,-96.495,-286.685,286.685,Shake
1.998,-0.682,-0.274,26.093,-223.125,27.528,Shake
1.058,-1.756,0.494,-46.428,128.319,-224.429,Shake
0.484,-1.471,-0.337,-134.234,251.291,-286.142,Shake
0.327,-1.372,-0.222,-42.376,193.602,-238.105,Shake
-0.546,-1.148,0.486,76.685,286.020,-148.111,Shake
-1.953,-0.781,0.682,161.971,286.685,-283.027,Shake
-1.999,-0.880,0.296,234.106,286.685,-286.685,Shake
-1.999,0.155,0.792,224.901,282.660,-286.685,Shake
-1.396,0.948,1.702,-43.645,-160.160,-16.476,Shake
-1.008,-0.334,0.547,-238.289,-286.685,256.725,Shake
-0.534,-1.151,0.474,-116.454,-286.685,286.685,Shake
-0.672,-1.999,-0.406,1.942,-286.685,286.685,Shake
-0.070,-1.999,-1.245,57.689,-286.685,286.668,Shake
1.998,-0.593,-1.092,-7.648,-250.530,139.107,Shake
0.562,-1.695,0.201,-76.851,88.104,-151.979,Shake
0.679,-1.328,-0.474,-115.132,254.249,-190.076,Shake
0.384,-0.986,-0.422,1.138,213.194,-119.621,Shake
-0.401,-0.522,0.404,173.451,262.728,-104.659,Shake
-1.999,-0.539,0.467,205.152,286.685,-286.492,Shake
-1.999,-0.671,0.234,283.946,286.685,-286.685,Shake
-1.901,0.730,1.355,110.049,228.226,-144.156,Shake
-1.646,0.703,1.477,-220.036,-281.934,190.872,Shake
-0.936,-0.362,0.644,-279.484,-286.685,286.562,Shake
-1.232,-1.654,0.322,-283.763,-286.685,286.685,Shake
-0.783,-1.999,-1.295,-233.398,-286.685,286.685,Shake
1.958,-1.543,-1.557,-56.035,-286.685,207.664,Shake
1.591,-1.552,-0.393,-116.743,-203.761,-36.015,Shake
0.659,-1.759,-0.428,-153.834,250.303,-201.031,Shake
0.637,-1.495,-0.602,-50.006,256.270,-132.755,Shake
0.250,-1.070,-0.182,175.446,177.389,-18.795,Shake
-0.835,-0.158,0.959,283.517,282.345,-28.403,Shake
-1.637,-0.219,0.507,280.297,286.685,-286.685,Shake
-1.999,-0.680,0.468,251.011,286.685,-286.685,Shake
-1.999,0.052,0.843,137.445,284.777,-286.685,Shake
-1.425,0.644,1.504,-172.559,-197.216,-10.019,Shake
-0.925,-0.408,0.546,-285.723,-286.685,263.856,Shake
-0.885,-1.214,0.221,-181.361,-286.685,286.685,Shake
-0.806,-1.999,-1.495,-69.886,-286.685,286.685,Shake
0.609,-1.999,-1.997,114.809,-286.685,235.340,Shake
1.998,-0.724,-0.888,0.665,-277.078,153.676,Shake
0.420,-1.714,0.035,-67.891,198.975,-125.457,Shake
0.552,-1.119,-0.181,-70.350,285.871,-173.197,Shake
0.050,-0.881,-0.116,113.706,284.034,-110.425,Shake
-1.257,-0.537,1.271,175.000,286.685,-218.680,Shake
-1.703,-0.783,0.581,147.035,286.685,-286.685,Shake
-1.771,-0.594,0.674,146.029,286.685,-286.668,Shake
-1.274,0.138,1.195,6.431,32.182,-71.015,Shake
-0.594,-0.143,0.841,-151.113,-286.668,139.256,Shake
-0.358,-0.597,0.452,-146.580,-286.685,286.685,Shake
-0.697,-1.783,-0.252,-72.599,-286.685,286.685,Shake
-0.886,-1.999,-1.424,114.196,-286.685,286.685,Shake
1.345,-1.742,-0.838,131.434,-286.685,286.685,Shake
0.480,-0.999,-0.010,-56.359,-286.685,258.466,Shake
0.941,-0.617,-0.501,-274.995,-268.511,201.250,Shake
0.933,-0.738,-0.400,-286.685,-54.862,201.434,Shake
0.629,-1.090,0.210,-286.685,112.245,170.179,Shake
0.992,-1.024,0.330,-286.685,190.277,136.798,Shake
0.771,-1.370,0.291,-286.685,286.685,5.093,Shake
-0.690,-1.999,-0.367,-286.685,286.685,-256.043,Shake
-1.115,-1.999,0.202,-60.217,286.685,-286.685,Shake
-0.641,-1.065,-0.310,248.036,286.685,-67.217,Shake
-0.182,-0.117,-0.273,286.685,-35.236,158.830,Shake
-0.999,-1.989,-1.594,286.685,-286.659,285.372,Shake
1.231,-1.745,-1.997,286.685,-286.685,286.685,Shake
-0.166,-0.312,-0.662,137.734,-286.685,263.480,Shake
0.787,-1.173,-1.647,-178.736,-263.043,177.730,Shake
0.916,-0.903,-1.257,-250.967,15.557,286.606,Shake
0.451,-0.930,-0.430,-284.296,155.435,286.685,Shake
0.494,-0.735,-0.171,-286.685,237.283,242.865,Shake
0.592,-1.042,-0.346,-286.685,174.326,135.555,Shake
0.652,-1.857,-0.110,-286.685,229.906,80.938,Shake
0.315,-1.999,-0.546,-275.459,286.685,-36.059,Shake
0.080,-1.897,-0.707,7.770,286.685,-80.754,Shake
-0.208,-1.121,-0.265,286.685,286.685,85.706,Shake
-0.219,-1.154,-0.498,286.685,150.369,244.344,Shake
-0.757,-1.493,-0.679,286.685,-281.943,248.342,Shake
-0.885,-1.842,-1.050,286.685,-286.685,157.150,Shake
-0.111,-1.305,-1.476,286.685,-286.685,93.581,Shake
0.124,-0.811,-1.417,81.244,-266.201,37.284,Shake
0.686,-0.717,-1.509,-94.885,-53.821,-41.064,Shake
0.718,-0.577,-0.647,-152.976,169.033,34.248,Shake
0.758,-0.393,-0.395,-243.232,286.685,60.156,Shake
0.574,-0.578,0.023,-286.685,286.685,36.925,Shake
-0.794,-1.852,0.593,-286.685,286.685,-3.360,Shake
-0.876,-1.999,1.257,-286.685,272.825,7.026,Shake
0.087,-1.999,0.937,-286.685,-85.321,-9.363,Shake
0.447,-1.779,0.225,-50.120,-264.163,-200.935,Shake
0.127,-1.293,-0.352,167.038,-178.509,-269.386,Shake
-0.250,-0.821,-0.638,286.536,-161.525,-255.736,Shake
-0.766,-1.104,-1.237,286.685,-228.541,-264.346,Shake
-0.872,-1.202,-1.987,286.685,-279.554,-122.876,Shake
0.006,-0.688,-1.950,286.685,-236.163,109.156,Shake
-0.058,-0.311,-1.009,286.685,-108.999,203.385,Shake
0.353,-0.394,-0.441,66.640,-32.261,78.575,Shake
0.800,-0.641,-0.696,-190.321,79.993,31.640,Shake
1.124,-0.766,-0.229,-282.975,198.135,159.539,Shake
0.810,-0.772,-0.198,-286.685,286.510,208.285,Shake
0.073,-1.648,0.024,-286.685,286.685,184.476,Shake
-0.618,-1.999,0.194,-286.685,286.685,139.440,Shake
-0.267,-1.999,0.598,-281.216,240.319,85.951,Shake
0.032,-1.898,0.593,-75.206,-86.476,-136.622,Shake
0.001,-1.397,0.042,71.033,-167.090,-241.010,Shake
-0.110,-1.056,-0.379,261.634,-153.773,-260.216,Shake
-0.547,-0.897,-0.700,286.685,-167.492,-247.852,Shake
-0.913,-1.271,-1.350,286.685,-240.152,-203.831,Shake
-0.475,-1.231,-1.997,286.685,-272.247,-48.099,Shake
0.081,-0.644,-1.553,286.685,-253.575,91.604,Shake
0.108,-0.362,-0.889,135.643,-126.420,139.816,Shake
0.263,-0.643,-0.968,-180.092,1.190,57.776,Shake
0.408,-0.896,-0.781,-286.685,107.599,90.842,Shake
0.434,-0.856,-0.686,-286.685,197.820,131.066,Shake
0.379,-1.235,-0.560,-286.685,286.685,150.946,Shake
0.265,-1.437,0.140,-286.685,286.685,195.011,Shake
-0.618,-1.915,0.096,-286.685,286.685,207.725,Shake
-0.665,-1.999,0.652,-286.685,286.685,67.769,Shake
-0.004,-1.999,0.922,-286.685,162.925,-92.855,Shake
0.101,-1.686,0.207,-119.131,-128.205,-268.861,Shake
-0.010,-1.078,0.008,111.676,-181.458,-286.685,Shake
-0.247,-0.930,-0.529,243.425,-192.255,-271.705,Shake
-0.566,-0.907,-1.058,286.685,-264.451,-228.786,Shake
-0.796,-1.359,-1.901,286.685,-277.742,-83.493,Shake
0.069,-1.168,-1.997,286.685,-159.425,93.555,Shake
0.063,-0.449,-1.996,286.685,-159.451,152.364,Shake
0.214,-0.493,-0.808,211.102,-51.004,-53.401,Shake
0.222,-0.603,-0.968,-147.997,74.340,-127.207,Shake
0.629,-0.711,-0.814,-246.277,149.686,-57.382,Shake
0.667,-0.424,-0.541,-283.264,286.685,142.004,Shake
0.016,-0.478,-0.034,-286.685,286.685,223.755,Shake
-0.959,-1.618,0.147,-286.685,286.685,166.758,Shake
-1.106,-1.999,0.860,-286.685,283.290,2.013,Shake
0.340,-1.999,0.478,-262.780,-136.666,-143.202,Shake
0.169,-1.508,-0.026,117.469,-203.822,-284.725,Shake
-0.040,-1.035,-0.321,263.655,-185.238,-235.480,Shake
-0.422,-0.934,-0.757,286.685,-202.423,-222.644,Shake
-0.887,-1.129,-1.566,286.685,-260.759,-262.745,Shake
-0.350,-1.089,-1.853,286.685,-282.082,-146.291,Shake
-0.272,-0.851,-1.183,286.685,-255.727,-79.765,Shake
0.299,-0.519,-1.476,150.938,-234.036,-131.661,Shake
0.795,-0.504,-1.573,-35.403,15.435,1.829,Shake
0.362,-0.711,-1.017,-91.166,73.176,138.617,Shake
0.295,-0.492,-0.464,-212.336,130.725,193.917,Shake
0.494,-0.386,-0.544,-286.685,245.726,188.143,Shake
0.686,-0.750,-0.125,-286.685,286.685,260.908,Shake
-0.089,-1.603,-0.235,-286.685,286.685,280.499,Shake
-0.913,-1.999,-0.150,-286.685,286.685,223.090,Shake
0.416,-1.999,0.318,-256.891,168.438,57.943,Shake
0.201,-1.511,0.186,121.196,-80.894,-148.409,Shake
0.036,-0.900,-0.342,284.226,-118.720,-239.785,Shake
-0.230,-0.782,-0.504,286.685,-115.115,-252.009,Shake
-0.797,-1.164,-1.029,286.685,-184.196,-267.006,Shake
-0.708,-1.355,-1.855,286.685,-286.388,-258.869,Shake
-0.020,-0.845,-1.721,286.685,-286.685,-194.241,Shake
0.568,-0.377,-1.517,286.492,-193.139,-4.182,Shake
0.825,-0.305,-1.281,85.190,39.979,159.049,Shake
0.581,-0.306,-1.147,-72.048,156.538,164.938,Shake
0.585,-0.482,-0.634,-267.750,256.147,93.573,Shake
0.648,-0.443,-0.531,-286.685,286.685,113.636,Shake
-0.331,-1.318,-0.429,-286.685,286.685,166.075,Shake
-0.933,-1.999,0.105,-286.685,286.685,153.930,Shake
-0.733,-1.999,0.422,-286.685,276.929,108.342,Shake
0.326,-1.975,0.558,-215.644,81.804,11.944,Shake
0.337,-1.503,0.224,77.385,-102.104,-151.576,Shake
-0.075,-1.061,-0.186,206.658,-153.283,-203.429,Shake
-0.167,-0.766,-0.349,283.307,-208.451,-203.910,Shake
-0.361,-0.825,-0.887,286.685,-285.731,-202.746,Shake
-0.530,-1.340,-1.188,286.685,-286.685,-178.701,Shake
-0.228,-1.248,-1.476,286.685,-286.685,-148.925,Shake
0.190,-0.698,-1.516,286.685,-286.685,-167.204,Shake
1.175,-0.393,-1.381,254.415,-96.889,13.790,Shake
0.805,-0.200,-1.317,-15.575,198.599,158.804,Shake
0.586,-0.378,-0.895,-127.715,248.421,105.989,Shake
0.736,-0.292,-0.273,-282.100,242.821,45.246,Shake
0.728,-0.424,-0.342,-286.685,286.685,75.460,Shake
-0.155,-1.401,-0.344,-286.685,286.685,139.466,Shake
-0.723,-1.999,0.236,-286.685,286.685,172.874,Shake
-0.288,-1.999,0.574,-286.685,284.191,141.286,Shake
0.472,-1.588,0.515,-109.891,23.564,18.296,Shake
0.185,-1.341,0.129,141.584,-123.918,-104.484,Shake
0.019,-1.042,-0.325,280.954,-158.979,-135.634,Shake
-0.120,-1.009,-0.546,286.685,-219.992,-133.796,Shake
-0.313,-1.261,-0.962,286.685,-286.361,-124.022,Shake
0.072,-1.308,-1.603,286.685,-286.685,-97.081,Shake
0.841,-0.563,-1.626,286.685,-266.980,101.824,Shake
0.464,-0.465,-1.318,185.920,-85.811,178.465,Shake
1.042,-0.402,-0.699,-77.245,156.441,70.551,Shake
1.058,-0.608,-0.396,-242.909,286.685,35.009,Shake
0.669,-0.669,0.136,-284.821,286.685,13.248,Shake
-0.566,-1.335,0.033,-286.685,286.685,-71.558,Shake
-1.103,-1.999,0.681,-286.685,286.685,-127.129,Shake
-0.134,-1.744,0.892,-283.448,118.195,-98.814,Shake
0.060,-1.399,0.848,-8.094,-281.120,-87.264,Shake
0.109,-1.181,0.222,119.219,-286.685,-123.331,Shake
0.107,-0.930,-0.289,260.706,-255.789,-107.012,Shake
0.015,-0.895,-0.505,286.685,-282.564,-54.022,Shake
-0.157,-1.207,-0.766,286.685,-286.685,-29.514,Shake
0.409,-1.121,-1.070,286.685,-286.685,-12.469,Shake
0.750,-0.789,-1.164,224.324,-286.335,5.758,Shake
0.709,-0.519,-0.497,123.611,-230.178,-4.253,Shake
0.979,-0.571,-1.109,-49.306,27.440,-38.290,Shake
1.010,-0.642,-0.644,-108.754,166.512,-3.054,Shake
1.002,-0.426,-0.401,-163.231,281.277,33.871,Shake
0.428,-0.551,-0.331,-220.999,286.685,64.698,Shake
-0.518,-1.213,-0.029,-274.094,286.685,61.451,Shake
-1.094,-1.783,1.938,-286.685,286.685,-55.248,Shake
-0.277,-1.525,0.515,-280.892,-94.964,-95.821,Shake
-0.081,-1.573,0.423,-50.479,-286.492,-113.243,Shake
0.320,-1.404,-0.163,173.040,-286.685,-101.946,Shake
0.242,-1.019,-0.421,286.685,-198.581,-39.401,Shake
-0.006,-0.953,-0.407,286.685,-213.491,47.644,Shake
0.166,-1.157,-0.701,286.685,-238.542,50.908,Shake
0.778,-0.725,-1.068,214.393,-257.705,51.179,Shake
0.866,-0.714,-1.010,92.059,-265.090,51.835,Shake
0.980,-0.433,-1.031,-144.865,-17.124,5.758,Shake
0.773,-0.817,-0.696,-179.209,213.360,-2.590,Shake
0.620,-0.842,-0.442,-194.512,286.685,30.931,Shake
0.264,-0.888,-0.181,-192.955,286.685,57.452,Shake
-0.501,-1.162,0.433,-227.421,286.685,66.762,Shake
-0.983,-1.577,1.278,-286.685,286.685,-33.521,Shake
0.018,-1.589,0.869,-280.945,-45.719,-160.816,Shake
-0.086,-1.566,0.469,-112.604,-276.754,-145.959,Shake
0.226,-1.317,0.095,97.982,-245.070,-130.550,Shake
0.288,-1.080,-0.215,240.555,-133.350,-76.107,Shake
0.296,-0.861,-0.471,286.685,-146.143,39.952,Shake
0.478,-0.942,-0.713,286.685,-211.715,73.202,Shake
0.834,-0.819,-0.724,278.670,-221.165,86.476,Shake
0.755,-0.557,-0.747,94.806,-158.690,54.057,Shake
0.791,-0.597,-0.195,-67.620,-33.390,-28.219,Shake
0.722,-0.734,-0.688,-151.856,133.560,-47.994,Shake
0.668,-0.930,-0.399,-126.945,186.699,-15.251,Shake
0.327,-0.770,-0.112,-151.384,286.685,24.622,Shake
-0.203,-1.045,-0.077,-187.023,286.685,14.971,Shake
-0.647,-1.360,1.112,-180.189,246.934,-71.689,Shake
0.177,-1.299,0.738,-225.995,-14.534,-146.178,Shake
0.168,-1.473,0.268,-32.847,-203.026,-59.220,Shake
0.106,-1.405,-0.195,131.583,-224.184,-13.475,Shake
0.463,-0.744,-0.210,286.685,-202.020,42.026,Shake
0.365,-0.872,-0.352,286.685,-176.006,116.524,Shake
0.888,-0.813,-0.470,281.671,-148.400,112.787,Shake
0.937,-0.653,-0.406,83.746,-102.629,64.592,Shake
0.730,-0.624,-0.287,-50.951,-21.192,11.217,Shake
0.522,-0.841,-0.293,-163.258,92.199,-30.835,Shake
0.369,-1.027,-0.112,-137.629,100.861,-13.484,Shake
0.272,-0.940,0.021,-112.849,161.989,4.847,Shake
0.207,-1.046,0.097,-96.574,176.006,-0.052,Shake
0.182,-1.195,0.422,-75.548,159.863,-31.990,Shake
0.193,-1.164,0.598,-70.201,114.039,-98.910,Shake
0.210,-1.090,0.633,-34.221,37.993,-144.690,Shake
0.240,-1.009,0.481,-3.579,8.033,-128.485,Shake
0.306,-0.877,0.287,63.438,-8.365,-65.100,Shake
0.344,-0.816,0.065,132.545,-57.487,22.435,Shake
0.363,-0.824,-0.107,206.054,-162.383,126.009,Shake
0.255,-0.735,-0.059,234.027,-215.425,183.409,Shake
0.433,-0.883,-0.182,195.921,-208.163,222.023,Shake
0.816,-0.815,-0.346,83.834,-148.496,164.605,Shake
0.970,-0.878,-0.368,-110.880,39.882,3.001,Shake
0.696,-0.938,-0.331,-212.529,218.663,-71.243,Shake
0.493,-1.152,-0.129,-203.569,256.839,-85.776,Shake
0.386,-1.126,0.064,-197.374,286.685,-99.216,Shake
0.142,-1.200,0.279,-180.189,286.685,-88.664,Shake
-0.118,-1.169,0.511,-168.499,268.704,-72.739,Shake
-0.123,-1.113,0.562,-132.913,132.711,-84.228,Shake
-0.056,-1.044,0.427,-82.836,19.731,-81.839,Shake
0.016,-0.924,0.222,-0.254,-124.539,-58.669,Shake
0.071,-0.896,0.089,61.259,-202.431,-19.653,Shake
0.094,-1.028,-0.123,128.284,-284.445,39.217,Shake
0.081,-1.026,-0.308,190.251,-286.685,69.632,Shake
0.064,-1.126,-0.396,273.228,-286.685,74.585,Shake
0.340,-1.379,-0.782,282.301,-286.685,60.147,Shake
0.864,-1.138,-0.962,205.258,-244.143,35.805,Shake
0.910,-0.626,-0.503,121.354,-161.236,30.958,Shake
0.818,-0.774,-0.903,-56.884,82.268,-37.756,Shake
0.696,-0.845,-0.520,-119.770,184.091,-35.219,Shake
0.622,-0.726,-0.339,-163.135,283.010,-36.759,Shake
0.334,-0.815,-0.150,-171.693,286.685,-36.365,Shake
-0.165,-1.037,0.266,-198.004,286.685,-43.575,Shake
-0.306,-1.200,0.514,-221.077,285.346,-58.949,Shake
-0.080,-1.159,0.550,-193.926,137.734,-50.969,Shake
0.083,-1.111,0.472,-97.431,-13.239,-28.683,Shake
0.236,-1.291,0.233,22.566,-156.887,20.501,Shake
0.147,-1.282,-0.143,138.758,-264.696,91.052,Shake
0.090,-1.067,-0.315,286.685,-286.685,134.592,Shake
0.086,-1.388,-0.459,286.685,-286.685,116.489,Shake
0.774,-1.229,-0.850,282.896,-256.305,68.416,Shake
0.906,-0.811,-0.809,168.586,-208.477,47.486,Shake
0.614,-0.968,-0.700,6.090,-24.763,-25.865,Shake
0.513,-0.852,-0.688,-118.510,170.826,-60.445,Shake
0.417,-1.003,-0.168,-113.426,208.714,-67.174,Shake
0.337,-0.884,-0.108,-138.723,263.533,-55.475,Shake
0.210,-0.880,0.198,-120.584,286.318,-75.880,Shake
-0.098,-0.990,0.415,-175.674,286.685,-69.851,Shake
-0.302,-1.150,0.540,-201.670,286.685,-103.049,Shake
-0.205,-1.096,0.712,-195.965,238.997,-125.615,Shake
-0.041,-1.054,0.592,-125.195,72.091,-98.061,Shake
0.064,-1.106,0.434,-51.118,-43.846,-28.096,Shake
0.192,-1.069,0.175,76.501,-178.115,21.464,Shake
0.205,-1.036,-0.096,202.186,-284.253,92.496,Shake
0.047,-1.075,-0.239,264.434,-286.685,122.771,Shake
0.043,-1.263,-0.404,259.201,-286.685,91.717,Shake
0.786,-1.094,-0.876,229.530,-286.685,64.103,Shake
0.843,-0.838,-0.754,126.901,-142.870,63.271,Shake
0.473,-0.886,-0.619,3.684,67.996,15.339,Shake
0.368,-0.841,-0.425,-64.986,133.473,-29.969,Shake
0.392,-0.990,-0.352,-105.061,120.199,-47.329,Shake
0.497,-0.876,-0.150,-142.879,168.131,-64.628,Shake
0.385,-0.969,0.014,-163.686,266.945,-89.346,Shake
0.091,-1.138,0.270,-189.035,286.685,-78.995,Shake
-0.059,-1.196,0.437,-195.352,286.239,-66.946,Shake
-0.068,-1.174,0.602,-168.481,210.009,-61.311,Shake
-0.038,-1.197,0.638,-85.908,83.396,-48.143,Shake
-0.095,-1.360,0.466,47.889,-90.370,-0.945,Shake
-0.022,-1.156,0.129,254.048,-279.983,91.586,Shake
0.051,-1.039,0.017,286.685,-286.685,137.795,Shake
-0.118,-1.247,-0.127,286.685,-286.685,156.879,Shake
0.293,-1.349,-0.741,286.685,-286.685,125.239,Shake
1.000,-0.873,-1.169,195.991,-279.842,109.130,Shake
0.840,-0.848,-0.727,34.090,-23.153,13.274,Shake
0.761,-0.866,-0.915,-84.429,173.092,-47.722,Shake
0.549,-0.874,-0.291,-143.080,286.379,-111.624,Shake
0.333,-0.810,-0.058,-210.656,286.685,-134.557,Shake
-0.130,-1.049,0.295,-259.131,286.685,-138.985,Shake
-0.381,-1.247,0.476,-286.685,286.685,-141.304,Shake
-0.397,-1.496,0.536,-286.685,286.685,-135.030,Shake
-0.170,-1.378,0.699,-229.845,163.065,-101.062,Shake
-0.113,-1.129,0.684,-81.191,14.149,-72.205,Shake
-0.024,-1.063,0.461,48.667,-124.302,-41.729,Shake
0.090,-1.131,0.117,151.970,-254.004,47.285,Shake
0.092,-1.107,-0.180,244.291,-286.685,115.124,Shake
0.089,-1.262,-0.473,286.685,-286.685,131.827,Shake
0.624,-1.571,-0.956,286.685,-286.685,82.364,Shake
1.602,-0.764,-1.178,224.613,-236.268,98.175,Shake
1.012,-0.672,-1.016,113.304,-12.775,69.738,Shake
0.573,-0.784,-0.623,-29.829,236.661,-6.055,Shake
0.388,-0.987,-0.307,-69.571,251.606,-92.881,Shake
0.336,-0.678,0.108,-141.872,285.924,-134.610,Shake
-0.059,-0.762,0.205,-205.747,286.685,-175.350,Shake
-0.541,-1.179,0.354,-235.865,286.685,-183.391,Shake
-0.913,-1.370,1.177,-277.533,286.676,-191.363,Shake
-0.386,-1.387,0.619,-205.678,7.534,-108.859,Shake
-0.150,-1.070,0.537,74.699,-286.195,-12.215,Shake
-0.002,-0.992,0.285,205.223,-286.685,72.485,Shake
0.043,-0.931,-0.304,278.329,-286.685,123.139,Shake
-0.072,-1.550,-0.643,286.685,-286.685,146.212,Shake
1.898,-1.331,-1.767,279.983,-282.511,54.871,Shake
1.629,-0.570,-1.195,82.574,-86.590,53.917,Shake
1.006,-0.613,-0.947,-46.314,179.839,-43.417,Shake
0.588,-1.066,-0.453,-124.556,286.685,-127.549,Shake
0.174,-1.023,-0.211,-60.979,286.685,-135.074,Shake
-0.734,-0.829,0.692,-103.766,286.685,-153.571,Shake
-1.116,-1.013,0.784,-223.571,286.685,-244.352,Shake
-0.981,-1.115,0.857,-243.320,268.223,-222.863,Shake
-0.544,-1.049,0.707,-181.186,29.032,-121.380,Shake
-0.308,-0.941,0.557,25.051,-282.485,32.891,Shake
-0.010,-0.950,0.269,185.229,-286.685,154.438,Shake
-0.134,-1.401,-0.432,279.484,-286.685,254.695,Shake
0.038,-1.999,-1.138,286.685,-286.685,225.277,Shake
1.796,-1.894,-1.367,286.685,-285.906,73.911,Shake
1.973,-0.908,-0.835,210.175,-165.637,-5.451,Shake
0.726,-1.105,-0.472,-51.818,108.701,-204.277,Shake
0.571,-1.061,-0.595,-85.522,260.444,-211.514,Shake
0.185,-0.708,0.410,-11.611,286.685,-179.086,Shake
-0.098,-0.487,0.426,-89.215,286.685,-219.284,Shake
-1.228,-0.954,0.362,-169.452,286.685,-286.379,Shake
-1.430,-1.014,0.822,-231.210,286.685,-286.685,Shake
-0.778,-0.622,0.933,-230.265,176.995,-87.798,Shake
-0.460,-0.476,1.077,-61.618,-276.080,95.751,Shake
-0.137,-0.509,0.851,47.014,-286.685,211.496,Shake
-0.164,-0.982,0.349,78.391,-286.685,264.924,Shake
-0.363,-1.788,-0.559,95.812,-286.685,286.685,Shake
1.957,-1.617,-1.415,92.006,-286.519,127.330,Shake
1.877,-1.120,-0.607,3.395,15.619,12.337,Shake
0.829,-1.380,-0.617,-73.308,279.519,-117.215,Shake
0.151,-1.607,-0.507,36.768,279.186,-115.456,Shake
-0.099,-0.885,0.479,141.925,240.266,-61.040,Shake
-0.495,-0.362,0.590,84.402,286.685,-168.936,Shake
-0.933,-0.520,0.663,27.606,286.685,-238.831,Shake
-1.242,-0.595,0.968,-74.419,286.685,-286.685,Shake
-0.929,-0.548,1.286,-177.319,93.223,-206.045,Shake
-0.914,-1.023,0.869,-94.027,-282.931,-27.300,Shake
-0.408,-1.130,0.707,101.719,-286.685,163.844,Shake
-0.238,-1.023,0.594,154.936,-286.685,231.682,Shake
-0.142,-1.611,-0.451,181.046,-286.685,227.535,Shake
0.877,-1.894,-1.221,284.821,-285.057,212.319,Shake
1.998,-0.812,-1.088,276.509,-152.486,138.075,Shake
1.187,-0.928,-0.652,76.842,59.841,-75.224,Shake
0.840,-1.111,-0.423,-105.411,262.351,-231.682,Shake
0.595,-1.296,-0.364,-78.628,283.920,-189.516,Shake
-0.042,-0.882,0.425,-74.086,286.685,-194.311,Shake
-0.721,-1.036,0.240,-94.902,286.685,-238.560,Shake
-1.760,-1.004,0.714,-107.564,286.685,-286.571,Shake
-1.300,-0.635,0.803,-136.439,286.589,-281.995,Shake
-1.085,-0.219,1.364,-163.363,18.716,-126.052,Shake
-0.788,-0.384,1.266,-157.290,-281.383,68.854,Shake
-0.323,-0.838,0.916,-94.404,-286.685,199.098,Shake
-0.171,-1.341,0.485,30.800,-286.685,286.685,Shake
-0.224,-1.805,-0.059,120.820,-286.685,286.685,Shake
0.629,-1.999,-0.842,182.061,-286.685,204.575,Shake
1.998,-0.596,-0.818,115.745,-183.479,3.412,Shake
1.250,-1.061,-0.261,30.380,30.800,-33.189,Shake
0.338,-1.072,-0.324,-64.356,211.094,-115.579,Shake
0.133,-1.106,0.039,27.571,100.651,-96.014,Shake
0.020,-0.576,0.760,1.321,198.450,-131.381,Shake
-0.091,-0.703,0.584,-31.106,286.685,-188.562,Shake
-0.683,-0.887,0.756,-35.770,286.685,-227.649,Shake
-0.879,-0.882,0.861,-88.944,281.969,-204.969,Shake
-0.617,-0.717,0.978,-119.009,126.744,-91.035,Shake
-0.458,-0.746,0.939,-84.385,-106.391,14.210,Shake
-0.334,-0.863,0.648,1.837,-268.888,79.625,Shake
-0.077,-0.996,0.465,46.252,-286.685,118.221,Shake
0.125,-0.991,0.279,95.069,-286.685,179.996,Shake
0.251,-1.114,0.122,123.769,-286.685,236.932,Shake
0.368,-1.443,-0.086,158.594,-286.685,227.736,Shake
1.279,-1.529,-0.403,174.694,-244.650,122.168,Shake
1.463,-1.062,-0.292,117.302,40.119,-41.449,Shake
0.507,-1.207,-0.028,116.480,183.732,-91.166,Shake
0.201,-0.929,0.201,123.524,175.542,-178.054,Shake
0.271,-0.574,0.340,102.944,204.365,-234.115,Shake
-0.408,-0.350,0.392,63.333,286.685,-286.685,Shake
-1.543,-0.538,0.681,-29.645,286.685,-286.685,Shake
-1.547,-0.570,0.790,-168.333,286.685,-286.685,Shake
-1.158,0.135,1.265,-256.812,109.191,-201.906,Shake
-0.979,0.026,1.307,-259.236,-203.997,15.312,Shake
-0.562,-0.694,0.721,-151.716,-286.685,253.995,Shake
-0.451,-1.333,0.336,-22.934,-286.685,286.685,Shake
-0.499,-1.999,-0.655,91.490,-286.685,286.685,Shake
1.570,-1.999,-1.476,207.104,-279.265,286.405,Shake
1.998,-0.678,-0.121,61.215,6.545,159.915,Shake
0.699,-1.486,0.034,-12.941,242.524,-19.267,Shake
-0.039,-1.579,-0.257,33.521,255.675,-135.188,Shake
-0.360,-0.951,0.603,108.115,99.942,-148.120,Shake
-0.372,-0.674,0.665,44.704,275.669,-207.419,Shake
-0.970,-0.763,0.714,31.850,286.685,-273.254,Shake
-1.780,-1.078,0.679,14.507,286.685,-286.685,Shake
-1.545,-0.741,0.764,-14.507,255.106,-286.685,Shake
-1.019,-0.166,0.894,-65.511,-97.668,-87.745,Shake
-0.714,-0.288,0.775,-73.194,-277.156,76.956,Shake
-0.447,-0.592,0.439,-30.844,-286.685,241.876,Shake
-0.296,-1.071,0.132,35.184,-286.685,286.685,Shake
-0.255,-1.901,-0.306,106.715,-286.685,286.685,Shake
0.360,-1.999,-0.819,137.795,-281.785,282.397,Shake
1.998,-0.928,-0.234,68.145,-144.734,150.395,Shake
1.039,-1.268,0.287,-46.086,142.459,-110.145,Shake
0.019,-1.634,-0.266,-36.627,222.276,-166.617,Shake
-0.299,-0.988,0.421,70.849,128.651,-174.134,Shake
-0.170,-0.810,0.741,66.946,238.210,-213.815,Shake
-0.936,-0.829,0.650,43.610,286.685,-262.946,Shake
-1.694,-1.045,0.618,49.787,286.685,-286.685,Shake
-1.364,-0.568,0.663,42.481,272.353,-276.999,Shake
-1.110,-0.142,0.892,6.711,84.149,-129.430,Shake
-0.831,-0.202,0.760,-70.420,-239.601,79.214,Shake
-0.564,-0.582,0.462,-72.039,-286.685,206.360,Shake
-0.341,-0.913,0.310,-37.118,-286.685,286.562,Shake
-0.071,-1.480,-0.025,-3.938,-286.685,286.685,Shake
-0.149,-1.938,-0.185,11.944,-286.685,286.685,Shake
1.610,-1.761,-0.458,8.733,-278.189,179.856,Shake
1.810,-0.987,0.091,-27.913,-104.169,-146.527,Shake
0.892,-1.641,-0.133,-53.638,118.169,-173.714,Shake
-0.234,-1.062,0.428,37.161,113.645,-143.342,Shake
0.167,-0.919,0.520,42.840,213.439,-220.859,Shake
-0.321,-0.964,0.583,51.704,286.685,-255.080,Shake
-1.878,-1.103,0.594,84.324,286.685,-286.685,Shake
-1.341,-0.600,0.677,56.998,286.624,-284.611,Shake
-1.063,-0.027,0.794,12.215,147.910,-128.144,Shake
-0.696,-0.041,0.827,-54.915,-244.396,137.795,Shake
-0.368,-0.410,0.507,-78.409,-286.685,285.320,Shake
-0.335,-1.382,0.142,-28.569,-286.685,286.685,Shake
-0.188,-1.999,-0.813,41.213,-286.685,286.685,Shake
1.942,-1.757,-1.566,60.261,-208.749,162.575,Shake
1.477,-1.205,0.153,-44.397,1.986,65.100,Shake
0.608,-1.797,-0.131,-60.007,286.160,-153.265,Shake
0.153,-1.334,0.189,73.710,170.704,-166.548,Shake
0.084,-0.893,0.379,137.113,268.599,-189.166,Shake
-0.366,-0.701,0.480,152.941,286.685,-220.666,Shake
-1.447,-0.642,0.524,144.148,286.685,-284.244,Shake
-1.425,-0.524,0.694,84.429,286.501,-286.685,Shake
-1.171,-0.080,0.695,15.488,158.830,-182.035,Shake
-0.973,0.009,0.979,-39.086,-60.436,0.989,Shake
-0.768,-0.266,0.726,-123.340,-185.325,98.070,Shake
-0.518,-0.543,0.571,-119.149,-282.266,210.026,Shake
-0.192,-0.935,0.500,-96.206,-286.685,286.038,Shake
-0.080,-1.379,0.328,-90.895,-286.685,286.685,Shake
0.369,-1.756,0.170,-73.255,-286.685,208.591,Shake
1.124,-1.537,-0.049,-53.638,-264.784,13.309,Shake
1.596,-1.418,0.208,17.824,-115.526,-153.633,Shake
0.733,-1.253,0.366,12.302,46.252,-90.396,Shake
0.428,-1.122,0.207,42.814,118.615,-59.202,Shake
-0.069,-0.762,0.289,89.512,163.030,-72.844,Shake
-0.404,-0.459,0.576,133.604,218.304,-128.678,Shake
-0.826,-0.354,0.783,113.645,261.975,-183.645,Shake
-0.622,-0.247,0.717,28.184,180.250,-86.599,Shake
-0.567,-0.219,0.726,-9.844,83.283,58.013,Shake
-0.471,-0.407,0.793,-70.219,-52.325,130.331,Shake
-0.285,-0.769,0.617,-96.775,-175.245,174.186,Shake
0.039,-1.093,0.497,-75.854,-229.976,166.906,Shake
0.260,-1.234,0.451,-74.620,-224.534,140.035,Shake
0.552,-1.234,0.464,-77.490,-192.990,99.698,Shake
0.651,-1.215,0.434,-65.975,-121.152,14.691,Shake
0.660,-1.203,0.341,-12.714,-38.579,-45.132,Shake
0.428,-1.055,0.375,13.186,6.073,-55.571,Shake
0.267,-0.909,0.372,26.775,36.689,-60.322,Shake
0.165,-0.836,0.433,24.841,62.939,-62.877,Shake
0.050,-0.812,0.515,12.416,89.661,-61.381,Shake
-0.059,-0.835,0.583,5.644,98.455,-61.276,Shake
-0.129,-0.899,0.670,8.304,104.387,-68.049,Shake
-0.179,-0.872,0.766,50.391,77.149,-41.659,Shake
-0.186,-0.613,0.785,87.588,26.329,12.784,Shake
0.046,-0.484,0.747,89.766,-23.380,51.441,Shake
0.426,-0.627,0.622,79.870,-109.113,115.430,Shake
0.545,-1.108,0.294,64.129,-154.586,120.540,Shake
0.999,-0.998,0.063,64.986,-36.138,-28.096,Shake
0.560,-0.433,0.483,23.791,136.255,-145.539,Shake
-0.761,-0.327,0.640,-47.346,286.685,-284.436,Shake
-1.785,-0.862,0.641,-83.186,286.685,-286.685,Shake
-1.647,-0.678,0.864,-88.909,273.656,-218.444,Shake
-1.060,0.139,1.501,-65.319,-199.071,89.810,Shake
-0.550,-0.159,1.033,-117.521,-286.685,254.599,Shake
-0.523,-1.247,0.479,-125.475,-286.685,286.685,Shake
-0.824,-1.999,-0.449,-88.401,-286.685,286.685,Shake
1.625,-1.999,-1.922,0.577,-286.685,275.249,Shake
1.919,-1.564,-0.510,80.658,-219.380,-197.260,Shake
0.532,-1.483,-0.230,52.001,139.851,-286.685,Shake
-0.250,-0.845,-0.021,207.988,286.685,-286.685,Shake
-1.740,0.052,0.388,286.685,286.685,-286.685,Shake
-1.999,-0.511,0.412,198.179,286.685,-286.685,Shake
-1.717,0.275,0.877,-95.760,274.654,-286.685,Shake
-1.244,0.682,1.404,-275.406,-43.452,-215.145,Shake
-0.738,0.208,0.777,-286.685,-286.685,149.511,Shake
-0.600,-0.562,0.206,-277.016,-286.685,286.685,Shake
-0.706,-1.984,-0.567,-69.099,-286.685,286.685,Shake
-0.329,-1.999,-1.699,89.652,-286.685,286.685,Shake
1.998,-1.051,-0.611,91.359,-106.015,56.516,Shake
1.433,-1.842,0.038,32.174,139.247,-47.688,Shake
-0.095,-1.710,0.408,35.044,286.204,-151.926,Shake
-0.183,-1.036,0.322,107.853,238.009,-206.098,Shake
-0.914,-0.582,0.653,175.779,286.685,-253.557,Shake
-1.671,-0.707,0.579,148.041,286.685,-286.685,Shake
-1.826,-0.685,0.577,87.929,286.685,-286.685,Shake
-0.975,0.081,1.200,17.325,53.051,-157.500,Shake
-0.684,0.082,0.893,-119.569,-277.008,77.341,Shake
-0.444,-0.156,0.465,-88.751,-286.685,231.569,Shake
-0.313,-0.654,0.261,-23.677,-286.685,286.685,Shake
-0.387,-1.725,-0.495,43.619,-286.685,286.685,Shake
1.401,-1.982,-1.415,83.493,-282.196,263.874,Shake
1.981,-1.066,-0.320,-22.347,8.417,58.756,Shake
0.786,-1.801,-0.070,-42.053,286.685,-168.884,Shake
-0.090,-1.715,0.140,43.199,286.685,-163.100,Shake
-0.610,-1.080,0.445,158.602,286.685,-146.370,Shake
-1.526,-0.747,0.736,184.818,286.685,-264.478,Shake
-1.814,-0.678,0.589,176.803,286.685,-286.685,Shake
-1.123,-0.078,0.928,105.884,105.324,-238.149,Shake
-0.881,0.279,1.112,-61.276,-193.095,19.688,Shake
-0.652,-0.042,0.575,-116.979,-286.283,130.419,Shake
-0.430,-0.343,0.361,-72.415,-286.685,245.709,Shake
-0.250,-0.833,0.270,-33.495,-286.685,286.685,Shake
0.009,-1.566,-0.001,-8.741,-286.685,286.685,Shake
0.464,-1.999,-0.486,7.114,-218.610,172.095,Shake
1.998,-1.576,0.276,50.610,-88.856,-8.855,Shake
0.847,-1.673,0.452,-55.361,187.827,-113.382,Shake
0.218,-1.407,0.264,8.811,186.970,-95.410,Shake
-0.462,-0.901,0.468,86.257,235.559,-151.559,Shake
-1.268,-0.494,0.795,125.895,286.685,-265.904,Shake
-1.707,-0.523,0.678,116.585,286.668,-286.685,Shake
-1.229,-0.083,0.846,40.049,138.241,-132.851,Shake
-0.786,-0.036,0.966,-87.579,-172.900,138.276,Shake
-0.517,-0.196,0.629,-144.296,-286.685,286.379,Shake
-0.608,-1.044,0.259,-124.460,-286.685,286.685,Shake
-0.571,-1.987,-0.531,-50.391,-286.685,286.685,Shake
1.534,-1.926,-1.141,7.586,-286.685,235.209,Shake
1.891,-1.312,-0.159,-46.139,-149.406,-6.090,Shake
1.030,-1.696,-0.107,-59.938,267.575,-151.786,Shake
0.217,-1.337,0.088,16.608,286.492,-148.251,Shake
-0.223,-0.697,0.576,97.116,286.685,-186.148,Shake
-1.183,-0.659,0.698,86.677,286.685,-286.510,Shake
-1.826,-1.056,0.597,33.967,286.685,-286.685,Shake
-1.410,-0.748,0.668,-6.834,280.892,-286.020,Shake
-0.924,-0.064,1.132,-47.994,-58.765,-51.581,Shake
-0.397,-0.083,0.795,-102.419,-286.431,187.504,Shake
-0.306,-0.578,0.469,-44.581,-286.685,286.685,Shake
-0.659,-1.519,-0.041,15.461,-286.685,286.685,Shake
-0.508,-1.999,-0.993,116.104,-286.685,286.659,Shake
1.998,-0.445,-0.728,33.976,-198.196,68.696,Shake
0.698,-1.567,0.413,-122.561,195.274,-125.143,Shake
0.027,-1.400,0.250,-86.949,286.685,-220.754,Shake
-0.296,-1.077,0.607,7.919,286.685,-264.985,Shake
-1.243,-1.060,0.754,24.955,286.685,-286.685,Shake
-1.598,-1.202,0.610,-5.338,286.685,-286.685,Shake
-1.305,-0.489,0.767,-6.571,52.421,-199.701,Shake
-0.720,-0.180,1.187,-12.924,-256.392,-24.972,Shake
-0.242,-0.304,0.608,14.648,-286.685,217.770,Shake
-0.364,-1.320,-0.004,189.980,-286.685,286.685,Shake
-1.181,-1.999,-0.719,276.728,-286.685,286.685,Shake
0.142,-1.959,-1.021,211.995,-286.685,286.685,Shake
1.209,-1.183,-1.178,-93.380,-286.685,221.769,Shake
1.277,-1.463,-1.516,-167.702,-127.540,64.575,Shake
0.673,-1.158,-0.928,-100.389,279.983,-94.526,Shake
0.071,-0.814,-0.249,-39.917,286.685,-275.529,Shake
-0.382,-0.474,0.365,-52.649,286.685,-286.685,Shake
-1.999,-1.271,0.554,-270.638,286.685,-286.685,Shake
-1.666,-1.998,0.856,-286.685,286.685,-286.685,Shake
-1.172,-1.197,0.901,-286.685,171.824,-274.435,Shake
0.053,-0.485,1.776,-57.785,-286.685,-25.629,Shake
0.212,-0.800,0.465,249.821,-286.685,156.406,Shake
-0.471,-1.987,-0.571,286.685,-286.685,286.685,Shake
-1.698,-1.999,-1.997,286.685,-286.685,285.399,Shake
1.998,-0.439,-1.740,286.685,-286.685,224.639,Shake
0.343,-1.225,-1.118,-15.137,-96.294,142.949,Shake
0.023,-0.675,-0.197,-276.133,-217.280,59.929,Shake
0.469,-0.854,-0.277,-273.569,-209.011,32.856,Shake
0.708,-0.648,-0.160,-148.881,3.964,192.526,Shake
0.554,-0.416,0.181,-199.465,98.674,260.916,Shake
0.493,-0.231,0.395,-286.685,79.686,286.685,Shake
-0.123,-0.447,-0.130,-286.685,4.559,286.685,Shake
-0.948,-1.928,-1.450,-286.685,-138.714,191.485,Shake
0.416,-1.999,-1.351,-286.685,-186.664,-131.556,Shake
1.106,-1.776,-0.999,-286.108,156.091,-283.360,Shake
-0.697,-1.889,-1.398,92.085,286.685,-286.685,Shake
-1.736,-0.495,-1.997,286.685,286.685,-245.735,Shake
-1.999,-1.129,-1.997,286.685,169.111,-50.636,Shake
0.080,-1.579,-1.997,286.685,-152.268,255.098,Shake
1.838,-0.349,-1.997,263.777,-60.786,254.048,Shake
1.139,-0.791,-1.682,-106.592,26.757,118.895,Shake
0.087,-0.946,-0.427,-286.685,172.585,-12.512,Shake
0.082,-1.036,-0.108,-286.685,286.685,-25.384,Shake
-0.485,-1.638,0.369,-286.685,286.685,156.406,Shake
-1.073,-1.862,0.439,-286.685,109.699,286.685,Shake
-0.541,-1.712,0.236,-286.685,-133.341,270.804,Shake
0.203,-1.421,-0.294,-286.685,-286.685,-91.989,Shake
0.055,-1.005,-0.693,-134.076,-272.370,-286.685,Shake
-0.789,-0.784,-0.694,191.511,-78.295,-286.685,Shake
-1.897,-1.043,-1.081,286.685,-7.665,-286.685,Shake
-1.355,-1.421,-1.971,286.685,122.622,-286.685,Shake
-0.515,-0.951,-1.997,286.685,286.685,-96.092,Shake
0.787,-0.526,-1.815,286.685,281.934,175.105,Shake
0.364,-0.243,-0.875,68.408,181.072,129.482,Shake
0.378,-0.496,-0.098,-280.551,169.015,-153.020,Shake
0.676,-0.445,-0.078,-286.685,257.075,-145.670,Shake
0.678,-0.447,0.095,-286.685,286.685,36.671,Shake
-0.345,-1.239,0.144,-286.685,286.685,197.628,Shake
-1.311,-1.999,0.353,-286.685,198.091,255.264,Shake
0.027,-1.589,-0.102,-286.685,-281.575,92.698,Shake
0.074,-0.733,-0.794,-276.876,-286.685,-253.846,Shake
-0.352,-0.572,-1.092,-66.290,-286.685,-286.685,Shake
-0.829,-0.800,-1.102,140.402,-245.158,-286.685,Shake
-0.951,-1.546,-1.132,286.685,120.365,-286.685,Shake
-1.045,-1.253,-1.997,286.685,286.685,-281.400,Shake
-0.017,-0.291,-1.821,286.685,286.685,30.222,Shake
0.355,-0.152,-0.959,286.685,278.582,32.384,Shake
0.573,-0.177,-0.488,201.268,166.583,-196.997,Shake
0.859,-0.006,0.322,-156.538,73.115,-286.291,Shake
1.917,0.242,0.528,-286.685,284.480,-283.605,Shake
-0.071,-0.950,-0.124,-286.685,286.685,-200.559,Shake
-1.002,-1.999,-0.658,-286.685,286.685,-121.783,Shake
-1.602,-1.999,-0.749,-286.685,286.650,51.196,Shake
0.091,-1.217,0.971,-62.711,46.708,137.270,Shake
0.611,-0.431,1.339,255.404,-13.965,282.389,Shake
0.080,-1.184,0.261,286.685,-89.066,286.685,Shake
-0.318,-1.924,-0.296,286.685,-274.190,286.685,Shake
0.015,-1.999,-0.736,286.685,-286.685,286.685,Shake
0.546,-1.183,0.041,233.695,-286.685,266.254,Shake
0.068,-0.252,0.093,-250.530,-286.685,-10.150,Shake
0.713,-0.480,-0.350,-286.685,-286.685,-94.885,Shake
0.889,-0.568,-0.255,-286.685,-284.760,94.824,Shake
0.975,-0.340,-0.260,-286.685,-48.606,278.924,Shake
1.105,-0.217,0.166,-286.685,105.236,286.685,Shake
-0.196,-1.054,0.171,-286.685,195.449,286.685,Shake
-0.990,-1.953,-0.557,-286.685,16.362,259.691,Shake
0.119,-1.651,-0.618,-286.685,-283.299,8.015,Shake
0.325,-1.217,-0.937,-263.839,-155.671,-198.100,Shake
0.085,-0.799,-1.102,-9.879,31.885,-284.812,Shake
-0.576,-0.588,-1.041,286.414,245.744,-286.685,Shake
-1.058,-0.738,-1.078,286.685,215.232,-286.685,Shake
-0.986,-1.389,-1.141,286.685,43.645,-283.246,Shake
-0.869,-0.953,-1.522,286.685,-161.262,-75.215,Shake
0.187,-0.505,-1.418,286.685,-176.111,37.284,Shake
0.814,-0.191,-0.758,230.239,-89.031,120.522,Shake
0.606,-0.526,-0.666,-11.646,88.034,98.411,Shake
0.568,-0.614,-0.358,-198.441,159.057,53.882,Shake
0.635,-0.658,-0.358,-283.719,209.825,26.442,Shake
0.851,-0.700,-0.329,-286.685,284.742,4.839,Shake
0.736,-1.060,-0.397,-286.685,286.685,2.669,Shake
0.101,-1.745,-0.665,-286.685,286.685,-22.549,Shake
-0.220,-1.999,-0.781,-176.417,286.685,43.129,Shake
-0.323,-1.404,-0.025,51.494,286.685,137.742,Shake
0.030,-0.525,0.310,279.501,163.616,205.756,Shake
-0.037,-0.577,0.204,286.685,-172.708,225.785,Shake
-0.427,-1.118,-0.348,286.685,-286.685,166.889,Shake
-0.464,-1.438,-0.635,286.160,-286.685,107.643,Shake
0.224,-1.272,-0.918,253.444,-286.685,125.790,Shake
0.908,-1.024,-0.651,176.645,-286.685,152.268,Shake
0.968,-0.797,-0.550,-9.783,-102.209,120.986,Shake
0.906,-0.752,-0.519,-158.025,91.770,41.536,Shake
0.854,-0.717,-0.379,-238.122,267.391,-29.400,Shake
0.847,-0.764,-0.161,-266.061,286.685,-71.689,Shake
0.308,-1.159,-0.064,-286.685,286.685,-145.889,Shake
-0.495,-1.881,-0.192,-286.685,286.685,-189.298,Shake
-0.942,-1.945,0.078,-213.500,286.685,-90.169,Shake
-0.219,-1.100,0.623,14.061,166.845,81.147,Shake
-0.216,-0.735,0.793,128.923,-133.175,137.366,Shake
-0.222,-0.701,0.473,218.409,-252.464,128.520,Shake
-0.376,-1.100,-0.220,257.556,-286.685,141.943,Shake
-0.717,-1.906,-1.080,286.668,-286.685,141.776,Shake
1.280,-1.676,-1.958,286.685,-286.685,55.388,Shake
1.985,-0.337,-0.554,166.661,-222.932,102.305,Shake
1.179,-0.746,-0.598,-24.789,65.721,33.206,Shake
0.650,-0.957,-0.422,-125.090,280.831,-106.934,Shake
0.354,-1.023,-0.233,-126.175,286.685,-113.033,Shake
0.149,-0.948,-0.014,-101.036,286.685,-96.460,Shake
0.031,-0.881,0.261,-121.065,286.685,-91.219,Shake
-0.419,-0.928,0.418,-157.167,286.685,-97.764,Shake
-1.296,-1.344,0.798,-190.216,286.685,-167.352,Shake
-0.884,-1.151,0.977,-162.094,282.380,-146.038,Shake
-0.617,-0.715,0.987,37.713,-94.710,6.930,Shake
-0.347,-0.790,0.559,168.569,-286.685,158.130,Shake
-0.493,-1.319,0.008,189.954,-286.685,277.235,Shake
-0.437,-1.862,-0.681,205.634,-286.685,286.685,Shake
1.639,-1.800,-1.759,209.492,-286.685,216.055,Shake
1.817,-0.582,-0.382,65.476,-139.072,149.861,Shake
0.850,-1.383,-0.403,-53.314,229.101,-86.371,Shake
0.567,-1.425,-0.247,14.945,246.706,-136.378,Shake
0.352,-1.167,0.038,68.416,215.591,-84.315,Shake
-0.211,-0.536,0.839,32.287,285.652,-76.632,Shake
-0.961,-0.764,0.795,-87.675,286.685,-263.489,Shake
-1.101,-0.921,0.772,-120.374,286.685,-286.685,Shake
-0.666,-0.723,0.708,-74.620,66.001,-117.591,Shake
-0.348,-0.526,0.799,-19.320,-131.408,12.609,Shake
-0.296,-0.602,0.544,13.597,-284.051,177.398,Shake
-0.242,-0.942,0.267,58.205,-286.685,274.872,Shake
-0.169,-1.338,0.005,86.406,-286.685,286.685,Shake
0.056,-1.901,-0.302,95.366,-286.685,286.685,Shake
1.367,-1.811,-0.653,67.751,-267.750,147.613,Shake
1.871,-1.457,-0.265,3.281,-67.016,-148.277,Shake
1.092,-1.685,-0.239,-48.037,109.506,-207.533,Shake
0.313,-1.395,-0.108,-12.451,226.432,-194.101,Shake
0.005,-0.877,0.178,13.422,246.628,-180.617,Shake
-0.649,-0.496,0.710,-21.753,286.685,-239.085,Shake
-1.428,-0.879,0.606,-136.124,286.685,-286.685,Shake
-1.590,-1.081,0.681,-147.595,286.685,-286.685,Shake
-0.779,-0.381,1.113,-148.864,88.988,-191.030,Shake
-0.494,-0.266,0.959,-114.056,-286.685,68.749,Shake
-0.197,-0.618,0.484,-7.455,-286.685,201.303,Shake
-0.504,-1.519,-0.326,135.826,-286.685,284.611,Shake
-0.775,-1.999,-1.611,265.633,-286.685,274.820,Shake
0.963,-1.887,-1.997,254.380,-286.685,110.985,Shake
0.963,-0.781,-0.532,73.771,-284.069,159.906,Shake
0.124,-0.905,-0.969,-171.325,-68.530,54.197,Shake
0.018,-0.827,-0.509,-266.779,-97.895,-39.524,Shake
0.150,-0.802,-0.426,-264.784,-26.530,-70.604,Shake
0.341,-0.760,-0.374,-192.570,103.705,-2.485,Shake
0.583,-0.647,-0.181,-154.691,186.917,67.603,Shake
0.597,-0.730,-0.048,-193.594,281.969,125.536,Shake
0.148,-1.235,-0.071,-226.721,286.685,86.363,Shake
0.002,-1.551,0.021,-143.062,286.685,58.459,Shake
-0.063,-1.490,0.458,-25.296,278.749,55.046,Shake
0.061,-1.176,0.354,86.887,54.915,26.110,Shake
0.019,-0.988,0.148,160.361,-165.742,-1.409,Shake
0.004,-0.963,-0.057,177.398,-257.661,-17.657,Shake
-0.103,-1.064,-0.335,198.887,-284.961,-22.251,Shake
-0.276,-1.401,-0.660,257.784,-286.685,-26.180,Shake
-0.257,-1.709,-1.137,286.274,-286.685,0.306,Shake
0.183,-1.229,-1.519,261.485,-286.685,-63.280,Shake
0.619,-0.673,-1.046,110.801,-286.606,-105.411,Shake
0.761,-0.582,-0.847,6.650,-196.254,-125.598,Shake
0.914,-0.665,-0.795,-72.188,65.537,-102.217,Shake
0.855,-0.570,-0.613,-89.819,268.301,-40.084,Shake
0.787,-0.461,-0.396,-100.082,286.685,-17.517,Shake
0.555,-0.470,-0.286,-96.915,286.685,-41.265,Shake
-0.060,-0.730,-0.029,-127.934,286.685,-44.118,Shake
-0.645,-1.129,0.043,-249.436,286.685,-65.940,Shake
-1.095,-1.386,0.370,-286.685,286.685,-60.847,Shake
-0.272,-1.089,0.762,-239.479,88.637,-0.472,Shake
-0.065,-0.922,0.709,-46.856,-200.497,62.947,Shake
-0.051,-1.065,0.413,79.126,-276.325,68.014,Shake
-0.113,-1.181,-0.057,193.602,-286.685,113.995,Shake
-0.111,-1.379,-0.260,248.570,-286.685,170.371,Shake
0.072,-1.662,-0.488,227.518,-286.685,164.176,Shake
0.533,-1.621,-0.808,144.393,-286.685,93.686,Shake
1.058,-1.058,-0.955,62.431,-284.874,22.811,Shake
0.881,-0.967,-0.839,-46.086,-40.897,-42.849,Shake
0.505,-0.996,-0.688,-75.661,220.080,-84.621,Shake
0.324,-0.991,-0.460,-74.865,286.685,-106.741,Shake
0.274,-0.854,-0.196,-77.647,286.685,-130.952,Shake
0.109,-0.743,0.119,-105.306,286.685,-147.096,Shake
-0.493,-0.950,0.351,-187.932,286.685,-134.706,Shake
-0.863,-1.253,0.580,-247.730,286.685,-164.071,Shake
-0.424,-1.202,0.837,-210.490,192.229,-96.906,Shake
-0.287,-0.949,0.814,-36.531,-94.552,19.224,Shake
-0.176,-1.011,0.609,69.764,-204.164,50.514,Shake
-0.151,-1.027,0.255,164.395,-286.685,123.147,Shake
-0.101,-1.029,0.058,199.946,-286.685,179.725,Shake
-0.175,-1.298,-0.201,153.886,-286.685,193.874,Shake
0.338,-1.804,-1.097,117.688,-286.685,108.264,Shake
1.377,-1.100,-1.475,89.863,-286.685,12.626,Shake
1.039,-0.983,-0.845,-7.429,-72.739,-7.052,Shake
0.441,-1.106,-0.848,-60.856,216.694,-50.697,Shake
0.292,-1.014,-0.429,-56.656,236.723,-58.476,Shake
0.356,-0.826,-0.222,-66.185,246.269,-72.039,Shake
0.274,-0.664,0.120,-109.848,286.685,-94.342,Shake
-0.278,-0.883,0.327,-174.702,286.685,-95.777,Shake
-0.872,-1.286,0.641,-231.193,286.685,-118.046,Shake
-0.424,-1.305,0.569,-213.115,157.710,-112.884,Shake
-0.194,-1.161,0.518,-97.125,-22.619,-23.853,Shake
-0.097,-1.023,0.433,59.491,-190.759,37.844,Shake
-0.078,-1.034,0.158,139.834,-265.492,66.421,Shake
-0.016,-1.172,-0.093,182.402,-286.685,106.426,Shake
-0.059,-1.300,-0.309,188.134,-286.685,129.798,Shake
0.198,-1.748,-0.913,201.381,-286.685,77.997,Shake
1.573,-1.076,-1.163,170.126,-265.239,-11.095,Shake
1.038,-0.940,-0.755,35.717,-13.029,-31.684,Shake
0.505,-1.063,-0.717,-44.678,233.783,-96.451,Shake
0.415,-1.070,-0.502,-37.765,257.504,-98.088,Shake
0.339,-0.834,-0.212,-18.655,263.795,-89.425,Shake
0.168,-0.598,0.099,-27.423,286.685,-83.204,Shake
-0.502,-0.666,0.407,-96.897,286.685,-83.912,Shake
-0.929,-0.785,0.526,-161.621,286.685,-121.616,Shake
-0.882,-1.134,0.920,-215.950,286.151,-199.867,Shake
-0.619,-1.118,0.887,-157.894,20.300,-64.566,Shake
-0.426,-1.001,0.694,53.979,-268.205,55.116,Shake
-0.357,-1.079,0.358,201.714,-286.685,176.435,Shake
-0.228,-1.208,-0.183,276.080,-286.685,256.559,Shake
-0.703,-1.999,-0.919,286.685,-286.685,284.996,Shake
1.071,-1.999,-1.621,286.685,-286.685,176.724,Shake
1.747,-0.849,-1.100,156.686,-286.685,34.895,Shake
1.092,-1.010,-0.978,-54.460,-49.219,-137.025,Shake
1.031,-0.887,-0.758,-59.745,199.727,-187.381,Shake
0.527,-0.610,-0.125,-24.955,286.685,-220.027,Shake
0.068,-0.269,0.235,-27.825,286.685,-286.353,Shake
-1.548,-0.932,0.284,-204.059,286.685,-286.685,Shake
-1.999,-1.799,0.713,-286.685,286.685,-286.685,Shake
-1.276,-1.026,0.918,-275.196,170.721,-229.827,Shake
-0.726,-0.380,1.566,-94.964,-191.905,-13.151,Shake
-0.189,-0.640,0.842,93.660,-286.685,236.688,Shake
-0.373,-1.558,0.208,263.699,-286.685,286.685,Shake
-1.177,-1.999,-0.792,286.685,-286.685,286.685,Shake
1.598,-1.927,-1.679,286.318,-286.685,286.685,Shake
1.006,-1.184,0.034,-62.545,-254.021,118.869,Shake
0.236,-1.513,-0.588,-281.522,-191.844,-120.592,Shake
0.376,-1.161,-0.472,-281.041,-210.166,-148.724,Shake
0.709,-1.064,-0.375,-128.441,49.315,-162.374,Shake
0.991,-0.399,-0.187,91.210,286.685,-272.195,Shake
-1.115,0.042,-0.157,276.789,286.685,-286.685,Shake
-1.999,-1.618,-0.416,276.307,286.685,-286.685,Shake
-1.999,-1.267,0.677,38.377,286.685,-286.685,Shake
-0.547,1.997,1.999,-286.615,-208.521,-30.126,Shake
-0.972,-0.400,0.477,-286.685,-286.685,286.685,Shake
-1.999,-1.999,-1.132,-50.286,-286.685,286.685,Shake
1.077,-1.999,-1.997,286.685,-286.685,273.446,Shake
1.998,-0.335,-1.001,286.099,-285.793,-75.390,Shake
0.277,-1.491,-0.791,38.579,260.680,-276.806,Shake
-0.896,0.263,0.037,276.885,286.685,-286.685,Shake
-1.999,-1.002,-0.431,286.685,286.685,-286.685,Shake
-1.966,1.950,1.293,-115.938,278.364,-286.685,Shake
-1.400,1.774,1.741,-286.685,-201.495,269.281,Shake
-1.755,-0.945,-0.094,-286.685,-286.685,286.685,Shake
-1.999,-1.999,-1.694,-130.646,-286.685,286.685,Shake
1.818,-1.607,-1.997,240.905,-286.685,208.792,Shake
1.998,-1.354,-0.018,-38.001,19.591,-182.560,Shake
-0.484,-0.476,0.010,60.690,286.685,-286.073,Shake
-1.923,-0.429,0.791,279.694,286.685,-286.685,Shake
-1.999,-1.695,0.223,253.890,286.685,-286.685,Shake
-1.239,0.849,1.974,-220.413,-182.779,15.627,Shake
-1.064,-0.872,0.305,-215.688,-286.685,286.685,Shake
-1.999,-1.999,-1.925,-3.054,-286.685,285.329,Shake
0.927,-1.999,-1.997,237.046,-286.685,172.095,Shake
1.998,0.612,-1.235,179.016,-209.046,208.023,Shake
0.416,-0.199,-0.767,81.331,286.685,-279.449,Shake
-1.999,-0.678,0.678,286.685,286.685,-286.685,Shake
-1.999,-0.572,1.070,-40.241,252.376,-286.685,Shake
-1.089,1.250,1.999,-286.676,-252.639,-116.480,Shake
-1.100,-1.263,0.269,-219.503,-286.685,286.685,Shake
-1.912,-1.999,-1.940,57.452,-286.685,286.685,Shake
1.998,0.937,-1.648,262.220,-286.685,21.700,Shake
1.378,-0.123,-0.857,55.283,272.545,-149.363,Shake
-0.481,-0.141,-0.407,170.704,286.685,-286.685,Shake
-1.999,-1.668,1.265,284.874,286.685,-286.685,Shake
-1.979,1.559,1.999,-169.496,-169.173,-256.953,Shake
-1.644,-1.019,0.334,-266.954,-286.685,272.510,Shake
-1.999,-1.999,-0.966,-6.440,-286.685,286.685,Shake
1.119,-1.999,-1.997,229.276,-286.685,121.949,Shake
1.998,1.265,-1.615,81.253,-275.835,152.084,Shake
1.998,-0.009,-1.053,-26.653,179.497,-24.421,Shake
0.052,0.119,-0.402,140.997,286.685,-168.936,Shake
-1.999,-1.750,0.879,168.840,286.685,-286.685,Shake
-1.990,-0.190,1.378,-58.021,127.435,-265.335,Shake
-0.424,0.045,1.644,-131.810,-268.065,133.341,Shake
-1.653,-1.686,0.222,-38.824,-286.685,286.685,Shake
-0.412,-1.999,-1.997,3.824,-286.685,276.587,Shake
1.998,0.147,-0.038,0.779,-256.742,150.089,Shake
1.901,-0.274,-0.215,2.074,286.685,-233.914,Shake
-0.488,0.098,0.621,141.304,286.685,-286.142,Shake
-1.999,-1.915,1.070,194.337,286.685,-286.685,Shake
-1.953,-0.170,1.492,-107.397,-155.234,-255.413,Shake
-0.997,-0.858,0.592,-195.799,-286.685,241.509,Shake
-1.955,-1.999,-0.734,24.281,-286.685,286.685,Shake
-0.772,-1.999,-1.860,125.300,-286.685,231.648,Shake
1.998,1.315,-0.907,203.262,-286.685,63.682,Shake
1.992,0.144,-0.822,-1.671,161.945,57.347,Shake
-0.632,0.170,-0.065,215.224,286.685,-170.826,Shake
-1.999,-1.635,0.987,279.073,286.685,-286.685,Shake
-1.999,-1.521,0.434,2.091,269.509,-279.204,Shake
-0.578,0.147,1.464,-286.650,-286.685,42.175,Shake
-1.080,-1.101,-0.016,-191.161,-286.685,286.265,Shake
-0.349,-1.999,-1.997,111.423,-286.685,224.744,Shake
1.998,0.777,-1.323,258.554,-201.565,92.225,Shake
1.680,-0.203,-0.535,43.925,276.701,100.091,Shake
-1.501,-0.530,0.250,162.619,286.685,-265.353,Shake
-1.999,-1.964,0.574,147.971,286.449,-286.685,Shake
-1.527,0.364,1.861,-211.041,-285.206,-213.386,Shake
-1.260,-0.805,0.097,-169.024,-286.685,226.774,Shake
-1.360,-1.847,-0.607,74.725,-286.685,231.971,Shake
-0.152,-1.999,-1.997,269.710,-286.685,129.167,Shake
1.998,-0.198,-1.252,94.010,-213.841,154.840,Shake
1.679,-0.356,-0.755,-23.555,284.944,-109.611,Shake
-0.247,-0.205,-0.133,131.548,286.685,-233.012,Shake
-1.999,-0.975,0.944,197.540,286.685,-286.685,Shake
-1.999,-0.630,1.549,-43.785,284.961,-286.685,Shake
-1.727,0.299,1.913,-286.685,-270.603,-137.646,Shake
-1.019,-1.212,0.285,-12.889,-286.685,282.669,Shake
-0.816,-1.999,-1.171,125.860,-286.685,286.685,Shake
1.998,-1.511,-1.721,281.671,-237.650,237.160,Shake
1.998,-1.056,-0.965,29.654,175.542,47.757,Shake
1.083,-0.521,-0.638,47.644,286.685,-150.342,Shake
-1.187,-0.025,0.827,240.170,286.685,-214.830,Shake
-1.999,-0.214,1.999,-58.380,286.186,-286.685,Shake
-1.999,-0.690,1.393,-286.685,-283.500,-161.997,Shake
-1.452,-1.999,-0.488,-49.385,-286.685,92.619,Shake
-0.758,-1.999,-1.300,203.639,-286.685,60.471,Shake
1.538,-1.443,-1.930,286.685,-271.320,80.351,Shake
1.998,-0.611,-1.369,204.689,-49.114,225.995,Shake
1.992,-0.612,-0.879,76.317,254.975,15.304,Shake
0.823,-0.640,-0.349,87.045,286.685,-154.289,Shake
-0.780,-0.808,0.364,125.694,286.685,-232.470,Shake
-1.999,0.238,1.999,-37.949,286.685,-286.685,Shake
-1.999,-0.293,1.470,-286.685,-229.932,-279.676,Shake
-1.554,-0.964,0.503,-52.299,-286.685,59.369,Shake
-0.940,-0.910,0.144,148.304,-286.685,178.325,Shake
0.263,-1.874,-0.800,211.129,-286.685,233.852,Shake
1.998,-1.999,-1.853,286.685,-232.068,286.685,Shake
1.285,-1.999,-0.947,139.195,-40.626,51.091,Shake
0.700,-1.462,-0.713,13.781,286.685,-285.801,Shake
0.548,-0.407,-0.095,127.269,286.685,-273.402,Shake
-1.999,0.722,1.025,228.393,286.685,-285.320,Shake
-1.999,0.351,1.234,87.622,286.685,-286.685,Shake
-1.985,0.818,1.774,-286.571,-90.405,-256.182,Shake
-1.299,-1.160,0.419,-123.594,-286.685,265.729,Shake
-1.074,-1.949,0.058,41.904,-286.685,286.685,Shake
-1.991,-1.999,-1.997,88.769,-286.685,286.685,Shake
1.998,-1.382,-1.718,168.788,-286.685,256.987,Shake
1.998,-0.694,-0.507,-62.213,-273.455,-162.006,Shake
1.998,-0.316,-0.908,-69.431,284.401,-286.685,Shake
-0.277,-0.874,-1.011,180.303,286.685,-117.092,Shake
-1.999,-0.721,0.927,259.744,286.685,-286.685,Shake
-1.999,-0.635,0.873,43.662,286.685,-286.685,Shake
-1.522,1.216,1.890,-224.385,-265.475,-152.819,Shake
-0.531,-0.111,0.411,-242.480,-286.685,286.492,Shake
-1.252,-1.999,-0.192,25.112,-286.685,286.685,Shake
0.231,-1.999,-1.997,235.086,-286.685,286.685,Shake
1.998,-0.528,-1.039,275.450,-218.619,284.681,Shake
-1.558,-1.956,0.068,209.878,286.685,-281.015,Shake
-1.624,-0.408,-0.179,273.114,286.685,-286.685,Shake
-1.999,-0.025,-0.034,286.685,286.685,-286.685,Shake
-1.999,0.858,0.083,209.650,286.685,-286.685,Shake
-1.999,1.997,1.838,-286.396,-238.613,57.759,Shake
-1.725,-0.329,-0.318,-286.685,-286.685,286.650,Shake
-0.971,-1.306,0.229,-89.451,-286.685,286.685,Shake
-1.619,-1.999,-1.294,85.908,-286.685,286.685,Shake
1.998,-1.892,-1.646,210.569,-283.019,286.685,Shake
1.083,-1.999,-0.348,-145.171,186.935,-13.002,Shake
0.338,-1.872,-0.591,-108.929,283.684,-286.685,Shake
0.572,-1.438,-0.386,121.144,82.618,-286.685,Shake
-0.973,-0.477,0.667,199.684,281.855,-281.601,Shake
-1.999,-1.094,0.191,191.564,286.685,-286.685,Shake
-1.999,0.282,1.987,152.232,234.736,-286.685,Shake
-1.850,1.246,1.898,-254.581,-286.685,-26.180,Shake
-0.908,-0.338,0.471,-284.909,-286.685,144.611,Shake
-0.724,-0.900,-0.112,-85.400,-286.685,286.685,Shake
-0.946,-1.999,-1.526,152.512,-286.685,286.685,Shake
1.585,-1.999,-1.997,286.685,-286.685,286.536,Shake
1.894,-1.438,-1.495,114.853,-42.053,259.280,Shake
0.242,-1.599,-1.183,81.786,286.685,-138.609,Shake
-0.038,-1.402,-0.814,75.232,286.685,-191.625,Shake
-0.540,-0.837,-0.014,213.325,286.685,-185.762,Shake
-1.999,-0.460,0.532,140.158,286.685,-286.510,Shake
-1.999,-0.962,0.787,15.636,286.685,-286.685,Shake
-1.999,0.211,1.998,-15.260,-160.344,-180.889,Shake
-1.324,0.077,1.126,-203.158,-286.685,41.388,Shake
-0.913,-0.746,0.372,-96.618,-286.685,183.592,Shake
-0.644,-1.454,-0.213,23.196,-286.685,266.359,Shake
-0.653,-1.999,-1.198,164.885,-286.685,286.685,Shake
1.998,-1.708,-1.615,232.916,-286.685,224.455,Shake
1.864,-1.292,-1.280,37.135,-148.085,257.976,Shake
0.768,-1.615,-0.869,17.649,275.564,-34.624,Shake
0.294,-1.052,-0.611,5.259,286.685,-231.254,Shake
0.095,-0.924,-0.304,103.810,286.685,-260.068,Shake
-1.157,-0.901,0.089,112.324,286.685,-245.473,Shake
-1.999,-1.151,0.558,65.196,286.685,-286.685,Shake
-1.999,-0.071,1.995,55.869,249.130,-283.351,Shake
-1.351,0.310,1.662,-165.637,-273.639,27.764,Shake
-1.108,-0.732,0.330,-120.225,-286.685,174.291,Shake
-0.836,-1.038,0.071,-30.660,-286.685,206.386,Shake
-0.904,-1.969,-1.359,85.759,-286.685,250.163,Shake
0.974,-1.999,-1.997,266.332,-286.685,169.146,Shake
1.998,-0.770,-1.348,49.438,-165.060,250.364,Shake
0.974,-1.264,-1.018,22.251,286.685,11.305,Shake
0.550,-1.073,-0.573,37.678,286.685,-149.021,Shake
-0.365,-0.834,-0.267,135.100,286.685,-150.229,Shake
-1.999,-1.275,1.019,115.588,286.685,-277.209,Shake
-1.975,-0.900,1.386,-84.350,286.624,-286.685,Shake
-1.287,-0.181,1.524,-53.917,-276.605,-80.019,Shake
-0.850,-0.562,0.485,-7.814,-286.685,125.738,Shake
-0.747,-0.830,0.074,40.092,-286.685,157.027,Shake
-0.905,-1.894,-1.736,127.680,-286.685,166.723,Shake
1.991,-1.249,-1.822,286.134,-282.616,46.261,Shake
1.811,-0.709,-1.048,4.594,122.325,202.134,Shake
0.826,-1.064,-0.868,-13.002,286.685,6.177,Shake
0.144,-0.907,-0.102,18.130,286.685,-108.229,Shake
-1.612,-1.393,0.396,112.604,286.685,-229.696,Shake
-1.999,-1.372,1.471,-66.168,286.685,-286.685,Shake
-1.892,-0.480,1.758,-93.485,-118.493,-184.660,Shake
-1.159,-0.668,0.841,-90.344,-286.685,59.981,Shake
-0.844,-0.986,0.128,77.849,-286.685,151.016,Shake
-0.626,-1.432,-0.833,174.064,-286.685,197.321,Shake
-0.655,-1.999,-1.989,235.322,-286.685,205.634,Shake
1.998,0.203,-1.781,70.446,-286.160,83.186,Shake
1.799,-0.757,-1.431,-75.661,22.059,98.630,Shake
1.146,-0.796,-0.740,-15.199,286.685,-131.994,Shake
-0.364,-0.659,-0.570,46.121,286.685,-90.274,Shake
-1.999,-1.599,0.859,149.450,286.685,-269.080,Shake
-1.999,-1.311,1.892,-147.254,276.579,-279.913,Shake
-1.617,0.141,1.999,-147.000,-263.104,0.613,Shake
-1.306,-0.895,0.402,-134.365,-286.685,231.604,Shake
-1.528,-1.999,-1.148,56.228,-286.685,228.506,Shake
-0.365,-1.999,-1.997,268.179,-286.685,123.506,Shake
1.998,-0.165,-0.959,105.787,-204.794,113.374,Shake
1.054,-0.705,-0.988,75.110,286.685,-74.130,Shake
0.476,-0.333,-0.455,131.863,286.685,-179.182,Shake
-1.894,-0.549,0.168,269.824,286.685,-249.244,Shake
-1.999,-1.135,1.496,110.530,286.685,-286.685,Shake
-1.616,0.658,1.999,-211.155,-193.121,-63.787,Shake
-1.309,-0.894,0.409,-279.948,-286.685,274.059,Shake
-1.756,-1.873,-0.415,-175.114,-286.685,285.355,Shake
-0.859,-1.999,-1.890,48.991,-286.685,106.636,Shake
1.998,0.681,-0.837,157.386,-285.845,-37.249,Shake
1.486,-0.580,-0.450,46.340,258.624,39.322,Shake
0.155,-0.738,-0.244,98.525,286.685,-87.316,Shake
-0.632,-0.918,0.005,116.707,286.685,-136.185,Shake
-1.999,-1.580,1.450,79.257,286.685,-246.960,Shake
-1.720,-0.155,1.352,-145.836,-156.686,-247.485,Shake
-0.986,-0.897,0.575,-124.863,-286.685,10.045,Shake
-0.515,-1.196,-0.502,-49.971,-286.685,53.585,Shake
-0.021,-1.717,-1.633,78.864,-286.685,72.494,Shake
1.998,-1.302,-1.317,277.401,-150.850,122.439,Shake
1.432,-0.807,-1.032,58.949,177.205,115.596,Shake
1.043,-0.277,-0.307,123.795,286.685,-117.276,Shake
-1.127,-0.179,0.194,285.600,286.685,-263.191,Shake
-1.999,-0.920,0.398,286.685,286.685,-286.685,Shake
-1.999,-0.884,0.773,73.036,286.685,-286.685,Shake
-1.443,0.750,1.978,-255.124,-141.181,-7.245,Shake
-0.855,-0.549,0.615,-275.301,-286.685,286.685,Shake
-1.366,-1.939,-0.189,-148.400,-286.685,286.685,Shake
-1.439,-1.999,-1.676,-83.344,-286.685,284.576,Shake
1.998,-0.570,-1.296,-38.999,-286.624,103.731,Shake
1.100,-1.999,-0.026,-104.090,194.775,-103.723,Shake
0.374,-1.347,-0.361,56.315,286.685,-276.098,Shake
-0.467,-0.918,-0.076,285.731,286.685,-245.499,Shake
-1.615,-0.513,0.293,286.685,286.685,-284.848,Shake
-1.988,-0.486,0.427,238.394,286.685,-286.685,Shake
-1.388,-0.029,0.698,-17.649,264.749,-286.685,Shake
-0.903,0.127,0.883,-271.521,23.056,-142.905,Shake
-0.784,-0.322,1.022,-233.354,-229.583,33.530,Shake
-0.648,-0.698,0.628,-122.692,-286.685,169.540,Shake
-0.579,-1.126,0.481,-73.666,-286.685,251.755,Shake
-0.343,-1.158,0.469,-70.166,-286.685,267.400,Shake
0.077,-1.240,0.668,-81.314,-286.685,236.504,Shake
0.267,-1.553,0.229,-84.429,-286.685,149.599,Shake
1.367,-1.745,-0.715,6.580,-224.849,-15.286,Shake
1.184,-1.435,-0.256,67.699,-50.557,-20.694,Shake
0.529,-1.342,-0.211,154.700,103.416,-45.981,Shake
0.419,-1.097,0.009,233.572,185.474,-80.491,Shake
0.025,-0.737,0.164,286.239,277.883,-138.084,Shake
-0.585,-0.391,0.323,286.685,286.685,-186.961,Shake
-1.966,0.001,0.636,244.878,286.685,-286.685,Shake
-1.564,-0.021,0.760,89.670,281.383,-286.685,Shake
-0.937,0.648,1.151,-146.335,-117.031,-57.496,Shake
-0.541,-0.065,0.951,-259.682,-286.685,235.821,Shake
-0.611,-0.502,0.579,-285.329,-286.685,286.685,Shake
-0.711,-1.550,-0.253,-260.566,-286.685,286.685,Shake
0.698,-1.999,-1.005,-169.514,-286.685,213.106,Shake
1.850,-1.401,-0.654,-33.329,-127.934,-66.911,Shake
0.942,-1.698,0.241,29.767,149.529,-104.213,Shake
0.533,-1.420,-0.054,137.480,224.490,-58.713,Shake
0.378,-1.146,0.088,203.910,278.696,-66.859,Shake
-0.242,-0.756,0.420,215.609,286.685,-114.249,Shake
-0.765,-0.444,0.632,149.861,286.685,-204.216,Shake
-1.079,-0.337,0.687,43.505,217.753,-282.310,Shake
-1.124,-0.353,0.697,-27.282,158.139,-286.685,Shake
-1.002,-0.384,0.921,-100.485,92.418,-280.866,Shake
-0.852,-0.326,1.094,-139.081,-69.851,-108.981,Shake
-0.604,-0.530,0.941,-114.179,-272.956,104.912,Shake
-0.491,-0.871,0.694,-32.699,-286.685,257.906,Shake
-0.369,-1.084,0.359,11.786,-286.685,286.685,Shake
-0.386,-1.201,0.222,-20.003,-286.685,286.659,Shake
0.151,-1.252,-0.347,-132.352,-286.685,206.719,Shake
0.506,-1.085,-0.806,-221.235,-286.685,54.329,Shake
0.498,-0.509,-0.889,-286.685,-286.685,-108.614,Shake
0.091,-0.573,-1.149,-286.685,-286.685,-123.454,Shake
-0.047,-0.250,-1.098,-286.685,-286.685,-95.209,Shake
0.044,-0.303,-1.298,-286.685,-286.685,-32.541,Shake
0.267,-0.589,-1.423,-286.685,-212.450,18.830,Shake
0.711,-0.846,-1.711,-102.034,134.076,46.760,Shake
0.949,-1.152,-1.866,249.848,286.685,112.866,Shake
0.820,-0.706,-1.925,286.685,286.685,278.985,Shake
-0.029,0.356,-1.922,286.685,286.685,286.685,Shake
-0.605,0.499,-0.922,286.685,286.685,286.685,Shake
-1.999,0.624,0.832,286.685,286.685,286.685,Shake
-1.999,0.420,1.220,220.666,-238.989,-88.191,Shake
-1.124,0.509,1.321,-179.016,-286.685,-222.924,Shake
-0.932,-0.339,0.732,-286.685,-286.685,-176.523,Shake
-0.827,-0.751,-0.538,-286.685,-286.685,-98.096,Shake
0.064,0.138,-1.996,-286.685,-286.685,-249.812,Shake
-0.444,0.731,-1.898,-286.685,-286.685,-286.685,Shake
0.521,0.783,-1.994,-286.685,-286.685,-286.685,Shake
0.729,0.321,-1.609,-226.380,-279.274,-174.633,Shake
0.440,-0.069,-1.991,197.628,286.370,206.780,Shake
0.462,0.315,-1.997,286.685,286.685,286.685,Shake
0.270,0.215,-1.997,286.685,286.685,286.685,Shake
-0.202,0.133,-1.978,286.685,286.685,286.685,Shake
-0.963,0.086,-0.629,286.685,286.685,286.431,Shake
-1.576,-0.340,1.010,286.685,286.685,52.754,Shake
-1.530,-0.075,1.068,187.469,133.429,-222.469,Shake
-1.043,0.537,1.401,-245.910,-286.685,-250.617,Shake
-0.125,0.546,1.167,-286.685,-286.685,-129.246,Shake
-0.450,-0.568,-0.174,-286.685,-286.685,54.460,Shake
0.500,-0.796,-1.256,-286.685,-286.685,-15.680,Shake
1.315,-0.674,-1.220,-286.685,-286.685,-82.425,Shake
1.408,-1.158,-1.524,-140.805,-69.729,-123.944,Shake
1.138,-0.659,-1.472,272.204,238.376,59.115,Shake
0.888,-0.359,-1.174,286.685,286.685,144.454,Shake
0.593,-0.143,-0.695,286.685,286.685,181.055,Shake
0.236,-0.250,-0.139,234.447,286.685,129.544,Shake
0.114,-0.368,0.150,64.942,184.284,69.772,Shake
0.105,-0.641,0.199,-28.753,68.005,38.447,Shake
0.358,-0.907,0.285,-103.110,-30.747,33.285,Shake
0.554,-1.213,0.404,-97.702,40.530,35.368,Shake
0.524,-1.342,0.368,-21.621,109.821,8.881,Shake
0.363,-1.183,0.279,20.956,69.300,-4.340,Shake
0.357,-1.005,0.150,29.610,-27.781,-12.233,Shake
0.369,-0.813,0.119,12.722,-74.384,-17.981,Shake
0.386,-0.722,0.061,-0.525,-66.150,-20.265,Shake
0.393,-0.708,0.028,-14.578,-62.274,-17.798,Shake
0.451,-0.804,0.010,-31.019,-76.379,-11.349,Shake
0.601,-0.957,-0.071,-32.952,-68.119,-7.543,Shake
0.707,-1.004,-0.034,-12.854,-43.785,-15.829,Shake
0.668,-1.034,0.009,14.542,0.298,-15.724,Shake
0.448,-0.843,0.047,31.386,-1.347,-32.559,Shake
0.443,-0.778,0.059,17.561,-28.490,-33.495,Shake
0.490,-0.825,0.007,6.624,-55.842,-33.127,Shake
0.582,-0.960,-0.060,8.129,-94.229,-17.728,Shake
0.624,-0.920,-0.161,15.181,-74.603,17.736,Shake
0.575,-0.838,-0.254,26.933,-25.445,-5.075,Shake
0.556,-0.708,-0.169,32.121,-22.916,-9.852,Shake
0.558,-0.669,-0.114,30.292,-20.519,-4.226,Shake
0.634,-0.677,-0.094,32.428,-17.850,12.731,Shake
0.664,-0.694,-0.087,25.174,-1.190,22.942,Shake
0.662,-0.806,-0.066,13.081,4.856,17.465,Shake
0.628,-0.924,-0.082,-9.004,11.524,9.993,Shake
0.637,-0.924,-0.057,1.890,42.359,-3.561,Shake
0.577,-0.822,0.004,26.005,89.241,-10.815,Shake
0.722,-0.789,0.046,31.456,111.720,-8.592,Shake
0.508,-0.777,0.060,31.378,136.264,28.376,Shake
0.566,-0.801,0.100,18.760,109.270,45.482,Shake
0.471,-0.799,0.213,12.040,97.650,53.795,Shake
0.371,-0.795,0.298,-10.920,74.725,46.077,Shake
0.132,-0.780,0.390,-26.031,4.016,23.021,Shake
0.122,-0.798,0.335,-36.321,-98.971,-18.218,Shake
0.293,-0.840,0.142,-21.621,-162.181,-28.910,Shake
0.415,-0.864,-0.065,54.390,-217.438,-2.091,Shake
0.421,-0.956,-0.111,113.374,-184.590,43.671,Shake
0.680,-1.025,-0.252,145.434,-117.740,58.695,Shake
0.862,-0.985,-0.205,133.770,-73.378,38.544,Shake
0.987,-0.862,-0.182,78.706,6.807,-30.214,Shake
0.826,-0.834,-0.214,35.219,110.110,-64.908,Shake
0.793,-0.870,-0.120,19.749,173.906,-45.684,Shake
0.708,-0.884,-0.057,23.135,203.665,-23.205,Shake
0.555,-0.876,0.038,30.362,240.135,-4.043,Shake
0.130,-0.741,0.165,67.874,220.036,-47.696,Shake
0.183,-0.703,0.508,49.998,180.504,-70.753,Shake
0.241,-0.592,0.554,9.844,189.525,-72.179,Shake
0.130,-0.626,0.593,-32.830,203.709,-58.380,Shake
0.043,-0.587,0.819,-48.939,204.943,-50.768,Shake
-0.019,-0.550,0.907,-15.776,160.965,-38.999,Shake
-0.042,-0.535,1.084,-3.763,101.369,-10.071,Shake
-0.180,-0.559,1.036,-5.469,-3.395,32.463,Shake
-0.229,-0.625,0.953,-5.854,-83.037,77.761,Shake
-0.224,-0.776,0.879,-27.125,-153.090,182.455,Shake
-0.370,-1.105,0.574,-68.285,-285.276,250.635,Shake
-0.155,-1.337,0.238,-63.271,-286.685,268.196,Shake
0.394,-1.539,-0.071,7.910,-286.685,236.548,Shake
0.921,-1.623,-0.363,142.117,-203.359,155.417,Shake
0.989,-1.468,-0.292,190.102,-5.845,32.305,Shake
0.625,-1.366,-0.141,155.181,128.170,-65.257,Shake
0.191,-1.202,-0.007,101.106,227.141,-181.615,Shake
-0.079,-0.734,0.239,79.704,284.751,-275.896,Shake
-1.162,-0.363,0.529,19.731,286.685,-286.685,Shake
-1.738,-0.598,0.551,-38.649,286.685,-286.685,Shake
-1.885,-0.821,0.525,-135.441,286.685,-286.685,Shake
-1.226,0.166,1.374,-177.354,-181.913,-39.121,Shake
-0.277,-0.255,1.003,-132.571,-286.685,267.636,Shake
-0.621,-1.551,0.089,-19.390,-286.685,286.685,Shake
-0.705,-1.999,-1.996,136.351,-286.685,286.685,Shake
1.998,-1.409,-1.631,207.174,-286.685,275.590,Shake
0.965,-1.673,-0.548,-70.823,215.565,46.340,Shake
0.747,-1.696,-0.331,-15.925,283.404,-196.700,Shake
0.312,-0.928,0.149,161.490,227.150,-165.979,Shake
-1.102,-0.525,0.625,155.374,286.685,-277.095,Shake
-1.990,-0.765,0.644,99.426,286.685,-286.685,Shake
-1.999,-0.855,0.758,-46.603,286.685,-286.685,Shake
-1.672,-0.223,1.182,-228.541,-72.607,-277.235,Shake
-0.889,-0.614,0.867,-232.155,-286.685,-74.480,Shake
-0.367,-0.887,0.148,-28.446,-286.685,86.677,Shake
-0.389,-1.388,-0.457,124.548,-286.685,160.239,Shake
-1.121,-1.999,-1.931,276.929,-286.685,144.226,Shake
1.954,-0.222,-1.997,221.970,-286.685,37.546,Shake
0.747,-0.119,-1.997,-239.724,23.949,66.202,Shake
0.472,-0.818,-1.755,-286.685,61.792,-142.879,Shake
0.666,-1.087,-1.474,-276.797,258.457,-111.501,Shake
0.611,-1.015,-0.910,-5.110,286.685,38.850,Shake
-0.725,-0.954,-0.385,147.779,286.685,225.312,Shake
-1.999,-1.518,0.111,74.366,286.685,104.195,Shake
-1.849,-1.239,1.472,-38.780,286.685,-222.215,Shake
-1.729,-0.572,1.496,-96.766,-235.629,-110.066,Shake
-0.472,-0.553,0.916,-27.160,-286.685,-11.436,Shake
0.004,-0.752,0.235,124.609,-286.685,150.273,Shake
-0.364,-1.999,-1.467,285.189,-286.685,282.450,Shake
0.534,-1.977,-1.997,286.685,-286.685,231.298,Shake
1.895,-0.614,-0.964,205.931,-249.996,76.221,Shake
0.815,-0.815,-1.533,-26.442,215.827,-94.439,Shake
0.578,-1.002,-0.874,-150.141,286.685,-175.149,Shake
0.268,-0.815,-0.188,-47.311,286.685,-138.329,Shake
-0.788,-0.496,0.045,-31.972,286.685,-131.259,Shake
-1.999,-1.072,0.099,-74.541,286.685,-282.047,Shake
-1.999,-1.375,0.428,-116.113,286.685,-286.685,Shake
-1.902,-0.531,1.645,-206.859,255.780,-237.484,Shake
-1.123,-0.465,1.481,-235.900,-280.586,-90.011,Shake
-0.528,-0.892,0.549,-58.030,-286.685,25.646,Shake
-0.364,-1.359,-0.359,88.882,-286.685,135.678,Shake
-0.802,-1.999,-1.995,278.749,-286.685,176.015,Shake
0.854,-1.993,-1.997,286.685,-286.685,82.451,Shake
1.998,-0.427,-0.674,109.217,-177.923,104.440,Shake
0.587,-1.178,-1.240,-77.438,286.685,-2.730,Shake
0.141,-1.098,-0.399,-31.666,197.811,-104.659,Shake
0.398,-0.731,-0.125,18.795,171.631,-87.325,Shake
0.139,-0.596,0.065,26.548,280.525,-55.160,Shake
-0.754,-0.749,0.302,-36.890,286.685,-49.070,Shake
-1.321,-0.870,0.565,-111.685,286.685,-131.705,Shake
-0.868,-0.786,0.949,-178.001,255.929,-146.807,Shake
-0.611,-0.787,1.057,-190.059,-101.316,-75.031,Shake
-0.436,-1.007,0.703,-162.689,-270.358,3.080,Shake
-0.220,-1.310,0.246,-63.542,-286.685,67.174,Shake
-0.150,-1.487,-0.311,43.925,-286.685,103.434,Shake
-0.006,-1.574,-0.623,119.639,-286.685,66.386,Shake
0.553,-1.423,-0.826,93.074,-286.685,-51.292,Shake
1.145,-0.753,-0.644,26.871,-213.071,-88.673,Shake
0.544,-0.943,-0.580,-44.572,-8.068,-59.360,Shake
0.391,-0.888,-0.511,-45.929,18.952,-68.757,Shake
0.375,-0.843,-0.415,-25.410,13.029,-41.589,Shake
0.325,-0.765,-0.350,-3.071,36.470,-25.743,Shake
0.252,-0.727,-0.260,-8.645,64.732,-12.276,Shake
0.229,-0.750,-0.157,-34.204,68.880,5.381,Shake
0.248,-0.799,-0.101,-52.789,58.424,22.382,Shake
0.212,-0.911,-0.087,-68.381,31.430,36.741,Shake
0.301,-1.039,-0.083,-58.327,33.731,36.295,Shake
0.334,-1.143,-0.036,-29.820,73.001,58.222,Shake
0.319,-1.192,0.003,0.000,106.934,69.615,Shake
0.204,-1.227,0.072,52.946,135.643,69.081,Shake
0.045,-1.150,0.111,86.931,100.301,55.991,Shake
0.049,-1.026,0.136,78.339,53.664,27.825,Shake
0.071,-0.962,0.129,62.807,29.400,11.305,Shake
0.119,-0.923,0.105,31.290,5.469,-9.529,Shake
0.146,-0.916,0.096,10.351,-3.885,-21.157,Shake
0.182,-0.929,0.125,-4.410,-4.760,-14.201,Shake
0.223,-0.974,0.122,-8.698,-8.750,-8.155,Shake
0.236,-0.998,0.119,-5.731,-16.503,-6.702,Shake
0.244,-1.017,0.070,1.645,-21.770,-14.026,Shake
0.262,-1.011,0.051,6.344,-24.386,-14.044,Shake
0.291,-0.978,0.016,9.756,-20.632,-12.180,Shake
0.292,-0.937,0.036,6.256,-8.767,-10.001,Shake
0.268,-0.933,0.056,-1.820,-5.302,-12.609,Shake
0.248,-0.939,0.053,-3.797,-5.136,-17.701,Shake
0.231,-0.942,0.086,-5.136,-1.680,-12.084,Shake
0.222,-0.960,0.120,-5.898,-2.975,-3.588,Shake
0.215,-0.976,0.119,-3.342,-10.509,-4.996,Shake
0.224,-0.983,0.098,-1.365,-17.806,-9.118,Shake
0.256,-0.992,0.049,-0.822,-24.071,-8.899,Shake
0.274,-0.981,0.020,1.015,-22.995,-5.101,Shake
0.275,-0.966,0.003,1.575,-19.897,-5.582,Shake
0.279,-0.956,0.001,-1.138,-18.349,-8.435,Shake
0.283,-0.958,0.023,-9.835,-17.150,-7.892,Shake
0.286,-0.963,0.041,-14.586,-19.845,-7.919,Shake
0.285,-0.960,0.047,-14.665,-25.139,-13.720,Shake
0.288,-0.957,0.029,-14.289,-32.235,-16.826,Shake
0.325,-0.968,-0.015,-11.471,-39.463,-17.474,Shake
0.351,-0.956,-0.054,-3.824,-34.772,-10.972,Shake
0.363,-0.947,-0.049,1.365,-23.292,-6.624,Shake
0.326,-0.926,-0.044,1.689,-17.500,-6.195,Shake
0.323,-0.914,-0.021,-3.763,-7.989,-5.110,Shake
0.317,-0.935,0.018,-8.356,-5.906,1.575,Shake
0.312,-0.937,0.035,-9.380,-13.142,-0.814,Shake
0.326,-0.930,0.021,-9.931,-19.731,-4.961,Shake
0.349,-0.930,-0.016,-8.190,-27.230,-3.325,Shake
0.360,-0.927,-0.069,-3.526,-23.984,-0.962,Shake
0.344,-0.924,-0.095,-0.192,-17.876,0.945,Shake
0.315,-0.917,-0.088,-1.724,-8.102,5.644,Shake
0.316,-0.965,-0.065,-7.630,-5.154,10.710,Shake
0.328,-0.993,-0.052,-10.675,-13.921,5.128,Shake
0.342,-1.001,-0.057,-11.349,-19.924,-1.732,Shake
0.365,-0.980,-0.091,-10.229,-23.573,-8.321,Shake
0.346,-0.925,-0.096,-5.714,-14.823,-8.837,Shake
0.317,-0.906,-0.101,-6.738,-14.744,-7.026,Shake
0.291,-0.897,-0.105,-8.750,-18.384,-9.511,Shake
0.317,-0.918,-0.118,-13.011,-14.219,-5.180,Shake
0.333,-0.955,-0.084,-10.806,-7.779,10.185,Shake
0.312,-0.964,-0.049,-6.379,-10.859,9.625,Shake
0.320,-0.964,-0.058,-5.215,-20.326,1.916,Shake
0.357,-0.959,-0.109,-3.168,-30.660,-3.098,Shake
0.385,-0.937,-0.157,1.977,-26.040,-3.098,Shake
0.385,-0.927,-0.167,4.244,-15.890,-0.551,Shake
0.378,-0.936,-0.166,2.196,-14.158,-0.656,Shake
0.403,-0.992,-0.162,-5.040,-16.888,-5.705,Shake
0.393,-1.026,-0.192,-4.909,-14.971,-14.945,Shake
0.392,-1.018,-0.184,1.067,5.233,-16.625,Shake
0.319,-0.967,-0.143,8.278,14.709,-12.127,Shake
0.260,-0.910,-0.119,11.060,16.503,-14.691,Shake
0.228,-0.845,-0.114,11.410,10.010,-16.091,Shake
0.235,-0.828,-0.121,9.459,0.131,-11.121,Shake
0.275,-0.823,-0.140,3.544,-14.201,2.293,Shake
0.341,-0.835,-0.144,-2.739,-22.698,14.262,Shake
0.402,-0.869,-0.129,-9.573,-25.944,17.964,Shake
0.428,-0.906,-0.116,-11.427,-26.425,19.705,Shake
0.417,-0.969,-0.097,-11.856,-31.421,17.657,Shake
0.412,-1.022,-0.120,-5.976,-33.469,2.476,Shake
0.433,-1.020,-0.158,-6.291,-21.779,-7.866,Shake
0.406,-0.995,-0.156,-4.891,-6.606,-10.797,Shake
0.326,-0.941,-0.148,-4.436,1.706,-12.198,Shake
0.313,-0.891,-0.163,-3.211,-3.990,-11.891,Shake
0.332,-0.865,-0.163,-2.118,-7.193,-3.824,Shake
0.358,-0.881,-0.173,-2.713,-8.995,1.470,Shake
0.385,-0.905,-0.173,-2.284,-9.319,7.543,Shake
0.386,-0.932,-0.164,-1.995,-8.759,5.810,Shake
0.380,-0.935,-0.169,-3.920,-9.564,-0.184,Shake
0.356,-0.915,-0.179,-2.739,-7.219,-2.362,Shake
0.347,-0.887,-0.173,4.970,2.328,4.664,Shake
0.317,-0.872,-0.152,17.369,11.629,16.695,Shake
0.293,-0.878,-0.134,18.847,3.176,22.216,Shake
0.286,-0.924,-0.120,12.023,-5.136,22.925,Shake
0.301,-1.021,-0.028,3.981,-8.129,28.858,Shake
0.154,-1.142,0.130,-9.441,-20.484,28.403,Shake
0.088,-1.216,0.150,-10.036,-54.110,6.746,Shake
0.092,-1.320,-0.103,33.320,-91.639,-16.362,Shake
0.235,-1.395,-0.538,172.848,-117.784,27.493,Shake
0.327,-1.289,-0.633,286.685,-138.967,98.175,Shake
0.474,-1.228,-0.610,286.685,-91.866,112.420,Shake
0.604,-1.028,-0.315,286.685,-11.121,55.493,Shake
0.590,-0.924,-0.140,191.546,80.019,-67.480,Shake
0.579,-0.731,-0.045,107.109,167.982,-156.721,Shake
0.515,-0.524,0.149,78.715,247.074,-186.314,Shake
-0.004,-0.315,0.242,53.909,286.685,-223.396,Shake
-0.884,-0.334,0.428,-5.180,286.685,-267.619,Shake
-0.976,-0.555,0.667,-139.965,286.685,-260.514,Shake
-1.138,-0.552,0.951,-216.501,114.739,-122.868,Shake
-0.627,-0.436,1.154,-220.605,-193.900,12.959,Shake
-0.447,-0.838,0.683,-185.701,-286.685,165.550,Shake
-0.615,-1.242,-0.255,-147.455,-286.685,278.530,Shake
0.219,-1.999,-1.361,-7.254,-286.685,252.709,Shake
1.998,-1.808,-0.777,146.107,-165.979,86.756,Shake
1.107,-1.798,-0.752,110.145,217.438,-22.076,Shake
0.202,-1.674,-0.469,139.702,286.685,-114.826,Shake
-0.030,-1.073,-0.067,198.494,286.685,-129.159,Shake
-0.856,-0.333,0.327,225.391,286.685,-195.414,Shake
-1.423,-0.107,0.532,135.100,286.685,-286.527,Shake
-1.273,-0.057,0.868,-28.499,262.806,-286.641,Shake
-0.980,0.058,1.085,-148.225,32.961,-213.798,Shake
-0.772,-0.302,0.804,-239.173,-283.115,41.685,Shake
-0.650,-0.957,0.163,-229.521,-286.685,214.760,Shake
-0.800,-1.714,-0.986,-114.056,-286.685,286.624,Shake
1.107,-1.991,-1.706,104.239,-286.685,203.901,Shake
1.998,-1.327,-0.632,74.077,-42.324,75.740,Shake
0.692,-1.638,-0.637,45.701,280.402,-21.359,Shake
0.094,-1.384,-0.121,111.387,286.685,-43.487,Shake
-0.260,-0.815,0.351,131.915,285.451,-8.689,Shake
-0.661,-0.578,0.524,101.465,284.008,-98.341,Shake
-0.872,-0.565,0.572,62.545,273.105,-184.599,Shake
-0.799,-0.592,0.455,-16.476,173.915,-203.884,Shake
-0.636,-0.612,0.419,-81.777,14.227,-106.776,Shake
-0.526,-0.715,0.424,-115.526,-120.173,-18.007,Shake
-0.336,-0.783,0.354,-121.660,-165.060,-3.054,Shake
-0.176,-0.942,0.262,-107.293,-212.494,42.945,Shake
-0.108,-1.131,0.154,-81.419,-253.724,77.473,Shake
0.121,-1.365,-0.079,-53.620,-273.131,67.725,Shake
0.455,-1.412,-0.205,-11.358,-221.419,16.415,Shake
0.526,-1.336,-0.187,5.714,-156.310,-13.869,Shake
0.381,-1.165,-0.125,2.319,-40.889,-49.963,Shake
0.193,-1.014,-0.070,-5.836,-3.168,-62.912,Shake
0.160,-0.913,-0.053,-17.430,-15.864,-71.715,Shake
0.193,-0.813,-0.060,-22.978,-18.996,-73.360,Shake
0.220,-0.778,-0.062,-30.774,-0.464,-63.193,Shake
0.179,-0.819,-0.054,-43.689,22.558,-41.886,Shake
0.164,-0.850,-0.045,-48.248,26.556,-14.980,Shake
0.137,-0.899,-0.035,-43.269,25.454,1.094,Shake
0.135,-0.951,-0.040,-26.233,30.240,20.720,Shake
0.175,-1.007,-0.012,-0.157,49.324,38.894,Shake
0.174,-1.024,0.035,18.095,68.582,51.844,Shake
0.138,-1.036,0.087,42.928,81.716,66.386,Shake
0.155,-1.042,0.153,61.959,88.436,71.846,Shake
0.088,-1.035,0.163,69.632,88.261,74.051,Shake
0.057,-1.010,0.186,71.234,87.973,68.600,Shake
