2026-08-28 09:12:52,335 [INFO] Activator:176 - 


2026-08-28 09:12:52,350 [INFO] Activator:177 - !SESSION log4j initialized
2026-08-28 09:13:01,913 [INFO] LogOutputStream:77 - [STDOUT_REDIRECT] 
2026-08-28 09:13:10,592 [INFO] ApplicationProperties:184 - Using Application install path: C:\ST\STM32CubeIDE_1.19.0\STM32CubeIDE\plugins\com.st.stm32cube.common.mx_6.15.0.202507011659
2026-08-28 09:13:10,654 [INFO] DbMcusXml:78 - Set database path to: C:\ST\STM32CubeIDE_1.19.0\STM32CubeIDE\plugins\com.st.stm32cube.common.mx_6.15.0.202507011659\\db\/mcu/
2026-08-28 09:13:10,654 [INFO] ApiDb:274 - Set plugin database path to: C:\ST\STM32CubeIDE_1.19.0\STM32CubeIDE\plugins\com.st.stm32cube.common.mx_6.15.0.202507011659\\db\/plugins/boardmanager/
2026-08-28 09:13:10,672 [WARN] ApiDb:259 - Overriding images path with different value:  => C:\ST\STM32CubeIDE_1.19.0\STM32CubeIDE\plugins\com.st.stm32cube.common.mx_6.15.0.202507011659\\db\/plugins/mcufinder/images/
2026-08-28 09:13:10,747 [INFO] ApiDb:250 - Set database path to: C:\Users\Student\.stmcufinder\plugins\mcufinder//mcu/
2026-08-28 09:13:10,748 [INFO] DbMcusAds:125 - Set database path to: C:\Users\Student\.stmcufinder\plugins\mcufinder//mcu/
2026-08-28 09:13:10,751 [INFO] CrossReferenceDbSqlite:203 - Set database path to: C:\Users\Student\.stmcufinder\plugins\mcufinder//mcu/cs/
2026-08-28 09:13:10,992 [INFO] RulesReader:64 - Compatibility file has been processed (317 Rules)
2026-08-28 09:13:11,349 [INFO] DbMcusXml:78 - Set database path to: C:\ST\STM32CubeIDE_1.19.0\STM32CubeIDE\plugins\com.st.stm32cube.common.mx_6.15.0.202507011659\\db\/mcu/
2026-08-28 09:13:11,349 [INFO] ApiDb:274 - Set plugin database path to: C:\ST\STM32CubeIDE_1.19.0\STM32CubeIDE\plugins\com.st.stm32cube.common.mx_6.15.0.202507011659\\db\/plugins/boardmanager/
2026-08-28 09:13:11,349 [INFO] ApiDb:261 - Set plugin images path to: C:\ST\STM32CubeIDE_1.19.0\STM32CubeIDE\plugins\com.st.stm32cube.common.mx_6.15.0.202507011659\\db\/plugins/mcufinder/images/
2026-08-28 09:13:11,349 [WARN] DbFile:41 - Overriding database path with different value: C:\Users\Student\.stmcufinder\plugins\mcufinder/ => C:\Users\Student\.stmcufinder\plugins\mcufinder
2026-08-28 09:13:11,349 [INFO] ApiDb:250 - Set database path to: C:\Users\Student\.stmcufinder\plugins\mcufinder//mcu/
2026-08-28 09:13:11,350 [WARN] DbFile:41 - Overriding database path with different value: C:\Users\Student\.stmcufinder\plugins\mcufinder/ => C:\Users\Student\.stmcufinder\plugins\mcufinder
2026-08-28 09:13:11,350 [INFO] DbMcusAds:125 - Set database path to: C:\Users\Student\.stmcufinder\plugins\mcufinder//mcu/
2026-08-28 09:13:11,350 [WARN] DbFile:41 - Overriding database path with different value: C:\Users\Student\.stmcufinder\plugins\mcufinder/ => C:\Users\Student\.stmcufinder\plugins\mcufinder
2026-08-28 09:13:11,350 [WARN] DbFile:41 - Overriding database path with different value: C:\Users\Student\.stmcufinder\plugins\mcufinder/ => C:\Users\Student\.stmcufinder\plugins\mcufinder
2026-08-28 09:13:11,350 [INFO] CrossReferenceDbSqlite:203 - Set database path to: C:\Users\Student\.stmcufinder\plugins\mcufinder//mcu/cs/
2026-08-28 09:13:11,562 [INFO] MainPanel:274 - HeapMemory: 268435456
2026-08-28 09:13:12,107 [INFO] DbMcusXml:78 - Set database path to: C:\ST\STM32CubeIDE_1.19.0\STM32CubeIDE\plugins\com.st.stm32cube.common.mx_6.15.0.202507011659\\db\/mcu/
2026-08-28 09:13:12,107 [INFO] ApiDb:274 - Set plugin database path to: C:\ST\STM32CubeIDE_1.19.0\STM32CubeIDE\plugins\com.st.stm32cube.common.mx_6.15.0.202507011659\\db\/plugins/boardmanager/
2026-08-28 09:13:12,107 [INFO] ApiDb:261 - Set plugin images path to: C:\ST\STM32CubeIDE_1.19.0\STM32CubeIDE\plugins\com.st.stm32cube.common.mx_6.15.0.202507011659\\db\/plugins/mcufinder/images/
2026-08-28 09:13:12,108 [WARN] DbFile:41 - Overriding database path with different value: C:\Users\Student\.stmcufinder\plugins\mcufinder/ => C:\Users\Student\.stmcufinder\plugins\mcufinder
2026-08-28 09:13:12,108 [INFO] ApiDb:250 - Set database path to: C:\Users\Student\.stmcufinder\plugins\mcufinder//mcu/
2026-08-28 09:13:12,108 [WARN] DbFile:41 - Overriding database path with different value: C:\Users\Student\.stmcufinder\plugins\mcufinder/ => C:\Users\Student\.stmcufinder\plugins\mcufinder
2026-08-28 09:13:12,108 [INFO] DbMcusAds:125 - Set database path to: C:\Users\Student\.stmcufinder\plugins\mcufinder//mcu/
2026-08-28 09:13:12,108 [WARN] DbFile:41 - Overriding database path with different value: C:\Users\Student\.stmcufinder\plugins\mcufinder/ => C:\Users\Student\.stmcufinder\plugins\mcufinder
2026-08-28 09:13:12,108 [WARN] DbFile:41 - Overriding database path with different value: C:\Users\Student\.stmcufinder\plugins\mcufinder/ => C:\Users\Student\.stmcufinder\plugins\mcufinder
2026-08-28 09:13:12,108 [INFO] CrossReferenceDbSqlite:203 - Set database path to: C:\Users\Student\.stmcufinder\plugins\mcufinder//mcu/cs/
2026-08-28 09:13:12,141 [INFO] ApplicationProperties:184 - Using Application install path: C:\ST\STM32CubeIDE_1.19.0\STM32CubeIDE\plugins\com.st.stm32cube.common.mx_6.15.0.202507011659
2026-08-28 09:13:12,142 [INFO] PluginManage:196 - Search for loadable plugins [exclusion list=, ]
2026-08-28 09:13:12,143 [INFO] PluginManage:310 - Check plugin analytics
2026-08-28 09:13:16,970 [INFO] AnalyticsPlugin:253 - Accepted Software Licenses: 
2026-08-28 09:13:16,970 [INFO] AnalyticsPlugin:255 - Accepted CMSIS Pack Licenses: 
2026-08-28 09:13:16,970 [INFO] AnalyticsPlugin:257 - Accepted Firmware Licenses: 
2026-08-28 09:13:16,972 [INFO] PluginManage:359 - Loaded plugin analytics (category:tool,tabindex:-1)
2026-08-28 09:13:16,973 [INFO] PluginManage:310 - Check plugin cadmodel
2026-08-28 09:13:17,018 [INFO] CADModel:105 - Init CAD model plugin
2026-08-28 09:13:17,018 [INFO] PluginManage:359 - Loaded plugin cadmodel (category:power,tabindex:5)
2026-08-28 09:13:17,018 [INFO] PluginManage:310 - Check plugin clock
2026-08-28 09:13:17,049 [INFO] PluginManage:359 - Loaded plugin clock (category:base,tabindex:2)
2026-08-28 09:13:17,049 [INFO] PluginManage:310 - Check plugin ddr
2026-08-28 09:13:17,072 [INFO] PluginManage:359 - Loaded plugin ddr (category:tool,tabindex:6)
2026-08-28 09:13:17,072 [INFO] PluginManage:310 - Check plugin filemanager
2026-08-28 09:13:17,318 [INFO] PluginManage:359 - Loaded plugin filemanager (category:base,tabindex:10)
2026-08-28 09:13:17,318 [INFO] PluginManage:310 - Check plugin ipmanager
2026-08-28 09:13:17,325 [INFO] PluginManage:359 - Loaded plugin ipmanager (category:base,tabindex:5)
2026-08-28 09:13:17,325 [INFO] PluginManage:310 - Check plugin lpbam
2026-08-28 09:13:17,386 [INFO] PluginManage:359 - Loaded plugin lpbam (category:base,tabindex:0)
2026-08-28 09:13:17,387 [INFO] PluginManage:310 - Check plugin memorymap
2026-08-28 09:13:17,438 [INFO] PluginManage:359 - Loaded plugin memorymap (category:base,tabindex:4)
2026-08-28 09:13:17,439 [INFO] PluginManage:310 - Check plugin pinoutandconfiguration
2026-08-28 09:13:17,477 [INFO] PluginManage:359 - Loaded plugin pinoutandconfiguration (category:base,tabindex:1)
2026-08-28 09:13:17,477 [INFO] PluginManage:310 - Check plugin pinoutconfig
2026-08-28 09:13:17,618 [WARN] SupportedApi:132 - Cannot load RTOS API schema: s4s-elt-must-match.1: The content of 'definitions' must match (annotation?, (simpleType | complexType)?, (unique | key | keyref)*)). A problem was found starting at: attribute.
2026-08-28 09:13:17,861 [INFO] PluginManage:359 - Loaded plugin pinoutconfig (category:base,tabindex:0)
2026-08-28 09:13:17,861 [INFO] PluginManage:310 - Check plugin power
2026-08-28 09:13:17,923 [INFO] PluginManage:359 - Loaded plugin power (category:power,tabindex:4)
2026-08-28 09:13:17,923 [INFO] PluginManage:310 - Check plugin projectmanager
2026-08-28 09:13:17,941 [INFO] PluginManage:359 - Loaded plugin projectmanager (category:projectmanager,tabindex:4)
2026-08-28 09:13:17,941 [INFO] PluginManage:310 - Check plugin rif
2026-08-28 09:13:17,962 [INFO] PluginManage:359 - Loaded plugin rif (category:base,tabindex:3)
2026-08-28 09:13:17,962 [INFO] PluginManage:310 - Check plugin thirdparty
2026-08-28 09:13:18,372 [INFO] PluginManage:359 - Loaded plugin thirdparty (category:base,tabindex:-1)
2026-08-28 09:13:18,372 [WARN] IntegrityCheckThread:84 - waiting for thirdparty lock release [integrity check]
2026-08-28 09:13:18,372 [INFO] PluginManage:310 - Check plugin tools
2026-08-28 09:13:18,372 [INFO] IntegrityCheckThread:86 - entering critical section [integrity check]
2026-08-28 09:13:18,372 [INFO] ThirdPartyUpdaterWithRetryManager:70 - Updater plugin not ready yet. [1/15]
2026-08-28 09:13:18,415 [INFO] PluginManage:359 - Loaded plugin tools (category:base,tabindex:7)
2026-08-28 09:13:18,415 [INFO] PluginManage:310 - Check plugin tutovideos
2026-08-28 09:13:18,691 [INFO] PluginManage:359 - Loaded plugin tutovideos (category:base,tabindex:-1)
2026-08-28 09:13:18,691 [INFO] PluginManage:310 - Check plugin updater
2026-08-28 09:13:18,721 [INFO] PluginManage:359 - Loaded plugin updater (category:base,tabindex:12)
2026-08-28 09:13:18,721 [INFO] PluginManage:310 - Check plugin userauth
2026-08-28 09:13:18,745 [INFO] UserAuth:118 - Init User Auth plugin
2026-08-28 09:13:18,746 [INFO] PluginManage:359 - Loaded plugin userauth (category:base,tabindex:14)
2026-08-28 09:13:18,747 [INFO] PluginManage:283 - PluginManage : Loaded plugins [18]
2026-08-28 09:13:19,308 [INFO] PinOutPanel:1589 - setPackage(No Configuration,No Configuration)
2026-08-28 09:13:19,524 [INFO] CADModel:165 - CPN selected for project level
2026-08-28 09:13:19,524 [INFO] CADModel:114 - Register for checkConnection events
2026-08-28 09:13:19,573 [INFO] IPUIPlugin:80 - create IPUIPlugin
2026-08-28 09:13:19,573 [INFO] PluginManager:220 - loadIPPluginJar : add adc
2026-08-28 09:13:19,646 [INFO] IPUIPlugin:80 - create IPUIPlugin
2026-08-28 09:13:19,646 [INFO] PluginManager:220 - loadIPPluginJar : add aes
2026-08-28 09:13:19,712 [INFO] IPUIPlugin:80 - create IPUIPlugin
2026-08-28 09:13:19,712 [INFO] PluginManager:220 - loadIPPluginJar : add can
2026-08-28 09:13:19,784 [INFO] IPUIPlugin:80 - create IPUIPlugin
2026-08-28 09:13:19,784 [INFO] PluginManager:220 - loadIPPluginJar : add comp
2026-08-28 09:13:19,874 [INFO] IPUIPlugin:80 - create IPUIPlugin
2026-08-28 09:13:19,875 [INFO] PluginManager:220 - loadIPPluginJar : add cryp
2026-08-28 09:13:19,914 [INFO] IPUIPlugin:80 - create IPUIPlugin
2026-08-28 09:13:19,914 [INFO] PluginManager:220 - loadIPPluginJar : add ddr_ctrl_phy
2026-08-28 09:13:19,968 [INFO] IPUIPlugin:80 - create IPUIPlugin
2026-08-28 09:13:19,968 [INFO] PluginManager:220 - loadIPPluginJar : add dfsdm
2026-08-28 09:13:20,002 [INFO] IPUIPlugin:80 - create IPUIPlugin
2026-08-28 09:13:20,002 [INFO] PluginManager:220 - loadIPPluginJar : add dma
2026-08-28 09:13:20,079 [INFO] IPUIPlugin:80 - create IPUIPlugin
2026-08-28 09:13:20,079 [INFO] PluginManager:220 - loadIPPluginJar : add dma3
2026-08-28 09:13:20,134 [INFO] IPUIPlugin:80 - create IPUIPlugin
2026-08-28 09:13:20,135 [INFO] PluginManager:220 - loadIPPluginJar : add extmemmanager
2026-08-28 09:13:20,175 [INFO] IPUIPlugin:80 - create IPUIPlugin
2026-08-28 09:13:20,175 [INFO] PluginManager:220 - loadIPPluginJar : add fatfs
2026-08-28 09:13:20,231 [INFO] IPUIPlugin:80 - create IPUIPlugin
2026-08-28 09:13:20,231 [INFO] PluginManager:220 - loadIPPluginJar : add fmc
2026-08-28 09:13:20,247 [INFO] IPUIPlugin:80 - create IPUIPlugin
2026-08-28 09:13:20,248 [INFO] PluginManager:220 - loadIPPluginJar : add freertos
2026-08-28 09:13:20,271 [INFO] IPUIPlugin:80 - create IPUIPlugin
2026-08-28 09:13:20,271 [INFO] PluginManager:220 - loadIPPluginJar : add genericplugin
2026-08-28 09:13:20,392 [INFO] IPUIPlugin:80 - create IPUIPlugin
2026-08-28 09:13:20,392 [INFO] PluginManager:220 - loadIPPluginJar : add gfxmmu
2026-08-28 09:13:20,529 [INFO] IPUIPlugin:80 - create IPUIPlugin
2026-08-28 09:13:20,529 [INFO] PluginManager:220 - loadIPPluginJar : add gic
2026-08-28 09:13:20,542 [INFO] IPUIPlugin:80 - create IPUIPlugin
2026-08-28 09:13:20,543 [INFO] PluginManager:220 - loadIPPluginJar : add gpio
2026-08-28 09:13:20,699 [INFO] IPUIPlugin:80 - create IPUIPlugin
2026-08-28 09:13:20,699 [INFO] PluginManager:220 - loadIPPluginJar : add gtzc
2026-08-28 09:13:20,733 [INFO] IPUIPlugin:80 - create IPUIPlugin
2026-08-28 09:13:20,733 [INFO] PluginManager:220 - loadIPPluginJar : add hash
2026-08-28 09:13:20,808 [INFO] IPUIPlugin:80 - create IPUIPlugin
2026-08-28 09:13:20,809 [INFO] PluginManager:220 - loadIPPluginJar : add i2c
2026-08-28 09:13:20,954 [INFO] IPUIPlugin:80 - create IPUIPlugin
2026-08-28 09:13:20,954 [INFO] PluginManager:220 - loadIPPluginJar : add i2s
2026-08-28 09:13:21,008 [INFO] IPUIPlugin:80 - create IPUIPlugin
2026-08-28 09:13:21,008 [INFO] PluginManager:220 - loadIPPluginJar : add i3c
2026-08-28 09:13:21,195 [INFO] IPUIPlugin:80 - create IPUIPlugin
2026-08-28 09:13:21,195 [INFO] PluginManager:220 - loadIPPluginJar : add ipddr
2026-08-28 09:13:21,319 [INFO] IPUIPlugin:80 - create IPUIPlugin
2026-08-28 09:13:21,320 [INFO] PluginManager:220 - loadIPPluginJar : add linkedlist
2026-08-28 09:13:21,374 [INFO] ThirdPartyUpdaterWithRetryManager:70 - Updater plugin not ready yet. [2/15]
2026-08-28 09:13:21,376 [INFO] IPUIPlugin:80 - create IPUIPlugin
2026-08-28 09:13:21,376 [INFO] PluginManager:220 - loadIPPluginJar : add lorawan
2026-08-28 09:13:21,440 [INFO] IPUIPlugin:80 - create IPUIPlugin
2026-08-28 09:13:21,440 [INFO] PluginManager:220 - loadIPPluginJar : add ltdc
2026-08-28 09:13:21,452 [INFO] IPUIPlugin:80 - create IPUIPlugin
2026-08-28 09:13:21,452 [INFO] PluginManager:220 - loadIPPluginJar : add mdma
2026-08-28 09:13:21,473 [INFO] IPUIPlugin:80 - create IPUIPlugin
2026-08-28 09:13:21,473 [INFO] PluginManager:220 - loadIPPluginJar : add nvic
2026-08-28 09:13:21,528 [INFO] IPUIPlugin:80 - create IPUIPlugin
2026-08-28 09:13:21,529 [INFO] PluginManager:220 - loadIPPluginJar : add opamp
2026-08-28 09:13:21,683 [INFO] IPUIPlugin:80 - create IPUIPlugin
2026-08-28 09:13:21,683 [INFO] PluginManager:220 - loadIPPluginJar : add openamp
2026-08-28 09:13:21,734 [INFO] IPUIPlugin:80 - create IPUIPlugin
2026-08-28 09:13:21,735 [INFO] PluginManager:220 - loadIPPluginJar : add pdm2pcm
2026-08-28 09:13:21,748 [INFO] IPUIPlugin:80 - create IPUIPlugin
2026-08-28 09:13:21,749 [INFO] PluginManager:220 - loadIPPluginJar : add plateformsettings
2026-08-28 09:13:21,772 [INFO] IPUIPlugin:80 - create IPUIPlugin
2026-08-28 09:13:21,772 [INFO] PluginManager:220 - loadIPPluginJar : add quadspi
2026-08-28 09:13:21,805 [INFO] IPUIPlugin:80 - create IPUIPlugin
2026-08-28 09:13:21,805 [INFO] PluginManager:220 - loadIPPluginJar : add radio
2026-08-28 09:13:21,817 [INFO] IPUIPlugin:80 - create IPUIPlugin
2026-08-28 09:13:21,817 [INFO] PluginManager:220 - loadIPPluginJar : add resmgrutility
2026-08-28 09:13:21,873 [INFO] IPUIPlugin:80 - create IPUIPlugin
2026-08-28 09:13:21,873 [INFO] PluginManager:220 - loadIPPluginJar : add sai
2026-08-28 09:13:21,915 [INFO] IPUIPlugin:80 - create IPUIPlugin
2026-08-28 09:13:21,915 [INFO] PluginManager:220 - loadIPPluginJar : add spi
2026-08-28 09:13:22,062 [INFO] IPUIPlugin:80 - create IPUIPlugin
2026-08-28 09:13:22,062 [INFO] PluginManager:220 - loadIPPluginJar : add stm32_wpan
2026-08-28 09:13:22,088 [INFO] IPUIPlugin:80 - create IPUIPlugin
2026-08-28 09:13:22,088 [INFO] PluginManager:220 - loadIPPluginJar : add tim
2026-08-28 09:13:22,170 [INFO] IPUIPlugin:80 - create IPUIPlugin
2026-08-28 09:13:22,171 [INFO] PluginManager:220 - loadIPPluginJar : add touchsensing
2026-08-28 09:13:22,211 [INFO] IPUIPlugin:80 - create IPUIPlugin
2026-08-28 09:13:22,211 [INFO] PluginManager:220 - loadIPPluginJar : add tracer_emb
2026-08-28 09:13:22,237 [INFO] IPUIPlugin:80 - create IPUIPlugin
2026-08-28 09:13:22,237 [INFO] PluginManager:220 - loadIPPluginJar : add ts
2026-08-28 09:13:22,261 [INFO] IPUIPlugin:80 - create IPUIPlugin
2026-08-28 09:13:22,261 [INFO] PluginManager:220 - loadIPPluginJar : add tsc
2026-08-28 09:13:22,319 [INFO] IPUIPlugin:80 - create IPUIPlugin
2026-08-28 09:13:22,319 [INFO] PluginManager:220 - loadIPPluginJar : add ucpd
2026-08-28 09:13:22,415 [INFO] IPUIPlugin:80 - create IPUIPlugin
2026-08-28 09:13:22,415 [INFO] PluginManager:220 - loadIPPluginJar : add usart
2026-08-28 09:13:22,481 [INFO] IPUIPlugin:80 - create IPUIPlugin
2026-08-28 09:13:22,482 [INFO] PluginManager:220 - loadIPPluginJar : add usbx
2026-08-28 09:13:22,751 [FATAL] Updater:351 - Updater called before beeing initialized
2026-08-28 09:13:22,832 [INFO] RulesReader:64 - Compatibility file has been processed (317 Rules)
2026-08-28 09:13:22,843 [INFO] RulesReader:64 - Compatibility file has been processed (317 Rules)
2026-08-28 09:13:22,862 [INFO] CADModel:165 - CPN selected for project level
2026-08-28 09:13:22,862 [INFO] CADModel:114 - Register for checkConnection events
2026-08-28 09:13:22,862 [FATAL] Updater:351 - Updater called before beeing initialized
2026-08-28 09:13:22,862 [ERROR] CADModel:125 - Updater not yet initialized, retry later 
2026-08-28 09:13:23,114 [FATAL] Updater:351 - Updater called before beeing initialized
2026-08-28 09:13:23,142 [INFO] CADModel:165 - CPN selected for project level
2026-08-28 09:13:23,142 [INFO] CADModel:114 - Register for checkConnection events
2026-08-28 09:13:23,142 [FATAL] Updater:351 - Updater called before beeing initialized
2026-08-28 09:13:23,143 [ERROR] CADModel:125 - Updater not yet initialized, retry later 
2026-08-28 09:13:23,145 [FATAL] Updater:351 - Updater called before beeing initialized
2026-08-28 09:13:23,273 [FATAL] Updater:351 - Updater called before beeing initialized
2026-08-28 09:13:23,310 [INFO] DbMcusAds:53 - JSON generation date=Thu Sep 30 12:25:09 IST 2021 (1632984909247)
2026-08-28 09:13:23,310 [FATAL] Updater:351 - Updater called before beeing initialized
2026-08-28 09:13:23,529 [WARN] DetailPanel:346 - Failed to get advertising image, set to default
2026-08-28 09:13:23,635 [FATAL] Updater:351 - Updater called before beeing initialized
2026-08-28 09:13:23,636 [FATAL] Updater:351 - Updater called before beeing initialized
2026-08-28 09:13:23,636 [FATAL] Updater:351 - Updater called before beeing initialized
2026-08-28 09:13:23,636 [WARN] DetailPanel:346 - Failed to get advertising image, set to default
2026-08-28 09:13:23,637 [FATAL] Updater:351 - Updater called before beeing initialized
2026-08-28 09:13:23,756 [ERROR] Updater:1198 - MainUpdater not yet initialized. External WinMGr cannot be set.
2026-08-28 09:13:23,787 [INFO] Updater:1134 - Updater Version found : 6.15.0
2026-08-28 09:13:23,827 [INFO] ApplicationProperties:184 - Using Application install path: C:\ST\STM32CubeIDE_1.19.0\STM32CubeIDE\plugins\com.st.stm32cube.common.mx_6.15.0.202507011659
2026-08-28 09:13:24,376 [INFO] ThirdPartyUpdaterWithRetryManager:70 - Updater plugin not ready yet. [3/15]
2026-08-28 09:13:24,478 [INFO] MainUpdater:2872 - connection check result : 10
2026-08-28 09:13:24,479 [INFO] MainUpdater:3604 - Updater definition file requires update
2026-08-28 09:13:24,479 [INFO] MainUpdater:289 - Updater Check For Update Now.
2026-08-28 09:13:24,479 [INFO] MicroXplorer:498 - Change Database Version : DB.6.0.150
2026-08-28 09:13:24,507 [INFO] McuFinderGlobals:63 - Set McuFinder mode to 2 (CubeIDE integrated)
2026-08-28 09:13:24,508 [INFO] UserAuth:171 - activating auth plugin
2026-08-28 09:13:24,523 [INFO] UserAuth:487 - Internet connection configuration mode: 1
2026-08-28 09:13:24,643 [INFO] JxBrowserEngine:152 - Initiate JxBrowser Engine with user profile folder
2026-08-28 09:13:25,143 [INFO] ServerAccessManage:452 - Complete download http(s) 200
2026-08-28 09:13:25,144 [INFO] ServerAccessManage:509 - Download File updaters.zip
2026-08-28 09:13:25,273 [INFO] FileExtend:248 - Unzip File : updaters.zip
2026-08-28 09:13:25,273 [INFO] FileExtend:263 - Standard Zip Deflate
2026-08-28 09:13:26,268 [INFO] ServerAccessManage:452 - Complete download http(s) 200
2026-08-28 09:13:26,268 [INFO] ServerAccessManage:509 - Download File PacksControlFlags.xml
2026-08-28 09:13:27,234 [INFO] ServerAccessManage:452 - Complete download http(s) 200
2026-08-28 09:13:27,234 [INFO] ServerAccessManage:509 - Download File cubemx.pidx
2026-08-28 09:13:27,377 [WARN] MainUpdater:1193 - Updater busy. Cannot search thirdparties
2026-08-28 09:13:27,378 [INFO] ThirdPartyUpdaterWithRetryManager:96 - Updater plugin is busy. [1/15]
2026-08-28 09:13:28,480 [INFO] ServerAccessManage:452 - Complete download http(s) 200
2026-08-28 09:13:28,480 [INFO] ServerAccessManage:509 - Download File STMicroelectronics.FP-ATR-ASTRA1.pdsc
2026-08-28 09:13:29,125 [INFO] ServerAccessManage:452 - Complete download http(s) 200
2026-08-28 09:13:29,454 [INFO] ServerAccessManage:509 - Download File STMicroelectronics.FP-ATR-SIGFOX1.pdsc
2026-08-28 09:13:29,758 [INFO] ServerAccessManage:452 - Complete download http(s) 200
2026-08-28 09:13:29,758 [INFO] ServerAccessManage:509 - Download File STMicroelectronics.FP-SNS-STBOX1.pdsc
2026-08-28 09:13:30,254 [INFO] ServerAccessManage:452 - Complete download http(s) 200
2026-08-28 09:13:30,254 [INFO] ServerAccessManage:509 - Download File STMicroelectronics.FP-SNS-FLIGHT1.pdsc
2026-08-28 09:13:30,379 [WARN] MainUpdater:1193 - Updater busy. Cannot search thirdparties
2026-08-28 09:13:30,379 [INFO] ThirdPartyUpdaterWithRetryManager:96 - Updater plugin is busy. [2/15]
2026-08-28 09:13:30,708 [INFO] ServerAccessManage:452 - Complete download http(s) 200
2026-08-28 09:13:30,708 [INFO] ServerAccessManage:509 - Download File STMicroelectronics.FP-SNS-MOTENV1.pdsc
2026-08-28 09:13:31,245 [INFO] ServerAccessManage:452 - Complete download http(s) 200
2026-08-28 09:13:31,246 [INFO] ServerAccessManage:509 - Download File STMicroelectronics.FP-SNS-MOTENVWB1.pdsc
2026-08-28 09:13:32,230 [INFO] ServerAccessManage:452 - Complete download http(s) 200
2026-08-28 09:13:32,230 [INFO] ServerAccessManage:509 - Download File STMicroelectronics.FP-SNS-SMARTAG2.pdsc
2026-08-28 09:13:32,649 [INFO] ServerAccessManage:452 - Complete download http(s) 200
2026-08-28 09:13:32,650 [INFO] ServerAccessManage:509 - Download File STMicroelectronics.FP-SNS-STAIOTCFT.pdsc
2026-08-28 09:13:32,938 [INFO] ServerAccessManage:452 - Complete download http(s) 200
2026-08-28 09:13:32,938 [INFO] ServerAccessManage:509 - Download File STMicroelectronics.X-CUBE-AI.pdsc
2026-08-28 09:13:33,381 [WARN] MainUpdater:1193 - Updater busy. Cannot search thirdparties
2026-08-28 09:13:33,381 [INFO] ThirdPartyUpdaterWithRetryManager:96 - Updater plugin is busy. [3/15]
2026-08-28 09:13:34,761 [INFO] ServerAccessManage:452 - Complete download http(s) 200
2026-08-28 09:13:34,762 [INFO] ServerAccessManage:509 - Download File STMicroelectronics.X-CUBE-ALS.pdsc
2026-08-28 09:13:35,384 [INFO] ServerAccessManage:452 - Complete download http(s) 200
2026-08-28 09:13:35,384 [INFO] ServerAccessManage:509 - Download File STMicroelectronics.X-CUBE-BLE1.pdsc
2026-08-28 09:13:36,383 [WARN] MainUpdater:1193 - Updater busy. Cannot search thirdparties
2026-08-28 09:13:36,383 [INFO] ThirdPartyUpdaterWithRetryManager:96 - Updater plugin is busy. [4/15]
2026-08-28 09:13:36,997 [ERROR] ServerAccessManage:1212 - Problem, file not found on Server
2026-08-28 09:13:37,087 [INFO] ServerAccessManage:452 - Complete download http(s) 200
2026-08-28 09:13:37,087 [INFO] ServerAccessManage:509 - Download File STMicroelectronics.X-CUBE-BLE2.pdsc
2026-08-28 09:13:37,933 [INFO] ServerAccessManage:452 - Complete download http(s) 200
2026-08-28 09:13:37,934 [INFO] ServerAccessManage:509 - Download File STMicroelectronics.X-CUBE-BLEMGR.pdsc
2026-08-28 09:13:38,819 [ERROR] ServerAccessManage:1212 - Problem, file not found on Server
2026-08-28 09:13:39,384 [WARN] MainUpdater:1193 - Updater busy. Cannot search thirdparties
2026-08-28 09:13:39,385 [INFO] ThirdPartyUpdaterWithRetryManager:96 - Updater plugin is busy. [5/15]
2026-08-28 09:13:39,537 [INFO] ServerAccessManage:452 - Complete download http(s) 200
2026-08-28 09:13:39,537 [INFO] ServerAccessManage:509 - Download File STMicroelectronics.X-CUBE-DISPLAY.pdsc
2026-08-28 09:13:40,268 [INFO] ServerAccessManage:452 - Complete download http(s) 200
2026-08-28 09:13:40,268 [INFO] ServerAccessManage:509 - Download File STMicroelectronics.X-CUBE-DPOWER.pdsc
2026-08-28 09:13:41,006 [ERROR] ServerAccessManage:1212 - Problem, file not found on Server
2026-08-28 09:13:41,480 [ERROR] ServerAccessManage:1212 - Problem, file not found on Server
2026-08-28 09:13:41,965 [ERROR] ServerAccessManage:1212 - Problem, file not found on Server
2026-08-28 09:13:42,386 [WARN] MainUpdater:1193 - Updater busy. Cannot search thirdparties
2026-08-28 09:13:42,386 [INFO] ThirdPartyUpdaterWithRetryManager:96 - Updater plugin is busy. [6/15]
2026-08-28 09:13:42,448 [ERROR] ServerAccessManage:1212 - Problem, file not found on Server
2026-08-28 09:13:42,925 [ERROR] ServerAccessManage:1212 - Problem, file not found on Server
2026-08-28 09:13:43,156 [ERROR] ServerAccessManage:1212 - Problem, file not found on Server
2026-08-28 09:13:43,630 [ERROR] ServerAccessManage:1212 - Problem, file not found on Server
2026-08-28 09:13:44,102 [ERROR] ServerAccessManage:1212 - Problem, file not found on Server
2026-08-28 09:13:44,587 [ERROR] ServerAccessManage:1212 - Problem, file not found on Server
2026-08-28 09:13:45,123 [ERROR] ServerAccessManage:1212 - Problem, file not found on Server
2026-08-28 09:13:45,387 [WARN] MainUpdater:1193 - Updater busy. Cannot search thirdparties
2026-08-28 09:13:45,387 [INFO] ThirdPartyUpdaterWithRetryManager:96 - Updater plugin is busy. [7/15]
2026-08-28 09:13:45,604 [ERROR] ServerAccessManage:1212 - Problem, file not found on Server
2026-08-28 09:13:45,693 [INFO] ServerAccessManage:452 - Complete download http(s) 200
2026-08-28 09:13:45,693 [INFO] ServerAccessManage:509 - Download File STMicroelectronics.X-CUBE-EEPRMA1.pdsc
2026-08-28 09:13:46,602 [ERROR] ServerAccessManage:1212 - Problem, file not found on Server
2026-08-28 09:13:47,274 [ERROR] ServerAccessManage:1212 - Problem, file not found on Server
2026-08-28 09:13:47,664 [INFO] ServerAccessManage:452 - Complete download http(s) 200
2026-08-28 09:13:47,664 [INFO] ServerAccessManage:509 - Download File STMicroelectronics.X-CUBE-FREERTOS.pdsc
2026-08-28 09:13:48,387 [WARN] MainUpdater:1193 - Updater busy. Cannot search thirdparties
2026-08-28 09:13:48,387 [INFO] ThirdPartyUpdaterWithRetryManager:96 - Updater plugin is busy. [8/15]
2026-08-28 09:13:48,795 [INFO] ServerAccessManage:452 - Complete download http(s) 200
2026-08-28 09:13:48,795 [INFO] ServerAccessManage:509 - Download File STMicroelectronics.X-CUBE-GNSS1.pdsc
2026-08-28 09:13:50,519 [ERROR] ServerAccessManage:1212 - Problem, file not found on Server
2026-08-28 09:13:50,543 [ERROR] ExternalUserPreferencesManager:606 - Error while get path from external application: Cannot invoke "com.st.stm32cube.common.mx.MxActivator.getBundle()" because the return value of "com.st.stm32cube.common.mx.MxActivator.getDefault()" is null
2026-08-28 09:13:50,543 [ERROR] ExternalUserPreferencesManager:336 - Error while get preference info from external application: Cannot invoke "com.st.stm32cube.common.mx.MxActivator.getBundle()" because the return value of "com.st.stm32cube.common.mx.MxActivator.getDefault()" is null
2026-08-28 09:13:50,543 [ERROR] ExternalUserPreferencesManager:560 - Error while get preference info from external application: Cannot invoke "com.st.stm32cube.common.mx.MxActivator.getBundle()" because the return value of "com.st.stm32cube.common.mx.MxActivator.getDefault()" is null
2026-08-28 09:13:50,595 [ERROR] ExternalUserPreferencesManager:560 - Error while get preference info from external application: Cannot invoke "com.st.stm32cube.common.mx.MxActivator.getBundle()" because the return value of "com.st.stm32cube.common.mx.MxActivator.getDefault()" is null
2026-08-28 09:13:50,786 [ERROR] ServerAccessManage:1212 - Problem, file not found on Server
2026-08-28 09:13:50,786 [ERROR] ExternalUserPreferencesManager:560 - Error while get preference info from external application: Cannot invoke "com.st.stm32cube.common.mx.MxActivator.getBundle()" because the return value of "com.st.stm32cube.common.mx.MxActivator.getDefault()" is null
2026-08-28 09:13:50,870 [ERROR] ExternalUserPreferencesManager:560 - Error while get preference info from external application: Cannot invoke "com.st.stm32cube.common.mx.MxActivator.getBundle()" because the return value of "com.st.stm32cube.common.mx.MxActivator.getDefault()" is null
2026-08-28 09:13:51,304 [ERROR] ServerAccessManage:1212 - Problem, file not found on Server
2026-08-28 09:13:51,304 [ERROR] ExternalUserPreferencesManager:560 - Error while get preference info from external application: Cannot invoke "com.st.stm32cube.common.mx.MxActivator.getBundle()" because the return value of "com.st.stm32cube.common.mx.MxActivator.getDefault()" is null
2026-08-28 09:13:51,388 [WARN] MainUpdater:1193 - Updater busy. Cannot search thirdparties
2026-08-28 09:13:51,388 [INFO] ThirdPartyUpdaterWithRetryManager:96 - Updater plugin is busy. [9/15]
2026-08-28 09:13:51,409 [ERROR] ExternalUserPreferencesManager:560 - Error while get preference info from external application: Cannot invoke "com.st.stm32cube.common.mx.MxActivator.getBundle()" because the return value of "com.st.stm32cube.common.mx.MxActivator.getDefault()" is null
2026-08-28 09:13:51,591 [ERROR] ServerAccessManage:1212 - Problem, file not found on Server
2026-08-28 09:13:51,592 [ERROR] ExternalUserPreferencesManager:560 - Error while get preference info from external application: Cannot invoke "com.st.stm32cube.common.mx.MxActivator.getBundle()" because the return value of "com.st.stm32cube.common.mx.MxActivator.getDefault()" is null
2026-08-28 09:13:51,682 [ERROR] ExternalUserPreferencesManager:560 - Error while get preference info from external application: Cannot invoke "com.st.stm32cube.common.mx.MxActivator.getBundle()" because the return value of "com.st.stm32cube.common.mx.MxActivator.getDefault()" is null
2026-08-28 09:13:52,189 [ERROR] ServerAccessManage:1212 - Problem, file not found on Server
2026-08-28 09:13:52,191 [ERROR] ExternalUserPreferencesManager:560 - Error while get preference info from external application: Cannot invoke "com.st.stm32cube.common.mx.MxActivator.getBundle()" because the return value of "com.st.stm32cube.common.mx.MxActivator.getDefault()" is null
2026-08-28 09:13:52,293 [ERROR] ExternalUserPreferencesManager:560 - Error while get preference info from external application: Cannot invoke "com.st.stm32cube.common.mx.MxActivator.getBundle()" because the return value of "com.st.stm32cube.common.mx.MxActivator.getDefault()" is null
2026-08-28 09:13:52,725 [ERROR] ServerAccessManage:1212 - Problem, file not found on Server
2026-08-28 09:13:52,726 [ERROR] ExternalUserPreferencesManager:560 - Error while get preference info from external application: Cannot invoke "com.st.stm32cube.common.mx.MxActivator.getBundle()" because the return value of "com.st.stm32cube.common.mx.MxActivator.getDefault()" is null
2026-08-28 09:13:52,796 [ERROR] ExternalUserPreferencesManager:560 - Error while get preference info from external application: Cannot invoke "com.st.stm32cube.common.mx.MxActivator.getBundle()" because the return value of "com.st.stm32cube.common.mx.MxActivator.getDefault()" is null
2026-08-28 09:13:52,841 [INFO] ServerAccessManage:452 - Complete download http(s) 200
2026-08-28 09:13:52,841 [INFO] ServerAccessManage:509 - Download File STMicroelectronics.X-CUBE-ISPU.pdsc
2026-08-28 09:13:52,910 [ERROR] LogOutputStream:75 - [STDERR_REDIRECT] 
2026-08-28 09:42:36,116 [INFO] Activator:176 - 


2026-08-28 09:42:36,116 [INFO] Activator:177 - !SESSION log4j initialized
2026-08-28 09:42:38,903 [INFO] LogOutputStream:77 - [STDOUT_REDIRECT] 
2026-08-28 09:42:44,216 [INFO] McuFinderGlobals:63 - Set McuFinder mode to 2 (CubeIDE integrated)
2026-08-28 09:42:45,391 [INFO] ApplicationProperties:184 - Using Application install path: C:\ST\STM32CubeIDE_1.19.0\STM32CubeIDE\plugins\com.st.stm32cube.common.mx_6.15.0.202507011659
2026-08-28 09:42:45,403 [INFO] DbMcusXml:78 - Set database path to: C:\ST\STM32CubeIDE_1.19.0\STM32CubeIDE\plugins\com.st.stm32cube.common.mx_6.15.0.202507011659\\db\/mcu/
2026-08-28 09:42:45,403 [INFO] ApiDb:274 - Set plugin database path to: C:\ST\STM32CubeIDE_1.19.0\STM32CubeIDE\plugins\com.st.stm32cube.common.mx_6.15.0.202507011659\\db\/plugins/boardmanager/
2026-08-28 09:42:45,403 [WARN] ApiDb:259 - Overriding images path with different value:  => C:\ST\STM32CubeIDE_1.19.0\STM32CubeIDE\plugins\com.st.stm32cube.common.mx_6.15.0.202507011659\\db\/plugins/mcufinder/images/
2026-08-28 09:42:45,407 [INFO] ApiDb:250 - Set database path to: C:\Users\Student\.stmcufinder\plugins\mcufinder//mcu/
2026-08-28 09:42:45,408 [INFO] DbMcusAds:125 - Set database path to: C:\Users\Student\.stmcufinder\plugins\mcufinder//mcu/
2026-08-28 09:42:45,410 [INFO] CrossReferenceDbSqlite:203 - Set database path to: C:\Users\Student\.stmcufinder\plugins\mcufinder//mcu/cs/
2026-08-28 09:42:45,524 [INFO] RulesReader:64 - Compatibility file has been processed (317 Rules)
2026-08-28 09:42:45,586 [INFO] DbMcusXml:78 - Set database path to: C:\ST\STM32CubeIDE_1.19.0\STM32CubeIDE\plugins\com.st.stm32cube.common.mx_6.15.0.202507011659\\db\/mcu/
2026-08-28 09:42:45,586 [INFO] ApiDb:274 - Set plugin database path to: C:\ST\STM32CubeIDE_1.19.0\STM32CubeIDE\plugins\com.st.stm32cube.common.mx_6.15.0.202507011659\\db\/plugins/boardmanager/
2026-08-28 09:42:45,586 [INFO] ApiDb:261 - Set plugin images path to: C:\ST\STM32CubeIDE_1.19.0\STM32CubeIDE\plugins\com.st.stm32cube.common.mx_6.15.0.202507011659\\db\/plugins/mcufinder/images/
2026-08-28 09:42:45,587 [WARN] DbFile:41 - Overriding database path with different value: C:\Users\Student\.stmcufinder\plugins\mcufinder/ => C:\Users\Student\.stmcufinder\plugins\mcufinder
2026-08-28 09:42:45,587 [INFO] ApiDb:250 - Set database path to: C:\Users\Student\.stmcufinder\plugins\mcufinder//mcu/
2026-08-28 09:42:45,587 [WARN] DbFile:41 - Overriding database path with different value: C:\Users\Student\.stmcufinder\plugins\mcufinder/ => C:\Users\Student\.stmcufinder\plugins\mcufinder
2026-08-28 09:42:45,587 [INFO] DbMcusAds:125 - Set database path to: C:\Users\Student\.stmcufinder\plugins\mcufinder//mcu/
2026-08-28 09:42:45,587 [WARN] DbFile:41 - Overriding database path with different value: C:\Users\Student\.stmcufinder\plugins\mcufinder/ => C:\Users\Student\.stmcufinder\plugins\mcufinder
2026-08-28 09:42:45,587 [WARN] DbFile:41 - Overriding database path with different value: C:\Users\Student\.stmcufinder\plugins\mcufinder/ => C:\Users\Student\.stmcufinder\plugins\mcufinder
2026-08-28 09:42:45,587 [INFO] CrossReferenceDbSqlite:203 - Set database path to: C:\Users\Student\.stmcufinder\plugins\mcufinder//mcu/cs/
2026-08-28 09:42:45,720 [INFO] MainPanel:274 - HeapMemory: 268435456
2026-08-28 09:42:45,784 [INFO] DbMcusXml:78 - Set database path to: C:\ST\STM32CubeIDE_1.19.0\STM32CubeIDE\plugins\com.st.stm32cube.common.mx_6.15.0.202507011659\\db\/mcu/
2026-08-28 09:42:45,784 [INFO] ApiDb:274 - Set plugin database path to: C:\ST\STM32CubeIDE_1.19.0\STM32CubeIDE\plugins\com.st.stm32cube.common.mx_6.15.0.202507011659\\db\/plugins/boardmanager/
2026-08-28 09:42:45,784 [INFO] ApiDb:261 - Set plugin images path to: C:\ST\STM32CubeIDE_1.19.0\STM32CubeIDE\plugins\com.st.stm32cube.common.mx_6.15.0.202507011659\\db\/plugins/mcufinder/images/
2026-08-28 09:42:45,784 [WARN] DbFile:41 - Overriding database path with different value: C:\Users\Student\.stmcufinder\plugins\mcufinder/ => C:\Users\Student\.stmcufinder\plugins\mcufinder
2026-08-28 09:42:45,784 [INFO] ApiDb:250 - Set database path to: C:\Users\Student\.stmcufinder\plugins\mcufinder//mcu/
2026-08-28 09:42:45,784 [WARN] DbFile:41 - Overriding database path with different value: C:\Users\Student\.stmcufinder\plugins\mcufinder/ => C:\Users\Student\.stmcufinder\plugins\mcufinder
2026-08-28 09:42:45,784 [INFO] DbMcusAds:125 - Set database path to: C:\Users\Student\.stmcufinder\plugins\mcufinder//mcu/
2026-08-28 09:42:45,785 [WARN] DbFile:41 - Overriding database path with different value: C:\Users\Student\.stmcufinder\plugins\mcufinder/ => C:\Users\Student\.stmcufinder\plugins\mcufinder
2026-08-28 09:42:45,785 [WARN] DbFile:41 - Overriding database path with different value: C:\Users\Student\.stmcufinder\plugins\mcufinder/ => C:\Users\Student\.stmcufinder\plugins\mcufinder
2026-08-28 09:42:45,785 [INFO] CrossReferenceDbSqlite:203 - Set database path to: C:\Users\Student\.stmcufinder\plugins\mcufinder//mcu/cs/
2026-08-28 09:42:45,799 [INFO] ApplicationProperties:184 - Using Application install path: C:\ST\STM32CubeIDE_1.19.0\STM32CubeIDE\plugins\com.st.stm32cube.common.mx_6.15.0.202507011659
2026-08-28 09:42:45,800 [INFO] PluginManage:196 - Search for loadable plugins [exclusion list=, ]
2026-08-28 09:42:45,801 [INFO] PluginManage:310 - Check plugin analytics
2026-08-28 09:42:50,500 [INFO] AnalyticsPlugin:253 - Accepted Software Licenses: 
2026-08-28 09:42:50,500 [INFO] AnalyticsPlugin:255 - Accepted CMSIS Pack Licenses: 
2026-08-28 09:42:50,500 [INFO] AnalyticsPlugin:257 - Accepted Firmware Licenses: 
2026-08-28 09:42:50,503 [INFO] PluginManage:359 - Loaded plugin analytics (category:tool,tabindex:-1)
2026-08-28 09:42:50,504 [INFO] PluginManage:310 - Check plugin cadmodel
2026-08-28 09:42:50,507 [INFO] CADModel:105 - Init CAD model plugin
2026-08-28 09:42:50,507 [INFO] PluginManage:359 - Loaded plugin cadmodel (category:power,tabindex:5)
2026-08-28 09:42:50,507 [INFO] PluginManage:310 - Check plugin clock
2026-08-28 09:42:50,513 [INFO] PluginManage:359 - Loaded plugin clock (category:base,tabindex:2)
2026-08-28 09:42:50,513 [INFO] PluginManage:310 - Check plugin ddr
2026-08-28 09:42:50,514 [INFO] PluginManage:359 - Loaded plugin ddr (category:tool,tabindex:6)
2026-08-28 09:42:50,514 [INFO] PluginManage:310 - Check plugin filemanager
2026-08-28 09:42:50,655 [INFO] PluginManage:359 - Loaded plugin filemanager (category:base,tabindex:10)
2026-08-28 09:42:50,655 [INFO] PluginManage:310 - Check plugin ipmanager
2026-08-28 09:42:50,661 [INFO] PluginManage:359 - Loaded plugin ipmanager (category:base,tabindex:5)
2026-08-28 09:42:50,661 [INFO] PluginManage:310 - Check plugin lpbam
2026-08-28 09:42:50,668 [INFO] PluginManage:359 - Loaded plugin lpbam (category:base,tabindex:0)
2026-08-28 09:42:50,668 [INFO] PluginManage:310 - Check plugin memorymap
2026-08-28 09:42:50,678 [INFO] PluginManage:359 - Loaded plugin memorymap (category:base,tabindex:4)
2026-08-28 09:42:50,678 [INFO] PluginManage:310 - Check plugin pinoutandconfiguration
2026-08-28 09:42:50,685 [INFO] PluginManage:359 - Loaded plugin pinoutandconfiguration (category:base,tabindex:1)
2026-08-28 09:42:50,685 [INFO] PluginManage:310 - Check plugin pinoutconfig
2026-08-28 09:42:50,756 [WARN] SupportedApi:132 - Cannot load RTOS API schema: s4s-elt-must-match.1: The content of 'definitions' must match (annotation?, (simpleType | complexType)?, (unique | key | keyref)*)). A problem was found starting at: attribute.
2026-08-28 09:42:50,853 [INFO] PluginManage:359 - Loaded plugin pinoutconfig (category:base,tabindex:0)
2026-08-28 09:42:50,854 [INFO] PluginManage:310 - Check plugin power
2026-08-28 09:42:50,859 [INFO] PluginManage:359 - Loaded plugin power (category:power,tabindex:4)
2026-08-28 09:42:50,860 [INFO] PluginManage:310 - Check plugin projectmanager
2026-08-28 09:42:50,872 [INFO] PluginManage:359 - Loaded plugin projectmanager (category:projectmanager,tabindex:4)
2026-08-28 09:42:50,872 [INFO] PluginManage:310 - Check plugin rif
2026-08-28 09:42:50,878 [INFO] PluginManage:359 - Loaded plugin rif (category:base,tabindex:3)
2026-08-28 09:42:50,879 [INFO] PluginManage:310 - Check plugin thirdparty
2026-08-28 09:42:50,987 [INFO] PluginManage:359 - Loaded plugin thirdparty (category:base,tabindex:-1)
2026-08-28 09:42:50,986 [WARN] IntegrityCheckThread:84 - waiting for thirdparty lock release [integrity check]
2026-08-28 09:42:50,987 [INFO] PluginManage:310 - Check plugin tools
2026-08-28 09:42:50,987 [INFO] IntegrityCheckThread:86 - entering critical section [integrity check]
2026-08-28 09:42:50,987 [INFO] ThirdPartyUpdaterWithRetryManager:70 - Updater plugin not ready yet. [1/15]
2026-08-28 09:42:50,989 [INFO] PluginManage:359 - Loaded plugin tools (category:base,tabindex:7)
2026-08-28 09:42:50,989 [INFO] PluginManage:310 - Check plugin tutovideos
2026-08-28 09:42:51,133 [INFO] PluginManage:359 - Loaded plugin tutovideos (category:base,tabindex:-1)
2026-08-28 09:42:51,134 [INFO] PluginManage:310 - Check plugin updater
2026-08-28 09:42:51,149 [INFO] PluginManage:359 - Loaded plugin updater (category:base,tabindex:12)
2026-08-28 09:42:51,149 [INFO] PluginManage:310 - Check plugin userauth
2026-08-28 09:42:51,152 [INFO] UserAuth:118 - Init User Auth plugin
2026-08-28 09:42:51,152 [INFO] PluginManage:359 - Loaded plugin userauth (category:base,tabindex:14)
2026-08-28 09:42:51,153 [INFO] PluginManage:283 - PluginManage : Loaded plugins [18]
2026-08-28 09:42:51,320 [INFO] PinOutPanel:1589 - setPackage(No Configuration,No Configuration)
2026-08-28 09:42:51,390 [INFO] CADModel:165 - CPN selected for project level
2026-08-28 09:42:51,391 [INFO] CADModel:114 - Register for checkConnection events
2026-08-28 09:42:51,403 [INFO] IPUIPlugin:80 - create IPUIPlugin
2026-08-28 09:42:51,404 [INFO] PluginManager:220 - loadIPPluginJar : add adc
2026-08-28 09:42:51,406 [INFO] IPUIPlugin:80 - create IPUIPlugin
2026-08-28 09:42:51,406 [INFO] PluginManager:220 - loadIPPluginJar : add aes
2026-08-28 09:42:51,408 [INFO] IPUIPlugin:80 - create IPUIPlugin
2026-08-28 09:42:51,408 [INFO] PluginManager:220 - loadIPPluginJar : add can
2026-08-28 09:42:51,409 [INFO] IPUIPlugin:80 - create IPUIPlugin
2026-08-28 09:42:51,409 [INFO] PluginManager:220 - loadIPPluginJar : add comp
2026-08-28 09:42:51,411 [INFO] IPUIPlugin:80 - create IPUIPlugin
2026-08-28 09:42:51,411 [INFO] PluginManager:220 - loadIPPluginJar : add cryp
2026-08-28 09:42:51,412 [INFO] IPUIPlugin:80 - create IPUIPlugin
2026-08-28 09:42:51,413 [INFO] PluginManager:220 - loadIPPluginJar : add ddr_ctrl_phy
2026-08-28 09:42:51,414 [INFO] IPUIPlugin:80 - create IPUIPlugin
2026-08-28 09:42:51,414 [INFO] PluginManager:220 - loadIPPluginJar : add dfsdm
2026-08-28 09:42:51,418 [INFO] IPUIPlugin:80 - create IPUIPlugin
2026-08-28 09:42:51,418 [INFO] PluginManager:220 - loadIPPluginJar : add dma
2026-08-28 09:42:51,420 [INFO] IPUIPlugin:80 - create IPUIPlugin
2026-08-28 09:42:51,420 [INFO] PluginManager:220 - loadIPPluginJar : add dma3
2026-08-28 09:42:51,421 [INFO] IPUIPlugin:80 - create IPUIPlugin
2026-08-28 09:42:51,421 [INFO] PluginManager:220 - loadIPPluginJar : add extmemmanager
2026-08-28 09:42:51,430 [INFO] IPUIPlugin:80 - create IPUIPlugin
2026-08-28 09:42:51,430 [INFO] PluginManager:220 - loadIPPluginJar : add fatfs
2026-08-28 09:42:51,436 [INFO] IPUIPlugin:80 - create IPUIPlugin
2026-08-28 09:42:51,436 [INFO] PluginManager:220 - loadIPPluginJar : add fmc
2026-08-28 09:42:51,442 [INFO] IPUIPlugin:80 - create IPUIPlugin
2026-08-28 09:42:51,442 [INFO] PluginManager:220 - loadIPPluginJar : add freertos
2026-08-28 09:42:51,444 [INFO] IPUIPlugin:80 - create IPUIPlugin
2026-08-28 09:42:51,444 [INFO] PluginManager:220 - loadIPPluginJar : add genericplugin
2026-08-28 09:42:51,446 [INFO] IPUIPlugin:80 - create IPUIPlugin
2026-08-28 09:42:51,446 [INFO] PluginManager:220 - loadIPPluginJar : add gfxmmu
2026-08-28 09:42:51,450 [INFO] IPUIPlugin:80 - create IPUIPlugin
2026-08-28 09:42:51,450 [INFO] PluginManager:220 - loadIPPluginJar : add gic
2026-08-28 09:42:51,453 [INFO] IPUIPlugin:80 - create IPUIPlugin
2026-08-28 09:42:51,454 [INFO] PluginManager:220 - loadIPPluginJar : add gpio
2026-08-28 09:42:51,456 [INFO] IPUIPlugin:80 - create IPUIPlugin
2026-08-28 09:42:51,456 [INFO] PluginManager:220 - loadIPPluginJar : add gtzc
2026-08-28 09:42:51,457 [INFO] IPUIPlugin:80 - create IPUIPlugin
2026-08-28 09:42:51,458 [INFO] PluginManager:220 - loadIPPluginJar : add hash
2026-08-28 09:42:51,459 [INFO] IPUIPlugin:80 - create IPUIPlugin
2026-08-28 09:42:51,460 [INFO] PluginManager:220 - loadIPPluginJar : add i2c
2026-08-28 09:42:51,461 [INFO] IPUIPlugin:80 - create IPUIPlugin
2026-08-28 09:42:51,462 [INFO] PluginManager:220 - loadIPPluginJar : add i2s
2026-08-28 09:42:51,464 [INFO] IPUIPlugin:80 - create IPUIPlugin
2026-08-28 09:42:51,464 [INFO] PluginManager:220 - loadIPPluginJar : add i3c
2026-08-28 09:42:51,466 [INFO] IPUIPlugin:80 - create IPUIPlugin
2026-08-28 09:42:51,466 [INFO] PluginManager:220 - loadIPPluginJar : add ipddr
2026-08-28 09:42:51,471 [INFO] IPUIPlugin:80 - create IPUIPlugin
2026-08-28 09:42:51,471 [INFO] PluginManager:220 - loadIPPluginJar : add linkedlist
2026-08-28 09:42:51,473 [INFO] IPUIPlugin:80 - create IPUIPlugin
2026-08-28 09:42:51,473 [INFO] PluginManager:220 - loadIPPluginJar : add lorawan
2026-08-28 09:42:51,474 [INFO] IPUIPlugin:80 - create IPUIPlugin
2026-08-28 09:42:51,474 [INFO] PluginManager:220 - loadIPPluginJar : add ltdc
2026-08-28 09:42:51,479 [INFO] IPUIPlugin:80 - create IPUIPlugin
2026-08-28 09:42:51,479 [INFO] PluginManager:220 - loadIPPluginJar : add mdma
2026-08-28 09:42:51,481 [INFO] IPUIPlugin:80 - create IPUIPlugin
2026-08-28 09:42:51,481 [INFO] PluginManager:220 - loadIPPluginJar : add nvic
2026-08-28 09:42:51,483 [INFO] IPUIPlugin:80 - create IPUIPlugin
2026-08-28 09:42:51,483 [INFO] PluginManager:220 - loadIPPluginJar : add opamp
2026-08-28 09:42:51,485 [INFO] IPUIPlugin:80 - create IPUIPlugin
2026-08-28 09:42:51,485 [INFO] PluginManager:220 - loadIPPluginJar : add openamp
2026-08-28 09:42:51,487 [INFO] IPUIPlugin:80 - create IPUIPlugin
2026-08-28 09:42:51,487 [INFO] PluginManager:220 - loadIPPluginJar : add pdm2pcm
2026-08-28 09:42:51,491 [INFO] IPUIPlugin:80 - create IPUIPlugin
2026-08-28 09:42:51,492 [INFO] PluginManager:220 - loadIPPluginJar : add plateformsettings
2026-08-28 09:42:51,493 [INFO] IPUIPlugin:80 - create IPUIPlugin
2026-08-28 09:42:51,493 [INFO] PluginManager:220 - loadIPPluginJar : add quadspi
2026-08-28 09:42:51,495 [INFO] IPUIPlugin:80 - create IPUIPlugin
2026-08-28 09:42:51,495 [INFO] PluginManager:220 - loadIPPluginJar : add radio
2026-08-28 09:42:51,497 [INFO] IPUIPlugin:80 - create IPUIPlugin
2026-08-28 09:42:51,497 [INFO] PluginManager:220 - loadIPPluginJar : add resmgrutility
2026-08-28 09:42:51,499 [INFO] IPUIPlugin:80 - create IPUIPlugin
2026-08-28 09:42:51,500 [INFO] PluginManager:220 - loadIPPluginJar : add sai
2026-08-28 09:42:51,501 [INFO] IPUIPlugin:80 - create IPUIPlugin
2026-08-28 09:42:51,501 [INFO] PluginManager:220 - loadIPPluginJar : add spi
2026-08-28 09:42:51,505 [INFO] IPUIPlugin:80 - create IPUIPlugin
2026-08-28 09:42:51,505 [INFO] PluginManager:220 - loadIPPluginJar : add stm32_wpan
2026-08-28 09:42:51,506 [INFO] IPUIPlugin:80 - create IPUIPlugin
2026-08-28 09:42:51,506 [INFO] PluginManager:220 - loadIPPluginJar : add tim
2026-08-28 09:42:51,509 [INFO] IPUIPlugin:80 - create IPUIPlugin
2026-08-28 09:42:51,509 [INFO] PluginManager:220 - loadIPPluginJar : add touchsensing
2026-08-28 09:42:51,510 [INFO] IPUIPlugin:80 - create IPUIPlugin
2026-08-28 09:42:51,510 [INFO] PluginManager:220 - loadIPPluginJar : add tracer_emb
2026-08-28 09:42:51,511 [INFO] IPUIPlugin:80 - create IPUIPlugin
2026-08-28 09:42:51,511 [INFO] PluginManager:220 - loadIPPluginJar : add ts
2026-08-28 09:42:51,512 [INFO] IPUIPlugin:80 - create IPUIPlugin
2026-08-28 09:42:51,512 [INFO] PluginManager:220 - loadIPPluginJar : add tsc
2026-08-28 09:42:51,513 [INFO] IPUIPlugin:80 - create IPUIPlugin
2026-08-28 09:42:51,514 [INFO] PluginManager:220 - loadIPPluginJar : add ucpd
2026-08-28 09:42:51,515 [INFO] IPUIPlugin:80 - create IPUIPlugin
2026-08-28 09:42:51,515 [INFO] PluginManager:220 - loadIPPluginJar : add usart
2026-08-28 09:42:51,517 [INFO] IPUIPlugin:80 - create IPUIPlugin
2026-08-28 09:42:51,517 [INFO] PluginManager:220 - loadIPPluginJar : add usbx
2026-08-28 09:42:51,684 [FATAL] Updater:351 - Updater called before beeing initialized
2026-08-28 09:42:51,710 [INFO] RulesReader:64 - Compatibility file has been processed (317 Rules)
2026-08-28 09:42:51,719 [INFO] RulesReader:64 - Compatibility file has been processed (317 Rules)
2026-08-28 09:42:51,726 [INFO] CADModel:165 - CPN selected for project level
2026-08-28 09:42:51,726 [INFO] CADModel:114 - Register for checkConnection events
2026-08-28 09:42:51,726 [FATAL] Updater:351 - Updater called before beeing initialized
2026-08-28 09:42:51,726 [ERROR] CADModel:125 - Updater not yet initialized, retry later 
2026-08-28 09:42:51,827 [FATAL] Updater:351 - Updater called before beeing initialized
2026-08-28 09:42:51,828 [INFO] CADModel:165 - CPN selected for project level
2026-08-28 09:42:51,828 [INFO] CADModel:114 - Register for checkConnection events
2026-08-28 09:42:51,828 [FATAL] Updater:351 - Updater called before beeing initialized
2026-08-28 09:42:51,828 [ERROR] CADModel:125 - Updater not yet initialized, retry later 
2026-08-28 09:42:51,831 [FATAL] Updater:351 - Updater called before beeing initialized
2026-08-28 09:42:51,919 [FATAL] Updater:351 - Updater called before beeing initialized
2026-08-28 09:42:51,922 [INFO] DbMcusAds:53 - JSON generation date=Thu Sep 30 12:25:09 IST 2021 (1632984909247)
2026-08-28 09:42:51,922 [FATAL] Updater:351 - Updater called before beeing initialized
2026-08-28 09:42:51,951 [WARN] DetailPanel:346 - Failed to get advertising image, set to default
2026-08-28 09:42:52,057 [FATAL] Updater:351 - Updater called before beeing initialized
2026-08-28 09:42:52,076 [FATAL] Updater:351 - Updater called before beeing initialized
2026-08-28 09:42:52,076 [FATAL] Updater:351 - Updater called before beeing initialized
2026-08-28 09:42:52,076 [WARN] DetailPanel:346 - Failed to get advertising image, set to default
2026-08-28 09:42:52,077 [FATAL] Updater:351 - Updater called before beeing initialized
2026-08-28 09:42:52,145 [ERROR] Updater:1198 - MainUpdater not yet initialized. External WinMGr cannot be set.
2026-08-28 09:42:52,162 [INFO] Updater:1134 - Updater Version found : 6.15.0
2026-08-28 09:42:52,189 [INFO] ApplicationProperties:184 - Using Application install path: C:\ST\STM32CubeIDE_1.19.0\STM32CubeIDE\plugins\com.st.stm32cube.common.mx_6.15.0.202507011659
2026-08-28 09:42:53,988 [INFO] ThirdPartyUpdaterWithRetryManager:70 - Updater plugin not ready yet. [2/15]
2026-08-28 09:42:56,419 [WARN] CheckConnectionManager:291 - Warning during Server Connection :  timeout Connect to sw-center.st.com:443 [sw-center.st.com/117.239.91.67, sw-center.st.com/117.239.91.88] failed: Read timed out
2026-08-28 09:42:56,988 [FATAL] Updater:351 - Updater called before beeing initialized
2026-08-28 09:42:56,990 [ERROR] IntegrityCheckThread:130 - Cannot retrieve database content from updater: error 21
2026-08-28 09:42:56,990 [INFO] ThirdParty:978 - Integrity check success = false
2026-08-28 09:42:56,990 [INFO] IntegrityCheckThread:100 - exiting critical section [integrity check]
2026-08-28 09:42:56,990 [INFO] IntegrityCheckThread:103 - End integrity checks thread
2026-08-28 09:43:00,436 [WARN] CheckConnectionManager:291 - Warning during Server Connection :  timeout Connect to sw-center.st.com:443 [sw-center.st.com/117.239.91.67, sw-center.st.com/117.239.91.88] failed: Read timed out
2026-08-28 09:43:00,442 [INFO] MainUpdater:2872 - connection check result : 22
2026-08-28 09:43:00,442 [INFO] MainUpdater:289 - Updater Check For Update Now.
2026-08-28 09:43:00,442 [INFO] MicroXplorer:498 - Change Database Version : DB.6.0.150
2026-08-28 09:43:00,463 [INFO] McuFinderGlobals:63 - Set McuFinder mode to 2 (CubeIDE integrated)
2026-08-28 09:43:00,464 [INFO] UserAuth:171 - activating auth plugin
2026-08-28 09:43:00,466 [INFO] UserAuth:487 - Internet connection configuration mode: 2
2026-08-28 09:43:00,531 [INFO] UserAuth:487 - Internet connection configuration mode: 2
2026-08-28 09:43:00,546 [WARN] CheckServerUpdateThread:151 - Open CheckUpdateFile Fail
2026-08-28 09:43:00,665 [INFO] CheckServerUpdateThread:120 - End of CheckServer Thread
2026-08-28 09:43:00,840 [INFO] MainUpdater:2872 - connection check result : 22
2026-08-28 09:43:24,878 [INFO] MainUpdater:2872 - connection check result : 10
2026-08-28 09:43:24,916 [INFO] McuFinderGlobals:76 - Set McuFinderConnectedMode to true
2026-08-28 09:43:25,379 [INFO] ServerAccessManage:452 - Complete download http(s) 200
2026-08-28 09:43:25,380 [INFO] ServerAccessManage:509 - Download File mcusAds.json._tmp_
2026-08-28 09:43:25,498 [INFO] LoadUrlFilesThread:156 - End of LoadUrlFiles Thread
2026-08-28 09:43:25,682 [INFO] ServerAccessManage:452 - Complete download http(s) 200
2026-08-28 09:43:25,683 [INFO] ServerAccessManage:509 - Download File cube-finder-db.zip
2026-08-28 09:45:01,788 [INFO] FileExtend:248 - Unzip File : cube-finder-db.zip
2026-08-28 09:45:01,789 [INFO] FileExtend:263 - Standard Zip Deflate
2026-08-28 09:45:06,220 [INFO] LoadUrlFilesThread:156 - End of LoadUrlFiles Thread
2026-08-28 09:45:21,675 [ERROR] ServerAccessManage:1295 - Problem during Server Connection :  IO error Connection reset
2026-08-28 09:45:21,677 [ERROR] ServerAccessManage:740 - Problem during Server Connection :  : crdb.zip.
2026-08-28 09:45:25,661 [INFO] LoadUrlFilesThread:156 - End of LoadUrlFiles Thread
2026-08-28 09:45:28,149 [INFO] DbMcusAds:53 - JSON generation date=Wed Jul 15 15:14:54 IST 2026 (1784108694001)
2026-08-28 09:45:28,155 [ERROR] TargetSelectorAdapter:267 - Unable to refresh data
2026-08-28 09:45:29,598 [INFO] ApiDb:581 - Connected to CubeFinder SQLite database (C:\Users\Student\.stmcufinder\plugins\mcufinder\mcu\cube-finder-db.db)
2026-08-28 09:45:29,784 [INFO] ApiDb:668 - CubeFinder database Data Model version=2.1
2026-08-28 09:45:29,784 [INFO] ApiDb:669 - CubeFinder database Configuration version=3.0.42
2026-08-28 09:45:29,784 [INFO] ApiDb:670 - CubeFinder database generation date=2026-08-04 (1785840812)
2026-08-28 09:45:29,784 [INFO] ApiDb:671 - CubeFinder database FW Pack versions=[FP-ATR-ASTRA1_V2.0.0, FP-SNS-FLIGHT1_V5.1.0, FP-SNS-MOTENV1_V5.1.0, FP-SNS-MOTENVWB1_V1.5.0, FP-SNS-SMARTAG2_V1.2.0, FP-SNS-STBOX1_V2.1.0, STM32Cube_FW_C0_V1.4.1, STM32Cube_FW_F4_V1.28.3, STM32Cube_FW_F7_V1.17.4, STM32Cube_FW_G0_V1.6.3, STM32Cube_FW_G4_V1.6.2, STM32Cube_FW_H5_V1.7.0, STM32Cube_FW_H7RS_V1.3.0, STM32Cube_FW_H7_V1.13.0, STM32Cube_FW_L0_V1.12.2, STM32Cube_FW_L4_V1.18.2, STM32Cube_FW_L5_V1.6.0, STM32Cube_FW_N6_V1.4.0, STM32Cube_FW_U0_V1.3.0, STM32Cube_FW_U3_V1.4.0, STM32Cube_FW_U5_V1.9.0, STM32Cube_FW_WB0_V1.5.0, STM32Cube_FW_WBA_V1.10.0, STM32Cube_FW_WB_V1.24.0, STM32Cube_FW_WL3_V1.5.0, STM32Cube_FW_WL_V1.6.0, X-CUBE-ALGOBUILD_V1.5.0, X-CUBE-ALS_V1.0.2, X-CUBE-AZRTOS-F4_V1.1.0, X-CUBE-AZRTOS-F7_V1.1.0, X-CUBE-AZRTOS-G0_V1.1.0, X-CUBE-AZRTOS-G4_V2.0.0, X-CUBE-AZRTOS-H7RS_V1.3.0, X-CUBE-AZRTOS-H7_V3.5.0, X-CUBE-AZRTOS-L4_V2.0.0, X-CUBE-AZRTOS-L5_V2.0.0, X-CUBE-AZRTOS-WB_V2.0.0, X-CUBE-AZRTOS-WL_V2.0.0, X-CUBE-BLE1_V7.1.0, X-CUBE-BLE2_V3.3.0, X-CUBE-BLEMGR_V4.2.0, X-CUBE-EEPRMA1_V5.2.0, X-CUBE-FREERTOS_V1.6.0, X-CUBE-GNSS1_V7.1.1, X-CUBE-MEMS1_V13.0.0, X-CUBE-NFC4_V3.0.0, X-CUBE-NFC7_V2.0.0, X-CUBE-SFXS2LP1_V4.0.0, X-CUBE-ST67W61_V1.3.0, X-CUBE-SUBG2_V5.0.0, X-CUBE-TOF1_V3.4.3]
2026-08-28 09:45:32,631 [INFO] ApiDb:240 - Found 880 in-development CPN: [B-G473E-ZEST1S, B-WB1M-WPAN1, B-WBA5M-WPAN, B-WL5M-SUBG1, NUCLEO-C031C6, NUCLEO-C051C8, NUCLEO-C071RB, NUCLEO-C092RC, NUCLEO-H503RB, NUCLEO-H533RE, NUCLEO-H563ZI, NUCLEO-H7S3L8, NUCLEO-N657X0-Q, NUCLEO-U031R8, NUCLEO-U083RC, NUCLEO-U385RG-Q, NUCLEO-U545RE-Q, NUCLEO-U5A5ZJ-Q, NUCLEO-WB05KZ, NUCLEO-WB07CC, NUCLEO-WB09KE, NUCLEO-WBA52CG, NUCLEO-WBA55CG, NUCLEO-WL33CC1, NUCLEO-WL33CC2, STEVAL-PROTEUS1, STEVAL-SMARTAG2, STEVAL-STWINBX1, STM320518-EVAL, STM32C0116-DK, STM32C011D6Y3TR, STM32C011D6Y6TR, STM32C011F4P3, STM32C011F4P6, STM32C011F4U3, STM32C011F4U6TR, STM32C011F6P3, STM32C011F6P6, STM32C011F6U3, STM32C011F6U6TR, STM32C011J4M3, STM32C011J4M6, STM32C011J6M3, STM32C011J6M6, STM32C0316-DK, STM32C031C4T3, STM32C031C4T6, STM32C031C4U3, STM32C031C4U6, STM32C031C6T3, STM32C031C6T6, STM32C031C6U3, STM32C031C6U6, STM32C031F4P3, STM32C031F4P6, STM32C031F6P3, STM32C031F6P6, STM32C031G4U3, STM32C031G4U6, STM32C031G6U3, STM32C031G6U6, STM32C031K4T3, STM32C031K4T6, STM32C031K4U3, STM32C031K4U6, STM32C031K6T3, STM32C031K6T6, STM32C031K6U3, STM32C031K6U6, STM32C051C6T6, STM32C051C6U6, STM32C051C8T6, STM32C051C8U6, STM32C051D8Y6TR, STM32C051F6P6, STM32C051F8P6, STM32C051G6U6, STM32C051G8U6, STM32C051K6T6, STM32C051K6U6, STM32C051K8T6, STM32C071C8T6, STM32C071C8T6N, STM32C071C8U6, STM32C071C8U6N, STM32C071CBT6, STM32C071CBT6N, STM32C071CBU6, STM32C071CBU6N, STM32C071F8P6, STM32C071F8P6N, STM32C071FBP6, STM32C071FBP6N, STM32C071FBY6TR, STM32C071G8U6, STM32C071G8U6N, STM32C071GBU6, STM32C071GBU6N, STM32C071K8T6, STM32C071K8T6N, STM32C071K8U6, STM32C071K8U6N, STM32C071KBT6, STM32C071KBT6N, STM32C071KBU6, STM32C071KBU6N, STM32C071R8T6, STM32C071R8T6N, STM32C071RBI6N, STM32C071RBT6, STM32C071RBT6N, STM32C091CBT6, STM32C091CBU6, STM32C091CCT6, STM32C091CCU6, STM32C091ECY6TR, STM32C091FBP6, STM32C091FCP6, STM32C091GBU6, STM32C091GCU6, STM32C091KBT6, STM32C091KBU6, STM32C091KCT6, STM32C091KCU6, STM32C091RBT6, STM32C091RCI6, STM32C091RCT6, STM32C092CBT6, STM32C092CBU6, STM32C092CCT6, STM32C092CCU6, STM32C092ECY6TR, STM32C092FBP6, STM32C092FCP6, STM32C092GBU6, STM32C092GCU6, STM32C092KBT6, STM32C092KBU6, STM32C092KCT6, STM32C092KCU6, STM32C092RBT6, STM32C092RCI6, STM32C092RCT6, STM32G071K8TXN, STM32G071K8UXN, STM32G081GBU6N, STM32G081KBT6N, STM32G081KBUXN, STM32G0B1CCT6N, STM32G0B1KCT6, STM32G0B1NEY6TR, STM32G0B1RCT6N, STM32G0C1CCT6, STM32G0C1CCT6N, STM32G0C1CCU6N, STM32G0C1CET6N, STM32G0C1CEU6N, STM32G0C1KCT6, STM32G0C1NEY6TR, STM32G0C1RCI6N, STM32G0C1RCT6N, STM32G0C1REI6N, STM32G0C1RET6N, STM32G0C1VCI6, STM32G0C1VEI6, STM32G411C6T3, STM32G411C6T6, STM32G411C6U3, STM32G411C6U6, STM32G411C8T3, STM32G411C8T6, STM32G411C8U3, STM32G411C8U6, STM32G411CBT3, STM32G411CBT6, STM32G411CBU3, STM32G411CBU6, STM32G411K6T3, STM32G411K6T6, STM32G411K6U3, STM32G411K6U6, STM32G411K8T3, STM32G411K8T6, STM32G411K8U3, STM32G411K8U6, STM32G411KBT3, STM32G411KBT6, STM32G411KBU3, STM32G411KBU6, STM32G411M6T3, STM32G411M6T6, STM32G411M8T3, STM32G411M8T6, STM32G411MBT3, STM32G411MBT6, STM32G411R6T3, STM32G411R6T6, STM32G411R8T3, STM32G411R8T6, STM32G411RBT3, STM32G411RBT6, STM32G414CBT3, STM32G414CBT6, STM32G414CBU3, STM32G414CBU6, STM32G414CCT3, STM32G414CCT6, STM32G414CCU3, STM32G414CCU6, STM32G414MBT3, STM32G414MBT6, STM32G414MCT3, STM32G414MCT6, STM32G414RBT3, STM32G414RBT6, STM32G414RCT3, STM32G414RCT6, STM32G414VBT3, STM32G414VBT6, STM32G414VCT3, STM32G414VCT6, STM32G431CBT3Z, STM32G431RBT3Z, STM32G471CCT6, STM32G471CCU6, STM32G471CET3, STM32G471CET6, STM32G471CEU3, STM32G471CEU6, STM32G471MCT6, STM32G471MET3, STM32G471MET6, STM32G471MEY6TR, STM32G471QCT6, STM32G471QET3, STM32G471RCT6, STM32G471RET3, STM32G471RET6, STM32G471VCH6, STM32G471VCI6, STM32G471VCT6, STM32G471VEH3, STM32G471VEH6, STM32G471VEI3, STM32G471VEI6, STM32G471VET3, STM32G471VET6, STM32G473QET3Z, STM32G473RET3Z, STM32G474CCT6, STM32G491RET3Z, STM32H503CBT6, STM32H503CBU6, STM32H503EBY6TR, STM32H503KBU6, STM32H503RBT6, STM32H523CCT6, STM32H523CCU6, STM32H523CET6, STM32H523CEU6, STM32H523HEY6TR, STM32H523RCT6, STM32H523RET6, STM32H523VCI6, STM32H523VCT6, STM32H523VEI6, STM32H523VET6, STM32H523ZCJ6, STM32H523ZCT6, STM32H523ZEJ6, STM32H523ZET6, STM32H533CET6, STM32H533CEU6, STM32H533HEY6TR, STM32H533RET6, STM32H533VEI6, STM32H533VET6, STM32H533ZEJ6, STM32H533ZET6, STM32H562AGI6, STM32H562AII6, STM32H562IGK6, STM32H562IGT6, STM32H562IIK6, STM32H562IIT6, STM32H562RGT6, STM32H562RGV6, STM32H562RIT6, STM32H562RIV6, STM32H562VGT6, STM32H562VIT6, STM32H562ZGT6, STM32H562ZIT6, STM32H563AGI6, STM32H563AII3Q, STM32H563AII6, STM32H563IGK6, STM32H563IGT6, STM32H563IIK3Q, STM32H563IIK6, STM32H563IIT3Q, STM32H563IIT6, STM32H563MIY3QTR, STM32H563RGT6, STM32H563RGV6, STM32H563RIT6, STM32H563RIV6, STM32H563VGT6, STM32H563VIT3Q, STM32H563VIT6, STM32H563ZGT6, STM32H563ZIT3Q, STM32H563ZIT6, STM32H573AII3Q, STM32H573AII6, STM32H573I-DK, STM32H573IIK3Q, STM32H573IIK6, STM32H573IIT3Q, STM32H573IIT6, STM32H573MIY3QTR, STM32H573RIT6, STM32H573RIV6, STM32H573VIT3Q, STM32H573VIT6, STM32H573ZIT3Q, STM32H573ZIT6, STM32H7R3A8I6, STM32H7R3I8K6, STM32H7R3I8T6, STM32H7R3L8H6, STM32H7R3L8H6H, STM32H7R3R8V6, STM32H7R3V8H6, STM32H7R3V8T6, STM32H7R3V8Y6TR, STM32H7R3Z8J6, STM32H7R3Z8T6, STM32H7R7A8I6, STM32H7R7I8K6, STM32H7R7I8T6, STM32H7R7L8H6, STM32H7R7L8H6H, STM32H7R7Z8J6, STM32H7S3A8I6, STM32H7S3I8K6, STM32H7S3I8T6, STM32H7S3L8H6, STM32H7S3L8H6H, STM32H7S3R8V6, STM32H7S3V8H6, STM32H7S3V8T6, STM32H7S3V8Y6TR, STM32H7S3Z8J6, STM32H7S3Z8T6, STM32H7S78-DK, STM32H7S7A8I6, STM32H7S7I8K6, STM32H7S7I8T6, STM32H7S7L8H6, STM32H7S7L8H6H, STM32H7S7Z8J6, STM32L4R5QGI6STR, STM32MP131AAE3, STM32MP131AAF3, STM32MP131AAG3, STM32MP131CAE3, STM32MP131CAF3, STM32MP131CAG3, STM32MP131DAE7, STM32MP131DAF7, STM32MP131DAG7, STM32MP131FAE7, STM32MP131FAF7, STM32MP131FAG7, STM32MP133AAE3, STM32MP133AAF3, STM32MP133AAG3, STM32MP133CAE3, STM32MP133CAF3, STM32MP133CAG3, STM32MP133DAE7, STM32MP133DAF7, STM32MP133DAG7, STM32MP133FAE7, STM32MP133FAF7, STM32MP133FAG7, STM32MP135AAE3, STM32MP135AAF3, STM32MP135AAG3, STM32MP135CAE3, STM32MP135CAF3, STM32MP135CAG3, STM32MP135DAE7, STM32MP135DAF7, STM32MP135DAG7, STM32MP135F-DK, STM32MP135FAE7, STM32MP135FAF7, STM32MP135FAF7T, STM32MP135FAF7U, STM32MP135FAG7, STM32MP211AAL3, STM32MP211AAM3, STM32MP211AAN3, STM32MP211AAO3, STM32MP211CAL3, STM32MP211CAM3, STM32MP211CAN3, STM32MP211CAO3, STM32MP211DAL3, STM32MP211DAM3, STM32MP211DAN3, STM32MP211DAO3, STM32MP211FAL3, STM32MP211FAM3, STM32MP211FAN3, STM32MP211FAO3, STM32MP213AAL3, STM32MP213AAM3, STM32MP213AAN3, STM32MP213AAO3, STM32MP213CAL3, STM32MP213CAM3, STM32MP213CAN3, STM32MP213CAO3, STM32MP213DAL3, STM32MP213DAM3, STM32MP213DAN3, STM32MP213DAO3, STM32MP213FAL3, STM32MP213FAM3, STM32MP213FAN3, STM32MP213FAO3, STM32MP215AAL3, STM32MP215AAM3, STM32MP215AAN3, STM32MP215AAO3, STM32MP215CAL3, STM32MP215CAM3, STM32MP215CAN3, STM32MP215CAO3, STM32MP215DAL3, STM32MP215DAM3, STM32MP215DAN3, STM32MP215DAO3, STM32MP215F-DK, STM32MP215FAL3, STM32MP215FAM3, STM32MP215FAN3, STM32MP215FAO3, STM32MP231AAJ3, STM32MP231AAK3, STM32MP231AAL3, STM32MP231CAJ3, STM32MP231CAK3, STM32MP231CAL3, STM32MP231DAJ3, STM32MP231DAK3, STM32MP231DAL3, STM32MP231FAJ3, STM32MP231FAK3, STM32MP231FAL3, STM32MP233AAJ3, STM32MP233AAK3, STM32MP233AAL3, STM32MP233CAJ3, STM32MP233CAK3, STM32MP233CAL3, STM32MP233DAJ3, STM32MP233DAK3, STM32MP233DAL3, STM32MP233FAJ3, STM32MP233FAK3, STM32MP233FAL3, STM32MP235AAJ3, STM32MP235AAK3, STM32MP235AAL3, STM32MP235CAJ3, STM32MP235CAK3, STM32MP235CAL3, STM32MP235DAJ3, STM32MP235DAK3, STM32MP235DAL3, STM32MP235FAJ3, STM32MP235FAK3, STM32MP235FAL3, STM32MP251AAI3, STM32MP251AAK3, STM32MP251AAL3, STM32MP251CAI3, STM32MP251CAK3, STM32MP251CAL3, STM32MP251DAI3, STM32MP251DAK3, STM32MP251DAL3, STM32MP251FAI3, STM32MP251FAK3, STM32MP251FAL3, STM32MP253AAI3, STM32MP253AAK3, STM32MP253AAL3, STM32MP253CAI3, STM32MP253CAK3, STM32MP253CAL3, STM32MP253DAI3, STM32MP253DAK3, STM32MP253DAL3, STM32MP253FAI3, STM32MP253FAK3, STM32MP253FAL3, STM32MP255AAI3, STM32MP255AAK3, STM32MP255AAL3, STM32MP255CAI3, STM32MP255CAK3, STM32MP255CAL3, STM32MP255DAI3, STM32MP255DAK3, STM32MP255DAL3, STM32MP255FAI3, STM32MP255FAK3, STM32MP255FAL3, STM32MP257AAI3, STM32MP257AAK3, STM32MP257AAL3, STM32MP257CAI3, STM32MP257CAK3, STM32MP257CAL3, STM32MP257DAI3, STM32MP257DAK3, STM32MP257DAL3, STM32MP257F-DK, STM32MP257F-EV1, STM32MP257FAI3, STM32MP257FAK3, STM32MP257FAL3, STM32N645A0H3Q, STM32N645B0H3Q, STM32N645I0H3Q, STM32N645L0H3Q, STM32N645X0H3Q, STM32N645Z0H3Q, STM32N647A0H3Q, STM32N647B0H3Q, STM32N647I0H3Q, STM32N647L0H3Q, STM32N647X0H3Q, STM32N647Z0H3Q, STM32N655A0H3Q, STM32N655B0H3Q, STM32N655I0H3Q, STM32N655L0H3Q, STM32N655X0H3Q, STM32N655Z0H3Q, STM32N6570-DK, STM32N657A0H3Q, STM32N657B0H3Q, STM32N657I0H3Q, STM32N657L0H3Q, STM32N657X0H3Q, STM32N657Z0H3Q, STM32U031C6T6, STM32U031C6U6, STM32U031C8T6, STM32U031C8U6, STM32U031F4P6, STM32U031F6P6, STM32U031F8P6, STM32U031G6Y6TR, STM32U031G8Y6TR, STM32U031K4U6, STM32U031K6U6, STM32U031K8U6, STM32U031R6I6, STM32U031R6T6, STM32U031R8I6, STM32U031R8T6, STM32U073C8T6, STM32U073C8U6, STM32U073CBT6, STM32U073CBU6, STM32U073CCT6, STM32U073CCU6, STM32U073H8Y6TR, STM32U073HBY6TR, STM32U073HCY6TR, STM32U073K8U6, STM32U073KBU6, STM32U073KCU6, STM32U073M8I6, STM32U073M8T6, STM32U073MBI6, STM32U073MBT6, STM32U073MCI6, STM32U073MCT6, STM32U073R8I6, STM32U073R8T6, STM32U073RBI6, STM32U073RBT6, STM32U073RCI6, STM32U073RCT6, STM32U083C-DK, STM32U083CCT6, STM32U083CCU6, STM32U083HCY6TR, STM32U083KCU6, STM32U083MCI6, STM32U083MCT6, STM32U083RCI6, STM32U083RCT6, STM32U375CET6, STM32U375CET6Q, STM32U375CEU6, STM32U375CEU6Q, STM32U375CEY6QTR, STM32U375CGT6, STM32U375CGT6Q, STM32U375CGU6, STM32U375CGU6Q, STM32U375CGY6QTR, STM32U375KEU6, STM32U375KGU6, STM32U375REI6, STM32U375REI6Q, STM32U375RET6, STM32U375RET6Q, STM32U375REY6GTR, STM32U375REY6QTR, STM32U375RGI6, STM32U375RGI6Q, STM32U375RGT6, STM32U375RGT6Q, STM32U375RGY6GTR, STM32U375RGY6QTR, STM32U375VEI6, STM32U375VEI6Q, STM32U375VET6, STM32U375VET6Q, STM32U375VGI6, STM32U375VGI6Q, STM32U375VGT6, STM32U375VGT6Q, STM32U385CGT6, STM32U385CGT6Q, STM32U385CGU6, STM32U385CGU6Q, STM32U385CGY6QTR, STM32U385KGU6, STM32U385RGI6, STM32U385RGI6Q, STM32U385RGT6, STM32U385RGT6Q, STM32U385RGY6GTR, STM32U385RGY6QTR, STM32U385VGI6, STM32U385VGI6Q, STM32U385VGT6, STM32U385VGT6Q, STM32U535CBT6, STM32U535CBT6Q, STM32U535CBU6, STM32U535CBU6Q, STM32U535CCT6, STM32U535CCT6Q, STM32U535CCU6, STM32U535CCU6Q, STM32U535CET6, STM32U535CET6Q, STM32U535CEU6, STM32U535CEU6Q, STM32U535JEY6QTR, STM32U535NCY6QTR, STM32U535NEY6QTR, STM32U535RBI6, STM32U535RBI6Q, STM32U535RBT6, STM32U535RBT6Q, STM32U535RCI6, STM32U535RCI6Q, STM32U535RCT6, STM32U535RCT6Q, STM32U535REI6, STM32U535REI6Q, STM32U535RET6, STM32U535RET6Q, STM32U535VCI6, STM32U535VCI6Q, STM32U535VCT6, STM32U535VCT6Q, STM32U535VEI6, STM32U535VEI6Q, STM32U535VET6, STM32U535VET6Q, STM32U545CET6, STM32U545CET6Q, STM32U545CEU6, STM32U545CEU6Q, STM32U545JEY6QTR, STM32U545NEY6QTR, STM32U545REI6, STM32U545REI6Q, STM32U545RET6, STM32U545RET6Q, STM32U545VEI6, STM32U545VEI6Q, STM32U545VET6, STM32U545VET6Q, STM32U595AIH6, STM32U595AIH6Q, STM32U595AJH6, STM32U595AJH6Q, STM32U595QII6, STM32U595QII6Q, STM32U595QJI6, STM32U595QJI6Q, STM32U595RIT6, STM32U595RIT6Q, STM32U595RJT6, STM32U595RJT6Q, STM32U595VIT6, STM32U595VIT6Q, STM32U595VJT6, STM32U595VJT6Q, STM32U595ZIT6, STM32U595ZIT6Q, STM32U595ZIY6QTR, STM32U595ZJT6, STM32U595ZJT6Q, STM32U595ZJY6QTR, STM32U599BJY6QTR, STM32U599NIH6Q, STM32U599NJH6Q, STM32U599VIT6Q, STM32U599VJT6, STM32U599VJT6Q, STM32U599ZIT6Q, STM32U599ZIY6QTR, STM32U599ZJT6Q, STM32U599ZJY6QTR, STM32U5A5AJH6, STM32U5A5AJH6Q, STM32U5A5QII3Q , STM32U5A5QJI6, STM32U5A5QJI6Q, STM32U5A5RJT6, STM32U5A5RJT6Q, STM32U5A5VJT6, STM32U5A5VJT6Q, STM32U5A5ZJT6, STM32U5A5ZJT6Q, STM32U5A5ZJY6QTR, STM32U5A9BJY6QTR, STM32U5A9J-DK, STM32U5A9NJH6Q, STM32U5A9VJT6Q, STM32U5A9ZJT6Q, STM32U5A9ZJY6QTR, STM32U5F7VIT6, STM32U5F7VIT6Q, STM32U5F7VJT6, STM32U5F7VJT6Q, STM32U5F9BJY6QTR, STM32U5F9NJH6Q, STM32U5F9VIT6Q, STM32U5F9VJT6Q, STM32U5F9ZIJ6QTR, STM32U5F9ZIT6Q, STM32U5F9ZJJ6QTR, STM32U5F9ZJT6Q, STM32U5G7VJT6, STM32U5G7VJT6Q, STM32U5G9BJY6QTR, STM32U5G9J-DK1, STM32U5G9J-DK2, STM32U5G9NJH6Q, STM32U5G9VJT6Q, STM32U5G9ZJJ6QTR, STM32U5G9ZJT6Q, STM32WB05KZV6TR, STM32WB05KZV7TR, STM32WB05TZF6TR, STM32WB05TZF7TR, STM32WB06CCF6TR, STM32WB06CCF7TR, STM32WB06CCV6TR, STM32WB06CCV7TR, STM32WB06KCV6TR, STM32WB06KCV7TR, STM32WB07CCF6TR, STM32WB07CCF7TR, STM32WB07CCV6TR, STM32WB07CCV7TR, STM32WB07KCV6TR, STM32WB07KCV7TR, STM32WB09KEV6TR, STM32WB09KEV7TR, STM32WB09TEF6TR, STM32WB09TEF7TR, STM32WB1MMCH6, STM32WBA50KGU6, STM32WBA50KGU6TR, STM32WBA52CEU6, STM32WBA52CEU6TR, STM32WBA52CEU7, STM32WBA52CEU7TR, STM32WBA52CGU6, STM32WBA52CGU6TR, STM32WBA52CGU6U, STM32WBA52CGU7, STM32WBA52CGU7TR, STM32WBA52KEU6, STM32WBA52KEU6TR, STM32WBA52KGU6, STM32WBA52KGU6TR, STM32WBA54CEU6, STM32WBA54CEU6TR, STM32WBA54CEU7, STM32WBA54CEU7TR, STM32WBA54CGU6, STM32WBA54CGU6TR, STM32WBA54CGU7, STM32WBA54CGU7TR, STM32WBA54KEU6, STM32WBA54KEU6TR, STM32WBA54KEU7, STM32WBA54KEU7TR, STM32WBA54KGU6, STM32WBA54KGU6TR, STM32WBA54KGU7, STM32WBA54KGU7TR, STM32WBA55CEU6, STM32WBA55CEU6TR, STM32WBA55CEU7, STM32WBA55CEU7TR, STM32WBA55CGU6, STM32WBA55CGU6TR, STM32WBA55CGU6U, STM32WBA55CGU7, STM32WBA55CGU7TR, STM32WBA55G-DK1, STM32WBA55HEF6, STM32WBA55HEF7, STM32WBA55HGF6, STM32WBA55HGF7, STM32WBA55UEI6, STM32WBA55UEI6TR, STM32WBA55UEI7, STM32WBA55UEI7TR, STM32WBA55UGI6, STM32WBA55UGI6TR, STM32WBA55UGI7, STM32WBA55UGI7TR, STM32WBA5MMGH6TR, STM32WBA62MGF6, STM32WBA62MIF6, STM32WBA65MGF7, STM32WBA65MIF6, STM32WBA65MIF7, STM32WL30K8V6, STM32WL30KBV6, STM32WL31C8V6, STM32WL31CBV6, STM32WL31K8V6, STM32WL31KBV6, STM32WL33C8V6, STM32WL33C8V6X, STM32WL33CBV6, STM32WL33CBV6X, STM32WL33CCV6, STM32WL33CCV6A, STM32WL33CCV6X, STM32WL33K8V7, STM32WL33K8V7X, STM32WL33KBV7 , STM32WL33KBV7X, STM32WL33KCV7, STM32WL33KCV7X, STM32WL5MOCH6, STM32WL5MOCH6TR]
2026-08-28 09:45:32,638 [INFO] DbMcus:218 - Found 5314 MCUs, 5126 are supported
2026-08-28 09:45:32,638 [INFO] ApiDb:414 - User favorites file not found: C:\Users\Student/.stm32cubeide/favorites.mcus.txt
2026-08-28 09:45:32,638 [INFO] DbMcus:224 - Set 0 / 0 favorites MCUs
2026-08-28 09:45:33,114 [INFO] ApiDb:668 - CubeFinder database Data Model version=2.1
2026-08-28 09:45:33,114 [INFO] ApiDb:669 - CubeFinder database Configuration version=3.0.42
2026-08-28 09:45:33,114 [INFO] ApiDb:670 - CubeFinder database generation date=2026-08-04 (1785840812)
2026-08-28 09:45:33,114 [INFO] ApiDb:671 - CubeFinder database FW Pack versions=[FP-ATR-ASTRA1_V2.0.0, FP-SNS-FLIGHT1_V5.1.0, FP-SNS-MOTENV1_V5.1.0, FP-SNS-MOTENVWB1_V1.5.0, FP-SNS-SMARTAG2_V1.2.0, FP-SNS-STBOX1_V2.1.0, STM32Cube_FW_C0_V1.4.1, STM32Cube_FW_F4_V1.28.3, STM32Cube_FW_F7_V1.17.4, STM32Cube_FW_G0_V1.6.3, STM32Cube_FW_G4_V1.6.2, STM32Cube_FW_H5_V1.7.0, STM32Cube_FW_H7RS_V1.3.0, STM32Cube_FW_H7_V1.13.0, STM32Cube_FW_L0_V1.12.2, STM32Cube_FW_L4_V1.18.2, STM32Cube_FW_L5_V1.6.0, STM32Cube_FW_N6_V1.4.0, STM32Cube_FW_U0_V1.3.0, STM32Cube_FW_U3_V1.4.0, STM32Cube_FW_U5_V1.9.0, STM32Cube_FW_WB0_V1.5.0, STM32Cube_FW_WBA_V1.10.0, STM32Cube_FW_WB_V1.24.0, STM32Cube_FW_WL3_V1.5.0, STM32Cube_FW_WL_V1.6.0, X-CUBE-ALGOBUILD_V1.5.0, X-CUBE-ALS_V1.0.2, X-CUBE-AZRTOS-F4_V1.1.0, X-CUBE-AZRTOS-F7_V1.1.0, X-CUBE-AZRTOS-G0_V1.1.0, X-CUBE-AZRTOS-G4_V2.0.0, X-CUBE-AZRTOS-H7RS_V1.3.0, X-CUBE-AZRTOS-H7_V3.5.0, X-CUBE-AZRTOS-L4_V2.0.0, X-CUBE-AZRTOS-L5_V2.0.0, X-CUBE-AZRTOS-WB_V2.0.0, X-CUBE-AZRTOS-WL_V2.0.0, X-CUBE-BLE1_V7.1.0, X-CUBE-BLE2_V3.3.0, X-CUBE-BLEMGR_V4.2.0, X-CUBE-EEPRMA1_V5.2.0, X-CUBE-FREERTOS_V1.6.0, X-CUBE-GNSS1_V7.1.1, X-CUBE-MEMS1_V13.0.0, X-CUBE-NFC4_V3.0.0, X-CUBE-NFC7_V2.0.0, X-CUBE-SFXS2LP1_V4.0.0, X-CUBE-ST67W61_V1.3.0, X-CUBE-SUBG2_V5.0.0, X-CUBE-TOF1_V3.4.3]
2026-08-28 09:45:33,190 [INFO] DbBoardsSqlite:226 - include board P-NUCLEO-WB55-NUCLEO as a kit item of type 'Nucleo-64'
2026-08-28 09:45:33,190 [INFO] DbBoardsSqlite:226 - include board P-NUCLEO-WB55-USBDONGLE as a kit item of type 'Nucleo USB Dongle'
2026-08-28 09:45:33,190 [INFO] DbBoardsSqlite:226 - include board STEVAL-IDP005V1 as a kit item of type 'Evaluation Board'
2026-08-28 09:45:33,190 [INFO] DbBoardsSqlite:226 - include board STEVAL-IDP005V2 as a kit item of type 'Evaluation Board'
2026-08-28 09:45:33,279 [INFO] ApiDb:240 - Found 880 in-development CPN: [B-G473E-ZEST1S, B-WB1M-WPAN1, B-WBA5M-WPAN, B-WL5M-SUBG1, NUCLEO-C031C6, NUCLEO-C051C8, NUCLEO-C071RB, NUCLEO-C092RC, NUCLEO-H503RB, NUCLEO-H533RE, NUCLEO-H563ZI, NUCLEO-H7S3L8, NUCLEO-N657X0-Q, NUCLEO-U031R8, NUCLEO-U083RC, NUCLEO-U385RG-Q, NUCLEO-U545RE-Q, NUCLEO-U5A5ZJ-Q, NUCLEO-WB05KZ, NUCLEO-WB07CC, NUCLEO-WB09KE, NUCLEO-WBA52CG, NUCLEO-WBA55CG, NUCLEO-WL33CC1, NUCLEO-WL33CC2, STEVAL-PROTEUS1, STEVAL-SMARTAG2, STEVAL-STWINBX1, STM320518-EVAL, STM32C0116-DK, STM32C011D6Y3TR, STM32C011D6Y6TR, STM32C011F4P3, STM32C011F4P6, STM32C011F4U3, STM32C011F4U6TR, STM32C011F6P3, STM32C011F6P6, STM32C011F6U3, STM32C011F6U6TR, STM32C011J4M3, STM32C011J4M6, STM32C011J6M3, STM32C011J6M6, STM32C0316-DK, STM32C031C4T3, STM32C031C4T6, STM32C031C4U3, STM32C031C4U6, STM32C031C6T3, STM32C031C6T6, STM32C031C6U3, STM32C031C6U6, STM32C031F4P3, STM32C031F4P6, STM32C031F6P3, STM32C031F6P6, STM32C031G4U3, STM32C031G4U6, STM32C031G6U3, STM32C031G6U6, STM32C031K4T3, STM32C031K4T6, STM32C031K4U3, STM32C031K4U6, STM32C031K6T3, STM32C031K6T6, STM32C031K6U3, STM32C031K6U6, STM32C051C6T6, STM32C051C6U6, STM32C051C8T6, STM32C051C8U6, STM32C051D8Y6TR, STM32C051F6P6, STM32C051F8P6, STM32C051G6U6, STM32C051G8U6, STM32C051K6T6, STM32C051K6U6, STM32C051K8T6, STM32C071C8T6, STM32C071C8T6N, STM32C071C8U6, STM32C071C8U6N, STM32C071CBT6, STM32C071CBT6N, STM32C071CBU6, STM32C071CBU6N, STM32C071F8P6, STM32C071F8P6N, STM32C071FBP6, STM32C071FBP6N, STM32C071FBY6TR, STM32C071G8U6, STM32C071G8U6N, STM32C071GBU6, STM32C071GBU6N, STM32C071K8T6, STM32C071K8T6N, STM32C071K8U6, STM32C071K8U6N, STM32C071KBT6, STM32C071KBT6N, STM32C071KBU6, STM32C071KBU6N, STM32C071R8T6, STM32C071R8T6N, STM32C071RBI6N, STM32C071RBT6, STM32C071RBT6N, STM32C091CBT6, STM32C091CBU6, STM32C091CCT6, STM32C091CCU6, STM32C091ECY6TR, STM32C091FBP6, STM32C091FCP6, STM32C091GBU6, STM32C091GCU6, STM32C091KBT6, STM32C091KBU6, STM32C091KCT6, STM32C091KCU6, STM32C091RBT6, STM32C091RCI6, STM32C091RCT6, STM32C092CBT6, STM32C092CBU6, STM32C092CCT6, STM32C092CCU6, STM32C092ECY6TR, STM32C092FBP6, STM32C092FCP6, STM32C092GBU6, STM32C092GCU6, STM32C092KBT6, STM32C092KBU6, STM32C092KCT6, STM32C092KCU6, STM32C092RBT6, STM32C092RCI6, STM32C092RCT6, STM32G071K8TXN, STM32G071K8UXN, STM32G081GBU6N, STM32G081KBT6N, STM32G081KBUXN, STM32G0B1CCT6N, STM32G0B1KCT6, STM32G0B1NEY6TR, STM32G0B1RCT6N, STM32G0C1CCT6, STM32G0C1CCT6N, STM32G0C1CCU6N, STM32G0C1CET6N, STM32G0C1CEU6N, STM32G0C1KCT6, STM32G0C1NEY6TR, STM32G0C1RCI6N, STM32G0C1RCT6N, STM32G0C1REI6N, STM32G0C1RET6N, STM32G0C1VCI6, STM32G0C1VEI6, STM32G411C6T3, STM32G411C6T6, STM32G411C6U3, STM32G411C6U6, STM32G411C8T3, STM32G411C8T6, STM32G411C8U3, STM32G411C8U6, STM32G411CBT3, STM32G411CBT6, STM32G411CBU3, STM32G411CBU6, STM32G411K6T3, STM32G411K6T6, STM32G411K6U3, STM32G411K6U6, STM32G411K8T3, STM32G411K8T6, STM32G411K8U3, STM32G411K8U6, STM32G411KBT3, STM32G411KBT6, STM32G411KBU3, STM32G411KBU6, STM32G411M6T3, STM32G411M6T6, STM32G411M8T3, STM32G411M8T6, STM32G411MBT3, STM32G411MBT6, STM32G411R6T3, STM32G411R6T6, STM32G411R8T3, STM32G411R8T6, STM32G411RBT3, STM32G411RBT6, STM32G414CBT3, STM32G414CBT6, STM32G414CBU3, STM32G414CBU6, STM32G414CCT3, STM32G414CCT6, STM32G414CCU3, STM32G414CCU6, STM32G414MBT3, STM32G414MBT6, STM32G414MCT3, STM32G414MCT6, STM32G414RBT3, STM32G414RBT6, STM32G414RCT3, STM32G414RCT6, STM32G414VBT3, STM32G414VBT6, STM32G414VCT3, STM32G414VCT6, STM32G431CBT3Z, STM32G431RBT3Z, STM32G471CCT6, STM32G471CCU6, STM32G471CET3, STM32G471CET6, STM32G471CEU3, STM32G471CEU6, STM32G471MCT6, STM32G471MET3, STM32G471MET6, STM32G471MEY6TR, STM32G471QCT6, STM32G471QET3, STM32G471RCT6, STM32G471RET3, STM32G471RET6, STM32G471VCH6, STM32G471VCI6, STM32G471VCT6, STM32G471VEH3, STM32G471VEH6, STM32G471VEI3, STM32G471VEI6, STM32G471VET3, STM32G471VET6, STM32G473QET3Z, STM32G473RET3Z, STM32G474CCT6, STM32G491RET3Z, STM32H503CBT6, STM32H503CBU6, STM32H503EBY6TR, STM32H503KBU6, STM32H503RBT6, STM32H523CCT6, STM32H523CCU6, STM32H523CET6, STM32H523CEU6, STM32H523HEY6TR, STM32H523RCT6, STM32H523RET6, STM32H523VCI6, STM32H523VCT6, STM32H523VEI6, STM32H523VET6, STM32H523ZCJ6, STM32H523ZCT6, STM32H523ZEJ6, STM32H523ZET6, STM32H533CET6, STM32H533CEU6, STM32H533HEY6TR, STM32H533RET6, STM32H533VEI6, STM32H533VET6, STM32H533ZEJ6, STM32H533ZET6, STM32H562AGI6, STM32H562AII6, STM32H562IGK6, STM32H562IGT6, STM32H562IIK6, STM32H562IIT6, STM32H562RGT6, STM32H562RGV6, STM32H562RIT6, STM32H562RIV6, STM32H562VGT6, STM32H562VIT6, STM32H562ZGT6, STM32H562ZIT6, STM32H563AGI6, STM32H563AII3Q, STM32H563AII6, STM32H563IGK6, STM32H563IGT6, STM32H563IIK3Q, STM32H563IIK6, STM32H563IIT3Q, STM32H563IIT6, STM32H563MIY3QTR, STM32H563RGT6, STM32H563RGV6, STM32H563RIT6, STM32H563RIV6, STM32H563VGT6, STM32H563VIT3Q, STM32H563VIT6, STM32H563ZGT6, STM32H563ZIT3Q, STM32H563ZIT6, STM32H573AII3Q, STM32H573AII6, STM32H573I-DK, STM32H573IIK3Q, STM32H573IIK6, STM32H573IIT3Q, STM32H573IIT6, STM32H573MIY3QTR, STM32H573RIT6, STM32H573RIV6, STM32H573VIT3Q, STM32H573VIT6, STM32H573ZIT3Q, STM32H573ZIT6, STM32H7R3A8I6, STM32H7R3I8K6, STM32H7R3I8T6, STM32H7R3L8H6, STM32H7R3L8H6H, STM32H7R3R8V6, STM32H7R3V8H6, STM32H7R3V8T6, STM32H7R3V8Y6TR, STM32H7R3Z8J6, STM32H7R3Z8T6, STM32H7R7A8I6, STM32H7R7I8K6, STM32H7R7I8T6, STM32H7R7L8H6, STM32H7R7L8H6H, STM32H7R7Z8J6, STM32H7S3A8I6, STM32H7S3I8K6, STM32H7S3I8T6, STM32H7S3L8H6, STM32H7S3L8H6H, STM32H7S3R8V6, STM32H7S3V8H6, STM32H7S3V8T6, STM32H7S3V8Y6TR, STM32H7S3Z8J6, STM32H7S3Z8T6, STM32H7S78-DK, STM32H7S7A8I6, STM32H7S7I8K6, STM32H7S7I8T6, STM32H7S7L8H6, STM32H7S7L8H6H, STM32H7S7Z8J6, STM32L4R5QGI6STR, STM32MP131AAE3, STM32MP131AAF3, STM32MP131AAG3, STM32MP131CAE3, STM32MP131CAF3, STM32MP131CAG3, STM32MP131DAE7, STM32MP131DAF7, STM32MP131DAG7, STM32MP131FAE7, STM32MP131FAF7, STM32MP131FAG7, STM32MP133AAE3, STM32MP133AAF3, STM32MP133AAG3, STM32MP133CAE3, STM32MP133CAF3, STM32MP133CAG3, STM32MP133DAE7, STM32MP133DAF7, STM32MP133DAG7, STM32MP133FAE7, STM32MP133FAF7, STM32MP133FAG7, STM32MP135AAE3, STM32MP135AAF3, STM32MP135AAG3, STM32MP135CAE3, STM32MP135CAF3, STM32MP135CAG3, STM32MP135DAE7, STM32MP135DAF7, STM32MP135DAG7, STM32MP135F-DK, STM32MP135FAE7, STM32MP135FAF7, STM32MP135FAF7T, STM32MP135FAF7U, STM32MP135FAG7, STM32MP211AAL3, STM32MP211AAM3, STM32MP211AAN3, STM32MP211AAO3, STM32MP211CAL3, STM32MP211CAM3, STM32MP211CAN3, STM32MP211CAO3, STM32MP211DAL3, STM32MP211DAM3, STM32MP211DAN3, STM32MP211DAO3, STM32MP211FAL3, STM32MP211FAM3, STM32MP211FAN3, STM32MP211FAO3, STM32MP213AAL3, STM32MP213AAM3, STM32MP213AAN3, STM32MP213AAO3, STM32MP213CAL3, STM32MP213CAM3, STM32MP213CAN3, STM32MP213CAO3, STM32MP213DAL3, STM32MP213DAM3, STM32MP213DAN3, STM32MP213DAO3, STM32MP213FAL3, STM32MP213FAM3, STM32MP213FAN3, STM32MP213FAO3, STM32MP215AAL3, STM32MP215AAM3, STM32MP215AAN3, STM32MP215AAO3, STM32MP215CAL3, STM32MP215CAM3, STM32MP215CAN3, STM32MP215CAO3, STM32MP215DAL3, STM32MP215DAM3, STM32MP215DAN3, STM32MP215DAO3, STM32MP215F-DK, STM32MP215FAL3, STM32MP215FAM3, STM32MP215FAN3, STM32MP215FAO3, STM32MP231AAJ3, STM32MP231AAK3, STM32MP231AAL3, STM32MP231CAJ3, STM32MP231CAK3, STM32MP231CAL3, STM32MP231DAJ3, STM32MP231DAK3, STM32MP231DAL3, STM32MP231FAJ3, STM32MP231FAK3, STM32MP231FAL3, STM32MP233AAJ3, STM32MP233AAK3, STM32MP233AAL3, STM32MP233CAJ3, STM32MP233CAK3, STM32MP233CAL3, STM32MP233DAJ3, STM32MP233DAK3, STM32MP233DAL3, STM32MP233FAJ3, STM32MP233FAK3, STM32MP233FAL3, STM32MP235AAJ3, STM32MP235AAK3, STM32MP235AAL3, STM32MP235CAJ3, STM32MP235CAK3, STM32MP235CAL3, STM32MP235DAJ3, STM32MP235DAK3, STM32MP235DAL3, STM32MP235FAJ3, STM32MP235FAK3, STM32MP235FAL3, STM32MP251AAI3, STM32MP251AAK3, STM32MP251AAL3, STM32MP251CAI3, STM32MP251CAK3, STM32MP251CAL3, STM32MP251DAI3, STM32MP251DAK3, STM32MP251DAL3, STM32MP251FAI3, STM32MP251FAK3, STM32MP251FAL3, STM32MP253AAI3, STM32MP253AAK3, STM32MP253AAL3, STM32MP253CAI3, STM32MP253CAK3, STM32MP253CAL3, STM32MP253DAI3, STM32MP253DAK3, STM32MP253DAL3, STM32MP253FAI3, STM32MP253FAK3, STM32MP253FAL3, STM32MP255AAI3, STM32MP255AAK3, STM32MP255AAL3, STM32MP255CAI3, STM32MP255CAK3, STM32MP255CAL3, STM32MP255DAI3, STM32MP255DAK3, STM32MP255DAL3, STM32MP255FAI3, STM32MP255FAK3, STM32MP255FAL3, STM32MP257AAI3, STM32MP257AAK3, STM32MP257AAL3, STM32MP257CAI3, STM32MP257CAK3, STM32MP257CAL3, STM32MP257DAI3, STM32MP257DAK3, STM32MP257DAL3, STM32MP257F-DK, STM32MP257F-EV1, STM32MP257FAI3, STM32MP257FAK3, STM32MP257FAL3, STM32N645A0H3Q, STM32N645B0H3Q, STM32N645I0H3Q, STM32N645L0H3Q, STM32N645X0H3Q, STM32N645Z0H3Q, STM32N647A0H3Q, STM32N647B0H3Q, STM32N647I0H3Q, STM32N647L0H3Q, STM32N647X0H3Q, STM32N647Z0H3Q, STM32N655A0H3Q, STM32N655B0H3Q, STM32N655I0H3Q, STM32N655L0H3Q, STM32N655X0H3Q, STM32N655Z0H3Q, STM32N6570-DK, STM32N657A0H3Q, STM32N657B0H3Q, STM32N657I0H3Q, STM32N657L0H3Q, STM32N657X0H3Q, STM32N657Z0H3Q, STM32U031C6T6, STM32U031C6U6, STM32U031C8T6, STM32U031C8U6, STM32U031F4P6, STM32U031F6P6, STM32U031F8P6, STM32U031G6Y6TR, STM32U031G8Y6TR, STM32U031K4U6, STM32U031K6U6, STM32U031K8U6, STM32U031R6I6, STM32U031R6T6, STM32U031R8I6, STM32U031R8T6, STM32U073C8T6, STM32U073C8U6, STM32U073CBT6, STM32U073CBU6, STM32U073CCT6, STM32U073CCU6, STM32U073H8Y6TR, STM32U073HBY6TR, STM32U073HCY6TR, STM32U073K8U6, STM32U073KBU6, STM32U073KCU6, STM32U073M8I6, STM32U073M8T6, STM32U073MBI6, STM32U073MBT6, STM32U073MCI6, STM32U073MCT6, STM32U073R8I6, STM32U073R8T6, STM32U073RBI6, STM32U073RBT6, STM32U073RCI6, STM32U073RCT6, STM32U083C-DK, STM32U083CCT6, STM32U083CCU6, STM32U083HCY6TR, STM32U083KCU6, STM32U083MCI6, STM32U083MCT6, STM32U083RCI6, STM32U083RCT6, STM32U375CET6, STM32U375CET6Q, STM32U375CEU6, STM32U375CEU6Q, STM32U375CEY6QTR, STM32U375CGT6, STM32U375CGT6Q, STM32U375CGU6, STM32U375CGU6Q, STM32U375CGY6QTR, STM32U375KEU6, STM32U375KGU6, STM32U375REI6, STM32U375REI6Q, STM32U375RET6, STM32U375RET6Q, STM32U375REY6GTR, STM32U375REY6QTR, STM32U375RGI6, STM32U375RGI6Q, STM32U375RGT6, STM32U375RGT6Q, STM32U375RGY6GTR, STM32U375RGY6QTR, STM32U375VEI6, STM32U375VEI6Q, STM32U375VET6, STM32U375VET6Q, STM32U375VGI6, STM32U375VGI6Q, STM32U375VGT6, STM32U375VGT6Q, STM32U385CGT6, STM32U385CGT6Q, STM32U385CGU6, STM32U385CGU6Q, STM32U385CGY6QTR, STM32U385KGU6, STM32U385RGI6, STM32U385RGI6Q, STM32U385RGT6, STM32U385RGT6Q, STM32U385RGY6GTR, STM32U385RGY6QTR, STM32U385VGI6, STM32U385VGI6Q, STM32U385VGT6, STM32U385VGT6Q, STM32U535CBT6, STM32U535CBT6Q, STM32U535CBU6, STM32U535CBU6Q, STM32U535CCT6, STM32U535CCT6Q, STM32U535CCU6, STM32U535CCU6Q, STM32U535CET6, STM32U535CET6Q, STM32U535CEU6, STM32U535CEU6Q, STM32U535JEY6QTR, STM32U535NCY6QTR, STM32U535NEY6QTR, STM32U535RBI6, STM32U535RBI6Q, STM32U535RBT6, STM32U535RBT6Q, STM32U535RCI6, STM32U535RCI6Q, STM32U535RCT6, STM32U535RCT6Q, STM32U535REI6, STM32U535REI6Q, STM32U535RET6, STM32U535RET6Q, STM32U535VCI6, STM32U535VCI6Q, STM32U535VCT6, STM32U535VCT6Q, STM32U535VEI6, STM32U535VEI6Q, STM32U535VET6, STM32U535VET6Q, STM32U545CET6, STM32U545CET6Q, STM32U545CEU6, STM32U545CEU6Q, STM32U545JEY6QTR, STM32U545NEY6QTR, STM32U545REI6, STM32U545REI6Q, STM32U545RET6, STM32U545RET6Q, STM32U545VEI6, STM32U545VEI6Q, STM32U545VET6, STM32U545VET6Q, STM32U595AIH6, STM32U595AIH6Q, STM32U595AJH6, STM32U595AJH6Q, STM32U595QII6, STM32U595QII6Q, STM32U595QJI6, STM32U595QJI6Q, STM32U595RIT6, STM32U595RIT6Q, STM32U595RJT6, STM32U595RJT6Q, STM32U595VIT6, STM32U595VIT6Q, STM32U595VJT6, STM32U595VJT6Q, STM32U595ZIT6, STM32U595ZIT6Q, STM32U595ZIY6QTR, STM32U595ZJT6, STM32U595ZJT6Q, STM32U595ZJY6QTR, STM32U599BJY6QTR, STM32U599NIH6Q, STM32U599NJH6Q, STM32U599VIT6Q, STM32U599VJT6, STM32U599VJT6Q, STM32U599ZIT6Q, STM32U599ZIY6QTR, STM32U599ZJT6Q, STM32U599ZJY6QTR, STM32U5A5AJH6, STM32U5A5AJH6Q, STM32U5A5QII3Q , STM32U5A5QJI6, STM32U5A5QJI6Q, STM32U5A5RJT6, STM32U5A5RJT6Q, STM32U5A5VJT6, STM32U5A5VJT6Q, STM32U5A5ZJT6, STM32U5A5ZJT6Q, STM32U5A5ZJY6QTR, STM32U5A9BJY6QTR, STM32U5A9J-DK, STM32U5A9NJH6Q, STM32U5A9VJT6Q, STM32U5A9ZJT6Q, STM32U5A9ZJY6QTR, STM32U5F7VIT6, STM32U5F7VIT6Q, STM32U5F7VJT6, STM32U5F7VJT6Q, STM32U5F9BJY6QTR, STM32U5F9NJH6Q, STM32U5F9VIT6Q, STM32U5F9VJT6Q, STM32U5F9ZIJ6QTR, STM32U5F9ZIT6Q, STM32U5F9ZJJ6QTR, STM32U5F9ZJT6Q, STM32U5G7VJT6, STM32U5G7VJT6Q, STM32U5G9BJY6QTR, STM32U5G9J-DK1, STM32U5G9J-DK2, STM32U5G9NJH6Q, STM32U5G9VJT6Q, STM32U5G9ZJJ6QTR, STM32U5G9ZJT6Q, STM32WB05KZV6TR, STM32WB05KZV7TR, STM32WB05TZF6TR, STM32WB05TZF7TR, STM32WB06CCF6TR, STM32WB06CCF7TR, STM32WB06CCV6TR, STM32WB06CCV7TR, STM32WB06KCV6TR, STM32WB06KCV7TR, STM32WB07CCF6TR, STM32WB07CCF7TR, STM32WB07CCV6TR, STM32WB07CCV7TR, STM32WB07KCV6TR, STM32WB07KCV7TR, STM32WB09KEV6TR, STM32WB09KEV7TR, STM32WB09TEF6TR, STM32WB09TEF7TR, STM32WB1MMCH6, STM32WBA50KGU6, STM32WBA50KGU6TR, STM32WBA52CEU6, STM32WBA52CEU6TR, STM32WBA52CEU7, STM32WBA52CEU7TR, STM32WBA52CGU6, STM32WBA52CGU6TR, STM32WBA52CGU6U, STM32WBA52CGU7, STM32WBA52CGU7TR, STM32WBA52KEU6, STM32WBA52KEU6TR, STM32WBA52KGU6, STM32WBA52KGU6TR, STM32WBA54CEU6, STM32WBA54CEU6TR, STM32WBA54CEU7, STM32WBA54CEU7TR, STM32WBA54CGU6, STM32WBA54CGU6TR, STM32WBA54CGU7, STM32WBA54CGU7TR, STM32WBA54KEU6, STM32WBA54KEU6TR, STM32WBA54KEU7, STM32WBA54KEU7TR, STM32WBA54KGU6, STM32WBA54KGU6TR, STM32WBA54KGU7, STM32WBA54KGU7TR, STM32WBA55CEU6, STM32WBA55CEU6TR, STM32WBA55CEU7, STM32WBA55CEU7TR, STM32WBA55CGU6, STM32WBA55CGU6TR, STM32WBA55CGU6U, STM32WBA55CGU7, STM32WBA55CGU7TR, STM32WBA55G-DK1, STM32WBA55HEF6, STM32WBA55HEF7, STM32WBA55HGF6, STM32WBA55HGF7, STM32WBA55UEI6, STM32WBA55UEI6TR, STM32WBA55UEI7, STM32WBA55UEI7TR, STM32WBA55UGI6, STM32WBA55UGI6TR, STM32WBA55UGI7, STM32WBA55UGI7TR, STM32WBA5MMGH6TR, STM32WBA62MGF6, STM32WBA62MIF6, STM32WBA65MGF7, STM32WBA65MIF6, STM32WBA65MIF7, STM32WL30K8V6, STM32WL30KBV6, STM32WL31C8V6, STM32WL31CBV6, STM32WL31K8V6, STM32WL31KBV6, STM32WL33C8V6, STM32WL33C8V6X, STM32WL33CBV6, STM32WL33CBV6X, STM32WL33CCV6, STM32WL33CCV6A, STM32WL33CCV6X, STM32WL33K8V7, STM32WL33K8V7X, STM32WL33KBV7 , STM32WL33KBV7X, STM32WL33KCV7, STM32WL33KCV7X, STM32WL5MOCH6, STM32WL5MOCH6TR]
2026-08-28 09:45:33,537 [INFO] BoardInfo:889 - No configuration file found for board NUCLEO-H553ZG
2026-08-28 09:45:33,539 [INFO] DbBoards:161 - Board is not supported: NUCLEO-H553ZG
2026-08-28 09:45:33,543 [INFO] BoardInfo:889 - No configuration file found for board NUCLEO-H5E5ZJ
2026-08-28 09:45:33,544 [INFO] DbBoards:161 - Board is not supported: NUCLEO-H5E5ZJ
2026-08-28 09:45:33,623 [INFO] BoardInfo:889 - No configuration file found for board NUCLEO-U3C5ZI-Q
2026-08-28 09:45:33,624 [INFO] DbBoards:161 - Board is not supported: NUCLEO-U3C5ZI-Q
2026-08-28 09:45:33,645 [INFO] BoardInfo:889 - No configuration file found for board NUCLEO-WBA25CE1
2026-08-28 09:45:33,647 [INFO] DbBoards:161 - Board is not supported: NUCLEO-WBA25CE1
2026-08-28 09:45:33,660 [INFO] BoardInfo:889 - No configuration file found for board NUCLEO-WL3RKB1
2026-08-28 09:45:33,662 [INFO] DbBoards:161 - Board is not supported: NUCLEO-WL3RKB1
2026-08-28 09:45:33,663 [INFO] BoardInfo:889 - No configuration file found for board NUCLEO-WL3RKB2
2026-08-28 09:45:33,665 [INFO] DbBoards:161 - Board is not supported: NUCLEO-WL3RKB2
2026-08-28 09:45:33,676 [INFO] BoardInfo:889 - No configuration file found for board P-NUCLEO-WB55
2026-08-28 09:45:33,677 [INFO] DbBoards:161 - Kit is not supported: P-NUCLEO-WB55
2026-08-28 09:45:33,686 [INFO] BoardInfo:889 - No configuration file found for board STEVAL-BFA001V1B
2026-08-28 09:45:33,687 [INFO] DbBoards:161 - Kit is not supported: STEVAL-BFA001V1B
2026-08-28 09:45:33,689 [INFO] BoardInfo:889 - No configuration file found for board STEVAL-BFA001V2B
2026-08-28 09:45:33,690 [INFO] DbBoards:161 - Kit is not supported: STEVAL-BFA001V2B
2026-08-28 09:45:33,836 [INFO] BoardInfo:889 - No configuration file found for board STM32H5F5J-DK
2026-08-28 09:45:33,838 [INFO] DbBoards:161 - Board is not supported: STM32H5F5J-DK
2026-08-28 09:45:33,949 [INFO] DbBoards:168 - Found 219 boards, 209 are supported
2026-08-28 09:45:33,949 [INFO] DbBoards:169 - Found 219 boards, 43 of them is supported for  Bsp
2026-08-28 09:45:33,951 [INFO] ApiDb:414 - User favorites file not found: C:\Users\Student/.stm32cubeide/favorites.boards.txt
2026-08-28 09:45:33,951 [INFO] DbBoards:198 - Set 0 / 0 favorites Boards
2026-08-28 09:45:33,951 [INFO] McuFinderGlobals:76 - Set McuFinderConnectedMode to true
2026-08-28 09:45:33,970 [INFO] MultiScanPanel:200 - Auto-refresh data requested => check proxy status ongoing
2026-08-28 09:45:33,976 [INFO] FinderPluginLoader:96 - Searching for filters in installed packs
2026-08-28 09:45:35,812 [INFO] ServerAccessManage:452 - Complete download http(s) 200
2026-08-28 09:45:35,812 [INFO] ServerAccessManage:509 - Download File 
2026-08-28 09:45:36,005 [INFO] LoadUrlFilesThread:185 - End of LoadServerUrlFiles without Thread
2026-08-28 09:45:36,052 [INFO] DetailPanel:341 - Set advertising image to C:/Users/Student/STM32Cube/Repository/\en.stm32h5cubemxbanner.png
2026-08-28 09:49:01,591 [INFO] MultiScanPanel:200 - Auto-refresh data requested => check proxy status ongoing
2026-08-28 09:49:01,711 [INFO] LoadUrlFilesThread:185 - End of LoadServerUrlFiles without Thread
2026-08-28 09:49:01,711 [INFO] DetailPanel:341 - Set advertising image to C:/Users/Student/STM32Cube/Repository/\en.stm32h5cubemxbanner.png
2026-08-28 09:49:01,717 [INFO] DbBoards:642 - Loading board mini-images...
2026-08-28 09:49:02,172 [ERROR] DbBoards:659 - Image file not found for board NUCLEO-H553ZG: C:\Users\Student\.stmcufinder\plugins\mcufinder//mcu//boards_images/NUCLEO-H553ZG.jpg
2026-08-28 09:49:03,852 [INFO] DbBoards:665 - Loaded 218 board mini-images
2026-08-28 09:52:38,417 [INFO] ServerAccessManage:452 - Complete download http(s) 200
2026-08-28 09:52:38,417 [INFO] ServerAccessManage:509 - Download File 
2026-08-28 09:52:38,941 [INFO] LoadUrlFilesThread:185 - End of LoadServerUrlFiles without Thread
2026-08-28 09:52:38,959 [INFO] McuAction:173 - Block Diagram
2026-08-28 09:52:52,978 [INFO] McuAction:51 - Features
2026-08-28 09:54:36,903 [INFO] MainUpdater:2872 - connection check result : 10
2026-08-28 09:54:36,903 [INFO] MainUpdater:2872 - connection check result : 10
2026-08-28 09:54:36,965 [INFO] MicroXplorer:468 - Change Database Path : 
2026-08-28 09:54:36,965 [INFO] MicroXplorer:498 - Change Database Version : DB.6.0.150
2026-08-28 09:54:36,971 [WARN] ThirdParty:871 - waiting for thirdparty lock release [close project]
2026-08-28 09:54:36,971 [INFO] ThirdParty:873 - entering critical section [close project]
2026-08-28 09:54:36,981 [INFO] ThirdParty:883 - exiting critical section [close project]
2026-08-28 09:54:36,983 [INFO] PinOutPanel:1589 - setPackage(No Configuration,No Configuration)
2026-08-28 09:54:36,984 [INFO] UtilMem:75 - Begin LoadConfig() Used Memory: 661010840 Bytes (1073741824)
2026-08-28 09:54:36,994 [INFO] OpenFileManager:355 - Change cursor
2026-08-28 09:54:37,083 [WARN] IntegrityCheckThread:84 - waiting for thirdparty lock release [integrity check]
2026-08-28 09:54:37,083 [INFO] IntegrityCheckThread:86 - entering critical section [integrity check]
2026-08-28 09:54:37,280 [WARN] PackLoader:240 - Cannot read IP mode file for STMicroelectronics.X-CUBE-DISPLAY.3.0.0
2026-08-28 09:54:37,309 [WARN] PackLoader:240 - Cannot read IP mode file for STMicroelectronics.FP-SNS-SMARTAG2.1.2.0
2026-08-28 09:54:37,313 [WARN] PackLoader:240 - Cannot read IP mode file for STMicroelectronics.FP-SNS-FLIGHT1.5.1.0
2026-08-28 09:54:37,344 [WARN] PackLoader:240 - Cannot read IP mode file for STMicroelectronics.X-CUBE-BLE2.3.3.0
2026-08-28 09:54:37,362 [WARN] PackLoader:240 - Cannot read IP mode file for STMicroelectronics.X-CUBE-BLE1.7.1.0
2026-08-28 09:54:37,379 [WARN] PackLoader:240 - Cannot read IP mode file for STMicroelectronics.FP-ATR-SIGFOX1.3.2.0
2026-08-28 09:54:37,390 [WARN] PackLoader:240 - Cannot read IP mode file for STMicroelectronics.X-CUBE-ISPU.2.1.0
2026-08-28 09:54:37,406 [WARN] PackLoader:240 - Cannot read IP mode file for STMicroelectronics.X-CUBE-DPower.1.3.0
2026-08-28 09:54:37,420 [WARN] PackLoader:240 - Cannot read IP mode file for STMicroelectronics.X-CUBE-ALS.1.0.2
2026-08-28 09:54:37,421 [INFO] ThirdParty:978 - Integrity check success = true
2026-08-28 09:54:37,421 [INFO] IntegrityCheckThread:100 - exiting critical section [integrity check]
2026-08-28 09:54:37,421 [INFO] IntegrityCheckThread:103 - End integrity checks thread
2026-08-28 09:54:37,637 [INFO] ProjectFactory:514 - No CPN specified for board B-L4S5I-IOT01A => set CPN to STM32L4S5VIT6
2026-08-28 09:54:37,637 [INFO] Mcu:2029 - Initializing MCU STM32L4S5VITx STM32L4S5VITx STM32L4S5VIT6
2026-08-28 09:54:40,534 [INFO] Context:786 - Trying to add GPIOservice into a context  which must be forbidden
2026-08-28 09:54:41,094 [INFO] Rule:233 - rule 117617 - U5Cobra4M][GTZC] default value MPCBB3 and MPCBB5 - Not Secured memory - MPCBB1 is applicable
2026-08-28 09:54:41,094 [INFO] Rule:233 - rule 117617 - U5Cobra4M][GTZC] default value MPCBB3 and MPCBB5 - Not Secured memory - MPCBB1 is applicable
2026-08-28 09:54:41,094 [INFO] Rule:233 - rule 117617 - U5Cobra4M][GTZC] default value MPCBB3 and MPCBB5 - Not Secured memory - MPCBB2 is applicable
2026-08-28 09:54:41,095 [INFO] Rule:233 - rule 117617 - U5Cobra4M][GTZC] default value MPCBB3 and MPCBB5 - Not Secured memory - MPCBB2 is applicable
2026-08-28 09:54:41,095 [INFO] Rule:233 - rule 117617 - U5Cobra4M][GTZC] default value MPCBB3 and MPCBB5 - Not Secured memory - MPCBB3 is applicable
2026-08-28 09:54:41,095 [INFO] Rule:233 - rule 117617 - U5Cobra4M][GTZC] default value MPCBB3 and MPCBB5 - Not Secured memory - MPCBB3 is applicable
2026-08-28 09:54:41,095 [INFO] Rule:233 - rule 117617 - U5Cobra4M][GTZC] default value MPCBB3 and MPCBB5 - Not Secured memory - MPCBB4 is applicable
2026-08-28 09:54:41,095 [INFO] Rule:233 - rule 117617 - U5Cobra4M][GTZC] default value MPCBB3 and MPCBB5 - Not Secured memory - MPCBB4 is applicable
2026-08-28 09:54:41,095 [INFO] Rule:233 - rule 117617 - U5Cobra4M][GTZC] default value MPCBB3 and MPCBB5 - Secured memory - MPCBB1 is applicable
2026-08-28 09:54:41,095 [INFO] Rule:233 - rule 117617 - U5Cobra4M][GTZC] default value MPCBB3 and MPCBB5 - Secured memory - MPCBB2 is applicable
2026-08-28 09:54:41,095 [INFO] Rule:233 - rule 117617 - U5Cobra4M][GTZC] default value MPCBB3 and MPCBB5 - Secured memory - MPCBB3 is applicable
2026-08-28 09:54:41,095 [INFO] Rule:233 - rule 117617 - U5Cobra4M][GTZC] default value MPCBB3 and MPCBB5 - Secured memory - MPCBB4 is applicable
2026-08-28 09:54:41,095 [INFO] Rule:233 - rule 117617 - U5Cobra4M][GTZC] default value MPCBB3 and MPCBB5 - Privileged memory - MPCBB1 is applicable
2026-08-28 09:54:41,095 [INFO] Rule:233 - rule 117617 - U5Cobra4M][GTZC] default value MPCBB3 and MPCBB5 - Privileged memory - MPCBB2 is applicable
2026-08-28 09:54:41,095 [INFO] Rule:233 - rule 117617 - U5Cobra4M][GTZC] default value MPCBB3 and MPCBB5 - Privileged memory - MPCBB3 is applicable
2026-08-28 09:54:41,095 [INFO] Rule:233 - rule 117617 - U5Cobra4M][GTZC] default value MPCBB3 and MPCBB5 - Privileged memory - MPCBB4 is applicable
2026-08-28 09:54:41,095 [INFO] Rule:233 - rule 117617 - U5Cobra4M][GTZC] default value MPCBB3 and MPCBB5 - Not Privileged memory - MPCBB1 is applicable
2026-08-28 09:54:41,095 [INFO] Rule:233 - rule 117617 - U5Cobra4M][GTZC] default value MPCBB3 and MPCBB5 - Not Privileged memory - MPCBB2 is applicable
2026-08-28 09:54:41,095 [INFO] Rule:233 - rule 117617 - U5Cobra4M][GTZC] default value MPCBB3 and MPCBB5 - Not Privileged memory - MPCBB3 is applicable
2026-08-28 09:54:41,095 [INFO] Rule:233 - rule 117617 - U5Cobra4M][GTZC] default value MPCBB3 and MPCBB5 - Not Privileged memory - MPCBB4 is applicable
2026-08-28 09:54:41,095 [INFO] Rule:233 - rule 117617 - U5Cobra4M][GTZC] default value MPCBB3 and MPCBB5 - Privileged memory - MPCBB1 is applicable
2026-08-28 09:54:41,095 [INFO] Rule:233 - rule 117617 - U5Cobra4M][GTZC] default value MPCBB3 and MPCBB5 - Privileged memory - MPCBB2 is applicable
2026-08-28 09:54:41,095 [INFO] Rule:233 - rule 117617 - U5Cobra4M][GTZC] default value MPCBB3 and MPCBB5 - Privileged memory - MPCBB3 is applicable
2026-08-28 09:54:41,095 [INFO] Rule:233 - rule 117617 - U5Cobra4M][GTZC] default value MPCBB3 and MPCBB5 - Privileged memory - MPCBB4 is applicable
2026-08-28 09:54:41,096 [INFO] Rule:233 - rule 117617 - U5Cobra4M][GTZC] default value MPCBB3 and MPCBB5 - Privileged memory - MPCBB1 is applicable
2026-08-28 09:54:41,096 [INFO] Rule:233 - rule 117617 - U5Cobra4M][GTZC] default value MPCBB3 and MPCBB5 - Privileged memory - MPCBB2 is applicable
2026-08-28 09:54:41,096 [INFO] Rule:233 - rule 117617 - U5Cobra4M][GTZC] default value MPCBB3 and MPCBB5 - Privileged memory - MPCBB3 is applicable
2026-08-28 09:54:41,096 [INFO] Rule:233 - rule 117617 - U5Cobra4M][GTZC] default value MPCBB3 and MPCBB5 - Privileged memory - MPCBB4 is applicable
2026-08-28 09:54:41,096 [INFO] Rule:233 - rule 117617 - U5Cobra4M][GTZC] default value MPCBB3 and MPCBB5 - Not Privileged memory - MPCBB1 is applicable
2026-08-28 09:54:41,096 [INFO] Rule:233 - rule 117617 - U5Cobra4M][GTZC] default value MPCBB3 and MPCBB5 - Not Privileged memory - MPCBB2 is applicable
2026-08-28 09:54:41,096 [INFO] Rule:233 - rule 117617 - U5Cobra4M][GTZC] default value MPCBB3 and MPCBB5 - Not Privileged memory - MPCBB3 is applicable
2026-08-28 09:54:41,096 [INFO] Rule:233 - rule 117617 - U5Cobra4M][GTZC] default value MPCBB3 and MPCBB5 - Not Privileged memory - MPCBB4 is applicable
2026-08-28 09:54:41,096 [INFO] Rule:233 - rule 117617 - U5Cobra4M][GTZC] default value MPCBB3 and MPCBB5 - Privileged memory - MPCBB1 is applicable
2026-08-28 09:54:41,096 [INFO] Rule:233 - rule 117617 - U5Cobra4M][GTZC] default value MPCBB3 and MPCBB5 - Privileged memory - MPCBB2 is applicable
2026-08-28 09:54:41,096 [INFO] Rule:233 - rule 117617 - U5Cobra4M][GTZC] default value MPCBB3 and MPCBB5 - Privileged memory - MPCBB3 is applicable
2026-08-28 09:54:41,096 [INFO] Rule:233 - rule 117617 - U5Cobra4M][GTZC] default value MPCBB3 and MPCBB5 - Privileged memory - MPCBB4 is applicable
2026-08-28 09:54:41,096 [INFO] Rule:233 - rule WakeUp0 Mode is applicable
2026-08-28 09:54:41,096 [INFO] Rule:233 - rule WakeUp0 SIGNAL is applicable
2026-08-28 09:54:41,096 [INFO] Rule:233 - rule WakeUp1 Mode is applicable
2026-08-28 09:54:41,096 [INFO] Rule:233 - rule WakeUp1 SIGNAL is applicable
2026-08-28 09:54:41,096 [INFO] Rule:233 - rule WakeUp2 Mode is applicable
2026-08-28 09:54:41,096 [INFO] Rule:233 - rule WakeUp2 SIGNAL is applicable
2026-08-28 09:54:41,097 [INFO] Rule:233 - rule WakeUp4 Mode is applicable
2026-08-28 09:54:41,097 [INFO] Rule:233 - rule WakeUp4 SIGNAL is applicable
2026-08-28 09:54:41,097 [INFO] Rule:233 - rule WakeUp5 Mode is applicable
2026-08-28 09:54:41,097 [INFO] Rule:233 - rule WakeUp5 SIGNAL is applicable
2026-08-28 09:54:41,097 [INFO] Rule:233 - rule Change Default Value for LSE Drive Capability for WB family is applicable
2026-08-28 09:54:41,097 [INFO] Rule:233 - rule change FDCAN default value is applicable
2026-08-28 09:54:41,097 [INFO] Rule:233 - rule Adapt Old IOC before rework replace old CORTEX_M33/CORTEX_M55 attributes by the new one. is applicable
2026-08-28 09:54:41,097 [INFO] Rule:233 - rule Rename parametre of RCC RCC_APBDBG_DIV2 to RCC_TIMPRES_DIV2 is applicable
2026-08-28 09:54:41,097 [INFO] Rule:233 - rule Rename DIE493 pin PA10 [PA12] -> PA10 is applicable
2026-08-28 09:54:41,097 [INFO] Rule:233 - rule Rename DIE493 pin PA9 [PA11] -> PA9 is applicable
2026-08-28 09:54:41,097 [INFO] Rule:233 - rule Rename DIE492 PartNumber CPN STM32WBA5MJGHx -> STM32WBA5MMGHx is applicable
2026-08-28 09:54:41,097 [INFO] Rule:233 - rule Rename DIE492 PartNumber  Name STM32WBA5MJGHx -> STM32WBA5MMGHx is applicable
2026-08-28 09:54:41,097 [INFO] Rule:233 - rule Rename DIE492 PartNumber UserName STM32WBA5MJGHx -> STM32WBA5MMGHx is applicable
2026-08-28 09:54:41,097 [INFO] Rule:233 - rule Rename DIE492 PartNumber DeviceId STM32WBA5MJGHx -> STM32WBA5MMGHx is applicable
2026-08-28 09:54:41,098 [INFO] Rule:233 - rule Adapt Old IOC CSI. is applicable
2026-08-28 09:54:41,098 [INFO] Rule:233 - rule Adapt Old IOC DCMIPP. is applicable
2026-08-28 09:54:41,098 [INFO] Rule:233 - rule Adapt Old IOC DCMIPP Mode Parallel. is applicable
2026-08-28 09:54:41,098 [INFO] Rule:233 - rule Adapt Old IOC LTDC. is applicable
2026-08-28 09:54:41,098 [INFO] Rule:233 - rule Rename STM32MP2 RIF Peripheral LTDC RIF.RISUP.LTDC_L0L1.Privilege -> RIF.RISUP.LTDC_L1L2.Privilege is applicable
2026-08-28 09:54:41,098 [INFO] Rule:233 - rule Rename STM32MP2 RIF Peripheral LTDC RIF.RISUP.LTDC_L0L1.Privilege -> RIF.RISUP.LTDC_L1L2.Privilege is applicable
2026-08-28 09:54:41,098 [INFO] Rule:233 - rule Rename STM32MP2 RIF Peripheral LTDC RIF.RISUP.LTDC_L0L1.Lock -> RIF.RISUP.LTDC_L1L2.Lock is applicable
2026-08-28 09:54:41,098 [INFO] Rule:233 - rule Rename STM32MP2 RIF Peripheral LTDC RIF.RISUP.LTDC_L2.Lock -> RIF.RISUP.LTDC_L3.Lock is applicable
2026-08-28 09:54:41,098 [INFO] Rule:233 - rule Adapt the old IOC example for updating the SYS when it is misconfigured. is applicable
2026-08-28 09:54:41,098 [INFO] Rule:233 - rule Rename STM32C09 Mcu.Package LQFP64 -> LQFP48 is applicable
2026-08-28 09:54:41,098 [INFO] Rule:233 - rule Adapt the old IOC example for updating the SYS when it is misconfigured. is applicable
2026-08-28 09:54:41,098 [INFO] Rule:233 - rule Adapt the old IOC example for updating the SYS when it is misconfigured. is applicable
2026-08-28 09:54:41,103 [INFO] DbConfProperties:307 - Apply Compatibility (5/68 Rules)
2026-08-28 09:54:41,170 [INFO] ImportTextPane:234 - (OptionalMessage_ERROR) Pin84 (VP_RIF_VS_RIF1) cannot be retrieved for this MCU
2026-08-28 09:54:41,273 [WARN] ModelIntegratedComponent:63 - No mode defined for component null
2026-08-28 09:54:41,273 [WARN] ModelIntegratedComponent:63 - No mode defined for component null
2026-08-28 09:54:41,273 [WARN] ModelIntegratedComponent:63 - No mode defined for component null
2026-08-28 09:54:41,273 [WARN] ModelIntegratedComponent:63 - No mode defined for component null
2026-08-28 09:54:41,273 [WARN] ModelIntegratedComponent:63 - No mode defined for component null
2026-08-28 09:54:41,273 [WARN] ModelIntegratedComponent:63 - No mode defined for component null
2026-08-28 09:54:41,273 [WARN] ModelIntegratedComponent:63 - No mode defined for component null
2026-08-28 09:54:41,273 [WARN] ModelIntegratedComponent:63 - No mode defined for component null
2026-08-28 09:54:41,273 [WARN] ModelIntegratedComponent:63 - No mode defined for component null
2026-08-28 09:54:41,273 [WARN] ModelIntegratedComponent:63 - No mode defined for component null
2026-08-28 09:54:41,273 [WARN] ModelIntegratedComponent:63 - No mode defined for component null
2026-08-28 09:54:41,273 [WARN] ModelIntegratedComponent:63 - No mode defined for component null
2026-08-28 09:54:41,273 [WARN] ModelIntegratedComponent:63 - No mode defined for component null
2026-08-28 09:54:41,274 [WARN] ModelIntegratedComponent:63 - No mode defined for component null
2026-08-28 09:54:41,274 [WARN] ModelIntegratedComponent:63 - No mode defined for component null
2026-08-28 09:54:41,274 [WARN] ModelIntegratedComponent:63 - No mode defined for component null
2026-08-28 09:54:41,274 [WARN] ModelIntegratedComponent:63 - No mode defined for component null
2026-08-28 09:54:41,274 [WARN] ModelIntegratedComponent:63 - No mode defined for component null
2026-08-28 09:54:41,274 [WARN] ModelIntegratedComponent:63 - No mode defined for component null
2026-08-28 09:54:41,274 [WARN] ModelIntegratedComponent:63 - No mode defined for component null
2026-08-28 09:54:41,274 [WARN] ModelIntegratedComponent:63 - No mode defined for component null
2026-08-28 09:54:41,274 [WARN] ModelIntegratedComponent:63 - No mode defined for component null
2026-08-28 09:54:41,274 [WARN] ModelIntegratedComponent:63 - No mode defined for component null
2026-08-28 09:54:41,274 [WARN] ModelIntegratedComponent:63 - No mode defined for component null
2026-08-28 09:54:41,274 [WARN] ModelIntegratedComponent:63 - No mode defined for component null
2026-08-28 09:54:41,274 [WARN] ModelIntegratedComponent:63 - No mode defined for component null
2026-08-28 09:54:41,274 [WARN] ModelIntegratedComponent:63 - No mode defined for component null
2026-08-28 09:54:41,274 [WARN] ModelIntegratedComponent:63 - No mode defined for component null
2026-08-28 09:54:41,274 [WARN] ModelIntegratedComponent:63 - No mode defined for component null
2026-08-28 09:54:41,274 [WARN] ModelIntegratedComponent:63 - No mode defined for component null
2026-08-28 09:54:41,274 [WARN] ModelIntegratedComponent:63 - No mode defined for component null
2026-08-28 09:54:41,274 [WARN] ModelIntegratedComponent:63 - No mode defined for component null
2026-08-28 09:54:41,274 [WARN] ModelIntegratedComponent:63 - No mode defined for component null
2026-08-28 09:54:41,274 [WARN] ModelIntegratedComponent:63 - No mode defined for component null
2026-08-28 09:54:41,274 [WARN] ModelIntegratedComponent:63 - No mode defined for component null
2026-08-28 09:54:41,275 [WARN] ModelPack:524 - Component already loaded: STMicroelectronics:HAL Drivers:0.0.0:STMicroelectronics:Device:STMicro_Driver:XSPI:HAL::0.0.1:HAL_XSPI
2026-08-28 09:54:41,277 [INFO] RtosManager:558 - Registered RTOS mode: class=CMSIS, group=RTOS, mode=CMSIS_V1, owner=FREERTOS
2026-08-28 09:54:41,277 [INFO] RtosManager:558 - Registered RTOS mode: class=CMSIS, group=RTOS2, mode=CMSIS_V2, owner=FREERTOS
2026-08-28 09:54:41,277 [INFO] RtosManager:558 - Registered RTOS mode: class=RTOS, group=Core, mode=CMSIS_V1, owner=FREERTOS
2026-08-28 09:54:41,277 [INFO] RtosManager:558 - Registered RTOS mode: class=RTOS, group=Core, mode=CMSIS_V2, owner=FREERTOS
2026-08-28 09:54:41,277 [WARN] ModelIntegratedComponent:184 - Missing modes for component STMicroelectronics:FreeRTOS:0.0.1:STMicroelectronics:RTOS:FreeRTOS:Core:::10.2.0:
2026-08-28 09:54:41,283 [INFO] ThirdPartyModel:298 - Start build external matchings
2026-08-28 09:54:41,288 [INFO] ThirdPartyModel:316 - End build external matchings
2026-08-28 09:54:41,303 [WARN] IP:2250 - MaxTran not found: check if there is a RefParameter without a condition.
2026-08-28 09:54:41,303 [WARN] IP:2250 - Refresh not found: check if there is a RefParameter without a condition.
2026-08-28 09:54:41,304 [INFO] ImportTextPane:234 - (OptionalMessage_ERROR) IP (RCC) : Invalid parameter (FamilyName)
2026-08-28 09:54:41,530 [INFO] UtilMem:75 - End LoadConfig() Used Memory: 830736496 Bytes (1073741824)
2026-08-28 09:54:41,802 [WARN] ThirdParty:833 - waiting for thirdparty lock release [change project]
2026-08-28 09:54:41,802 [INFO] ThirdParty:835 - entering critical section [change project]
2026-08-28 09:54:41,803 [INFO] ThirdParty:1030 - CMSIS Pack Vendor :STMicroelectronics USBPD 4.1
2026-08-28 09:54:41,803 [INFO] ThirdParty:1030 - CMSIS Pack Vendor :STMicroelectronics X-CUBE-DISPLAY 3.0.0
2026-08-28 09:54:41,803 [INFO] ThirdParty:1030 - CMSIS Pack Vendor :STMicroelectronics USB_HOST 2.0.0
2026-08-28 09:54:41,803 [INFO] ThirdParty:1030 - CMSIS Pack Vendor :STMicroelectronics LIBJPEG 8.0.0
2026-08-28 09:54:41,803 [INFO] ThirdParty:1030 - CMSIS Pack Vendor :STMicroelectronics FP-ATR-SIGFOX1 3.2.0
2026-08-28 09:54:41,803 [INFO] ThirdParty:1030 - CMSIS Pack Vendor :STMicroelectronics X-CUBE-BLE1 7.1.0
2026-08-28 09:54:41,803 [INFO] ThirdParty:1030 - CMSIS Pack Vendor :STMicroelectronics USB_DEVICE 3.0.0
2026-08-28 09:54:41,803 [INFO] ThirdParty:1030 - CMSIS Pack Vendor :STMicroelectronics X-CUBE-ISPU 2.1.0
2026-08-28 09:54:41,803 [INFO] ThirdParty:1030 - CMSIS Pack Vendor :STMicroelectronics HAL Drivers 0.0.0
2026-08-28 09:54:41,803 [INFO] ThirdParty:1030 - CMSIS Pack Vendor :STMicroelectronics MBEDTLS 2.16.2
2026-08-28 09:54:41,803 [INFO] ThirdParty:1030 - CMSIS Pack Vendor :STMicroelectronics X-CUBE-ALS 1.0.2
2026-08-28 09:54:41,803 [INFO] ThirdParty:1030 - CMSIS Pack Vendor :STMicroelectronics MBEDTLS 2.14.1
2026-08-28 09:54:41,803 [INFO] ThirdParty:1030 - CMSIS Pack Vendor :STMicroelectronics USB_DEVICE 2.0.0
2026-08-28 09:54:41,803 [INFO] ThirdParty:1030 - CMSIS Pack Vendor :STMicroelectronics ThreadX 1.0.0
2026-08-28 09:54:41,803 [INFO] ThirdParty:1030 - CMSIS Pack Vendor :STMicroelectronics FP-SNS-SMARTAG2 1.2.0
2026-08-28 09:54:41,803 [INFO] ThirdParty:1030 - CMSIS Pack Vendor :STMicroelectronics FP-SNS-FLIGHT1 5.1.0
2026-08-28 09:54:41,803 [INFO] ThirdParty:1030 - CMSIS Pack Vendor :STMicroelectronics X-CUBE-DPower 1.3.0
2026-08-28 09:54:41,803 [INFO] ThirdParty:1030 - CMSIS Pack Vendor :STMicroelectronics FreeRTOS 0.0.1
2026-08-28 09:54:41,803 [INFO] ThirdParty:1030 - CMSIS Pack Vendor :STMicroelectronics USB_DEVICE 1.0.0
2026-08-28 09:54:41,803 [INFO] ThirdParty:1030 - CMSIS Pack Vendor :STMicroelectronics STM32_WPAN 1.0.0
2026-08-28 09:54:41,803 [INFO] ThirdParty:1030 - CMSIS Pack Vendor :STMicroelectronics ThreadX 0.0.2
2026-08-28 09:54:41,803 [INFO] ThirdParty:1030 - CMSIS Pack Vendor :STMicroelectronics lwIP 2.0.3
2026-08-28 09:54:41,803 [INFO] ThirdParty:1030 - CMSIS Pack Vendor :STMicroelectronics lwIP 2.1.2
2026-08-28 09:54:41,804 [INFO] ThirdParty:1030 - CMSIS Pack Vendor :STMicroelectronics X-CUBE-BLE2 3.3.0
2026-08-28 09:54:41,804 [INFO] ThirdParty:1030 - CMSIS Pack Vendor :STMicroelectronics USB_HOST 1.0.0
2026-08-28 09:54:41,804 [INFO] ThirdParty:1030 - CMSIS Pack Vendor :STMicroelectronics PDM2PCM 3.1.0
2026-08-28 09:54:41,804 [INFO] ThirdParty:1030 - CMSIS Pack Vendor :STMicroelectronics PDM2PCM 3.2.0
2026-08-28 09:54:41,804 [INFO] ThirdParty:1030 - CMSIS Pack Vendor :STMicroelectronics PDM2PCM 3.3.0
2026-08-28 09:54:41,804 [INFO] ThirdParty:841 - exiting critical section [change project]
2026-08-28 09:54:42,377 [INFO] PinOutPanel:1589 - setPackage(No Configuration,No Configuration)
2026-08-28 09:54:42,378 [INFO] PinOutPanel:1589 - setPackage(STM32L4S5VITx,LQFP100)
2026-08-28 09:54:43,041 [INFO] UtilMem:75 - Before build in PCC Used Memory: 776799384 Bytes (1073741824)
2026-08-28 09:54:43,897 [INFO] UtilMem:75 - After build in PCC Used Memory: 928842904 Bytes (1073741824)
2026-08-28 09:54:43,921 [INFO] IPUIPlugin:80 - create IPUIPlugin
2026-08-28 09:54:43,921 [INFO] IPUIPlugin:80 - create IPUIPlugin
2026-08-28 09:54:43,922 [INFO] IPUIPlugin:80 - create IPUIPlugin
2026-08-28 09:54:43,922 [INFO] IPUIPlugin:80 - create IPUIPlugin
2026-08-28 09:54:43,922 [INFO] IPUIPlugin:80 - create IPUIPlugin
2026-08-28 09:54:43,922 [INFO] IPUIPlugin:80 - create IPUIPlugin
2026-08-28 09:54:43,922 [INFO] IPUIPlugin:80 - create IPUIPlugin
2026-08-28 09:54:43,922 [INFO] IPUIPlugin:80 - create IPUIPlugin
2026-08-28 09:54:43,922 [INFO] IPUIPlugin:80 - create IPUIPlugin
2026-08-28 09:54:43,922 [INFO] IPUIPlugin:80 - create IPUIPlugin
2026-08-28 09:54:43,922 [INFO] IPUIPlugin:80 - create IPUIPlugin
2026-08-28 09:54:43,923 [INFO] IPUIPlugin:80 - create IPUIPlugin
2026-08-28 09:54:43,923 [INFO] IPUIPlugin:80 - create IPUIPlugin
2026-08-28 09:54:43,923 [INFO] IPUIPlugin:80 - create IPUIPlugin
2026-08-28 09:54:43,923 [INFO] IPUIPlugin:80 - create IPUIPlugin
2026-08-28 09:54:43,923 [INFO] IPUIPlugin:80 - create IPUIPlugin
2026-08-28 09:54:43,923 [INFO] IPUIPlugin:80 - create IPUIPlugin
2026-08-28 09:54:43,923 [INFO] IPUIPlugin:80 - create IPUIPlugin
2026-08-28 09:54:43,923 [INFO] IPUIPlugin:80 - create IPUIPlugin
2026-08-28 09:54:43,923 [INFO] IPUIPlugin:80 - create IPUIPlugin
2026-08-28 09:54:43,924 [INFO] IPUIPlugin:80 - create IPUIPlugin
2026-08-28 09:54:43,924 [INFO] IPUIPlugin:80 - create IPUIPlugin
2026-08-28 09:54:43,924 [INFO] IPUIPlugin:80 - create IPUIPlugin
2026-08-28 09:54:43,924 [INFO] IPUIPlugin:80 - create IPUIPlugin
2026-08-28 09:54:43,924 [INFO] IPUIPlugin:80 - create IPUIPlugin
2026-08-28 09:54:43,925 [INFO] IPUIPlugin:80 - create IPUIPlugin
2026-08-28 09:54:43,925 [INFO] IPUIPlugin:80 - create IPUIPlugin
2026-08-28 09:54:43,925 [INFO] IPUIPlugin:80 - create IPUIPlugin
2026-08-28 09:54:43,925 [INFO] IPUIPlugin:80 - create IPUIPlugin
2026-08-28 09:54:43,925 [INFO] IPUIPlugin:80 - create IPUIPlugin
2026-08-28 09:54:43,925 [INFO] IPUIPlugin:80 - create IPUIPlugin
2026-08-28 09:54:43,926 [INFO] IPUIPlugin:80 - create IPUIPlugin
2026-08-28 09:54:43,926 [INFO] IPUIPlugin:80 - create IPUIPlugin
2026-08-28 09:54:43,926 [INFO] IPUIPlugin:80 - create IPUIPlugin
2026-08-28 09:54:43,926 [INFO] IPUIPlugin:80 - create IPUIPlugin
2026-08-28 09:54:43,926 [INFO] IPUIPlugin:80 - create IPUIPlugin
2026-08-28 09:54:43,926 [INFO] IPUIPlugin:80 - create IPUIPlugin
2026-08-28 09:54:43,927 [INFO] IPUIPlugin:80 - create IPUIPlugin
2026-08-28 09:54:43,927 [INFO] IPUIPlugin:80 - create IPUIPlugin
2026-08-28 09:54:43,927 [INFO] IPUIPlugin:80 - create IPUIPlugin
2026-08-28 09:54:43,927 [INFO] IPUIPlugin:80 - create IPUIPlugin
2026-08-28 09:54:43,927 [INFO] IPUIPlugin:80 - create IPUIPlugin
2026-08-28 09:54:43,928 [INFO] IPUIPlugin:80 - create IPUIPlugin
2026-08-28 09:54:43,928 [INFO] IPUIPlugin:80 - create IPUIPlugin
2026-08-28 09:54:43,928 [INFO] IPUIPlugin:80 - create IPUIPlugin
2026-08-28 09:54:43,928 [INFO] IPUIPlugin:80 - create IPUIPlugin
2026-08-28 09:54:43,929 [INFO] IPUIPlugin:80 - create IPUIPlugin
2026-08-28 09:54:43,929 [INFO] IPUIPlugin:80 - create IPUIPlugin
2026-08-28 09:54:43,929 [INFO] IPUIPlugin:80 - create IPUIPlugin
2026-08-28 09:54:43,929 [INFO] IPUIPlugin:80 - create IPUIPlugin
2026-08-28 09:54:43,930 [INFO] IPUIPlugin:80 - create IPUIPlugin
2026-08-28 09:54:43,930 [INFO] IPUIPlugin:80 - create IPUIPlugin
2026-08-28 09:54:43,930 [INFO] IPUIPlugin:80 - create IPUIPlugin
2026-08-28 09:54:43,930 [INFO] IPUIPlugin:80 - create IPUIPlugin
2026-08-28 09:54:43,931 [INFO] IPUIPlugin:80 - create IPUIPlugin
2026-08-28 09:54:43,931 [INFO] IPUIPlugin:80 - create IPUIPlugin
2026-08-28 09:54:43,931 [INFO] IPUIPlugin:80 - create IPUIPlugin
2026-08-28 09:54:43,931 [INFO] IPUIPlugin:80 - create IPUIPlugin
2026-08-28 09:54:43,932 [INFO] IPUIPlugin:80 - create IPUIPlugin
2026-08-28 09:54:43,932 [INFO] IPUIPlugin:80 - create IPUIPlugin
2026-08-28 09:54:43,932 [INFO] IPUIPlugin:80 - create IPUIPlugin
2026-08-28 09:54:43,932 [INFO] IPUIPlugin:80 - create IPUIPlugin
2026-08-28 09:54:43,933 [INFO] IPUIPlugin:80 - create IPUIPlugin
2026-08-28 09:54:44,184 [INFO] CADModel:165 - CPN selected for project levelSTM32L4S5VIT6
2026-08-28 09:54:44,184 [INFO] CADModel:114 - Register for checkConnection events
2026-08-28 09:54:44,227 [INFO] OpenFileManager:386 - Restore cursor
2026-08-28 09:54:44,725 [WARN] IP:2250 - MaxTran not found: check if there is a RefParameter without a condition.
2026-08-28 09:54:44,725 [WARN] IP:2250 - Refresh not found: check if there is a RefParameter without a condition.
2026-08-28 09:54:44,726 [WARN] IP:2250 - MaxTran not found: check if there is a RefParameter without a condition.
2026-08-28 09:54:44,726 [WARN] IP:2250 - Refresh not found: check if there is a RefParameter without a condition.
2026-08-28 09:54:56,050 [INFO] UtilMem:75 - End SaveConfig() Used Memory: 906680408 Bytes (1073741824)
2026-08-28 09:54:56,164 [INFO] UserAuth:487 - Internet connection configuration mode: 1
2026-08-28 09:54:56,266 [INFO] JxBrowserEngine:152 - Initiate JxBrowser Engine with user profile folder
2026-08-28 09:55:02,497 [INFO] WebApp:169 - Instantiating new browser for Auth
2026-08-28 09:55:08,397 [INFO] WebApp:463 - Apply proxy settings
2026-08-28 09:55:08,398 [INFO] WebApp:548 - Chromium requires no authentication
2026-08-28 09:55:08,725 [INFO] WebApp:491 - Direct internet connection detected
2026-08-28 09:55:09,616 [INFO] WebApp:900 - Register for checkConnection events
2026-08-28 09:55:09,616 [INFO] WebApp:463 - Apply proxy settings
2026-08-28 09:55:09,617 [INFO] WebApp:548 - Chromium requires no authentication
2026-08-28 09:55:09,618 [INFO] WebApp:491 - Direct internet connection detected
2026-08-28 09:55:12,581 [INFO] WebApp:191 - Connection restablished
2026-08-28 09:55:15,347 [INFO] WebApp:225 - Starting web application
2026-08-28 09:55:15,347 [INFO] WebApp:593 - Web application path used C:\ST\STM32CubeIDE_1.19.0\STM32CubeIDE\plugins\com.st.stm32cube.common.mx_6.15.0.202507011659\db\plugins\mcufinder\reactClient1\index.html
2026-08-28 09:55:24,055 [INFO] McuFinderGlobals:76 - Set McuFinderConnectedMode to true
2026-08-28 09:55:24,078 [INFO] ApiDb:448 - Save user favorites file C:\Users\Student/.stm32cubeide/favorites.mcus.txt: 0 item(s)
2026-08-28 09:55:24,079 [INFO] ApiDb:452 - User favorites MCUs=[]
2026-08-28 09:55:24,105 [INFO] ApiDb:448 - Save user favorites file C:\Users\Student/.stm32cubeide/favorites.boards.txt: 0 item(s)
2026-08-28 09:55:24,117 [INFO] ApiDb:452 - User favorites Boards=[]
2026-08-28 09:55:30,338 [INFO] McuFinderGlobals:63 - Set McuFinder mode to 2 (CubeIDE integrated)
2026-08-28 09:55:30,338 [INFO] UserAuth:171 - activating auth plugin
2026-08-28 09:55:30,341 [INFO] UserAuth:487 - Internet connection configuration mode: 1
2026-08-28 09:59:40,546 [INFO] McuFinderGlobals:63 - Set McuFinder mode to 2 (CubeIDE integrated)
2026-08-28 09:59:40,546 [INFO] UserAuth:171 - activating auth plugin
2026-08-28 09:59:40,548 [INFO] UserAuth:487 - Internet connection configuration mode: 1
2026-08-28 10:05:01,207 [INFO] McuFinderGlobals:63 - Set McuFinder mode to 2 (CubeIDE integrated)
2026-08-28 10:05:01,208 [INFO] UserAuth:171 - activating auth plugin
2026-08-28 10:05:01,211 [INFO] UserAuth:487 - Internet connection configuration mode: 1
2026-08-28 10:07:00,807 [INFO] McuFinderGlobals:63 - Set McuFinder mode to 2 (CubeIDE integrated)
2026-08-28 10:07:00,807 [INFO] UserAuth:171 - activating auth plugin
2026-08-28 10:07:00,810 [INFO] UserAuth:487 - Internet connection configuration mode: 1
2026-08-28 10:11:25,448 [INFO] McuFinderGlobals:63 - Set McuFinder mode to 2 (CubeIDE integrated)
2026-08-28 10:11:25,448 [INFO] UserAuth:171 - activating auth plugin
2026-08-28 10:11:25,458 [INFO] UserAuth:487 - Internet connection configuration mode: 1
2026-08-28 10:14:07,471 [INFO] McuFinderGlobals:63 - Set McuFinder mode to 2 (CubeIDE integrated)
2026-08-28 10:14:07,471 [INFO] UserAuth:171 - activating auth plugin
2026-08-28 10:14:07,473 [INFO] UserAuth:487 - Internet connection configuration mode: 1
2026-08-28 10:14:43,238 [INFO] WebApp:650 - userauth.ini created with success
2026-08-28 10:15:14,187 [INFO] UtilMem:75 - End SaveConfig() Used Memory: 797372224 Bytes (1073741824)
2026-08-28 10:15:16,417 [INFO] UtilMem:75 - End SaveConfig() Used Memory: 879951296 Bytes (1073741824)
2026-08-28 10:15:18,024 [INFO] ServerAccessManage:452 - Complete download http(s) 200
2026-08-28 10:15:18,024 [INFO] ServerAccessManage:509 - Download File stm32cube_fw_l4_v1180.zip
2026-08-28 10:16:06,087 [INFO] AnalyticsPlugin:363 - Accepted License(s) without tracking enabled: [FW.L4.1.18.0]
2026-08-28 10:16:06,088 [INFO] FileExtend:248 - Unzip File : stm32cube_fw_l4_v1180.zip
2026-08-28 10:16:06,088 [INFO] FileExtend:263 - Standard Zip Deflate
2026-08-28 10:18:18,289 [INFO] ServerAccessManage:452 - Complete download http(s) 200
2026-08-28 10:18:18,289 [INFO] ServerAccessManage:509 - Download File stm32cube_fw_l4_v1182.zip
2026-08-28 10:18:28,991 [INFO] FileExtend:248 - Unzip File : stm32cube_fw_l4_v1182.zip
2026-08-28 10:18:28,991 [INFO] FileExtend:263 - Standard Zip Deflate
2026-08-28 10:19:47,218 [INFO] MainUpdater:3604 - Updater definition file requires update
2026-08-28 10:19:47,229 [INFO] LoadServerPackagesThread:196 - End of LoadServerPackages Thread
2026-08-28 10:19:47,407 [INFO] ServerAccessManage:452 - Complete download http(s) 200
2026-08-28 10:19:47,408 [INFO] ServerAccessManage:509 - Download File updaters.zip
2026-08-28 10:19:47,612 [INFO] FileExtend:248 - Unzip File : updaters.zip
2026-08-28 10:19:47,612 [INFO] FileExtend:263 - Standard Zip Deflate
2026-08-28 10:19:50,326 [INFO] ServerAccessManage:452 - Complete download http(s) 200
2026-08-28 10:19:50,326 [INFO] ServerAccessManage:509 - Download File PacksControlFlags.xml
2026-08-28 10:19:50,460 [INFO] ServerAccessManage:452 - Complete download http(s) 200
2026-08-28 10:19:50,461 [INFO] ServerAccessManage:509 - Download File cubemx.pidx
2026-08-28 10:19:50,826 [INFO] ThirdPartyModel:298 - Start build external matchings
2026-08-28 10:19:50,848 [INFO] ThirdPartyModel:316 - End build external matchings
2026-08-28 10:19:50,849 [INFO] LoadServerUpdatesThread:375 - End of LoadServerUpdate Thread
2026-08-28 10:19:51,144 [INFO] CheckServerUpdateThread:120 - End of CheckServer Thread
2026-08-28 10:19:51,180 [INFO] UtilMem:75 - End SaveConfig() Used Memory: 895703264 Bytes (1073741824)
2026-08-28 10:19:52,265 [INFO] BlockDiagram:2775 - set Specific Code input for plugin: SYS
2026-08-28 10:19:52,265 [INFO] BlockDiagram:2775 - set Specific Code input for plugin: RCC
2026-08-28 10:19:52,265 [INFO] BlockDiagram:2775 - set Specific Code input for plugin: NVIC
2026-08-28 10:19:52,266 [INFO] BlockDiagram:2775 - set Specific Code input for plugin: GPIO
2026-08-28 10:19:52,451 [INFO] CodeGenerator:892 - code generatio: config db path: C:\ST\STM32CubeIDE_1.19.0\STM32CubeIDE\plugins\com.st.stm32cube.common.mx_6.15.0.202507011659\\db\
2026-08-28 10:19:53,171 [INFO] CodeEngine:265 - oldGeneratedFile, D:\tinyworkspace\tinyml\STM32\first\MXTmpFiles\license.tmp_save
2026-08-28 10:19:53,952 [INFO] CodeEngine:289 - Generated code: D:\tinyworkspace\tinyml\STM32\first\MXTmpFiles\license.tmp
2026-08-28 10:19:54,718 [INFO] CodeEngine:265 - oldGeneratedFile, D:\tinyworkspace\tinyml\STM32\first\MXTmpFiles\gpio.tmp_save
2026-08-28 10:19:54,967 [INFO] CodeEngine:289 - Generated code: D:\tinyworkspace\tinyml\STM32\first\MXTmpFiles\gpio.tmp
2026-08-28 10:19:55,587 [INFO] CodeEngine:265 - oldGeneratedFile, D:\tinyworkspace\tinyml\STM32\first\Core\Src\stm32l4xx_it.c_save
2026-08-28 10:19:55,792 [INFO] CodeEngine:289 - Generated code: D:\tinyworkspace\tinyml\STM32\first\Core\Src\stm32l4xx_it.c
2026-08-28 10:19:55,835 [INFO] CodeEngine:265 - oldGeneratedFile, D:\tinyworkspace\tinyml\STM32\first\Core\Inc\stm32l4xx_it.h_save
2026-08-28 10:19:55,915 [INFO] CodeEngine:289 - Generated code: D:\tinyworkspace\tinyml\STM32\first\Core\Inc\stm32l4xx_it.h
2026-08-28 10:19:55,956 [INFO] CodeEngine:265 - oldGeneratedFile, D:\tinyworkspace\tinyml\STM32\first\Core\Src\stm32l4xx_hal_msp.c_save
2026-08-28 10:19:56,153 [INFO] CodeEngine:289 - Generated code: D:\tinyworkspace\tinyml\STM32\first\Core\Src\stm32l4xx_hal_msp.c
2026-08-28 10:19:56,187 [INFO] CodeEngine:265 - oldGeneratedFile, D:\tinyworkspace\tinyml\STM32\first\MXTmpFiles\system.tmp_save
2026-08-28 10:19:56,283 [INFO] CodeEngine:289 - Generated code: D:\tinyworkspace\tinyml\STM32\first\MXTmpFiles\system.tmp
2026-08-28 10:19:56,339 [INFO] CodeEngine:321 - oldGeneratedFile, D:\tinyworkspace\tinyml\STM32\first\Core\Inc\stm32l4xx_hal_conf.h_save
2026-08-28 10:19:56,793 [INFO] CodeEngine:345 - Generated code: D:\tinyworkspace\tinyml\STM32\first\Core\Inc\stm32l4xx_hal_conf.h
2026-08-28 10:19:57,135 [INFO] ApiDbMcu:532 - Load IP Config File for RCC
2026-08-28 10:19:57,170 [INFO] CodeEngine:265 - oldGeneratedFile, D:\tinyworkspace\tinyml\STM32\first\Core\Inc\main.h_save
2026-08-28 10:19:57,321 [INFO] CodeEngine:289 - Generated code: D:\tinyworkspace\tinyml\STM32\first\Core\Inc\main.h
2026-08-28 10:19:57,357 [INFO] CodeEngine:265 - oldGeneratedFile, D:\tinyworkspace\tinyml\STM32\first\Core\Src\main.c_save
2026-08-28 10:19:57,490 [INFO] CodeEngine:289 - Generated code: D:\tinyworkspace\tinyml\STM32\first\Core\Src\main.c
2026-08-28 10:19:58,073 [INFO] ProjectBuilder:3606 - Time for Copy HAL[1] : 320mS.
2026-08-28 10:19:58,081 [INFO] ProjectBuilder:5216 - Project Generator version: 4.7.0-B52
2026-08-28 10:19:58,228 [INFO] ConfigFileManager:1595 - The Die is : DIE470
2026-08-28 10:19:58,285 [INFO] ApiDbMcu:532 - Load IP Config File for FATFS
2026-08-28 10:19:58,311 [INFO] ApiDbMcu:532 - Load IP Config File for FREERTOS
2026-08-28 10:19:58,368 [INFO] ApiDbMcu:532 - Load IP Config File for TOUCHSENSING
2026-08-28 10:19:58,408 [INFO] ApiDbMcu:532 - Load IP Config File for USB_DEVICE
2026-08-28 10:19:58,423 [INFO] ApiDbMcu:532 - Load IP Config File for USB_HOST
2026-08-28 10:19:59,807 [INFO] LogOutputStream:77 - [STDOUT_REDIRECT] 
2026-08-28 10:20:10,214 [INFO] ProjectBuilder:5496 - Time for Generating toolchain IDE Files: 12134mS.
2026-08-28 10:20:10,215 [INFO] ProjectBuilder:3463 - Time for Copy CMSIS : 1mS.
2026-08-28 10:20:10,216 [INFO] ProjectBuilder:3463 - Time for Copy CMSIS : 0mS.
2026-08-28 10:35:17,041 [INFO] WebApp:403 - JxBrowser engine has been closed 
2026-08-28 10:42:19,433 [INFO] MainUpdater:2872 - connection check result : 10
2026-08-28 10:42:19,434 [INFO] McuFinderGlobals:76 - Set McuFinderConnectedMode to true
2026-08-28 10:42:19,894 [INFO] ServerAccessManage:452 - Complete download http(s) 200
2026-08-28 10:42:19,895 [INFO] ServerAccessManage:509 - Download File mcusAds.json._tmp_
2026-08-28 10:42:20,006 [INFO] LoadUrlFilesThread:156 - End of LoadUrlFiles Thread
2026-08-28 10:42:20,313 [INFO] ServerAccessManage:452 - Complete download http(s) 200
2026-08-28 10:42:20,314 [INFO] ServerAccessManage:509 - Download File cube-finder-db.zip
2026-08-28 10:43:49,009 [INFO] FileExtend:248 - Unzip File : cube-finder-db.zip
2026-08-28 10:43:49,009 [INFO] FileExtend:263 - Standard Zip Deflate
2026-08-28 10:43:50,140 [INFO] LoadUrlFilesThread:156 - End of LoadUrlFiles Thread
2026-08-28 10:44:05,792 [ERROR] ServerAccessManage:1295 - Problem during Server Connection :  IO error Connection reset
2026-08-28 10:44:05,793 [ERROR] ServerAccessManage:740 - Problem during Server Connection :  : crdb.zip.
2026-08-28 10:44:08,624 [INFO] LoadUrlFilesThread:156 - End of LoadUrlFiles Thread
2026-08-28 10:44:09,663 [INFO] DbMcusAds:53 - JSON generation date=Wed Jul 15 15:14:54 IST 2026 (1784108694001)
2026-08-28 10:44:09,779 [INFO] ApiDb:448 - Save user favorites file C:\Users\Student/.stm32cubeide/favorites.mcus.txt: 0 item(s)
2026-08-28 10:44:09,779 [INFO] ApiDb:452 - User favorites MCUs=[]
2026-08-28 10:44:09,854 [INFO] ApiDb:581 - Connected to CubeFinder SQLite database (C:\Users\Student\.stmcufinder\plugins\mcufinder\mcu\cube-finder-db.db)
2026-08-28 10:44:09,930 [INFO] ApiDb:668 - CubeFinder database Data Model version=2.1
2026-08-28 10:44:09,930 [INFO] ApiDb:669 - CubeFinder database Configuration version=3.0.42
2026-08-28 10:44:09,930 [INFO] ApiDb:670 - CubeFinder database generation date=2026-08-04 (1785840812)
2026-08-28 10:44:09,930 [INFO] ApiDb:671 - CubeFinder database FW Pack versions=[FP-ATR-ASTRA1_V2.0.0, FP-SNS-FLIGHT1_V5.1.0, FP-SNS-MOTENV1_V5.1.0, FP-SNS-MOTENVWB1_V1.5.0, FP-SNS-SMARTAG2_V1.2.0, FP-SNS-STBOX1_V2.1.0, STM32Cube_FW_C0_V1.4.1, STM32Cube_FW_F4_V1.28.3, STM32Cube_FW_F7_V1.17.4, STM32Cube_FW_G0_V1.6.3, STM32Cube_FW_G4_V1.6.2, STM32Cube_FW_H5_V1.7.0, STM32Cube_FW_H7RS_V1.3.0, STM32Cube_FW_H7_V1.13.0, STM32Cube_FW_L0_V1.12.2, STM32Cube_FW_L4_V1.18.2, STM32Cube_FW_L5_V1.6.0, STM32Cube_FW_N6_V1.4.0, STM32Cube_FW_U0_V1.3.0, STM32Cube_FW_U3_V1.4.0, STM32Cube_FW_U5_V1.9.0, STM32Cube_FW_WB0_V1.5.0, STM32Cube_FW_WBA_V1.10.0, STM32Cube_FW_WB_V1.24.0, STM32Cube_FW_WL3_V1.5.0, STM32Cube_FW_WL_V1.6.0, X-CUBE-ALGOBUILD_V1.5.0, X-CUBE-ALS_V1.0.2, X-CUBE-AZRTOS-F4_V1.1.0, X-CUBE-AZRTOS-F7_V1.1.0, X-CUBE-AZRTOS-G0_V1.1.0, X-CUBE-AZRTOS-G4_V2.0.0, X-CUBE-AZRTOS-H7RS_V1.3.0, X-CUBE-AZRTOS-H7_V3.5.0, X-CUBE-AZRTOS-L4_V2.0.0, X-CUBE-AZRTOS-L5_V2.0.0, X-CUBE-AZRTOS-WB_V2.0.0, X-CUBE-AZRTOS-WL_V2.0.0, X-CUBE-BLE1_V7.1.0, X-CUBE-BLE2_V3.3.0, X-CUBE-BLEMGR_V4.2.0, X-CUBE-EEPRMA1_V5.2.0, X-CUBE-FREERTOS_V1.6.0, X-CUBE-GNSS1_V7.1.1, X-CUBE-MEMS1_V13.0.0, X-CUBE-NFC4_V3.0.0, X-CUBE-NFC7_V2.0.0, X-CUBE-SFXS2LP1_V4.0.0, X-CUBE-ST67W61_V1.3.0, X-CUBE-SUBG2_V5.0.0, X-CUBE-TOF1_V3.4.3]
2026-08-28 10:44:12,074 [INFO] ApiDb:240 - Found 880 in-development CPN: [B-G473E-ZEST1S, B-WB1M-WPAN1, B-WBA5M-WPAN, B-WL5M-SUBG1, NUCLEO-C031C6, NUCLEO-C051C8, NUCLEO-C071RB, NUCLEO-C092RC, NUCLEO-H503RB, NUCLEO-H533RE, NUCLEO-H563ZI, NUCLEO-H7S3L8, NUCLEO-N657X0-Q, NUCLEO-U031R8, NUCLEO-U083RC, NUCLEO-U385RG-Q, NUCLEO-U545RE-Q, NUCLEO-U5A5ZJ-Q, NUCLEO-WB05KZ, NUCLEO-WB07CC, NUCLEO-WB09KE, NUCLEO-WBA52CG, NUCLEO-WBA55CG, NUCLEO-WL33CC1, NUCLEO-WL33CC2, STEVAL-PROTEUS1, STEVAL-SMARTAG2, STEVAL-STWINBX1, STM320518-EVAL, STM32C0116-DK, STM32C011D6Y3TR, STM32C011D6Y6TR, STM32C011F4P3, STM32C011F4P6, STM32C011F4U3, STM32C011F4U6TR, STM32C011F6P3, STM32C011F6P6, STM32C011F6U3, STM32C011F6U6TR, STM32C011J4M3, STM32C011J4M6, STM32C011J6M3, STM32C011J6M6, STM32C0316-DK, STM32C031C4T3, STM32C031C4T6, STM32C031C4U3, STM32C031C4U6, STM32C031C6T3, STM32C031C6T6, STM32C031C6U3, STM32C031C6U6, STM32C031F4P3, STM32C031F4P6, STM32C031F6P3, STM32C031F6P6, STM32C031G4U3, STM32C031G4U6, STM32C031G6U3, STM32C031G6U6, STM32C031K4T3, STM32C031K4T6, STM32C031K4U3, STM32C031K4U6, STM32C031K6T3, STM32C031K6T6, STM32C031K6U3, STM32C031K6U6, STM32C051C6T6, STM32C051C6U6, STM32C051C8T6, STM32C051C8U6, STM32C051D8Y6TR, STM32C051F6P6, STM32C051F8P6, STM32C051G6U6, STM32C051G8U6, STM32C051K6T6, STM32C051K6U6, STM32C051K8T6, STM32C071C8T6, STM32C071C8T6N, STM32C071C8U6, STM32C071C8U6N, STM32C071CBT6, STM32C071CBT6N, STM32C071CBU6, STM32C071CBU6N, STM32C071F8P6, STM32C071F8P6N, STM32C071FBP6, STM32C071FBP6N, STM32C071FBY6TR, STM32C071G8U6, STM32C071G8U6N, STM32C071GBU6, STM32C071GBU6N, STM32C071K8T6, STM32C071K8T6N, STM32C071K8U6, STM32C071K8U6N, STM32C071KBT6, STM32C071KBT6N, STM32C071KBU6, STM32C071KBU6N, STM32C071R8T6, STM32C071R8T6N, STM32C071RBI6N, STM32C071RBT6, STM32C071RBT6N, STM32C091CBT6, STM32C091CBU6, STM32C091CCT6, STM32C091CCU6, STM32C091ECY6TR, STM32C091FBP6, STM32C091FCP6, STM32C091GBU6, STM32C091GCU6, STM32C091KBT6, STM32C091KBU6, STM32C091KCT6, STM32C091KCU6, STM32C091RBT6, STM32C091RCI6, STM32C091RCT6, STM32C092CBT6, STM32C092CBU6, STM32C092CCT6, STM32C092CCU6, STM32C092ECY6TR, STM32C092FBP6, STM32C092FCP6, STM32C092GBU6, STM32C092GCU6, STM32C092KBT6, STM32C092KBU6, STM32C092KCT6, STM32C092KCU6, STM32C092RBT6, STM32C092RCI6, STM32C092RCT6, STM32G071K8TXN, STM32G071K8UXN, STM32G081GBU6N, STM32G081KBT6N, STM32G081KBUXN, STM32G0B1CCT6N, STM32G0B1KCT6, STM32G0B1NEY6TR, STM32G0B1RCT6N, STM32G0C1CCT6, STM32G0C1CCT6N, STM32G0C1CCU6N, STM32G0C1CET6N, STM32G0C1CEU6N, STM32G0C1KCT6, STM32G0C1NEY6TR, STM32G0C1RCI6N, STM32G0C1RCT6N, STM32G0C1REI6N, STM32G0C1RET6N, STM32G0C1VCI6, STM32G0C1VEI6, STM32G411C6T3, STM32G411C6T6, STM32G411C6U3, STM32G411C6U6, STM32G411C8T3, STM32G411C8T6, STM32G411C8U3, STM32G411C8U6, STM32G411CBT3, STM32G411CBT6, STM32G411CBU3, STM32G411CBU6, STM32G411K6T3, STM32G411K6T6, STM32G411K6U3, STM32G411K6U6, STM32G411K8T3, STM32G411K8T6, STM32G411K8U3, STM32G411K8U6, STM32G411KBT3, STM32G411KBT6, STM32G411KBU3, STM32G411KBU6, STM32G411M6T3, STM32G411M6T6, STM32G411M8T3, STM32G411M8T6, STM32G411MBT3, STM32G411MBT6, STM32G411R6T3, STM32G411R6T6, STM32G411R8T3, STM32G411R8T6, STM32G411RBT3, STM32G411RBT6, STM32G414CBT3, STM32G414CBT6, STM32G414CBU3, STM32G414CBU6, STM32G414CCT3, STM32G414CCT6, STM32G414CCU3, STM32G414CCU6, STM32G414MBT3, STM32G414MBT6, STM32G414MCT3, STM32G414MCT6, STM32G414RBT3, STM32G414RBT6, STM32G414RCT3, STM32G414RCT6, STM32G414VBT3, STM32G414VBT6, STM32G414VCT3, STM32G414VCT6, STM32G431CBT3Z, STM32G431RBT3Z, STM32G471CCT6, STM32G471CCU6, STM32G471CET3, STM32G471CET6, STM32G471CEU3, STM32G471CEU6, STM32G471MCT6, STM32G471MET3, STM32G471MET6, STM32G471MEY6TR, STM32G471QCT6, STM32G471QET3, STM32G471RCT6, STM32G471RET3, STM32G471RET6, STM32G471VCH6, STM32G471VCI6, STM32G471VCT6, STM32G471VEH3, STM32G471VEH6, STM32G471VEI3, STM32G471VEI6, STM32G471VET3, STM32G471VET6, STM32G473QET3Z, STM32G473RET3Z, STM32G474CCT6, STM32G491RET3Z, STM32H503CBT6, STM32H503CBU6, STM32H503EBY6TR, STM32H503KBU6, STM32H503RBT6, STM32H523CCT6, STM32H523CCU6, STM32H523CET6, STM32H523CEU6, STM32H523HEY6TR, STM32H523RCT6, STM32H523RET6, STM32H523VCI6, STM32H523VCT6, STM32H523VEI6, STM32H523VET6, STM32H523ZCJ6, STM32H523ZCT6, STM32H523ZEJ6, STM32H523ZET6, STM32H533CET6, STM32H533CEU6, STM32H533HEY6TR, STM32H533RET6, STM32H533VEI6, STM32H533VET6, STM32H533ZEJ6, STM32H533ZET6, STM32H562AGI6, STM32H562AII6, STM32H562IGK6, STM32H562IGT6, STM32H562IIK6, STM32H562IIT6, STM32H562RGT6, STM32H562RGV6, STM32H562RIT6, STM32H562RIV6, STM32H562VGT6, STM32H562VIT6, STM32H562ZGT6, STM32H562ZIT6, STM32H563AGI6, STM32H563AII3Q, STM32H563AII6, STM32H563IGK6, STM32H563IGT6, STM32H563IIK3Q, STM32H563IIK6, STM32H563IIT3Q, STM32H563IIT6, STM32H563MIY3QTR, STM32H563RGT6, STM32H563RGV6, STM32H563RIT6, STM32H563RIV6, STM32H563VGT6, STM32H563VIT3Q, STM32H563VIT6, STM32H563ZGT6, STM32H563ZIT3Q, STM32H563ZIT6, STM32H573AII3Q, STM32H573AII6, STM32H573I-DK, STM32H573IIK3Q, STM32H573IIK6, STM32H573IIT3Q, STM32H573IIT6, STM32H573MIY3QTR, STM32H573RIT6, STM32H573RIV6, STM32H573VIT3Q, STM32H573VIT6, STM32H573ZIT3Q, STM32H573ZIT6, STM32H7R3A8I6, STM32H7R3I8K6, STM32H7R3I8T6, STM32H7R3L8H6, STM32H7R3L8H6H, STM32H7R3R8V6, STM32H7R3V8H6, STM32H7R3V8T6, STM32H7R3V8Y6TR, STM32H7R3Z8J6, STM32H7R3Z8T6, STM32H7R7A8I6, STM32H7R7I8K6, STM32H7R7I8T6, STM32H7R7L8H6, STM32H7R7L8H6H, STM32H7R7Z8J6, STM32H7S3A8I6, STM32H7S3I8K6, STM32H7S3I8T6, STM32H7S3L8H6, STM32H7S3L8H6H, STM32H7S3R8V6, STM32H7S3V8H6, STM32H7S3V8T6, STM32H7S3V8Y6TR, STM32H7S3Z8J6, STM32H7S3Z8T6, STM32H7S78-DK, STM32H7S7A8I6, STM32H7S7I8K6, STM32H7S7I8T6, STM32H7S7L8H6, STM32H7S7L8H6H, STM32H7S7Z8J6, STM32L4R5QGI6STR, STM32MP131AAE3, STM32MP131AAF3, STM32MP131AAG3, STM32MP131CAE3, STM32MP131CAF3, STM32MP131CAG3, STM32MP131DAE7, STM32MP131DAF7, STM32MP131DAG7, STM32MP131FAE7, STM32MP131FAF7, STM32MP131FAG7, STM32MP133AAE3, STM32MP133AAF3, STM32MP133AAG3, STM32MP133CAE3, STM32MP133CAF3, STM32MP133CAG3, STM32MP133DAE7, STM32MP133DAF7, STM32MP133DAG7, STM32MP133FAE7, STM32MP133FAF7, STM32MP133FAG7, STM32MP135AAE3, STM32MP135AAF3, STM32MP135AAG3, STM32MP135CAE3, STM32MP135CAF3, STM32MP135CAG3, STM32MP135DAE7, STM32MP135DAF7, STM32MP135DAG7, STM32MP135F-DK, STM32MP135FAE7, STM32MP135FAF7, STM32MP135FAF7T, STM32MP135FAF7U, STM32MP135FAG7, STM32MP211AAL3, STM32MP211AAM3, STM32MP211AAN3, STM32MP211AAO3, STM32MP211CAL3, STM32MP211CAM3, STM32MP211CAN3, STM32MP211CAO3, STM32MP211DAL3, STM32MP211DAM3, STM32MP211DAN3, STM32MP211DAO3, STM32MP211FAL3, STM32MP211FAM3, STM32MP211FAN3, STM32MP211FAO3, STM32MP213AAL3, STM32MP213AAM3, STM32MP213AAN3, STM32MP213AAO3, STM32MP213CAL3, STM32MP213CAM3, STM32MP213CAN3, STM32MP213CAO3, STM32MP213DAL3, STM32MP213DAM3, STM32MP213DAN3, STM32MP213DAO3, STM32MP213FAL3, STM32MP213FAM3, STM32MP213FAN3, STM32MP213FAO3, STM32MP215AAL3, STM32MP215AAM3, STM32MP215AAN3, STM32MP215AAO3, STM32MP215CAL3, STM32MP215CAM3, STM32MP215CAN3, STM32MP215CAO3, STM32MP215DAL3, STM32MP215DAM3, STM32MP215DAN3, STM32MP215DAO3, STM32MP215F-DK, STM32MP215FAL3, STM32MP215FAM3, STM32MP215FAN3, STM32MP215FAO3, STM32MP231AAJ3, STM32MP231AAK3, STM32MP231AAL3, STM32MP231CAJ3, STM32MP231CAK3, STM32MP231CAL3, STM32MP231DAJ3, STM32MP231DAK3, STM32MP231DAL3, STM32MP231FAJ3, STM32MP231FAK3, STM32MP231FAL3, STM32MP233AAJ3, STM32MP233AAK3, STM32MP233AAL3, STM32MP233CAJ3, STM32MP233CAK3, STM32MP233CAL3, STM32MP233DAJ3, STM32MP233DAK3, STM32MP233DAL3, STM32MP233FAJ3, STM32MP233FAK3, STM32MP233FAL3, STM32MP235AAJ3, STM32MP235AAK3, STM32MP235AAL3, STM32MP235CAJ3, STM32MP235CAK3, STM32MP235CAL3, STM32MP235DAJ3, STM32MP235DAK3, STM32MP235DAL3, STM32MP235FAJ3, STM32MP235FAK3, STM32MP235FAL3, STM32MP251AAI3, STM32MP251AAK3, STM32MP251AAL3, STM32MP251CAI3, STM32MP251CAK3, STM32MP251CAL3, STM32MP251DAI3, STM32MP251DAK3, STM32MP251DAL3, STM32MP251FAI3, STM32MP251FAK3, STM32MP251FAL3, STM32MP253AAI3, STM32MP253AAK3, STM32MP253AAL3, STM32MP253CAI3, STM32MP253CAK3, STM32MP253CAL3, STM32MP253DAI3, STM32MP253DAK3, STM32MP253DAL3, STM32MP253FAI3, STM32MP253FAK3, STM32MP253FAL3, STM32MP255AAI3, STM32MP255AAK3, STM32MP255AAL3, STM32MP255CAI3, STM32MP255CAK3, STM32MP255CAL3, STM32MP255DAI3, STM32MP255DAK3, STM32MP255DAL3, STM32MP255FAI3, STM32MP255FAK3, STM32MP255FAL3, STM32MP257AAI3, STM32MP257AAK3, STM32MP257AAL3, STM32MP257CAI3, STM32MP257CAK3, STM32MP257CAL3, STM32MP257DAI3, STM32MP257DAK3, STM32MP257DAL3, STM32MP257F-DK, STM32MP257F-EV1, STM32MP257FAI3, STM32MP257FAK3, STM32MP257FAL3, STM32N645A0H3Q, STM32N645B0H3Q, STM32N645I0H3Q, STM32N645L0H3Q, STM32N645X0H3Q, STM32N645Z0H3Q, STM32N647A0H3Q, STM32N647B0H3Q, STM32N647I0H3Q, STM32N647L0H3Q, STM32N647X0H3Q, STM32N647Z0H3Q, STM32N655A0H3Q, STM32N655B0H3Q, STM32N655I0H3Q, STM32N655L0H3Q, STM32N655X0H3Q, STM32N655Z0H3Q, STM32N6570-DK, STM32N657A0H3Q, STM32N657B0H3Q, STM32N657I0H3Q, STM32N657L0H3Q, STM32N657X0H3Q, STM32N657Z0H3Q, STM32U031C6T6, STM32U031C6U6, STM32U031C8T6, STM32U031C8U6, STM32U031F4P6, STM32U031F6P6, STM32U031F8P6, STM32U031G6Y6TR, STM32U031G8Y6TR, STM32U031K4U6, STM32U031K6U6, STM32U031K8U6, STM32U031R6I6, STM32U031R6T6, STM32U031R8I6, STM32U031R8T6, STM32U073C8T6, STM32U073C8U6, STM32U073CBT6, STM32U073CBU6, STM32U073CCT6, STM32U073CCU6, STM32U073H8Y6TR, STM32U073HBY6TR, STM32U073HCY6TR, STM32U073K8U6, STM32U073KBU6, STM32U073KCU6, STM32U073M8I6, STM32U073M8T6, STM32U073MBI6, STM32U073MBT6, STM32U073MCI6, STM32U073MCT6, STM32U073R8I6, STM32U073R8T6, STM32U073RBI6, STM32U073RBT6, STM32U073RCI6, STM32U073RCT6, STM32U083C-DK, STM32U083CCT6, STM32U083CCU6, STM32U083HCY6TR, STM32U083KCU6, STM32U083MCI6, STM32U083MCT6, STM32U083RCI6, STM32U083RCT6, STM32U375CET6, STM32U375CET6Q, STM32U375CEU6, STM32U375CEU6Q, STM32U375CEY6QTR, STM32U375CGT6, STM32U375CGT6Q, STM32U375CGU6, STM32U375CGU6Q, STM32U375CGY6QTR, STM32U375KEU6, STM32U375KGU6, STM32U375REI6, STM32U375REI6Q, STM32U375RET6, STM32U375RET6Q, STM32U375REY6GTR, STM32U375REY6QTR, STM32U375RGI6, STM32U375RGI6Q, STM32U375RGT6, STM32U375RGT6Q, STM32U375RGY6GTR, STM32U375RGY6QTR, STM32U375VEI6, STM32U375VEI6Q, STM32U375VET6, STM32U375VET6Q, STM32U375VGI6, STM32U375VGI6Q, STM32U375VGT6, STM32U375VGT6Q, STM32U385CGT6, STM32U385CGT6Q, STM32U385CGU6, STM32U385CGU6Q, STM32U385CGY6QTR, STM32U385KGU6, STM32U385RGI6, STM32U385RGI6Q, STM32U385RGT6, STM32U385RGT6Q, STM32U385RGY6GTR, STM32U385RGY6QTR, STM32U385VGI6, STM32U385VGI6Q, STM32U385VGT6, STM32U385VGT6Q, STM32U535CBT6, STM32U535CBT6Q, STM32U535CBU6, STM32U535CBU6Q, STM32U535CCT6, STM32U535CCT6Q, STM32U535CCU6, STM32U535CCU6Q, STM32U535CET6, STM32U535CET6Q, STM32U535CEU6, STM32U535CEU6Q, STM32U535JEY6QTR, STM32U535NCY6QTR, STM32U535NEY6QTR, STM32U535RBI6, STM32U535RBI6Q, STM32U535RBT6, STM32U535RBT6Q, STM32U535RCI6, STM32U535RCI6Q, STM32U535RCT6, STM32U535RCT6Q, STM32U535REI6, STM32U535REI6Q, STM32U535RET6, STM32U535RET6Q, STM32U535VCI6, STM32U535VCI6Q, STM32U535VCT6, STM32U535VCT6Q, STM32U535VEI6, STM32U535VEI6Q, STM32U535VET6, STM32U535VET6Q, STM32U545CET6, STM32U545CET6Q, STM32U545CEU6, STM32U545CEU6Q, STM32U545JEY6QTR, STM32U545NEY6QTR, STM32U545REI6, STM32U545REI6Q, STM32U545RET6, STM32U545RET6Q, STM32U545VEI6, STM32U545VEI6Q, STM32U545VET6, STM32U545VET6Q, STM32U595AIH6, STM32U595AIH6Q, STM32U595AJH6, STM32U595AJH6Q, STM32U595QII6, STM32U595QII6Q, STM32U595QJI6, STM32U595QJI6Q, STM32U595RIT6, STM32U595RIT6Q, STM32U595RJT6, STM32U595RJT6Q, STM32U595VIT6, STM32U595VIT6Q, STM32U595VJT6, STM32U595VJT6Q, STM32U595ZIT6, STM32U595ZIT6Q, STM32U595ZIY6QTR, STM32U595ZJT6, STM32U595ZJT6Q, STM32U595ZJY6QTR, STM32U599BJY6QTR, STM32U599NIH6Q, STM32U599NJH6Q, STM32U599VIT6Q, STM32U599VJT6, STM32U599VJT6Q, STM32U599ZIT6Q, STM32U599ZIY6QTR, STM32U599ZJT6Q, STM32U599ZJY6QTR, STM32U5A5AJH6, STM32U5A5AJH6Q, STM32U5A5QII3Q , STM32U5A5QJI6, STM32U5A5QJI6Q, STM32U5A5RJT6, STM32U5A5RJT6Q, STM32U5A5VJT6, STM32U5A5VJT6Q, STM32U5A5ZJT6, STM32U5A5ZJT6Q, STM32U5A5ZJY6QTR, STM32U5A9BJY6QTR, STM32U5A9J-DK, STM32U5A9NJH6Q, STM32U5A9VJT6Q, STM32U5A9ZJT6Q, STM32U5A9ZJY6QTR, STM32U5F7VIT6, STM32U5F7VIT6Q, STM32U5F7VJT6, STM32U5F7VJT6Q, STM32U5F9BJY6QTR, STM32U5F9NJH6Q, STM32U5F9VIT6Q, STM32U5F9VJT6Q, STM32U5F9ZIJ6QTR, STM32U5F9ZIT6Q, STM32U5F9ZJJ6QTR, STM32U5F9ZJT6Q, STM32U5G7VJT6, STM32U5G7VJT6Q, STM32U5G9BJY6QTR, STM32U5G9J-DK1, STM32U5G9J-DK2, STM32U5G9NJH6Q, STM32U5G9VJT6Q, STM32U5G9ZJJ6QTR, STM32U5G9ZJT6Q, STM32WB05KZV6TR, STM32WB05KZV7TR, STM32WB05TZF6TR, STM32WB05TZF7TR, STM32WB06CCF6TR, STM32WB06CCF7TR, STM32WB06CCV6TR, STM32WB06CCV7TR, STM32WB06KCV6TR, STM32WB06KCV7TR, STM32WB07CCF6TR, STM32WB07CCF7TR, STM32WB07CCV6TR, STM32WB07CCV7TR, STM32WB07KCV6TR, STM32WB07KCV7TR, STM32WB09KEV6TR, STM32WB09KEV7TR, STM32WB09TEF6TR, STM32WB09TEF7TR, STM32WB1MMCH6, STM32WBA50KGU6, STM32WBA50KGU6TR, STM32WBA52CEU6, STM32WBA52CEU6TR, STM32WBA52CEU7, STM32WBA52CEU7TR, STM32WBA52CGU6, STM32WBA52CGU6TR, STM32WBA52CGU6U, STM32WBA52CGU7, STM32WBA52CGU7TR, STM32WBA52KEU6, STM32WBA52KEU6TR, STM32WBA52KGU6, STM32WBA52KGU6TR, STM32WBA54CEU6, STM32WBA54CEU6TR, STM32WBA54CEU7, STM32WBA54CEU7TR, STM32WBA54CGU6, STM32WBA54CGU6TR, STM32WBA54CGU7, STM32WBA54CGU7TR, STM32WBA54KEU6, STM32WBA54KEU6TR, STM32WBA54KEU7, STM32WBA54KEU7TR, STM32WBA54KGU6, STM32WBA54KGU6TR, STM32WBA54KGU7, STM32WBA54KGU7TR, STM32WBA55CEU6, STM32WBA55CEU6TR, STM32WBA55CEU7, STM32WBA55CEU7TR, STM32WBA55CGU6, STM32WBA55CGU6TR, STM32WBA55CGU6U, STM32WBA55CGU7, STM32WBA55CGU7TR, STM32WBA55G-DK1, STM32WBA55HEF6, STM32WBA55HEF7, STM32WBA55HGF6, STM32WBA55HGF7, STM32WBA55UEI6, STM32WBA55UEI6TR, STM32WBA55UEI7, STM32WBA55UEI7TR, STM32WBA55UGI6, STM32WBA55UGI6TR, STM32WBA55UGI7, STM32WBA55UGI7TR, STM32WBA5MMGH6TR, STM32WBA62MGF6, STM32WBA62MIF6, STM32WBA65MGF7, STM32WBA65MIF6, STM32WBA65MIF7, STM32WL30K8V6, STM32WL30KBV6, STM32WL31C8V6, STM32WL31CBV6, STM32WL31K8V6, STM32WL31KBV6, STM32WL33C8V6, STM32WL33C8V6X, STM32WL33CBV6, STM32WL33CBV6X, STM32WL33CCV6, STM32WL33CCV6A, STM32WL33CCV6X, STM32WL33K8V7, STM32WL33K8V7X, STM32WL33KBV7 , STM32WL33KBV7X, STM32WL33KCV7, STM32WL33KCV7X, STM32WL5MOCH6, STM32WL5MOCH6TR]
2026-08-28 10:44:12,078 [INFO] DbMcus:218 - Found 5314 MCUs, 5126 are supported
2026-08-28 10:44:12,080 [INFO] ApiDb:423 - Load user favorites file C:\Users\Student/.stm32cubeide/favorites.mcus.txt: 0 item(s)
2026-08-28 10:44:12,081 [INFO] ApiDb:427 - User favorites MCUs=[]
2026-08-28 10:44:12,081 [INFO] DbMcus:224 - Set 0 / 0 favorites MCUs
2026-08-28 10:44:12,418 [INFO] ApiDb:448 - Save user favorites file C:\Users\Student/.stm32cubeide/favorites.boards.txt: 0 item(s)
2026-08-28 10:44:12,418 [INFO] ApiDb:452 - User favorites Boards=[]
2026-08-28 10:44:12,419 [INFO] ApiDb:581 - Connected to CubeFinder SQLite database (C:\Users\Student\.stmcufinder\plugins\mcufinder\mcu\cube-finder-db.db)
2026-08-28 10:44:12,496 [INFO] ApiDb:668 - CubeFinder database Data Model version=2.1
2026-08-28 10:44:12,497 [INFO] ApiDb:669 - CubeFinder database Configuration version=3.0.42
2026-08-28 10:44:12,497 [INFO] ApiDb:670 - CubeFinder database generation date=2026-08-04 (1785840812)
2026-08-28 10:44:12,497 [INFO] ApiDb:671 - CubeFinder database FW Pack versions=[FP-ATR-ASTRA1_V2.0.0, FP-SNS-FLIGHT1_V5.1.0, FP-SNS-MOTENV1_V5.1.0, FP-SNS-MOTENVWB1_V1.5.0, FP-SNS-SMARTAG2_V1.2.0, FP-SNS-STBOX1_V2.1.0, STM32Cube_FW_C0_V1.4.1, STM32Cube_FW_F4_V1.28.3, STM32Cube_FW_F7_V1.17.4, STM32Cube_FW_G0_V1.6.3, STM32Cube_FW_G4_V1.6.2, STM32Cube_FW_H5_V1.7.0, STM32Cube_FW_H7RS_V1.3.0, STM32Cube_FW_H7_V1.13.0, STM32Cube_FW_L0_V1.12.2, STM32Cube_FW_L4_V1.18.2, STM32Cube_FW_L5_V1.6.0, STM32Cube_FW_N6_V1.4.0, STM32Cube_FW_U0_V1.3.0, STM32Cube_FW_U3_V1.4.0, STM32Cube_FW_U5_V1.9.0, STM32Cube_FW_WB0_V1.5.0, STM32Cube_FW_WBA_V1.10.0, STM32Cube_FW_WB_V1.24.0, STM32Cube_FW_WL3_V1.5.0, STM32Cube_FW_WL_V1.6.0, X-CUBE-ALGOBUILD_V1.5.0, X-CUBE-ALS_V1.0.2, X-CUBE-AZRTOS-F4_V1.1.0, X-CUBE-AZRTOS-F7_V1.1.0, X-CUBE-AZRTOS-G0_V1.1.0, X-CUBE-AZRTOS-G4_V2.0.0, X-CUBE-AZRTOS-H7RS_V1.3.0, X-CUBE-AZRTOS-H7_V3.5.0, X-CUBE-AZRTOS-L4_V2.0.0, X-CUBE-AZRTOS-L5_V2.0.0, X-CUBE-AZRTOS-WB_V2.0.0, X-CUBE-AZRTOS-WL_V2.0.0, X-CUBE-BLE1_V7.1.0, X-CUBE-BLE2_V3.3.0, X-CUBE-BLEMGR_V4.2.0, X-CUBE-EEPRMA1_V5.2.0, X-CUBE-FREERTOS_V1.6.0, X-CUBE-GNSS1_V7.1.1, X-CUBE-MEMS1_V13.0.0, X-CUBE-NFC4_V3.0.0, X-CUBE-NFC7_V2.0.0, X-CUBE-SFXS2LP1_V4.0.0, X-CUBE-ST67W61_V1.3.0, X-CUBE-SUBG2_V5.0.0, X-CUBE-TOF1_V3.4.3]
2026-08-28 10:44:12,542 [INFO] DbBoardsSqlite:226 - include board P-NUCLEO-WB55-NUCLEO as a kit item of type 'Nucleo-64'
2026-08-28 10:44:12,542 [INFO] DbBoardsSqlite:226 - include board P-NUCLEO-WB55-USBDONGLE as a kit item of type 'Nucleo USB Dongle'
2026-08-28 10:44:12,542 [INFO] DbBoardsSqlite:226 - include board STEVAL-IDP005V1 as a kit item of type 'Evaluation Board'
2026-08-28 10:44:12,542 [INFO] DbBoardsSqlite:226 - include board STEVAL-IDP005V2 as a kit item of type 'Evaluation Board'
2026-08-28 10:44:12,611 [INFO] ApiDb:240 - Found 880 in-development CPN: [B-G473E-ZEST1S, B-WB1M-WPAN1, B-WBA5M-WPAN, B-WL5M-SUBG1, NUCLEO-C031C6, NUCLEO-C051C8, NUCLEO-C071RB, NUCLEO-C092RC, NUCLEO-H503RB, NUCLEO-H533RE, NUCLEO-H563ZI, NUCLEO-H7S3L8, NUCLEO-N657X0-Q, NUCLEO-U031R8, NUCLEO-U083RC, NUCLEO-U385RG-Q, NUCLEO-U545RE-Q, NUCLEO-U5A5ZJ-Q, NUCLEO-WB05KZ, NUCLEO-WB07CC, NUCLEO-WB09KE, NUCLEO-WBA52CG, NUCLEO-WBA55CG, NUCLEO-WL33CC1, NUCLEO-WL33CC2, STEVAL-PROTEUS1, STEVAL-SMARTAG2, STEVAL-STWINBX1, STM320518-EVAL, STM32C0116-DK, STM32C011D6Y3TR, STM32C011D6Y6TR, STM32C011F4P3, STM32C011F4P6, STM32C011F4U3, STM32C011F4U6TR, STM32C011F6P3, STM32C011F6P6, STM32C011F6U3, STM32C011F6U6TR, STM32C011J4M3, STM32C011J4M6, STM32C011J6M3, STM32C011J6M6, STM32C0316-DK, STM32C031C4T3, STM32C031C4T6, STM32C031C4U3, STM32C031C4U6, STM32C031C6T3, STM32C031C6T6, STM32C031C6U3, STM32C031C6U6, STM32C031F4P3, STM32C031F4P6, STM32C031F6P3, STM32C031F6P6, STM32C031G4U3, STM32C031G4U6, STM32C031G6U3, STM32C031G6U6, STM32C031K4T3, STM32C031K4T6, STM32C031K4U3, STM32C031K4U6, STM32C031K6T3, STM32C031K6T6, STM32C031K6U3, STM32C031K6U6, STM32C051C6T6, STM32C051C6U6, STM32C051C8T6, STM32C051C8U6, STM32C051D8Y6TR, STM32C051F6P6, STM32C051F8P6, STM32C051G6U6, STM32C051G8U6, STM32C051K6T6, STM32C051K6U6, STM32C051K8T6, STM32C071C8T6, STM32C071C8T6N, STM32C071C8U6, STM32C071C8U6N, STM32C071CBT6, STM32C071CBT6N, STM32C071CBU6, STM32C071CBU6N, STM32C071F8P6, STM32C071F8P6N, STM32C071FBP6, STM32C071FBP6N, STM32C071FBY6TR, STM32C071G8U6, STM32C071G8U6N, STM32C071GBU6, STM32C071GBU6N, STM32C071K8T6, STM32C071K8T6N, STM32C071K8U6, STM32C071K8U6N, STM32C071KBT6, STM32C071KBT6N, STM32C071KBU6, STM32C071KBU6N, STM32C071R8T6, STM32C071R8T6N, STM32C071RBI6N, STM32C071RBT6, STM32C071RBT6N, STM32C091CBT6, STM32C091CBU6, STM32C091CCT6, STM32C091CCU6, STM32C091ECY6TR, STM32C091FBP6, STM32C091FCP6, STM32C091GBU6, STM32C091GCU6, STM32C091KBT6, STM32C091KBU6, STM32C091KCT6, STM32C091KCU6, STM32C091RBT6, STM32C091RCI6, STM32C091RCT6, STM32C092CBT6, STM32C092CBU6, STM32C092CCT6, STM32C092CCU6, STM32C092ECY6TR, STM32C092FBP6, STM32C092FCP6, STM32C092GBU6, STM32C092GCU6, STM32C092KBT6, STM32C092KBU6, STM32C092KCT6, STM32C092KCU6, STM32C092RBT6, STM32C092RCI6, STM32C092RCT6, STM32G071K8TXN, STM32G071K8UXN, STM32G081GBU6N, STM32G081KBT6N, STM32G081KBUXN, STM32G0B1CCT6N, STM32G0B1KCT6, STM32G0B1NEY6TR, STM32G0B1RCT6N, STM32G0C1CCT6, STM32G0C1CCT6N, STM32G0C1CCU6N, STM32G0C1CET6N, STM32G0C1CEU6N, STM32G0C1KCT6, STM32G0C1NEY6TR, STM32G0C1RCI6N, STM32G0C1RCT6N, STM32G0C1REI6N, STM32G0C1RET6N, STM32G0C1VCI6, STM32G0C1VEI6, STM32G411C6T3, STM32G411C6T6, STM32G411C6U3, STM32G411C6U6, STM32G411C8T3, STM32G411C8T6, STM32G411C8U3, STM32G411C8U6, STM32G411CBT3, STM32G411CBT6, STM32G411CBU3, STM32G411CBU6, STM32G411K6T3, STM32G411K6T6, STM32G411K6U3, STM32G411K6U6, STM32G411K8T3, STM32G411K8T6, STM32G411K8U3, STM32G411K8U6, STM32G411KBT3, STM32G411KBT6, STM32G411KBU3, STM32G411KBU6, STM32G411M6T3, STM32G411M6T6, STM32G411M8T3, STM32G411M8T6, STM32G411MBT3, STM32G411MBT6, STM32G411R6T3, STM32G411R6T6, STM32G411R8T3, STM32G411R8T6, STM32G411RBT3, STM32G411RBT6, STM32G414CBT3, STM32G414CBT6, STM32G414CBU3, STM32G414CBU6, STM32G414CCT3, STM32G414CCT6, STM32G414CCU3, STM32G414CCU6, STM32G414MBT3, STM32G414MBT6, STM32G414MCT3, STM32G414MCT6, STM32G414RBT3, STM32G414RBT6, STM32G414RCT3, STM32G414RCT6, STM32G414VBT3, STM32G414VBT6, STM32G414VCT3, STM32G414VCT6, STM32G431CBT3Z, STM32G431RBT3Z, STM32G471CCT6, STM32G471CCU6, STM32G471CET3, STM32G471CET6, STM32G471CEU3, STM32G471CEU6, STM32G471MCT6, STM32G471MET3, STM32G471MET6, STM32G471MEY6TR, STM32G471QCT6, STM32G471QET3, STM32G471RCT6, STM32G471RET3, STM32G471RET6, STM32G471VCH6, STM32G471VCI6, STM32G471VCT6, STM32G471VEH3, STM32G471VEH6, STM32G471VEI3, STM32G471VEI6, STM32G471VET3, STM32G471VET6, STM32G473QET3Z, STM32G473RET3Z, STM32G474CCT6, STM32G491RET3Z, STM32H503CBT6, STM32H503CBU6, STM32H503EBY6TR, STM32H503KBU6, STM32H503RBT6, STM32H523CCT6, STM32H523CCU6, STM32H523CET6, STM32H523CEU6, STM32H523HEY6TR, STM32H523RCT6, STM32H523RET6, STM32H523VCI6, STM32H523VCT6, STM32H523VEI6, STM32H523VET6, STM32H523ZCJ6, STM32H523ZCT6, STM32H523ZEJ6, STM32H523ZET6, STM32H533CET6, STM32H533CEU6, STM32H533HEY6TR, STM32H533RET6, STM32H533VEI6, STM32H533VET6, STM32H533ZEJ6, STM32H533ZET6, STM32H562AGI6, STM32H562AII6, STM32H562IGK6, STM32H562IGT6, STM32H562IIK6, STM32H562IIT6, STM32H562RGT6, STM32H562RGV6, STM32H562RIT6, STM32H562RIV6, STM32H562VGT6, STM32H562VIT6, STM32H562ZGT6, STM32H562ZIT6, STM32H563AGI6, STM32H563AII3Q, STM32H563AII6, STM32H563IGK6, STM32H563IGT6, STM32H563IIK3Q, STM32H563IIK6, STM32H563IIT3Q, STM32H563IIT6, STM32H563MIY3QTR, STM32H563RGT6, STM32H563RGV6, STM32H563RIT6, STM32H563RIV6, STM32H563VGT6, STM32H563VIT3Q, STM32H563VIT6, STM32H563ZGT6, STM32H563ZIT3Q, STM32H563ZIT6, STM32H573AII3Q, STM32H573AII6, STM32H573I-DK, STM32H573IIK3Q, STM32H573IIK6, STM32H573IIT3Q, STM32H573IIT6, STM32H573MIY3QTR, STM32H573RIT6, STM32H573RIV6, STM32H573VIT3Q, STM32H573VIT6, STM32H573ZIT3Q, STM32H573ZIT6, STM32H7R3A8I6, STM32H7R3I8K6, STM32H7R3I8T6, STM32H7R3L8H6, STM32H7R3L8H6H, STM32H7R3R8V6, STM32H7R3V8H6, STM32H7R3V8T6, STM32H7R3V8Y6TR, STM32H7R3Z8J6, STM32H7R3Z8T6, STM32H7R7A8I6, STM32H7R7I8K6, STM32H7R7I8T6, STM32H7R7L8H6, STM32H7R7L8H6H, STM32H7R7Z8J6, STM32H7S3A8I6, STM32H7S3I8K6, STM32H7S3I8T6, STM32H7S3L8H6, STM32H7S3L8H6H, STM32H7S3R8V6, STM32H7S3V8H6, STM32H7S3V8T6, STM32H7S3V8Y6TR, STM32H7S3Z8J6, STM32H7S3Z8T6, STM32H7S78-DK, STM32H7S7A8I6, STM32H7S7I8K6, STM32H7S7I8T6, STM32H7S7L8H6, STM32H7S7L8H6H, STM32H7S7Z8J6, STM32L4R5QGI6STR, STM32MP131AAE3, STM32MP131AAF3, STM32MP131AAG3, STM32MP131CAE3, STM32MP131CAF3, STM32MP131CAG3, STM32MP131DAE7, STM32MP131DAF7, STM32MP131DAG7, STM32MP131FAE7, STM32MP131FAF7, STM32MP131FAG7, STM32MP133AAE3, STM32MP133AAF3, STM32MP133AAG3, STM32MP133CAE3, STM32MP133CAF3, STM32MP133CAG3, STM32MP133DAE7, STM32MP133DAF7, STM32MP133DAG7, STM32MP133FAE7, STM32MP133FAF7, STM32MP133FAG7, STM32MP135AAE3, STM32MP135AAF3, STM32MP135AAG3, STM32MP135CAE3, STM32MP135CAF3, STM32MP135CAG3, STM32MP135DAE7, STM32MP135DAF7, STM32MP135DAG7, STM32MP135F-DK, STM32MP135FAE7, STM32MP135FAF7, STM32MP135FAF7T, STM32MP135FAF7U, STM32MP135FAG7, STM32MP211AAL3, STM32MP211AAM3, STM32MP211AAN3, STM32MP211AAO3, STM32MP211CAL3, STM32MP211CAM3, STM32MP211CAN3, STM32MP211CAO3, STM32MP211DAL3, STM32MP211DAM3, STM32MP211DAN3, STM32MP211DAO3, STM32MP211FAL3, STM32MP211FAM3, STM32MP211FAN3, STM32MP211FAO3, STM32MP213AAL3, STM32MP213AAM3, STM32MP213AAN3, STM32MP213AAO3, STM32MP213CAL3, STM32MP213CAM3, STM32MP213CAN3, STM32MP213CAO3, STM32MP213DAL3, STM32MP213DAM3, STM32MP213DAN3, STM32MP213DAO3, STM32MP213FAL3, STM32MP213FAM3, STM32MP213FAN3, STM32MP213FAO3, STM32MP215AAL3, STM32MP215AAM3, STM32MP215AAN3, STM32MP215AAO3, STM32MP215CAL3, STM32MP215CAM3, STM32MP215CAN3, STM32MP215CAO3, STM32MP215DAL3, STM32MP215DAM3, STM32MP215DAN3, STM32MP215DAO3, STM32MP215F-DK, STM32MP215FAL3, STM32MP215FAM3, STM32MP215FAN3, STM32MP215FAO3, STM32MP231AAJ3, STM32MP231AAK3, STM32MP231AAL3, STM32MP231CAJ3, STM32MP231CAK3, STM32MP231CAL3, STM32MP231DAJ3, STM32MP231DAK3, STM32MP231DAL3, STM32MP231FAJ3, STM32MP231FAK3, STM32MP231FAL3, STM32MP233AAJ3, STM32MP233AAK3, STM32MP233AAL3, STM32MP233CAJ3, STM32MP233CAK3, STM32MP233CAL3, STM32MP233DAJ3, STM32MP233DAK3, STM32MP233DAL3, STM32MP233FAJ3, STM32MP233FAK3, STM32MP233FAL3, STM32MP235AAJ3, STM32MP235AAK3, STM32MP235AAL3, STM32MP235CAJ3, STM32MP235CAK3, STM32MP235CAL3, STM32MP235DAJ3, STM32MP235DAK3, STM32MP235DAL3, STM32MP235FAJ3, STM32MP235FAK3, STM32MP235FAL3, STM32MP251AAI3, STM32MP251AAK3, STM32MP251AAL3, STM32MP251CAI3, STM32MP251CAK3, STM32MP251CAL3, STM32MP251DAI3, STM32MP251DAK3, STM32MP251DAL3, STM32MP251FAI3, STM32MP251FAK3, STM32MP251FAL3, STM32MP253AAI3, STM32MP253AAK3, STM32MP253AAL3, STM32MP253CAI3, STM32MP253CAK3, STM32MP253CAL3, STM32MP253DAI3, STM32MP253DAK3, STM32MP253DAL3, STM32MP253FAI3, STM32MP253FAK3, STM32MP253FAL3, STM32MP255AAI3, STM32MP255AAK3, STM32MP255AAL3, STM32MP255CAI3, STM32MP255CAK3, STM32MP255CAL3, STM32MP255DAI3, STM32MP255DAK3, STM32MP255DAL3, STM32MP255FAI3, STM32MP255FAK3, STM32MP255FAL3, STM32MP257AAI3, STM32MP257AAK3, STM32MP257AAL3, STM32MP257CAI3, STM32MP257CAK3, STM32MP257CAL3, STM32MP257DAI3, STM32MP257DAK3, STM32MP257DAL3, STM32MP257F-DK, STM32MP257F-EV1, STM32MP257FAI3, STM32MP257FAK3, STM32MP257FAL3, STM32N645A0H3Q, STM32N645B0H3Q, STM32N645I0H3Q, STM32N645L0H3Q, STM32N645X0H3Q, STM32N645Z0H3Q, STM32N647A0H3Q, STM32N647B0H3Q, STM32N647I0H3Q, STM32N647L0H3Q, STM32N647X0H3Q, STM32N647Z0H3Q, STM32N655A0H3Q, STM32N655B0H3Q, STM32N655I0H3Q, STM32N655L0H3Q, STM32N655X0H3Q, STM32N655Z0H3Q, STM32N6570-DK, STM32N657A0H3Q, STM32N657B0H3Q, STM32N657I0H3Q, STM32N657L0H3Q, STM32N657X0H3Q, STM32N657Z0H3Q, STM32U031C6T6, STM32U031C6U6, STM32U031C8T6, STM32U031C8U6, STM32U031F4P6, STM32U031F6P6, STM32U031F8P6, STM32U031G6Y6TR, STM32U031G8Y6TR, STM32U031K4U6, STM32U031K6U6, STM32U031K8U6, STM32U031R6I6, STM32U031R6T6, STM32U031R8I6, STM32U031R8T6, STM32U073C8T6, STM32U073C8U6, STM32U073CBT6, STM32U073CBU6, STM32U073CCT6, STM32U073CCU6, STM32U073H8Y6TR, STM32U073HBY6TR, STM32U073HCY6TR, STM32U073K8U6, STM32U073KBU6, STM32U073KCU6, STM32U073M8I6, STM32U073M8T6, STM32U073MBI6, STM32U073MBT6, STM32U073MCI6, STM32U073MCT6, STM32U073R8I6, STM32U073R8T6, STM32U073RBI6, STM32U073RBT6, STM32U073RCI6, STM32U073RCT6, STM32U083C-DK, STM32U083CCT6, STM32U083CCU6, STM32U083HCY6TR, STM32U083KCU6, STM32U083MCI6, STM32U083MCT6, STM32U083RCI6, STM32U083RCT6, STM32U375CET6, STM32U375CET6Q, STM32U375CEU6, STM32U375CEU6Q, STM32U375CEY6QTR, STM32U375CGT6, STM32U375CGT6Q, STM32U375CGU6, STM32U375CGU6Q, STM32U375CGY6QTR, STM32U375KEU6, STM32U375KGU6, STM32U375REI6, STM32U375REI6Q, STM32U375RET6, STM32U375RET6Q, STM32U375REY6GTR, STM32U375REY6QTR, STM32U375RGI6, STM32U375RGI6Q, STM32U375RGT6, STM32U375RGT6Q, STM32U375RGY6GTR, STM32U375RGY6QTR, STM32U375VEI6, STM32U375VEI6Q, STM32U375VET6, STM32U375VET6Q, STM32U375VGI6, STM32U375VGI6Q, STM32U375VGT6, STM32U375VGT6Q, STM32U385CGT6, STM32U385CGT6Q, STM32U385CGU6, STM32U385CGU6Q, STM32U385CGY6QTR, STM32U385KGU6, STM32U385RGI6, STM32U385RGI6Q, STM32U385RGT6, STM32U385RGT6Q, STM32U385RGY6GTR, STM32U385RGY6QTR, STM32U385VGI6, STM32U385VGI6Q, STM32U385VGT6, STM32U385VGT6Q, STM32U535CBT6, STM32U535CBT6Q, STM32U535CBU6, STM32U535CBU6Q, STM32U535CCT6, STM32U535CCT6Q, STM32U535CCU6, STM32U535CCU6Q, STM32U535CET6, STM32U535CET6Q, STM32U535CEU6, STM32U535CEU6Q, STM32U535JEY6QTR, STM32U535NCY6QTR, STM32U535NEY6QTR, STM32U535RBI6, STM32U535RBI6Q, STM32U535RBT6, STM32U535RBT6Q, STM32U535RCI6, STM32U535RCI6Q, STM32U535RCT6, STM32U535RCT6Q, STM32U535REI6, STM32U535REI6Q, STM32U535RET6, STM32U535RET6Q, STM32U535VCI6, STM32U535VCI6Q, STM32U535VCT6, STM32U535VCT6Q, STM32U535VEI6, STM32U535VEI6Q, STM32U535VET6, STM32U535VET6Q, STM32U545CET6, STM32U545CET6Q, STM32U545CEU6, STM32U545CEU6Q, STM32U545JEY6QTR, STM32U545NEY6QTR, STM32U545REI6, STM32U545REI6Q, STM32U545RET6, STM32U545RET6Q, STM32U545VEI6, STM32U545VEI6Q, STM32U545VET6, STM32U545VET6Q, STM32U595AIH6, STM32U595AIH6Q, STM32U595AJH6, STM32U595AJH6Q, STM32U595QII6, STM32U595QII6Q, STM32U595QJI6, STM32U595QJI6Q, STM32U595RIT6, STM32U595RIT6Q, STM32U595RJT6, STM32U595RJT6Q, STM32U595VIT6, STM32U595VIT6Q, STM32U595VJT6, STM32U595VJT6Q, STM32U595ZIT6, STM32U595ZIT6Q, STM32U595ZIY6QTR, STM32U595ZJT6, STM32U595ZJT6Q, STM32U595ZJY6QTR, STM32U599BJY6QTR, STM32U599NIH6Q, STM32U599NJH6Q, STM32U599VIT6Q, STM32U599VJT6, STM32U599VJT6Q, STM32U599ZIT6Q, STM32U599ZIY6QTR, STM32U599ZJT6Q, STM32U599ZJY6QTR, STM32U5A5AJH6, STM32U5A5AJH6Q, STM32U5A5QII3Q , STM32U5A5QJI6, STM32U5A5QJI6Q, STM32U5A5RJT6, STM32U5A5RJT6Q, STM32U5A5VJT6, STM32U5A5VJT6Q, STM32U5A5ZJT6, STM32U5A5ZJT6Q, STM32U5A5ZJY6QTR, STM32U5A9BJY6QTR, STM32U5A9J-DK, STM32U5A9NJH6Q, STM32U5A9VJT6Q, STM32U5A9ZJT6Q, STM32U5A9ZJY6QTR, STM32U5F7VIT6, STM32U5F7VIT6Q, STM32U5F7VJT6, STM32U5F7VJT6Q, STM32U5F9BJY6QTR, STM32U5F9NJH6Q, STM32U5F9VIT6Q, STM32U5F9VJT6Q, STM32U5F9ZIJ6QTR, STM32U5F9ZIT6Q, STM32U5F9ZJJ6QTR, STM32U5F9ZJT6Q, STM32U5G7VJT6, STM32U5G7VJT6Q, STM32U5G9BJY6QTR, STM32U5G9J-DK1, STM32U5G9J-DK2, STM32U5G9NJH6Q, STM32U5G9VJT6Q, STM32U5G9ZJJ6QTR, STM32U5G9ZJT6Q, STM32WB05KZV6TR, STM32WB05KZV7TR, STM32WB05TZF6TR, STM32WB05TZF7TR, STM32WB06CCF6TR, STM32WB06CCF7TR, STM32WB06CCV6TR, STM32WB06CCV7TR, STM32WB06KCV6TR, STM32WB06KCV7TR, STM32WB07CCF6TR, STM32WB07CCF7TR, STM32WB07CCV6TR, STM32WB07CCV7TR, STM32WB07KCV6TR, STM32WB07KCV7TR, STM32WB09KEV6TR, STM32WB09KEV7TR, STM32WB09TEF6TR, STM32WB09TEF7TR, STM32WB1MMCH6, STM32WBA50KGU6, STM32WBA50KGU6TR, STM32WBA52CEU6, STM32WBA52CEU6TR, STM32WBA52CEU7, STM32WBA52CEU7TR, STM32WBA52CGU6, STM32WBA52CGU6TR, STM32WBA52CGU6U, STM32WBA52CGU7, STM32WBA52CGU7TR, STM32WBA52KEU6, STM32WBA52KEU6TR, STM32WBA52KGU6, STM32WBA52KGU6TR, STM32WBA54CEU6, STM32WBA54CEU6TR, STM32WBA54CEU7, STM32WBA54CEU7TR, STM32WBA54CGU6, STM32WBA54CGU6TR, STM32WBA54CGU7, STM32WBA54CGU7TR, STM32WBA54KEU6, STM32WBA54KEU6TR, STM32WBA54KEU7, STM32WBA54KEU7TR, STM32WBA54KGU6, STM32WBA54KGU6TR, STM32WBA54KGU7, STM32WBA54KGU7TR, STM32WBA55CEU6, STM32WBA55CEU6TR, STM32WBA55CEU7, STM32WBA55CEU7TR, STM32WBA55CGU6, STM32WBA55CGU6TR, STM32WBA55CGU6U, STM32WBA55CGU7, STM32WBA55CGU7TR, STM32WBA55G-DK1, STM32WBA55HEF6, STM32WBA55HEF7, STM32WBA55HGF6, STM32WBA55HGF7, STM32WBA55UEI6, STM32WBA55UEI6TR, STM32WBA55UEI7, STM32WBA55UEI7TR, STM32WBA55UGI6, STM32WBA55UGI6TR, STM32WBA55UGI7, STM32WBA55UGI7TR, STM32WBA5MMGH6TR, STM32WBA62MGF6, STM32WBA62MIF6, STM32WBA65MGF7, STM32WBA65MIF6, STM32WBA65MIF7, STM32WL30K8V6, STM32WL30KBV6, STM32WL31C8V6, STM32WL31CBV6, STM32WL31K8V6, STM32WL31KBV6, STM32WL33C8V6, STM32WL33C8V6X, STM32WL33CBV6, STM32WL33CBV6X, STM32WL33CCV6, STM32WL33CCV6A, STM32WL33CCV6X, STM32WL33K8V7, STM32WL33K8V7X, STM32WL33KBV7 , STM32WL33KBV7X, STM32WL33KCV7, STM32WL33KCV7X, STM32WL5MOCH6, STM32WL5MOCH6TR]
2026-08-28 10:44:12,924 [INFO] BoardInfo:889 - No configuration file found for board NUCLEO-H553ZG
2026-08-28 10:44:12,926 [INFO] DbBoards:161 - Board is not supported: NUCLEO-H553ZG
2026-08-28 10:44:12,929 [INFO] BoardInfo:889 - No configuration file found for board NUCLEO-H5E5ZJ
2026-08-28 10:44:12,931 [INFO] DbBoards:161 - Board is not supported: NUCLEO-H5E5ZJ
2026-08-28 10:44:13,014 [INFO] BoardInfo:889 - No configuration file found for board NUCLEO-U3C5ZI-Q
2026-08-28 10:44:13,016 [INFO] DbBoards:161 - Board is not supported: NUCLEO-U3C5ZI-Q
2026-08-28 10:44:13,037 [INFO] BoardInfo:889 - No configuration file found for board NUCLEO-WBA25CE1
2026-08-28 10:44:13,038 [INFO] DbBoards:161 - Board is not supported: NUCLEO-WBA25CE1
2026-08-28 10:44:13,052 [INFO] BoardInfo:889 - No configuration file found for board NUCLEO-WL3RKB1
2026-08-28 10:44:13,053 [INFO] DbBoards:161 - Board is not supported: NUCLEO-WL3RKB1
2026-08-28 10:44:13,055 [INFO] BoardInfo:889 - No configuration file found for board NUCLEO-WL3RKB2
2026-08-28 10:44:13,056 [INFO] DbBoards:161 - Board is not supported: NUCLEO-WL3RKB2
2026-08-28 10:44:13,066 [INFO] BoardInfo:889 - No configuration file found for board P-NUCLEO-WB55
2026-08-28 10:44:13,068 [INFO] DbBoards:161 - Kit is not supported: P-NUCLEO-WB55
2026-08-28 10:44:13,077 [INFO] BoardInfo:889 - No configuration file found for board STEVAL-BFA001V1B
2026-08-28 10:44:13,078 [INFO] DbBoards:161 - Kit is not supported: STEVAL-BFA001V1B
2026-08-28 10:44:13,079 [INFO] BoardInfo:889 - No configuration file found for board STEVAL-BFA001V2B
2026-08-28 10:44:13,081 [INFO] DbBoards:161 - Kit is not supported: STEVAL-BFA001V2B
2026-08-28 10:44:13,229 [INFO] BoardInfo:889 - No configuration file found for board STM32H5F5J-DK
2026-08-28 10:44:13,231 [INFO] DbBoards:161 - Board is not supported: STM32H5F5J-DK
2026-08-28 10:44:13,343 [INFO] DbBoards:168 - Found 219 boards, 209 are supported
2026-08-28 10:44:13,343 [INFO] DbBoards:169 - Found 219 boards, 43 of them is supported for  Bsp
2026-08-28 10:44:13,345 [INFO] ApiDb:423 - Load user favorites file C:\Users\Student/.stm32cubeide/favorites.boards.txt: 0 item(s)
2026-08-28 10:44:13,345 [INFO] ApiDb:427 - User favorites Boards=[]
2026-08-28 10:44:13,345 [INFO] DbBoards:198 - Set 0 / 0 favorites Boards
2026-08-28 10:44:13,346 [ERROR] TargetSelectorAdapter:267 - Unable to refresh data
2026-08-28 10:44:13,390 [INFO] McuFinderGlobals:76 - Set McuFinderConnectedMode to true
2026-08-28 10:44:13,391 [INFO] MultiScanPanel:200 - Auto-refresh data requested => check proxy status ongoing
2026-08-28 10:44:13,392 [INFO] FinderPluginLoader:96 - Searching for filters in installed packs
2026-08-28 10:44:15,189 [INFO] LoadUrlFilesThread:185 - End of LoadServerUrlFiles without Thread
2026-08-28 10:44:15,189 [INFO] DetailPanel:341 - Set advertising image to C:/Users/Student/STM32Cube/Repository/\en.stm32h5cubemxbanner.png
2026-08-28 10:44:18,794 [INFO] MultiScanPanel:200 - Auto-refresh data requested => check proxy status ongoing
2026-08-28 10:44:18,860 [INFO] LoadUrlFilesThread:185 - End of LoadServerUrlFiles without Thread
2026-08-28 10:44:18,860 [INFO] DetailPanel:341 - Set advertising image to C:/Users/Student/STM32Cube/Repository/\en.stm32h5cubemxbanner.png
2026-08-28 10:44:18,867 [INFO] DbBoards:642 - Loading board mini-images...
2026-08-28 10:44:19,317 [ERROR] DbBoards:659 - Image file not found for board NUCLEO-H553ZG: C:\Users\Student\.stmcufinder\plugins\mcufinder//mcu//boards_images/NUCLEO-H553ZG.jpg
2026-08-28 10:44:21,008 [INFO] DbBoards:665 - Loaded 218 board mini-images
2026-08-28 10:45:52,175 [INFO] MainUpdater:2872 - connection check result : 10
2026-08-28 10:45:52,176 [INFO] MainUpdater:2872 - connection check result : 10
2026-08-28 10:45:52,230 [INFO] MicroXplorer:468 - Change Database Path : 
2026-08-28 10:45:52,230 [INFO] MicroXplorer:498 - Change Database Version : DB.6.0.150
2026-08-28 10:45:52,287 [ERROR] ProjectManagerView:395 - 
java.lang.NullPointerException: Cannot invoke "javax.swing.JTextField.getText()" because the return value of "java.util.List.get(int)" is null
	at com.st.microxplorer.plugins.projectmanager.gui.ProjectChoiceTab$9.caretUpdate(ProjectChoiceTab.java:2706) ~[filemanager.jar:?]
	at javax.swing.text.JTextComponent.fireCaretUpdate(JTextComponent.java:408) ~[?:?]
	at javax.swing.text.JTextComponent$MutableCaretEvent.fire(JTextComponent.java:4484) ~[?:?]
	at javax.swing.text.JTextComponent$MutableCaretEvent.stateChanged(JTextComponent.java:4506) ~[?:?]
	at javax.swing.text.DefaultCaret.fireStateChanged(DefaultCaret.java:857) ~[?:?]
	at javax.swing.text.DefaultCaret.changeCaretPosition(DefaultCaret.java:1343) ~[?:?]
	at javax.swing.text.DefaultCaret.handleSetDot(DefaultCaret.java:1242) ~[?:?]
	at javax.swing.text.DefaultCaret.setDot(DefaultCaret.java:1223) ~[?:?]
	at javax.swing.text.DefaultCaret$Handler.insertUpdate(DefaultCaret.java:1819) ~[?:?]
	at javax.swing.text.AbstractDocument.fireInsertUpdate(AbstractDocument.java:227) ~[?:?]
	at javax.swing.text.AbstractDocument.handleInsertString(AbstractDocument.java:781) ~[?:?]
	at javax.swing.text.AbstractDocument.insertString(AbstractDocument.java:740) ~[?:?]
	at javax.swing.text.PlainDocument.insertString(PlainDocument.java:131) ~[?:?]
	at javax.swing.text.AbstractDocument.replace(AbstractDocument.java:699) ~[?:?]
	at javax.swing.text.JTextComponent.setText(JTextComponent.java:1725) ~[?:?]
	at com.st.microxplorer.plugins.projectmanager.gui.ProjectChoiceTab.createHeapStackFields(ProjectChoiceTab.java:993) ~[filemanager.jar:?]
	at com.st.microxplorer.plugins.projectmanager.gui.ProjectChoiceTab.buildLinkSettingsPanel(ProjectChoiceTab.java:3813) ~[filemanager.jar:?]
	at com.st.microxplorer.plugins.projectmanager.gui.ProjectChoiceTab.defineWindowsFields(ProjectChoiceTab.java:1987) ~[filemanager.jar:?]
	at com.st.microxplorer.plugins.projectmanager.gui.ProjectChoiceTab.updateSettings(ProjectChoiceTab.java:558) ~[filemanager.jar:?]
	at com.st.microxplorer.plugins.projectmanager.gui.ProjectSettingsPanel.UpdateDialog(ProjectSettingsPanel.java:247) ~[filemanager.jar:?]
	at com.st.microxplorer.plugins.projectmanager.ProjectManagerView.propertyChange(ProjectManagerView.java:392) ~[filemanager.jar:?]
	at java.beans.PropertyChangeSupport.fire(PropertyChangeSupport.java:343) ~[?:?]
	at java.beans.PropertyChangeSupport.firePropertyChange(PropertyChangeSupport.java:335) ~[?:?]
	at java.beans.PropertyChangeSupport.firePropertyChange(PropertyChangeSupport.java:268) ~[?:?]
	at com.st.microxplorer.util.MXPropertyChangeSupport.firePropertyChange(MXPropertyChangeSupport.java:54) ~[STM32CubeMX.jar:?]
	at com.st.microxplorer.mxsystem.MxSystem.closeConfig(MxSystem.java:899) ~[STM32CubeMX.jar:?]
	at com.st.microxplorer.maingui.MainPanel.closeConfig(MainPanel.java:792) ~[STM32CubeMX.jar:?]
	at com.st.microxplorer.plugins.filemanager.engine.OpenFileManager.loadConfigurationFile(OpenFileManager.java:288) ~[filemanager.jar:?]
	at com.st.microxplorer.plugins.filemanager.engine.MainFileManager.userLoadConfig(MainFileManager.java:364) ~[filemanager.jar:?]
	at com.st.microxplorer.plugins.filemanager.engine.MainFileManager.userLoadConfig(MainFileManager.java:342) ~[filemanager.jar:?]
	at com.st.microxplorer.plugins.filemanager.FileManagerView.getSpecificTask(FileManagerView.java:264) ~[filemanager.jar:?]
	at com.st.stm32cube.common.mx.editor.CubeMxEditor.getMxTabbedPaneInstance(CubeMxEditor.java:1198) ~[com.st.stm32cube.common.mx_6.15.0.202507011659/:?]
	at com.st.stm32cube.common.mx.editor.CubeMxEditor$12$1.createSwingComponent(CubeMxEditor.java:1068) ~[com.st.stm32cube.common.mx_6.15.0.202507011659/:?]
	at com.st.stm32cube.common.mx.oss.core.awtswtbridge.EmbeddedSwingComposite.doComponentCreation(EmbeddedSwingComposite.java:492) ~[com.st.stm32cube.common.mx.oss_6.15.0.202507011659/:?]
	at com.st.stm32cube.common.mx.oss.core.awtswtbridge.EmbeddedSwingComposite$4.run(EmbeddedSwingComposite.java:291) ~[com.st.stm32cube.common.mx.oss_6.15.0.202507011659/:?]
	at com.st.stm32cube.common.mx.oss.core.awtswtbridge.AwtEnvironment$2.run(AwtEnvironment.java:166) ~[com.st.stm32cube.common.mx.oss_6.15.0.202507011659/:?]
	at java.awt.event.InvocationEvent.dispatch(InvocationEvent.java:318) ~[?:?]
	at java.awt.EventQueue.dispatchEventImpl(EventQueue.java:773) ~[?:?]
	at java.awt.EventQueue$4.run(EventQueue.java:720) ~[?:?]
	at java.awt.EventQueue$4.run(EventQueue.java:714) ~[?:?]
	at java.security.AccessController.doPrivileged(AccessController.java:400) ~[?:?]
	at java.security.ProtectionDomain$JavaSecurityAccessImpl.doIntersectionPrivilege(ProtectionDomain.java:87) ~[?:?]
	at java.awt.EventQueue.dispatchEvent(EventQueue.java:742) ~[?:?]
	at java.awt.EventDispatchThread.pumpOneEventForFilters(EventDispatchThread.java:203) ~[?:?]
	at java.awt.EventDispatchThread.pumpEventsForFilter(EventDispatchThread.java:124) ~[?:?]
	at java.awt.EventDispatchThread.pumpEventsForHierarchy(EventDispatchThread.java:113) ~[?:?]
	at java.awt.EventDispatchThread.pumpEvents(EventDispatchThread.java:109) ~[?:?]
	at java.awt.EventDispatchThread.pumpEvents(EventDispatchThread.java:101) ~[?:?]
	at java.awt.EventDispatchThread.run(EventDispatchThread.java:90) ~[?:?]
2026-08-28 10:45:52,332 [WARN] ThirdParty:871 - waiting for thirdparty lock release [close project]
2026-08-28 10:45:52,332 [INFO] ThirdParty:873 - entering critical section [close project]
2026-08-28 10:45:52,332 [INFO] ThirdParty:883 - exiting critical section [close project]
2026-08-28 10:45:52,334 [INFO] PinOutPanel:1589 - setPackage(No Configuration,No Configuration)
2026-08-28 10:45:52,374 [INFO] UtilMem:75 - Begin LoadConfig() Used Memory: 976629976 Bytes (1073741824)
2026-08-28 10:45:52,374 [INFO] MicroXplorer:468 - Change Database Path : 
2026-08-28 10:45:52,374 [INFO] MicroXplorer:498 - Change Database Version : DB.6.0.150
2026-08-28 10:45:52,374 [INFO] OpenFileManager:355 - Change cursor
2026-08-28 10:45:52,457 [INFO] RulesReader:64 - Compatibility file has been processed (317 Rules)
2026-08-28 10:45:52,926 [INFO] Mcu:2029 - Initializing MCU STM32L475VGTx STM32L475VGTx STM32L475VGT6
2026-08-28 10:45:55,370 [INFO] Context:786 - Trying to add GPIOservice into a context  which must be forbidden
2026-08-28 10:45:56,093 [INFO] ImportTextPane:234 - (OptionalMessage_ERROR) Unable to find key (Mcu.ThirdPartyNb) in loaded IOC file
2026-08-28 10:45:56,093 [INFO] ImportTextPane:234 - (OptionalMessage_ERROR) Unable to find key (Mcu.PinsNb) in loaded IOC file
2026-08-28 10:45:56,093 [INFO] ImportTextPane:234 - (OptionalMessage_ERROR) Pin0 (VP_RIF_VS_RIF1) cannot be retrieved for this MCU
2026-08-28 10:45:56,093 [INFO] ImportTextPane:234 - (OptionalMessage_ERROR) Unable to find key (Mcu.IPNb) in loaded IOC file
2026-08-28 10:45:56,122 [WARN] ModelIntegratedComponent:63 - No mode defined for component null
2026-08-28 10:45:56,122 [WARN] ModelIntegratedComponent:63 - No mode defined for component null
2026-08-28 10:45:56,122 [WARN] ModelIntegratedComponent:63 - No mode defined for component null
2026-08-28 10:45:56,122 [WARN] ModelIntegratedComponent:63 - No mode defined for component null
2026-08-28 10:45:56,122 [WARN] ModelIntegratedComponent:63 - No mode defined for component null
2026-08-28 10:45:56,122 [WARN] ModelIntegratedComponent:63 - No mode defined for component null
2026-08-28 10:45:56,122 [WARN] ModelIntegratedComponent:63 - No mode defined for component null
2026-08-28 10:45:56,122 [WARN] ModelIntegratedComponent:63 - No mode defined for component null
2026-08-28 10:45:56,122 [WARN] ModelIntegratedComponent:63 - No mode defined for component null
2026-08-28 10:45:56,122 [WARN] ModelIntegratedComponent:63 - No mode defined for component null
2026-08-28 10:45:56,122 [WARN] ModelIntegratedComponent:63 - No mode defined for component null
2026-08-28 10:45:56,122 [WARN] ModelIntegratedComponent:63 - No mode defined for component null
2026-08-28 10:45:56,122 [WARN] ModelIntegratedComponent:63 - No mode defined for component null
2026-08-28 10:45:56,122 [WARN] ModelIntegratedComponent:63 - No mode defined for component null
2026-08-28 10:45:56,123 [WARN] ModelIntegratedComponent:63 - No mode defined for component null
2026-08-28 10:45:56,123 [WARN] ModelIntegratedComponent:63 - No mode defined for component null
2026-08-28 10:45:56,123 [WARN] ModelIntegratedComponent:63 - No mode defined for component null
2026-08-28 10:45:56,123 [WARN] ModelIntegratedComponent:63 - No mode defined for component null
2026-08-28 10:45:56,123 [WARN] ModelIntegratedComponent:63 - No mode defined for component null
2026-08-28 10:45:56,123 [WARN] ModelIntegratedComponent:63 - No mode defined for component null
2026-08-28 10:45:56,123 [WARN] ModelIntegratedComponent:63 - No mode defined for component null
2026-08-28 10:45:56,123 [WARN] ModelIntegratedComponent:63 - No mode defined for component null
2026-08-28 10:45:56,123 [WARN] ModelIntegratedComponent:63 - No mode defined for component null
2026-08-28 10:45:56,123 [WARN] ModelIntegratedComponent:63 - No mode defined for component null
2026-08-28 10:45:56,123 [WARN] ModelIntegratedComponent:63 - No mode defined for component null
2026-08-28 10:45:56,123 [WARN] ModelIntegratedComponent:63 - No mode defined for component null
2026-08-28 10:45:56,123 [WARN] ModelIntegratedComponent:63 - No mode defined for component null
2026-08-28 10:45:56,123 [WARN] ModelIntegratedComponent:63 - No mode defined for component null
2026-08-28 10:45:56,123 [WARN] ModelIntegratedComponent:63 - No mode defined for component null
2026-08-28 10:45:56,123 [WARN] ModelIntegratedComponent:63 - No mode defined for component null
2026-08-28 10:45:56,123 [WARN] ModelIntegratedComponent:63 - No mode defined for component null
2026-08-28 10:45:56,123 [WARN] ModelIntegratedComponent:63 - No mode defined for component null
2026-08-28 10:45:56,123 [WARN] ModelIntegratedComponent:63 - No mode defined for component null
2026-08-28 10:45:56,123 [WARN] ModelIntegratedComponent:63 - No mode defined for component null
2026-08-28 10:45:56,124 [WARN] ModelIntegratedComponent:63 - No mode defined for component null
2026-08-28 10:45:56,124 [WARN] ModelPack:524 - Component already loaded: STMicroelectronics:HAL Drivers:0.0.0:STMicroelectronics:Device:STMicro_Driver:XSPI:HAL::0.0.1:HAL_XSPI
2026-08-28 10:45:56,126 [INFO] RtosManager:558 - Registered RTOS mode: class=CMSIS, group=RTOS, mode=CMSIS_V1, owner=FREERTOS
2026-08-28 10:45:56,126 [INFO] RtosManager:558 - Registered RTOS mode: class=CMSIS, group=RTOS2, mode=CMSIS_V2, owner=FREERTOS
2026-08-28 10:45:56,126 [INFO] RtosManager:558 - Registered RTOS mode: class=RTOS, group=Core, mode=CMSIS_V1, owner=FREERTOS
2026-08-28 10:45:56,126 [INFO] RtosManager:558 - Registered RTOS mode: class=RTOS, group=Core, mode=CMSIS_V2, owner=FREERTOS
2026-08-28 10:45:56,126 [WARN] ModelIntegratedComponent:184 - Missing modes for component STMicroelectronics:FreeRTOS:0.0.1:STMicroelectronics:RTOS:FreeRTOS:Core:::10.2.0:
2026-08-28 10:45:56,128 [INFO] ThirdPartyModel:298 - Start build external matchings
2026-08-28 10:45:56,143 [INFO] ThirdPartyModel:316 - End build external matchings
2026-08-28 10:45:56,444 [INFO] UtilMem:75 - End LoadConfig() Used Memory: 736574160 Bytes (1073741824)
2026-08-28 10:45:56,461 [WARN] ThirdParty:833 - waiting for thirdparty lock release [change project]
2026-08-28 10:45:56,462 [INFO] ThirdParty:835 - entering critical section [change project]
2026-08-28 10:45:56,462 [INFO] ThirdParty:1030 - CMSIS Pack Vendor :STMicroelectronics USBPD 4.1
2026-08-28 10:45:56,462 [INFO] ThirdParty:1030 - CMSIS Pack Vendor :STMicroelectronics X-CUBE-DISPLAY 3.0.0
2026-08-28 10:45:56,462 [INFO] ThirdParty:1030 - CMSIS Pack Vendor :STMicroelectronics USB_HOST 2.0.0
2026-08-28 10:45:56,462 [INFO] ThirdParty:1030 - CMSIS Pack Vendor :STMicroelectronics LIBJPEG 8.0.0
2026-08-28 10:45:56,462 [INFO] ThirdParty:1030 - CMSIS Pack Vendor :STMicroelectronics FP-ATR-SIGFOX1 3.2.0
2026-08-28 10:45:56,462 [INFO] ThirdParty:1030 - CMSIS Pack Vendor :STMicroelectronics X-CUBE-BLE1 7.1.0
2026-08-28 10:45:56,462 [INFO] ThirdParty:1030 - CMSIS Pack Vendor :STMicroelectronics USB_DEVICE 3.0.0
2026-08-28 10:45:56,462 [INFO] ThirdParty:1030 - CMSIS Pack Vendor :STMicroelectronics X-CUBE-ISPU 2.1.0
2026-08-28 10:45:56,462 [INFO] ThirdParty:1030 - CMSIS Pack Vendor :STMicroelectronics HAL Drivers 0.0.0
2026-08-28 10:45:56,462 [INFO] ThirdParty:1030 - CMSIS Pack Vendor :STMicroelectronics MBEDTLS 2.16.2
2026-08-28 10:45:56,462 [INFO] ThirdParty:1030 - CMSIS Pack Vendor :STMicroelectronics X-CUBE-ALS 1.0.2
2026-08-28 10:45:56,462 [INFO] ThirdParty:1030 - CMSIS Pack Vendor :STMicroelectronics MBEDTLS 2.14.1
2026-08-28 10:45:56,462 [INFO] ThirdParty:1030 - CMSIS Pack Vendor :STMicroelectronics USB_DEVICE 2.0.0
2026-08-28 10:45:56,462 [INFO] ThirdParty:1030 - CMSIS Pack Vendor :STMicroelectronics ThreadX 1.0.0
2026-08-28 10:45:56,462 [INFO] ThirdParty:1030 - CMSIS Pack Vendor :STMicroelectronics FP-SNS-SMARTAG2 1.2.0
2026-08-28 10:45:56,462 [INFO] ThirdParty:1030 - CMSIS Pack Vendor :STMicroelectronics FP-SNS-FLIGHT1 5.1.0
2026-08-28 10:45:56,462 [INFO] ThirdParty:1030 - CMSIS Pack Vendor :STMicroelectronics X-CUBE-DPower 1.3.0
2026-08-28 10:45:56,462 [INFO] ThirdParty:1030 - CMSIS Pack Vendor :STMicroelectronics FreeRTOS 0.0.1
2026-08-28 10:45:56,462 [INFO] ThirdParty:1030 - CMSIS Pack Vendor :STMicroelectronics USB_DEVICE 1.0.0
2026-08-28 10:45:56,462 [INFO] ThirdParty:1030 - CMSIS Pack Vendor :STMicroelectronics STM32_WPAN 1.0.0
2026-08-28 10:45:56,463 [INFO] ThirdParty:1030 - CMSIS Pack Vendor :STMicroelectronics ThreadX 0.0.2
2026-08-28 10:45:56,463 [INFO] ThirdParty:1030 - CMSIS Pack Vendor :STMicroelectronics lwIP 2.0.3
2026-08-28 10:45:56,463 [INFO] ThirdParty:1030 - CMSIS Pack Vendor :STMicroelectronics lwIP 2.1.2
2026-08-28 10:45:56,463 [INFO] ThirdParty:1030 - CMSIS Pack Vendor :STMicroelectronics X-CUBE-BLE2 3.3.0
2026-08-28 10:45:56,463 [INFO] ThirdParty:1030 - CMSIS Pack Vendor :STMicroelectronics USB_HOST 1.0.0
2026-08-28 10:45:56,463 [INFO] ThirdParty:1030 - CMSIS Pack Vendor :STMicroelectronics PDM2PCM 3.1.0
2026-08-28 10:45:56,463 [INFO] ThirdParty:1030 - CMSIS Pack Vendor :STMicroelectronics PDM2PCM 3.2.0
2026-08-28 10:45:56,463 [INFO] ThirdParty:1030 - CMSIS Pack Vendor :STMicroelectronics PDM2PCM 3.3.0
2026-08-28 10:45:56,463 [INFO] ThirdParty:841 - exiting critical section [change project]
2026-08-28 10:45:56,774 [INFO] PinOutPanel:1589 - setPackage(No Configuration,No Configuration)
2026-08-28 10:45:56,775 [INFO] PinOutPanel:1589 - setPackage(STM32L475VGTx,LQFP100)
2026-08-28 10:45:57,230 [INFO] UtilMem:75 - Before build in PCC Used Memory: 996478112 Bytes (1073741824)
2026-08-28 10:45:57,722 [INFO] UtilMem:75 - After build in PCC Used Memory: 819268768 Bytes (1073741824)
2026-08-28 10:45:57,740 [INFO] IPUIPlugin:80 - create IPUIPlugin
2026-08-28 10:45:57,740 [INFO] IPUIPlugin:80 - create IPUIPlugin
2026-08-28 10:45:57,740 [INFO] IPUIPlugin:80 - create IPUIPlugin
2026-08-28 10:45:57,740 [INFO] IPUIPlugin:80 - create IPUIPlugin
2026-08-28 10:45:57,740 [INFO] IPUIPlugin:80 - create IPUIPlugin
2026-08-28 10:45:57,740 [INFO] IPUIPlugin:80 - create IPUIPlugin
2026-08-28 10:45:57,740 [INFO] IPUIPlugin:80 - create IPUIPlugin
2026-08-28 10:45:57,740 [INFO] IPUIPlugin:80 - create IPUIPlugin
2026-08-28 10:45:57,741 [INFO] IPUIPlugin:80 - create IPUIPlugin
2026-08-28 10:45:57,741 [INFO] IPUIPlugin:80 - create IPUIPlugin
2026-08-28 10:45:57,741 [INFO] IPUIPlugin:80 - create IPUIPlugin
2026-08-28 10:45:57,741 [INFO] IPUIPlugin:80 - create IPUIPlugin
2026-08-28 10:45:57,741 [INFO] IPUIPlugin:80 - create IPUIPlugin
2026-08-28 10:45:57,741 [INFO] IPUIPlugin:80 - create IPUIPlugin
2026-08-28 10:45:57,741 [INFO] IPUIPlugin:80 - create IPUIPlugin
2026-08-28 10:45:57,741 [INFO] IPUIPlugin:80 - create IPUIPlugin
2026-08-28 10:45:57,741 [INFO] IPUIPlugin:80 - create IPUIPlugin
2026-08-28 10:45:57,741 [INFO] IPUIPlugin:80 - create IPUIPlugin
2026-08-28 10:45:57,742 [INFO] IPUIPlugin:80 - create IPUIPlugin
2026-08-28 10:45:57,742 [INFO] IPUIPlugin:80 - create IPUIPlugin
2026-08-28 10:45:57,742 [INFO] IPUIPlugin:80 - create IPUIPlugin
2026-08-28 10:45:57,742 [INFO] IPUIPlugin:80 - create IPUIPlugin
2026-08-28 10:45:57,742 [INFO] IPUIPlugin:80 - create IPUIPlugin
2026-08-28 10:45:57,742 [INFO] IPUIPlugin:80 - create IPUIPlugin
2026-08-28 10:45:57,742 [INFO] IPUIPlugin:80 - create IPUIPlugin
2026-08-28 10:45:57,743 [INFO] IPUIPlugin:80 - create IPUIPlugin
2026-08-28 10:45:57,743 [INFO] IPUIPlugin:80 - create IPUIPlugin
2026-08-28 10:45:57,743 [INFO] IPUIPlugin:80 - create IPUIPlugin
2026-08-28 10:45:57,743 [INFO] IPUIPlugin:80 - create IPUIPlugin
2026-08-28 10:45:57,743 [INFO] IPUIPlugin:80 - create IPUIPlugin
2026-08-28 10:45:57,743 [INFO] IPUIPlugin:80 - create IPUIPlugin
2026-08-28 10:45:57,744 [INFO] IPUIPlugin:80 - create IPUIPlugin
2026-08-28 10:45:57,744 [INFO] IPUIPlugin:80 - create IPUIPlugin
2026-08-28 10:45:57,744 [INFO] IPUIPlugin:80 - create IPUIPlugin
2026-08-28 10:45:57,744 [INFO] IPUIPlugin:80 - create IPUIPlugin
2026-08-28 10:45:57,744 [INFO] IPUIPlugin:80 - create IPUIPlugin
2026-08-28 10:45:57,744 [INFO] IPUIPlugin:80 - create IPUIPlugin
2026-08-28 10:45:57,745 [INFO] IPUIPlugin:80 - create IPUIPlugin
2026-08-28 10:45:57,745 [INFO] IPUIPlugin:80 - create IPUIPlugin
2026-08-28 10:45:57,745 [INFO] IPUIPlugin:80 - create IPUIPlugin
2026-08-28 10:45:57,745 [INFO] IPUIPlugin:80 - create IPUIPlugin
2026-08-28 10:45:57,745 [INFO] IPUIPlugin:80 - create IPUIPlugin
2026-08-28 10:45:57,746 [INFO] IPUIPlugin:80 - create IPUIPlugin
2026-08-28 10:45:57,746 [INFO] IPUIPlugin:80 - create IPUIPlugin
2026-08-28 10:45:57,746 [INFO] IPUIPlugin:80 - create IPUIPlugin
2026-08-28 10:45:57,746 [INFO] IPUIPlugin:80 - create IPUIPlugin
2026-08-28 10:45:57,746 [INFO] IPUIPlugin:80 - create IPUIPlugin
2026-08-28 10:45:57,747 [INFO] IPUIPlugin:80 - create IPUIPlugin
2026-08-28 10:45:57,747 [INFO] IPUIPlugin:80 - create IPUIPlugin
2026-08-28 10:45:57,747 [INFO] IPUIPlugin:80 - create IPUIPlugin
2026-08-28 10:45:57,747 [INFO] IPUIPlugin:80 - create IPUIPlugin
2026-08-28 10:45:57,747 [INFO] IPUIPlugin:80 - create IPUIPlugin
2026-08-28 10:45:57,748 [INFO] IPUIPlugin:80 - create IPUIPlugin
2026-08-28 10:45:57,748 [INFO] IPUIPlugin:80 - create IPUIPlugin
2026-08-28 10:45:57,748 [INFO] IPUIPlugin:80 - create IPUIPlugin
2026-08-28 10:45:57,748 [INFO] IPUIPlugin:80 - create IPUIPlugin
2026-08-28 10:45:57,749 [INFO] IPUIPlugin:80 - create IPUIPlugin
2026-08-28 10:45:57,749 [INFO] IPUIPlugin:80 - create IPUIPlugin
2026-08-28 10:45:57,749 [INFO] IPUIPlugin:80 - create IPUIPlugin
2026-08-28 10:45:57,771 [INFO] CADModel:165 - CPN selected for project levelSTM32L475VGT6
2026-08-28 10:45:57,771 [INFO] CADModel:114 - Register for checkConnection events
2026-08-28 10:45:57,816 [INFO] OpenFileManager:386 - Restore cursor
2026-08-28 10:45:58,174 [INFO] UtilMem:75 - End SaveConfig() Used Memory: 938779544 Bytes (1073741824)
2026-08-28 10:45:58,229 [INFO] UtilMem:75 - End SaveConfig() Used Memory: 967351224 Bytes (1073741824)
2026-08-28 10:45:58,548 [INFO] BlockDiagram:2775 - set Specific Code input for plugin: RCC
2026-08-28 10:45:58,549 [INFO] BlockDiagram:2775 - set Specific Code input for plugin: NVIC
2026-08-28 10:45:58,550 [INFO] CodeGenerator:892 - code generatio: config db path: C:\ST\STM32CubeIDE_1.19.0\STM32CubeIDE\plugins\com.st.stm32cube.common.mx_6.15.0.202507011659\\db\
2026-08-28 10:45:58,760 [INFO] CodeEngine:265 - oldGeneratedFile, D:\tinyworkspace\tinyml\STM32\seconed\MXTmpFiles\license.tmp_save
2026-08-28 10:45:58,965 [INFO] CodeEngine:289 - Generated code: D:\tinyworkspace\tinyml\STM32\seconed\MXTmpFiles\license.tmp
2026-08-28 10:45:58,982 [INFO] CodeEngine:265 - oldGeneratedFile, D:\tinyworkspace\tinyml\STM32\seconed\Core\Src\stm32l4xx_it.c_save
2026-08-28 10:45:59,240 [INFO] CodeEngine:289 - Generated code: D:\tinyworkspace\tinyml\STM32\seconed\Core\Src\stm32l4xx_it.c
2026-08-28 10:45:59,251 [INFO] CodeEngine:265 - oldGeneratedFile, D:\tinyworkspace\tinyml\STM32\seconed\Core\Inc\stm32l4xx_it.h_save
2026-08-28 10:45:59,308 [INFO] CodeEngine:289 - Generated code: D:\tinyworkspace\tinyml\STM32\seconed\Core\Inc\stm32l4xx_it.h
2026-08-28 10:45:59,393 [INFO] CodeEngine:265 - oldGeneratedFile, D:\tinyworkspace\tinyml\STM32\seconed\Core\Src\stm32l4xx_hal_msp.c_save
2026-08-28 10:45:59,530 [INFO] CodeEngine:289 - Generated code: D:\tinyworkspace\tinyml\STM32\seconed\Core\Src\stm32l4xx_hal_msp.c
2026-08-28 10:45:59,545 [INFO] CodeEngine:265 - oldGeneratedFile, D:\tinyworkspace\tinyml\STM32\seconed\MXTmpFiles\system.tmp_save
2026-08-28 10:45:59,612 [INFO] CodeEngine:289 - Generated code: D:\tinyworkspace\tinyml\STM32\seconed\MXTmpFiles\system.tmp
2026-08-28 10:45:59,631 [INFO] CodeEngine:321 - oldGeneratedFile, D:\tinyworkspace\tinyml\STM32\seconed\Core\Inc\stm32l4xx_hal_conf.h_save
2026-08-28 10:45:59,769 [INFO] CodeEngine:345 - Generated code: D:\tinyworkspace\tinyml\STM32\seconed\Core\Inc\stm32l4xx_hal_conf.h
2026-08-28 10:45:59,826 [INFO] ApiDbMcu:532 - Load IP Config File for RCC
2026-08-28 10:45:59,838 [INFO] CodeEngine:265 - oldGeneratedFile, D:\tinyworkspace\tinyml\STM32\seconed\Core\Inc\main.h_save
2026-08-28 10:45:59,964 [INFO] CodeEngine:289 - Generated code: D:\tinyworkspace\tinyml\STM32\seconed\Core\Inc\main.h
2026-08-28 10:45:59,977 [INFO] CodeEngine:265 - oldGeneratedFile, D:\tinyworkspace\tinyml\STM32\seconed\Core\Src\main.c_save
2026-08-28 10:46:00,081 [INFO] CodeEngine:289 - Generated code: D:\tinyworkspace\tinyml\STM32\seconed\Core\Src\main.c
2026-08-28 10:46:00,538 [INFO] ProjectBuilder:3606 - Time for Copy HAL[1] : 314mS.
2026-08-28 10:46:00,543 [INFO] ProjectBuilder:5216 - Project Generator version: 4.7.0-B52
2026-08-28 10:46:00,633 [INFO] ConfigFileManager:1595 - The Die is : DIE415
2026-08-28 10:46:00,654 [INFO] ApiDbMcu:532 - Load IP Config File for FATFS
2026-08-28 10:46:00,662 [INFO] ApiDbMcu:532 - Load IP Config File for FREERTOS
2026-08-28 10:46:00,678 [INFO] ApiDbMcu:532 - Load IP Config File for TOUCHSENSING
2026-08-28 10:46:00,692 [INFO] ApiDbMcu:532 - Load IP Config File for USB_DEVICE
2026-08-28 10:46:00,695 [INFO] ApiDbMcu:532 - Load IP Config File for USB_HOST
2026-08-28 10:46:02,490 [INFO] ProjectBuilder:5496 - Time for Generating toolchain IDE Files: 1947mS.
2026-08-28 10:46:02,491 [INFO] ProjectBuilder:3463 - Time for Copy CMSIS : 1mS.
2026-08-28 10:46:02,492 [INFO] ProjectBuilder:3463 - Time for Copy CMSIS : 0mS.
2026-08-28 10:46:02,954 [INFO] McuFinderGlobals:76 - Set McuFinderConnectedMode to true
2026-08-28 10:46:02,956 [INFO] ApiDb:448 - Save user favorites file C:\Users\Student/.stm32cubeide/favorites.mcus.txt: 0 item(s)
2026-08-28 10:46:02,956 [INFO] ApiDb:452 - User favorites MCUs=[]
2026-08-28 10:46:02,958 [INFO] ApiDb:448 - Save user favorites file C:\Users\Student/.stm32cubeide/favorites.boards.txt: 0 item(s)
2026-08-28 10:46:02,958 [INFO] ApiDb:452 - User favorites Boards=[]
2026-08-28 10:49:24,017 [INFO] MainUpdater:2872 - connection check result : 10
2026-08-28 10:49:24,018 [INFO] McuFinderGlobals:76 - Set McuFinderConnectedMode to true
2026-08-28 10:49:24,637 [INFO] ServerAccessManage:452 - Complete download http(s) 200
2026-08-28 10:49:24,638 [INFO] ServerAccessManage:509 - Download File mcusAds.json._tmp_
2026-08-28 10:49:24,746 [INFO] LoadUrlFilesThread:156 - End of LoadUrlFiles Thread
2026-08-28 10:49:40,130 [ERROR] ServerAccessManage:1295 - Problem during Server Connection :  IO error Connection reset
2026-08-28 10:49:40,130 [ERROR] ServerAccessManage:740 - Problem during Server Connection :  : cube-finder-db.zip.
2026-08-28 10:49:43,101 [INFO] LoadUrlFilesThread:156 - End of LoadUrlFiles Thread
2026-08-28 10:49:44,044 [INFO] DbMcusAds:53 - JSON generation date=Wed Jul 15 15:14:54 IST 2026 (1784108694001)
2026-08-28 10:49:44,048 [INFO] ApiDb:448 - Save user favorites file C:\Users\Student/.stm32cubeide/favorites.mcus.txt: 0 item(s)
2026-08-28 10:49:44,049 [INFO] ApiDb:452 - User favorites MCUs=[]
2026-08-28 10:49:44,051 [INFO] ApiDb:581 - Connected to CubeFinder SQLite database (C:\Users\Student\.stmcufinder\plugins\mcufinder\mcu\cube-finder-db.db)
2026-08-28 10:49:44,135 [INFO] ApiDb:668 - CubeFinder database Data Model version=2.1
2026-08-28 10:49:44,135 [INFO] ApiDb:669 - CubeFinder database Configuration version=3.0.42
2026-08-28 10:49:44,135 [INFO] ApiDb:670 - CubeFinder database generation date=2026-08-04 (1785840812)
2026-08-28 10:49:44,136 [INFO] ApiDb:671 - CubeFinder database FW Pack versions=[FP-ATR-ASTRA1_V2.0.0, FP-SNS-FLIGHT1_V5.1.0, FP-SNS-MOTENV1_V5.1.0, FP-SNS-MOTENVWB1_V1.5.0, FP-SNS-SMARTAG2_V1.2.0, FP-SNS-STBOX1_V2.1.0, STM32Cube_FW_C0_V1.4.1, STM32Cube_FW_F4_V1.28.3, STM32Cube_FW_F7_V1.17.4, STM32Cube_FW_G0_V1.6.3, STM32Cube_FW_G4_V1.6.2, STM32Cube_FW_H5_V1.7.0, STM32Cube_FW_H7RS_V1.3.0, STM32Cube_FW_H7_V1.13.0, STM32Cube_FW_L0_V1.12.2, STM32Cube_FW_L4_V1.18.2, STM32Cube_FW_L5_V1.6.0, STM32Cube_FW_N6_V1.4.0, STM32Cube_FW_U0_V1.3.0, STM32Cube_FW_U3_V1.4.0, STM32Cube_FW_U5_V1.9.0, STM32Cube_FW_WB0_V1.5.0, STM32Cube_FW_WBA_V1.10.0, STM32Cube_FW_WB_V1.24.0, STM32Cube_FW_WL3_V1.5.0, STM32Cube_FW_WL_V1.6.0, X-CUBE-ALGOBUILD_V1.5.0, X-CUBE-ALS_V1.0.2, X-CUBE-AZRTOS-F4_V1.1.0, X-CUBE-AZRTOS-F7_V1.1.0, X-CUBE-AZRTOS-G0_V1.1.0, X-CUBE-AZRTOS-G4_V2.0.0, X-CUBE-AZRTOS-H7RS_V1.3.0, X-CUBE-AZRTOS-H7_V3.5.0, X-CUBE-AZRTOS-L4_V2.0.0, X-CUBE-AZRTOS-L5_V2.0.0, X-CUBE-AZRTOS-WB_V2.0.0, X-CUBE-AZRTOS-WL_V2.0.0, X-CUBE-BLE1_V7.1.0, X-CUBE-BLE2_V3.3.0, X-CUBE-BLEMGR_V4.2.0, X-CUBE-EEPRMA1_V5.2.0, X-CUBE-FREERTOS_V1.6.0, X-CUBE-GNSS1_V7.1.1, X-CUBE-MEMS1_V13.0.0, X-CUBE-NFC4_V3.0.0, X-CUBE-NFC7_V2.0.0, X-CUBE-SFXS2LP1_V4.0.0, X-CUBE-ST67W61_V1.3.0, X-CUBE-SUBG2_V5.0.0, X-CUBE-TOF1_V3.4.3]
2026-08-28 10:49:46,439 [INFO] ApiDb:240 - Found 880 in-development CPN: [B-G473E-ZEST1S, B-WB1M-WPAN1, B-WBA5M-WPAN, B-WL5M-SUBG1, NUCLEO-C031C6, NUCLEO-C051C8, NUCLEO-C071RB, NUCLEO-C092RC, NUCLEO-H503RB, NUCLEO-H533RE, NUCLEO-H563ZI, NUCLEO-H7S3L8, NUCLEO-N657X0-Q, NUCLEO-U031R8, NUCLEO-U083RC, NUCLEO-U385RG-Q, NUCLEO-U545RE-Q, NUCLEO-U5A5ZJ-Q, NUCLEO-WB05KZ, NUCLEO-WB07CC, NUCLEO-WB09KE, NUCLEO-WBA52CG, NUCLEO-WBA55CG, NUCLEO-WL33CC1, NUCLEO-WL33CC2, STEVAL-PROTEUS1, STEVAL-SMARTAG2, STEVAL-STWINBX1, STM320518-EVAL, STM32C0116-DK, STM32C011D6Y3TR, STM32C011D6Y6TR, STM32C011F4P3, STM32C011F4P6, STM32C011F4U3, STM32C011F4U6TR, STM32C011F6P3, STM32C011F6P6, STM32C011F6U3, STM32C011F6U6TR, STM32C011J4M3, STM32C011J4M6, STM32C011J6M3, STM32C011J6M6, STM32C0316-DK, STM32C031C4T3, STM32C031C4T6, STM32C031C4U3, STM32C031C4U6, STM32C031C6T3, STM32C031C6T6, STM32C031C6U3, STM32C031C6U6, STM32C031F4P3, STM32C031F4P6, STM32C031F6P3, STM32C031F6P6, STM32C031G4U3, STM32C031G4U6, STM32C031G6U3, STM32C031G6U6, STM32C031K4T3, STM32C031K4T6, STM32C031K4U3, STM32C031K4U6, STM32C031K6T3, STM32C031K6T6, STM32C031K6U3, STM32C031K6U6, STM32C051C6T6, STM32C051C6U6, STM32C051C8T6, STM32C051C8U6, STM32C051D8Y6TR, STM32C051F6P6, STM32C051F8P6, STM32C051G6U6, STM32C051G8U6, STM32C051K6T6, STM32C051K6U6, STM32C051K8T6, STM32C071C8T6, STM32C071C8T6N, STM32C071C8U6, STM32C071C8U6N, STM32C071CBT6, STM32C071CBT6N, STM32C071CBU6, STM32C071CBU6N, STM32C071F8P6, STM32C071F8P6N, STM32C071FBP6, STM32C071FBP6N, STM32C071FBY6TR, STM32C071G8U6, STM32C071G8U6N, STM32C071GBU6, STM32C071GBU6N, STM32C071K8T6, STM32C071K8T6N, STM32C071K8U6, STM32C071K8U6N, STM32C071KBT6, STM32C071KBT6N, STM32C071KBU6, STM32C071KBU6N, STM32C071R8T6, STM32C071R8T6N, STM32C071RBI6N, STM32C071RBT6, STM32C071RBT6N, STM32C091CBT6, STM32C091CBU6, STM32C091CCT6, STM32C091CCU6, STM32C091ECY6TR, STM32C091FBP6, STM32C091FCP6, STM32C091GBU6, STM32C091GCU6, STM32C091KBT6, STM32C091KBU6, STM32C091KCT6, STM32C091KCU6, STM32C091RBT6, STM32C091RCI6, STM32C091RCT6, STM32C092CBT6, STM32C092CBU6, STM32C092CCT6, STM32C092CCU6, STM32C092ECY6TR, STM32C092FBP6, STM32C092FCP6, STM32C092GBU6, STM32C092GCU6, STM32C092KBT6, STM32C092KBU6, STM32C092KCT6, STM32C092KCU6, STM32C092RBT6, STM32C092RCI6, STM32C092RCT6, STM32G071K8TXN, STM32G071K8UXN, STM32G081GBU6N, STM32G081KBT6N, STM32G081KBUXN, STM32G0B1CCT6N, STM32G0B1KCT6, STM32G0B1NEY6TR, STM32G0B1RCT6N, STM32G0C1CCT6, STM32G0C1CCT6N, STM32G0C1CCU6N, STM32G0C1CET6N, STM32G0C1CEU6N, STM32G0C1KCT6, STM32G0C1NEY6TR, STM32G0C1RCI6N, STM32G0C1RCT6N, STM32G0C1REI6N, STM32G0C1RET6N, STM32G0C1VCI6, STM32G0C1VEI6, STM32G411C6T3, STM32G411C6T6, STM32G411C6U3, STM32G411C6U6, STM32G411C8T3, STM32G411C8T6, STM32G411C8U3, STM32G411C8U6, STM32G411CBT3, STM32G411CBT6, STM32G411CBU3, STM32G411CBU6, STM32G411K6T3, STM32G411K6T6, STM32G411K6U3, STM32G411K6U6, STM32G411K8T3, STM32G411K8T6, STM32G411K8U3, STM32G411K8U6, STM32G411KBT3, STM32G411KBT6, STM32G411KBU3, STM32G411KBU6, STM32G411M6T3, STM32G411M6T6, STM32G411M8T3, STM32G411M8T6, STM32G411MBT3, STM32G411MBT6, STM32G411R6T3, STM32G411R6T6, STM32G411R8T3, STM32G411R8T6, STM32G411RBT3, STM32G411RBT6, STM32G414CBT3, STM32G414CBT6, STM32G414CBU3, STM32G414CBU6, STM32G414CCT3, STM32G414CCT6, STM32G414CCU3, STM32G414CCU6, STM32G414MBT3, STM32G414MBT6, STM32G414MCT3, STM32G414MCT6, STM32G414RBT3, STM32G414RBT6, STM32G414RCT3, STM32G414RCT6, STM32G414VBT3, STM32G414VBT6, STM32G414VCT3, STM32G414VCT6, STM32G431CBT3Z, STM32G431RBT3Z, STM32G471CCT6, STM32G471CCU6, STM32G471CET3, STM32G471CET6, STM32G471CEU3, STM32G471CEU6, STM32G471MCT6, STM32G471MET3, STM32G471MET6, STM32G471MEY6TR, STM32G471QCT6, STM32G471QET3, STM32G471RCT6, STM32G471RET3, STM32G471RET6, STM32G471VCH6, STM32G471VCI6, STM32G471VCT6, STM32G471VEH3, STM32G471VEH6, STM32G471VEI3, STM32G471VEI6, STM32G471VET3, STM32G471VET6, STM32G473QET3Z, STM32G473RET3Z, STM32G474CCT6, STM32G491RET3Z, STM32H503CBT6, STM32H503CBU6, STM32H503EBY6TR, STM32H503KBU6, STM32H503RBT6, STM32H523CCT6, STM32H523CCU6, STM32H523CET6, STM32H523CEU6, STM32H523HEY6TR, STM32H523RCT6, STM32H523RET6, STM32H523VCI6, STM32H523VCT6, STM32H523VEI6, STM32H523VET6, STM32H523ZCJ6, STM32H523ZCT6, STM32H523ZEJ6, STM32H523ZET6, STM32H533CET6, STM32H533CEU6, STM32H533HEY6TR, STM32H533RET6, STM32H533VEI6, STM32H533VET6, STM32H533ZEJ6, STM32H533ZET6, STM32H562AGI6, STM32H562AII6, STM32H562IGK6, STM32H562IGT6, STM32H562IIK6, STM32H562IIT6, STM32H562RGT6, STM32H562RGV6, STM32H562RIT6, STM32H562RIV6, STM32H562VGT6, STM32H562VIT6, STM32H562ZGT6, STM32H562ZIT6, STM32H563AGI6, STM32H563AII3Q, STM32H563AII6, STM32H563IGK6, STM32H563IGT6, STM32H563IIK3Q, STM32H563IIK6, STM32H563IIT3Q, STM32H563IIT6, STM32H563MIY3QTR, STM32H563RGT6, STM32H563RGV6, STM32H563RIT6, STM32H563RIV6, STM32H563VGT6, STM32H563VIT3Q, STM32H563VIT6, STM32H563ZGT6, STM32H563ZIT3Q, STM32H563ZIT6, STM32H573AII3Q, STM32H573AII6, STM32H573I-DK, STM32H573IIK3Q, STM32H573IIK6, STM32H573IIT3Q, STM32H573IIT6, STM32H573MIY3QTR, STM32H573RIT6, STM32H573RIV6, STM32H573VIT3Q, STM32H573VIT6, STM32H573ZIT3Q, STM32H573ZIT6, STM32H7R3A8I6, STM32H7R3I8K6, STM32H7R3I8T6, STM32H7R3L8H6, STM32H7R3L8H6H, STM32H7R3R8V6, STM32H7R3V8H6, STM32H7R3V8T6, STM32H7R3V8Y6TR, STM32H7R3Z8J6, STM32H7R3Z8T6, STM32H7R7A8I6, STM32H7R7I8K6, STM32H7R7I8T6, STM32H7R7L8H6, STM32H7R7L8H6H, STM32H7R7Z8J6, STM32H7S3A8I6, STM32H7S3I8K6, STM32H7S3I8T6, STM32H7S3L8H6, STM32H7S3L8H6H, STM32H7S3R8V6, STM32H7S3V8H6, STM32H7S3V8T6, STM32H7S3V8Y6TR, STM32H7S3Z8J6, STM32H7S3Z8T6, STM32H7S78-DK, STM32H7S7A8I6, STM32H7S7I8K6, STM32H7S7I8T6, STM32H7S7L8H6, STM32H7S7L8H6H, STM32H7S7Z8J6, STM32L4R5QGI6STR, STM32MP131AAE3, STM32MP131AAF3, STM32MP131AAG3, STM32MP131CAE3, STM32MP131CAF3, STM32MP131CAG3, STM32MP131DAE7, STM32MP131DAF7, STM32MP131DAG7, STM32MP131FAE7, STM32MP131FAF7, STM32MP131FAG7, STM32MP133AAE3, STM32MP133AAF3, STM32MP133AAG3, STM32MP133CAE3, STM32MP133CAF3, STM32MP133CAG3, STM32MP133DAE7, STM32MP133DAF7, STM32MP133DAG7, STM32MP133FAE7, STM32MP133FAF7, STM32MP133FAG7, STM32MP135AAE3, STM32MP135AAF3, STM32MP135AAG3, STM32MP135CAE3, STM32MP135CAF3, STM32MP135CAG3, STM32MP135DAE7, STM32MP135DAF7, STM32MP135DAG7, STM32MP135F-DK, STM32MP135FAE7, STM32MP135FAF7, STM32MP135FAF7T, STM32MP135FAF7U, STM32MP135FAG7, STM32MP211AAL3, STM32MP211AAM3, STM32MP211AAN3, STM32MP211AAO3, STM32MP211CAL3, STM32MP211CAM3, STM32MP211CAN3, STM32MP211CAO3, STM32MP211DAL3, STM32MP211DAM3, STM32MP211DAN3, STM32MP211DAO3, STM32MP211FAL3, STM32MP211FAM3, STM32MP211FAN3, STM32MP211FAO3, STM32MP213AAL3, STM32MP213AAM3, STM32MP213AAN3, STM32MP213AAO3, STM32MP213CAL3, STM32MP213CAM3, STM32MP213CAN3, STM32MP213CAO3, STM32MP213DAL3, STM32MP213DAM3, STM32MP213DAN3, STM32MP213DAO3, STM32MP213FAL3, STM32MP213FAM3, STM32MP213FAN3, STM32MP213FAO3, STM32MP215AAL3, STM32MP215AAM3, STM32MP215AAN3, STM32MP215AAO3, STM32MP215CAL3, STM32MP215CAM3, STM32MP215CAN3, STM32MP215CAO3, STM32MP215DAL3, STM32MP215DAM3, STM32MP215DAN3, STM32MP215DAO3, STM32MP215F-DK, STM32MP215FAL3, STM32MP215FAM3, STM32MP215FAN3, STM32MP215FAO3, STM32MP231AAJ3, STM32MP231AAK3, STM32MP231AAL3, STM32MP231CAJ3, STM32MP231CAK3, STM32MP231CAL3, STM32MP231DAJ3, STM32MP231DAK3, STM32MP231DAL3, STM32MP231FAJ3, STM32MP231FAK3, STM32MP231FAL3, STM32MP233AAJ3, STM32MP233AAK3, STM32MP233AAL3, STM32MP233CAJ3, STM32MP233CAK3, STM32MP233CAL3, STM32MP233DAJ3, STM32MP233DAK3, STM32MP233DAL3, STM32MP233FAJ3, STM32MP233FAK3, STM32MP233FAL3, STM32MP235AAJ3, STM32MP235AAK3, STM32MP235AAL3, STM32MP235CAJ3, STM32MP235CAK3, STM32MP235CAL3, STM32MP235DAJ3, STM32MP235DAK3, STM32MP235DAL3, STM32MP235FAJ3, STM32MP235FAK3, STM32MP235FAL3, STM32MP251AAI3, STM32MP251AAK3, STM32MP251AAL3, STM32MP251CAI3, STM32MP251CAK3, STM32MP251CAL3, STM32MP251DAI3, STM32MP251DAK3, STM32MP251DAL3, STM32MP251FAI3, STM32MP251FAK3, STM32MP251FAL3, STM32MP253AAI3, STM32MP253AAK3, STM32MP253AAL3, STM32MP253CAI3, STM32MP253CAK3, STM32MP253CAL3, STM32MP253DAI3, STM32MP253DAK3, STM32MP253DAL3, STM32MP253FAI3, STM32MP253FAK3, STM32MP253FAL3, STM32MP255AAI3, STM32MP255AAK3, STM32MP255AAL3, STM32MP255CAI3, STM32MP255CAK3, STM32MP255CAL3, STM32MP255DAI3, STM32MP255DAK3, STM32MP255DAL3, STM32MP255FAI3, STM32MP255FAK3, STM32MP255FAL3, STM32MP257AAI3, STM32MP257AAK3, STM32MP257AAL3, STM32MP257CAI3, STM32MP257CAK3, STM32MP257CAL3, STM32MP257DAI3, STM32MP257DAK3, STM32MP257DAL3, STM32MP257F-DK, STM32MP257F-EV1, STM32MP257FAI3, STM32MP257FAK3, STM32MP257FAL3, STM32N645A0H3Q, STM32N645B0H3Q, STM32N645I0H3Q, STM32N645L0H3Q, STM32N645X0H3Q, STM32N645Z0H3Q, STM32N647A0H3Q, STM32N647B0H3Q, STM32N647I0H3Q, STM32N647L0H3Q, STM32N647X0H3Q, STM32N647Z0H3Q, STM32N655A0H3Q, STM32N655B0H3Q, STM32N655I0H3Q, STM32N655L0H3Q, STM32N655X0H3Q, STM32N655Z0H3Q, STM32N6570-DK, STM32N657A0H3Q, STM32N657B0H3Q, STM32N657I0H3Q, STM32N657L0H3Q, STM32N657X0H3Q, STM32N657Z0H3Q, STM32U031C6T6, STM32U031C6U6, STM32U031C8T6, STM32U031C8U6, STM32U031F4P6, STM32U031F6P6, STM32U031F8P6, STM32U031G6Y6TR, STM32U031G8Y6TR, STM32U031K4U6, STM32U031K6U6, STM32U031K8U6, STM32U031R6I6, STM32U031R6T6, STM32U031R8I6, STM32U031R8T6, STM32U073C8T6, STM32U073C8U6, STM32U073CBT6, STM32U073CBU6, STM32U073CCT6, STM32U073CCU6, STM32U073H8Y6TR, STM32U073HBY6TR, STM32U073HCY6TR, STM32U073K8U6, STM32U073KBU6, STM32U073KCU6, STM32U073M8I6, STM32U073M8T6, STM32U073MBI6, STM32U073MBT6, STM32U073MCI6, STM32U073MCT6, STM32U073R8I6, STM32U073R8T6, STM32U073RBI6, STM32U073RBT6, STM32U073RCI6, STM32U073RCT6, STM32U083C-DK, STM32U083CCT6, STM32U083CCU6, STM32U083HCY6TR, STM32U083KCU6, STM32U083MCI6, STM32U083MCT6, STM32U083RCI6, STM32U083RCT6, STM32U375CET6, STM32U375CET6Q, STM32U375CEU6, STM32U375CEU6Q, STM32U375CEY6QTR, STM32U375CGT6, STM32U375CGT6Q, STM32U375CGU6, STM32U375CGU6Q, STM32U375CGY6QTR, STM32U375KEU6, STM32U375KGU6, STM32U375REI6, STM32U375REI6Q, STM32U375RET6, STM32U375RET6Q, STM32U375REY6GTR, STM32U375REY6QTR, STM32U375RGI6, STM32U375RGI6Q, STM32U375RGT6, STM32U375RGT6Q, STM32U375RGY6GTR, STM32U375RGY6QTR, STM32U375VEI6, STM32U375VEI6Q, STM32U375VET6, STM32U375VET6Q, STM32U375VGI6, STM32U375VGI6Q, STM32U375VGT6, STM32U375VGT6Q, STM32U385CGT6, STM32U385CGT6Q, STM32U385CGU6, STM32U385CGU6Q, STM32U385CGY6QTR, STM32U385KGU6, STM32U385RGI6, STM32U385RGI6Q, STM32U385RGT6, STM32U385RGT6Q, STM32U385RGY6GTR, STM32U385RGY6QTR, STM32U385VGI6, STM32U385VGI6Q, STM32U385VGT6, STM32U385VGT6Q, STM32U535CBT6, STM32U535CBT6Q, STM32U535CBU6, STM32U535CBU6Q, STM32U535CCT6, STM32U535CCT6Q, STM32U535CCU6, STM32U535CCU6Q, STM32U535CET6, STM32U535CET6Q, STM32U535CEU6, STM32U535CEU6Q, STM32U535JEY6QTR, STM32U535NCY6QTR, STM32U535NEY6QTR, STM32U535RBI6, STM32U535RBI6Q, STM32U535RBT6, STM32U535RBT6Q, STM32U535RCI6, STM32U535RCI6Q, STM32U535RCT6, STM32U535RCT6Q, STM32U535REI6, STM32U535REI6Q, STM32U535RET6, STM32U535RET6Q, STM32U535VCI6, STM32U535VCI6Q, STM32U535VCT6, STM32U535VCT6Q, STM32U535VEI6, STM32U535VEI6Q, STM32U535VET6, STM32U535VET6Q, STM32U545CET6, STM32U545CET6Q, STM32U545CEU6, STM32U545CEU6Q, STM32U545JEY6QTR, STM32U545NEY6QTR, STM32U545REI6, STM32U545REI6Q, STM32U545RET6, STM32U545RET6Q, STM32U545VEI6, STM32U545VEI6Q, STM32U545VET6, STM32U545VET6Q, STM32U595AIH6, STM32U595AIH6Q, STM32U595AJH6, STM32U595AJH6Q, STM32U595QII6, STM32U595QII6Q, STM32U595QJI6, STM32U595QJI6Q, STM32U595RIT6, STM32U595RIT6Q, STM32U595RJT6, STM32U595RJT6Q, STM32U595VIT6, STM32U595VIT6Q, STM32U595VJT6, STM32U595VJT6Q, STM32U595ZIT6, STM32U595ZIT6Q, STM32U595ZIY6QTR, STM32U595ZJT6, STM32U595ZJT6Q, STM32U595ZJY6QTR, STM32U599BJY6QTR, STM32U599NIH6Q, STM32U599NJH6Q, STM32U599VIT6Q, STM32U599VJT6, STM32U599VJT6Q, STM32U599ZIT6Q, STM32U599ZIY6QTR, STM32U599ZJT6Q, STM32U599ZJY6QTR, STM32U5A5AJH6, STM32U5A5AJH6Q, STM32U5A5QII3Q , STM32U5A5QJI6, STM32U5A5QJI6Q, STM32U5A5RJT6, STM32U5A5RJT6Q, STM32U5A5VJT6, STM32U5A5VJT6Q, STM32U5A5ZJT6, STM32U5A5ZJT6Q, STM32U5A5ZJY6QTR, STM32U5A9BJY6QTR, STM32U5A9J-DK, STM32U5A9NJH6Q, STM32U5A9VJT6Q, STM32U5A9ZJT6Q, STM32U5A9ZJY6QTR, STM32U5F7VIT6, STM32U5F7VIT6Q, STM32U5F7VJT6, STM32U5F7VJT6Q, STM32U5F9BJY6QTR, STM32U5F9NJH6Q, STM32U5F9VIT6Q, STM32U5F9VJT6Q, STM32U5F9ZIJ6QTR, STM32U5F9ZIT6Q, STM32U5F9ZJJ6QTR, STM32U5F9ZJT6Q, STM32U5G7VJT6, STM32U5G7VJT6Q, STM32U5G9BJY6QTR, STM32U5G9J-DK1, STM32U5G9J-DK2, STM32U5G9NJH6Q, STM32U5G9VJT6Q, STM32U5G9ZJJ6QTR, STM32U5G9ZJT6Q, STM32WB05KZV6TR, STM32WB05KZV7TR, STM32WB05TZF6TR, STM32WB05TZF7TR, STM32WB06CCF6TR, STM32WB06CCF7TR, STM32WB06CCV6TR, STM32WB06CCV7TR, STM32WB06KCV6TR, STM32WB06KCV7TR, STM32WB07CCF6TR, STM32WB07CCF7TR, STM32WB07CCV6TR, STM32WB07CCV7TR, STM32WB07KCV6TR, STM32WB07KCV7TR, STM32WB09KEV6TR, STM32WB09KEV7TR, STM32WB09TEF6TR, STM32WB09TEF7TR, STM32WB1MMCH6, STM32WBA50KGU6, STM32WBA50KGU6TR, STM32WBA52CEU6, STM32WBA52CEU6TR, STM32WBA52CEU7, STM32WBA52CEU7TR, STM32WBA52CGU6, STM32WBA52CGU6TR, STM32WBA52CGU6U, STM32WBA52CGU7, STM32WBA52CGU7TR, STM32WBA52KEU6, STM32WBA52KEU6TR, STM32WBA52KGU6, STM32WBA52KGU6TR, STM32WBA54CEU6, STM32WBA54CEU6TR, STM32WBA54CEU7, STM32WBA54CEU7TR, STM32WBA54CGU6, STM32WBA54CGU6TR, STM32WBA54CGU7, STM32WBA54CGU7TR, STM32WBA54KEU6, STM32WBA54KEU6TR, STM32WBA54KEU7, STM32WBA54KEU7TR, STM32WBA54KGU6, STM32WBA54KGU6TR, STM32WBA54KGU7, STM32WBA54KGU7TR, STM32WBA55CEU6, STM32WBA55CEU6TR, STM32WBA55CEU7, STM32WBA55CEU7TR, STM32WBA55CGU6, STM32WBA55CGU6TR, STM32WBA55CGU6U, STM32WBA55CGU7, STM32WBA55CGU7TR, STM32WBA55G-DK1, STM32WBA55HEF6, STM32WBA55HEF7, STM32WBA55HGF6, STM32WBA55HGF7, STM32WBA55UEI6, STM32WBA55UEI6TR, STM32WBA55UEI7, STM32WBA55UEI7TR, STM32WBA55UGI6, STM32WBA55UGI6TR, STM32WBA55UGI7, STM32WBA55UGI7TR, STM32WBA5MMGH6TR, STM32WBA62MGF6, STM32WBA62MIF6, STM32WBA65MGF7, STM32WBA65MIF6, STM32WBA65MIF7, STM32WL30K8V6, STM32WL30KBV6, STM32WL31C8V6, STM32WL31CBV6, STM32WL31K8V6, STM32WL31KBV6, STM32WL33C8V6, STM32WL33C8V6X, STM32WL33CBV6, STM32WL33CBV6X, STM32WL33CCV6, STM32WL33CCV6A, STM32WL33CCV6X, STM32WL33K8V7, STM32WL33K8V7X, STM32WL33KBV7 , STM32WL33KBV7X, STM32WL33KCV7, STM32WL33KCV7X, STM32WL5MOCH6, STM32WL5MOCH6TR]
2026-08-28 10:49:46,444 [INFO] DbMcus:218 - Found 5314 MCUs, 5126 are supported
2026-08-28 10:49:46,444 [INFO] ApiDb:423 - Load user favorites file C:\Users\Student/.stm32cubeide/favorites.mcus.txt: 0 item(s)
2026-08-28 10:49:46,444 [INFO] ApiDb:427 - User favorites MCUs=[]
2026-08-28 10:49:46,444 [INFO] DbMcus:224 - Set 0 / 0 favorites MCUs
2026-08-28 10:49:46,933 [INFO] ApiDb:448 - Save user favorites file C:\Users\Student/.stm32cubeide/favorites.boards.txt: 0 item(s)
2026-08-28 10:49:46,934 [INFO] ApiDb:452 - User favorites Boards=[]
2026-08-28 10:49:46,935 [INFO] ApiDb:581 - Connected to CubeFinder SQLite database (C:\Users\Student\.stmcufinder\plugins\mcufinder\mcu\cube-finder-db.db)
2026-08-28 10:49:47,009 [INFO] ApiDb:668 - CubeFinder database Data Model version=2.1
2026-08-28 10:49:47,009 [INFO] ApiDb:669 - CubeFinder database Configuration version=3.0.42
2026-08-28 10:49:47,009 [INFO] ApiDb:670 - CubeFinder database generation date=2026-08-04 (1785840812)
2026-08-28 10:49:47,009 [INFO] ApiDb:671 - CubeFinder database FW Pack versions=[FP-ATR-ASTRA1_V2.0.0, FP-SNS-FLIGHT1_V5.1.0, FP-SNS-MOTENV1_V5.1.0, FP-SNS-MOTENVWB1_V1.5.0, FP-SNS-SMARTAG2_V1.2.0, FP-SNS-STBOX1_V2.1.0, STM32Cube_FW_C0_V1.4.1, STM32Cube_FW_F4_V1.28.3, STM32Cube_FW_F7_V1.17.4, STM32Cube_FW_G0_V1.6.3, STM32Cube_FW_G4_V1.6.2, STM32Cube_FW_H5_V1.7.0, STM32Cube_FW_H7RS_V1.3.0, STM32Cube_FW_H7_V1.13.0, STM32Cube_FW_L0_V1.12.2, STM32Cube_FW_L4_V1.18.2, STM32Cube_FW_L5_V1.6.0, STM32Cube_FW_N6_V1.4.0, STM32Cube_FW_U0_V1.3.0, STM32Cube_FW_U3_V1.4.0, STM32Cube_FW_U5_V1.9.0, STM32Cube_FW_WB0_V1.5.0, STM32Cube_FW_WBA_V1.10.0, STM32Cube_FW_WB_V1.24.0, STM32Cube_FW_WL3_V1.5.0, STM32Cube_FW_WL_V1.6.0, X-CUBE-ALGOBUILD_V1.5.0, X-CUBE-ALS_V1.0.2, X-CUBE-AZRTOS-F4_V1.1.0, X-CUBE-AZRTOS-F7_V1.1.0, X-CUBE-AZRTOS-G0_V1.1.0, X-CUBE-AZRTOS-G4_V2.0.0, X-CUBE-AZRTOS-H7RS_V1.3.0, X-CUBE-AZRTOS-H7_V3.5.0, X-CUBE-AZRTOS-L4_V2.0.0, X-CUBE-AZRTOS-L5_V2.0.0, X-CUBE-AZRTOS-WB_V2.0.0, X-CUBE-AZRTOS-WL_V2.0.0, X-CUBE-BLE1_V7.1.0, X-CUBE-BLE2_V3.3.0, X-CUBE-BLEMGR_V4.2.0, X-CUBE-EEPRMA1_V5.2.0, X-CUBE-FREERTOS_V1.6.0, X-CUBE-GNSS1_V7.1.1, X-CUBE-MEMS1_V13.0.0, X-CUBE-NFC4_V3.0.0, X-CUBE-NFC7_V2.0.0, X-CUBE-SFXS2LP1_V4.0.0, X-CUBE-ST67W61_V1.3.0, X-CUBE-SUBG2_V5.0.0, X-CUBE-TOF1_V3.4.3]
2026-08-28 10:49:47,053 [INFO] DbBoardsSqlite:226 - include board P-NUCLEO-WB55-NUCLEO as a kit item of type 'Nucleo-64'
2026-08-28 10:49:47,053 [INFO] DbBoardsSqlite:226 - include board P-NUCLEO-WB55-USBDONGLE as a kit item of type 'Nucleo USB Dongle'
2026-08-28 10:49:47,054 [INFO] DbBoardsSqlite:226 - include board STEVAL-IDP005V1 as a kit item of type 'Evaluation Board'
2026-08-28 10:49:47,054 [INFO] DbBoardsSqlite:226 - include board STEVAL-IDP005V2 as a kit item of type 'Evaluation Board'
2026-08-28 10:49:47,122 [INFO] ApiDb:240 - Found 880 in-development CPN: [B-G473E-ZEST1S, B-WB1M-WPAN1, B-WBA5M-WPAN, B-WL5M-SUBG1, NUCLEO-C031C6, NUCLEO-C051C8, NUCLEO-C071RB, NUCLEO-C092RC, NUCLEO-H503RB, NUCLEO-H533RE, NUCLEO-H563ZI, NUCLEO-H7S3L8, NUCLEO-N657X0-Q, NUCLEO-U031R8, NUCLEO-U083RC, NUCLEO-U385RG-Q, NUCLEO-U545RE-Q, NUCLEO-U5A5ZJ-Q, NUCLEO-WB05KZ, NUCLEO-WB07CC, NUCLEO-WB09KE, NUCLEO-WBA52CG, NUCLEO-WBA55CG, NUCLEO-WL33CC1, NUCLEO-WL33CC2, STEVAL-PROTEUS1, STEVAL-SMARTAG2, STEVAL-STWINBX1, STM320518-EVAL, STM32C0116-DK, STM32C011D6Y3TR, STM32C011D6Y6TR, STM32C011F4P3, STM32C011F4P6, STM32C011F4U3, STM32C011F4U6TR, STM32C011F6P3, STM32C011F6P6, STM32C011F6U3, STM32C011F6U6TR, STM32C011J4M3, STM32C011J4M6, STM32C011J6M3, STM32C011J6M6, STM32C0316-DK, STM32C031C4T3, STM32C031C4T6, STM32C031C4U3, STM32C031C4U6, STM32C031C6T3, STM32C031C6T6, STM32C031C6U3, STM32C031C6U6, STM32C031F4P3, STM32C031F4P6, STM32C031F6P3, STM32C031F6P6, STM32C031G4U3, STM32C031G4U6, STM32C031G6U3, STM32C031G6U6, STM32C031K4T3, STM32C031K4T6, STM32C031K4U3, STM32C031K4U6, STM32C031K6T3, STM32C031K6T6, STM32C031K6U3, STM32C031K6U6, STM32C051C6T6, STM32C051C6U6, STM32C051C8T6, STM32C051C8U6, STM32C051D8Y6TR, STM32C051F6P6, STM32C051F8P6, STM32C051G6U6, STM32C051G8U6, STM32C051K6T6, STM32C051K6U6, STM32C051K8T6, STM32C071C8T6, STM32C071C8T6N, STM32C071C8U6, STM32C071C8U6N, STM32C071CBT6, STM32C071CBT6N, STM32C071CBU6, STM32C071CBU6N, STM32C071F8P6, STM32C071F8P6N, STM32C071FBP6, STM32C071FBP6N, STM32C071FBY6TR, STM32C071G8U6, STM32C071G8U6N, STM32C071GBU6, STM32C071GBU6N, STM32C071K8T6, STM32C071K8T6N, STM32C071K8U6, STM32C071K8U6N, STM32C071KBT6, STM32C071KBT6N, STM32C071KBU6, STM32C071KBU6N, STM32C071R8T6, STM32C071R8T6N, STM32C071RBI6N, STM32C071RBT6, STM32C071RBT6N, STM32C091CBT6, STM32C091CBU6, STM32C091CCT6, STM32C091CCU6, STM32C091ECY6TR, STM32C091FBP6, STM32C091FCP6, STM32C091GBU6, STM32C091GCU6, STM32C091KBT6, STM32C091KBU6, STM32C091KCT6, STM32C091KCU6, STM32C091RBT6, STM32C091RCI6, STM32C091RCT6, STM32C092CBT6, STM32C092CBU6, STM32C092CCT6, STM32C092CCU6, STM32C092ECY6TR, STM32C092FBP6, STM32C092FCP6, STM32C092GBU6, STM32C092GCU6, STM32C092KBT6, STM32C092KBU6, STM32C092KCT6, STM32C092KCU6, STM32C092RBT6, STM32C092RCI6, STM32C092RCT6, STM32G071K8TXN, STM32G071K8UXN, STM32G081GBU6N, STM32G081KBT6N, STM32G081KBUXN, STM32G0B1CCT6N, STM32G0B1KCT6, STM32G0B1NEY6TR, STM32G0B1RCT6N, STM32G0C1CCT6, STM32G0C1CCT6N, STM32G0C1CCU6N, STM32G0C1CET6N, STM32G0C1CEU6N, STM32G0C1KCT6, STM32G0C1NEY6TR, STM32G0C1RCI6N, STM32G0C1RCT6N, STM32G0C1REI6N, STM32G0C1RET6N, STM32G0C1VCI6, STM32G0C1VEI6, STM32G411C6T3, STM32G411C6T6, STM32G411C6U3, STM32G411C6U6, STM32G411C8T3, STM32G411C8T6, STM32G411C8U3, STM32G411C8U6, STM32G411CBT3, STM32G411CBT6, STM32G411CBU3, STM32G411CBU6, STM32G411K6T3, STM32G411K6T6, STM32G411K6U3, STM32G411K6U6, STM32G411K8T3, STM32G411K8T6, STM32G411K8U3, STM32G411K8U6, STM32G411KBT3, STM32G411KBT6, STM32G411KBU3, STM32G411KBU6, STM32G411M6T3, STM32G411M6T6, STM32G411M8T3, STM32G411M8T6, STM32G411MBT3, STM32G411MBT6, STM32G411R6T3, STM32G411R6T6, STM32G411R8T3, STM32G411R8T6, STM32G411RBT3, STM32G411RBT6, STM32G414CBT3, STM32G414CBT6, STM32G414CBU3, STM32G414CBU6, STM32G414CCT3, STM32G414CCT6, STM32G414CCU3, STM32G414CCU6, STM32G414MBT3, STM32G414MBT6, STM32G414MCT3, STM32G414MCT6, STM32G414RBT3, STM32G414RBT6, STM32G414RCT3, STM32G414RCT6, STM32G414VBT3, STM32G414VBT6, STM32G414VCT3, STM32G414VCT6, STM32G431CBT3Z, STM32G431RBT3Z, STM32G471CCT6, STM32G471CCU6, STM32G471CET3, STM32G471CET6, STM32G471CEU3, STM32G471CEU6, STM32G471MCT6, STM32G471MET3, STM32G471MET6, STM32G471MEY6TR, STM32G471QCT6, STM32G471QET3, STM32G471RCT6, STM32G471RET3, STM32G471RET6, STM32G471VCH6, STM32G471VCI6, STM32G471VCT6, STM32G471VEH3, STM32G471VEH6, STM32G471VEI3, STM32G471VEI6, STM32G471VET3, STM32G471VET6, STM32G473QET3Z, STM32G473RET3Z, STM32G474CCT6, STM32G491RET3Z, STM32H503CBT6, STM32H503CBU6, STM32H503EBY6TR, STM32H503KBU6, STM32H503RBT6, STM32H523CCT6, STM32H523CCU6, STM32H523CET6, STM32H523CEU6, STM32H523HEY6TR, STM32H523RCT6, STM32H523RET6, STM32H523VCI6, STM32H523VCT6, STM32H523VEI6, STM32H523VET6, STM32H523ZCJ6, STM32H523ZCT6, STM32H523ZEJ6, STM32H523ZET6, STM32H533CET6, STM32H533CEU6, STM32H533HEY6TR, STM32H533RET6, STM32H533VEI6, STM32H533VET6, STM32H533ZEJ6, STM32H533ZET6, STM32H562AGI6, STM32H562AII6, STM32H562IGK6, STM32H562IGT6, STM32H562IIK6, STM32H562IIT6, STM32H562RGT6, STM32H562RGV6, STM32H562RIT6, STM32H562RIV6, STM32H562VGT6, STM32H562VIT6, STM32H562ZGT6, STM32H562ZIT6, STM32H563AGI6, STM32H563AII3Q, STM32H563AII6, STM32H563IGK6, STM32H563IGT6, STM32H563IIK3Q, STM32H563IIK6, STM32H563IIT3Q, STM32H563IIT6, STM32H563MIY3QTR, STM32H563RGT6, STM32H563RGV6, STM32H563RIT6, STM32H563RIV6, STM32H563VGT6, STM32H563VIT3Q, STM32H563VIT6, STM32H563ZGT6, STM32H563ZIT3Q, STM32H563ZIT6, STM32H573AII3Q, STM32H573AII6, STM32H573I-DK, STM32H573IIK3Q, STM32H573IIK6, STM32H573IIT3Q, STM32H573IIT6, STM32H573MIY3QTR, STM32H573RIT6, STM32H573RIV6, STM32H573VIT3Q, STM32H573VIT6, STM32H573ZIT3Q, STM32H573ZIT6, STM32H7R3A8I6, STM32H7R3I8K6, STM32H7R3I8T6, STM32H7R3L8H6, STM32H7R3L8H6H, STM32H7R3R8V6, STM32H7R3V8H6, STM32H7R3V8T6, STM32H7R3V8Y6TR, STM32H7R3Z8J6, STM32H7R3Z8T6, STM32H7R7A8I6, STM32H7R7I8K6, STM32H7R7I8T6, STM32H7R7L8H6, STM32H7R7L8H6H, STM32H7R7Z8J6, STM32H7S3A8I6, STM32H7S3I8K6, STM32H7S3I8T6, STM32H7S3L8H6, STM32H7S3L8H6H, STM32H7S3R8V6, STM32H7S3V8H6, STM32H7S3V8T6, STM32H7S3V8Y6TR, STM32H7S3Z8J6, STM32H7S3Z8T6, STM32H7S78-DK, STM32H7S7A8I6, STM32H7S7I8K6, STM32H7S7I8T6, STM32H7S7L8H6, STM32H7S7L8H6H, STM32H7S7Z8J6, STM32L4R5QGI6STR, STM32MP131AAE3, STM32MP131AAF3, STM32MP131AAG3, STM32MP131CAE3, STM32MP131CAF3, STM32MP131CAG3, STM32MP131DAE7, STM32MP131DAF7, STM32MP131DAG7, STM32MP131FAE7, STM32MP131FAF7, STM32MP131FAG7, STM32MP133AAE3, STM32MP133AAF3, STM32MP133AAG3, STM32MP133CAE3, STM32MP133CAF3, STM32MP133CAG3, STM32MP133DAE7, STM32MP133DAF7, STM32MP133DAG7, STM32MP133FAE7, STM32MP133FAF7, STM32MP133FAG7, STM32MP135AAE3, STM32MP135AAF3, STM32MP135AAG3, STM32MP135CAE3, STM32MP135CAF3, STM32MP135CAG3, STM32MP135DAE7, STM32MP135DAF7, STM32MP135DAG7, STM32MP135F-DK, STM32MP135FAE7, STM32MP135FAF7, STM32MP135FAF7T, STM32MP135FAF7U, STM32MP135FAG7, STM32MP211AAL3, STM32MP211AAM3, STM32MP211AAN3, STM32MP211AAO3, STM32MP211CAL3, STM32MP211CAM3, STM32MP211CAN3, STM32MP211CAO3, STM32MP211DAL3, STM32MP211DAM3, STM32MP211DAN3, STM32MP211DAO3, STM32MP211FAL3, STM32MP211FAM3, STM32MP211FAN3, STM32MP211FAO3, STM32MP213AAL3, STM32MP213AAM3, STM32MP213AAN3, STM32MP213AAO3, STM32MP213CAL3, STM32MP213CAM3, STM32MP213CAN3, STM32MP213CAO3, STM32MP213DAL3, STM32MP213DAM3, STM32MP213DAN3, STM32MP213DAO3, STM32MP213FAL3, STM32MP213FAM3, STM32MP213FAN3, STM32MP213FAO3, STM32MP215AAL3, STM32MP215AAM3, STM32MP215AAN3, STM32MP215AAO3, STM32MP215CAL3, STM32MP215CAM3, STM32MP215CAN3, STM32MP215CAO3, STM32MP215DAL3, STM32MP215DAM3, STM32MP215DAN3, STM32MP215DAO3, STM32MP215F-DK, STM32MP215FAL3, STM32MP215FAM3, STM32MP215FAN3, STM32MP215FAO3, STM32MP231AAJ3, STM32MP231AAK3, STM32MP231AAL3, STM32MP231CAJ3, STM32MP231CAK3, STM32MP231CAL3, STM32MP231DAJ3, STM32MP231DAK3, STM32MP231DAL3, STM32MP231FAJ3, STM32MP231FAK3, STM32MP231FAL3, STM32MP233AAJ3, STM32MP233AAK3, STM32MP233AAL3, STM32MP233CAJ3, STM32MP233CAK3, STM32MP233CAL3, STM32MP233DAJ3, STM32MP233DAK3, STM32MP233DAL3, STM32MP233FAJ3, STM32MP233FAK3, STM32MP233FAL3, STM32MP235AAJ3, STM32MP235AAK3, STM32MP235AAL3, STM32MP235CAJ3, STM32MP235CAK3, STM32MP235CAL3, STM32MP235DAJ3, STM32MP235DAK3, STM32MP235DAL3, STM32MP235FAJ3, STM32MP235FAK3, STM32MP235FAL3, STM32MP251AAI3, STM32MP251AAK3, STM32MP251AAL3, STM32MP251CAI3, STM32MP251CAK3, STM32MP251CAL3, STM32MP251DAI3, STM32MP251DAK3, STM32MP251DAL3, STM32MP251FAI3, STM32MP251FAK3, STM32MP251FAL3, STM32MP253AAI3, STM32MP253AAK3, STM32MP253AAL3, STM32MP253CAI3, STM32MP253CAK3, STM32MP253CAL3, STM32MP253DAI3, STM32MP253DAK3, STM32MP253DAL3, STM32MP253FAI3, STM32MP253FAK3, STM32MP253FAL3, STM32MP255AAI3, STM32MP255AAK3, STM32MP255AAL3, STM32MP255CAI3, STM32MP255CAK3, STM32MP255CAL3, STM32MP255DAI3, STM32MP255DAK3, STM32MP255DAL3, STM32MP255FAI3, STM32MP255FAK3, STM32MP255FAL3, STM32MP257AAI3, STM32MP257AAK3, STM32MP257AAL3, STM32MP257CAI3, STM32MP257CAK3, STM32MP257CAL3, STM32MP257DAI3, STM32MP257DAK3, STM32MP257DAL3, STM32MP257F-DK, STM32MP257F-EV1, STM32MP257FAI3, STM32MP257FAK3, STM32MP257FAL3, STM32N645A0H3Q, STM32N645B0H3Q, STM32N645I0H3Q, STM32N645L0H3Q, STM32N645X0H3Q, STM32N645Z0H3Q, STM32N647A0H3Q, STM32N647B0H3Q, STM32N647I0H3Q, STM32N647L0H3Q, STM32N647X0H3Q, STM32N647Z0H3Q, STM32N655A0H3Q, STM32N655B0H3Q, STM32N655I0H3Q, STM32N655L0H3Q, STM32N655X0H3Q, STM32N655Z0H3Q, STM32N6570-DK, STM32N657A0H3Q, STM32N657B0H3Q, STM32N657I0H3Q, STM32N657L0H3Q, STM32N657X0H3Q, STM32N657Z0H3Q, STM32U031C6T6, STM32U031C6U6, STM32U031C8T6, STM32U031C8U6, STM32U031F4P6, STM32U031F6P6, STM32U031F8P6, STM32U031G6Y6TR, STM32U031G8Y6TR, STM32U031K4U6, STM32U031K6U6, STM32U031K8U6, STM32U031R6I6, STM32U031R6T6, STM32U031R8I6, STM32U031R8T6, STM32U073C8T6, STM32U073C8U6, STM32U073CBT6, STM32U073CBU6, STM32U073CCT6, STM32U073CCU6, STM32U073H8Y6TR, STM32U073HBY6TR, STM32U073HCY6TR, STM32U073K8U6, STM32U073KBU6, STM32U073KCU6, STM32U073M8I6, STM32U073M8T6, STM32U073MBI6, STM32U073MBT6, STM32U073MCI6, STM32U073MCT6, STM32U073R8I6, STM32U073R8T6, STM32U073RBI6, STM32U073RBT6, STM32U073RCI6, STM32U073RCT6, STM32U083C-DK, STM32U083CCT6, STM32U083CCU6, STM32U083HCY6TR, STM32U083KCU6, STM32U083MCI6, STM32U083MCT6, STM32U083RCI6, STM32U083RCT6, STM32U375CET6, STM32U375CET6Q, STM32U375CEU6, STM32U375CEU6Q, STM32U375CEY6QTR, STM32U375CGT6, STM32U375CGT6Q, STM32U375CGU6, STM32U375CGU6Q, STM32U375CGY6QTR, STM32U375KEU6, STM32U375KGU6, STM32U375REI6, STM32U375REI6Q, STM32U375RET6, STM32U375RET6Q, STM32U375REY6GTR, STM32U375REY6QTR, STM32U375RGI6, STM32U375RGI6Q, STM32U375RGT6, STM32U375RGT6Q, STM32U375RGY6GTR, STM32U375RGY6QTR, STM32U375VEI6, STM32U375VEI6Q, STM32U375VET6, STM32U375VET6Q, STM32U375VGI6, STM32U375VGI6Q, STM32U375VGT6, STM32U375VGT6Q, STM32U385CGT6, STM32U385CGT6Q, STM32U385CGU6, STM32U385CGU6Q, STM32U385CGY6QTR, STM32U385KGU6, STM32U385RGI6, STM32U385RGI6Q, STM32U385RGT6, STM32U385RGT6Q, STM32U385RGY6GTR, STM32U385RGY6QTR, STM32U385VGI6, STM32U385VGI6Q, STM32U385VGT6, STM32U385VGT6Q, STM32U535CBT6, STM32U535CBT6Q, STM32U535CBU6, STM32U535CBU6Q, STM32U535CCT6, STM32U535CCT6Q, STM32U535CCU6, STM32U535CCU6Q, STM32U535CET6, STM32U535CET6Q, STM32U535CEU6, STM32U535CEU6Q, STM32U535JEY6QTR, STM32U535NCY6QTR, STM32U535NEY6QTR, STM32U535RBI6, STM32U535RBI6Q, STM32U535RBT6, STM32U535RBT6Q, STM32U535RCI6, STM32U535RCI6Q, STM32U535RCT6, STM32U535RCT6Q, STM32U535REI6, STM32U535REI6Q, STM32U535RET6, STM32U535RET6Q, STM32U535VCI6, STM32U535VCI6Q, STM32U535VCT6, STM32U535VCT6Q, STM32U535VEI6, STM32U535VEI6Q, STM32U535VET6, STM32U535VET6Q, STM32U545CET6, STM32U545CET6Q, STM32U545CEU6, STM32U545CEU6Q, STM32U545JEY6QTR, STM32U545NEY6QTR, STM32U545REI6, STM32U545REI6Q, STM32U545RET6, STM32U545RET6Q, STM32U545VEI6, STM32U545VEI6Q, STM32U545VET6, STM32U545VET6Q, STM32U595AIH6, STM32U595AIH6Q, STM32U595AJH6, STM32U595AJH6Q, STM32U595QII6, STM32U595QII6Q, STM32U595QJI6, STM32U595QJI6Q, STM32U595RIT6, STM32U595RIT6Q, STM32U595RJT6, STM32U595RJT6Q, STM32U595VIT6, STM32U595VIT6Q, STM32U595VJT6, STM32U595VJT6Q, STM32U595ZIT6, STM32U595ZIT6Q, STM32U595ZIY6QTR, STM32U595ZJT6, STM32U595ZJT6Q, STM32U595ZJY6QTR, STM32U599BJY6QTR, STM32U599NIH6Q, STM32U599NJH6Q, STM32U599VIT6Q, STM32U599VJT6, STM32U599VJT6Q, STM32U599ZIT6Q, STM32U599ZIY6QTR, STM32U599ZJT6Q, STM32U599ZJY6QTR, STM32U5A5AJH6, STM32U5A5AJH6Q, STM32U5A5QII3Q , STM32U5A5QJI6, STM32U5A5QJI6Q, STM32U5A5RJT6, STM32U5A5RJT6Q, STM32U5A5VJT6, STM32U5A5VJT6Q, STM32U5A5ZJT6, STM32U5A5ZJT6Q, STM32U5A5ZJY6QTR, STM32U5A9BJY6QTR, STM32U5A9J-DK, STM32U5A9NJH6Q, STM32U5A9VJT6Q, STM32U5A9ZJT6Q, STM32U5A9ZJY6QTR, STM32U5F7VIT6, STM32U5F7VIT6Q, STM32U5F7VJT6, STM32U5F7VJT6Q, STM32U5F9BJY6QTR, STM32U5F9NJH6Q, STM32U5F9VIT6Q, STM32U5F9VJT6Q, STM32U5F9ZIJ6QTR, STM32U5F9ZIT6Q, STM32U5F9ZJJ6QTR, STM32U5F9ZJT6Q, STM32U5G7VJT6, STM32U5G7VJT6Q, STM32U5G9BJY6QTR, STM32U5G9J-DK1, STM32U5G9J-DK2, STM32U5G9NJH6Q, STM32U5G9VJT6Q, STM32U5G9ZJJ6QTR, STM32U5G9ZJT6Q, STM32WB05KZV6TR, STM32WB05KZV7TR, STM32WB05TZF6TR, STM32WB05TZF7TR, STM32WB06CCF6TR, STM32WB06CCF7TR, STM32WB06CCV6TR, STM32WB06CCV7TR, STM32WB06KCV6TR, STM32WB06KCV7TR, STM32WB07CCF6TR, STM32WB07CCF7TR, STM32WB07CCV6TR, STM32WB07CCV7TR, STM32WB07KCV6TR, STM32WB07KCV7TR, STM32WB09KEV6TR, STM32WB09KEV7TR, STM32WB09TEF6TR, STM32WB09TEF7TR, STM32WB1MMCH6, STM32WBA50KGU6, STM32WBA50KGU6TR, STM32WBA52CEU6, STM32WBA52CEU6TR, STM32WBA52CEU7, STM32WBA52CEU7TR, STM32WBA52CGU6, STM32WBA52CGU6TR, STM32WBA52CGU6U, STM32WBA52CGU7, STM32WBA52CGU7TR, STM32WBA52KEU6, STM32WBA52KEU6TR, STM32WBA52KGU6, STM32WBA52KGU6TR, STM32WBA54CEU6, STM32WBA54CEU6TR, STM32WBA54CEU7, STM32WBA54CEU7TR, STM32WBA54CGU6, STM32WBA54CGU6TR, STM32WBA54CGU7, STM32WBA54CGU7TR, STM32WBA54KEU6, STM32WBA54KEU6TR, STM32WBA54KEU7, STM32WBA54KEU7TR, STM32WBA54KGU6, STM32WBA54KGU6TR, STM32WBA54KGU7, STM32WBA54KGU7TR, STM32WBA55CEU6, STM32WBA55CEU6TR, STM32WBA55CEU7, STM32WBA55CEU7TR, STM32WBA55CGU6, STM32WBA55CGU6TR, STM32WBA55CGU6U, STM32WBA55CGU7, STM32WBA55CGU7TR, STM32WBA55G-DK1, STM32WBA55HEF6, STM32WBA55HEF7, STM32WBA55HGF6, STM32WBA55HGF7, STM32WBA55UEI6, STM32WBA55UEI6TR, STM32WBA55UEI7, STM32WBA55UEI7TR, STM32WBA55UGI6, STM32WBA55UGI6TR, STM32WBA55UGI7, STM32WBA55UGI7TR, STM32WBA5MMGH6TR, STM32WBA62MGF6, STM32WBA62MIF6, STM32WBA65MGF7, STM32WBA65MIF6, STM32WBA65MIF7, STM32WL30K8V6, STM32WL30KBV6, STM32WL31C8V6, STM32WL31CBV6, STM32WL31K8V6, STM32WL31KBV6, STM32WL33C8V6, STM32WL33C8V6X, STM32WL33CBV6, STM32WL33CBV6X, STM32WL33CCV6, STM32WL33CCV6A, STM32WL33CCV6X, STM32WL33K8V7, STM32WL33K8V7X, STM32WL33KBV7 , STM32WL33KBV7X, STM32WL33KCV7, STM32WL33KCV7X, STM32WL5MOCH6, STM32WL5MOCH6TR]
2026-08-28 10:49:47,253 [INFO] BoardInfo:889 - No configuration file found for board NUCLEO-H553ZG
2026-08-28 10:49:47,255 [INFO] DbBoards:161 - Board is not supported: NUCLEO-H553ZG
2026-08-28 10:49:47,258 [INFO] BoardInfo:889 - No configuration file found for board NUCLEO-H5E5ZJ
2026-08-28 10:49:47,260 [INFO] DbBoards:161 - Board is not supported: NUCLEO-H5E5ZJ
2026-08-28 10:49:47,338 [INFO] BoardInfo:889 - No configuration file found for board NUCLEO-U3C5ZI-Q
2026-08-28 10:49:47,339 [INFO] DbBoards:161 - Board is not supported: NUCLEO-U3C5ZI-Q
2026-08-28 10:49:47,380 [INFO] BoardInfo:889 - No configuration file found for board NUCLEO-WBA25CE1
2026-08-28 10:49:47,382 [INFO] DbBoards:161 - Board is not supported: NUCLEO-WBA25CE1
2026-08-28 10:49:47,395 [INFO] BoardInfo:889 - No configuration file found for board NUCLEO-WL3RKB1
2026-08-28 10:49:47,396 [INFO] DbBoards:161 - Board is not supported: NUCLEO-WL3RKB1
2026-08-28 10:49:47,397 [INFO] BoardInfo:889 - No configuration file found for board NUCLEO-WL3RKB2
2026-08-28 10:49:47,399 [INFO] DbBoards:161 - Board is not supported: NUCLEO-WL3RKB2
2026-08-28 10:49:47,410 [INFO] BoardInfo:889 - No configuration file found for board P-NUCLEO-WB55
2026-08-28 10:49:47,411 [INFO] DbBoards:161 - Kit is not supported: P-NUCLEO-WB55
2026-08-28 10:49:47,420 [INFO] BoardInfo:889 - No configuration file found for board STEVAL-BFA001V1B
2026-08-28 10:49:47,421 [INFO] DbBoards:161 - Kit is not supported: STEVAL-BFA001V1B
2026-08-28 10:49:47,423 [INFO] BoardInfo:889 - No configuration file found for board STEVAL-BFA001V2B
2026-08-28 10:49:47,424 [INFO] DbBoards:161 - Kit is not supported: STEVAL-BFA001V2B
2026-08-28 10:49:47,569 [INFO] BoardInfo:889 - No configuration file found for board STM32H5F5J-DK
2026-08-28 10:49:47,570 [INFO] DbBoards:161 - Board is not supported: STM32H5F5J-DK
2026-08-28 10:49:47,683 [INFO] DbBoards:168 - Found 219 boards, 209 are supported
2026-08-28 10:49:47,684 [INFO] DbBoards:169 - Found 219 boards, 43 of them is supported for  Bsp
2026-08-28 10:49:47,686 [INFO] ApiDb:423 - Load user favorites file C:\Users\Student/.stm32cubeide/favorites.boards.txt: 0 item(s)
2026-08-28 10:49:47,687 [INFO] ApiDb:427 - User favorites Boards=[]
2026-08-28 10:49:47,687 [INFO] DbBoards:198 - Set 0 / 0 favorites Boards
2026-08-28 10:49:47,687 [ERROR] TargetSelectorAdapter:267 - Unable to refresh data
2026-08-28 10:49:47,735 [INFO] McuFinderGlobals:76 - Set McuFinderConnectedMode to true
2026-08-28 10:49:47,736 [INFO] MultiScanPanel:200 - Auto-refresh data requested => check proxy status ongoing
2026-08-28 10:49:47,737 [INFO] FinderPluginLoader:96 - Searching for filters in installed packs
2026-08-28 10:49:49,737 [INFO] LoadUrlFilesThread:185 - End of LoadServerUrlFiles without Thread
2026-08-28 10:49:49,737 [INFO] DetailPanel:341 - Set advertising image to C:/Users/Student/STM32Cube/Repository/\en.stm32h5cubemxbanner.png
2026-08-28 10:49:58,075 [INFO] MultiScanPanel:200 - Auto-refresh data requested => check proxy status ongoing
2026-08-28 10:49:58,128 [INFO] LoadUrlFilesThread:185 - End of LoadServerUrlFiles without Thread
2026-08-28 10:49:58,128 [INFO] DetailPanel:341 - Set advertising image to C:/Users/Student/STM32Cube/Repository/\en.stm32h5cubemxbanner.png
2026-08-28 10:49:58,134 [INFO] DbBoards:642 - Loading board mini-images...
2026-08-28 10:49:58,552 [ERROR] DbBoards:659 - Image file not found for board NUCLEO-H553ZG: C:\Users\Student\.stmcufinder\plugins\mcufinder//mcu//boards_images/NUCLEO-H553ZG.jpg
2026-08-28 10:50:00,177 [INFO] DbBoards:665 - Loaded 218 board mini-images
2026-08-28 10:51:20,717 [INFO] MainUpdater:2872 - connection check result : 10
2026-08-28 10:51:20,717 [INFO] MainUpdater:2872 - connection check result : 10
2026-08-28 10:51:20,733 [INFO] MicroXplorer:468 - Change Database Path : 
2026-08-28 10:51:20,733 [INFO] MicroXplorer:498 - Change Database Version : DB.6.0.150
2026-08-28 10:51:20,775 [ERROR] ProjectManagerView:395 - 
java.lang.NullPointerException: Cannot invoke "javax.swing.JTextField.getText()" because the return value of "java.util.List.get(int)" is null
	at com.st.microxplorer.plugins.projectmanager.gui.ProjectChoiceTab$9.caretUpdate(ProjectChoiceTab.java:2706) ~[filemanager.jar:?]
	at javax.swing.text.JTextComponent.fireCaretUpdate(JTextComponent.java:408) ~[?:?]
	at javax.swing.text.JTextComponent$MutableCaretEvent.fire(JTextComponent.java:4484) ~[?:?]
	at javax.swing.text.JTextComponent$MutableCaretEvent.stateChanged(JTextComponent.java:4506) ~[?:?]
	at javax.swing.text.DefaultCaret.fireStateChanged(DefaultCaret.java:857) ~[?:?]
	at javax.swing.text.DefaultCaret.changeCaretPosition(DefaultCaret.java:1343) ~[?:?]
	at javax.swing.text.DefaultCaret.handleSetDot(DefaultCaret.java:1242) ~[?:?]
	at javax.swing.text.DefaultCaret.setDot(DefaultCaret.java:1223) ~[?:?]
	at javax.swing.text.DefaultCaret$Handler.insertUpdate(DefaultCaret.java:1819) ~[?:?]
	at javax.swing.text.AbstractDocument.fireInsertUpdate(AbstractDocument.java:227) ~[?:?]
	at javax.swing.text.AbstractDocument.handleInsertString(AbstractDocument.java:781) ~[?:?]
	at javax.swing.text.AbstractDocument.insertString(AbstractDocument.java:740) ~[?:?]
	at javax.swing.text.PlainDocument.insertString(PlainDocument.java:131) ~[?:?]
	at javax.swing.text.AbstractDocument.replace(AbstractDocument.java:699) ~[?:?]
	at javax.swing.text.JTextComponent.setText(JTextComponent.java:1725) ~[?:?]
	at com.st.microxplorer.plugins.projectmanager.gui.ProjectChoiceTab.createHeapStackFields(ProjectChoiceTab.java:993) ~[filemanager.jar:?]
	at com.st.microxplorer.plugins.projectmanager.gui.ProjectChoiceTab.buildLinkSettingsPanel(ProjectChoiceTab.java:3813) ~[filemanager.jar:?]
	at com.st.microxplorer.plugins.projectmanager.gui.ProjectChoiceTab.defineWindowsFields(ProjectChoiceTab.java:1987) ~[filemanager.jar:?]
	at com.st.microxplorer.plugins.projectmanager.gui.ProjectChoiceTab.updateSettings(ProjectChoiceTab.java:558) ~[filemanager.jar:?]
	at com.st.microxplorer.plugins.projectmanager.gui.ProjectSettingsPanel.UpdateDialog(ProjectSettingsPanel.java:247) ~[filemanager.jar:?]
	at com.st.microxplorer.plugins.projectmanager.ProjectManagerView.propertyChange(ProjectManagerView.java:392) ~[filemanager.jar:?]
	at java.beans.PropertyChangeSupport.fire(PropertyChangeSupport.java:343) ~[?:?]
	at java.beans.PropertyChangeSupport.firePropertyChange(PropertyChangeSupport.java:335) ~[?:?]
	at java.beans.PropertyChangeSupport.firePropertyChange(PropertyChangeSupport.java:268) ~[?:?]
	at com.st.microxplorer.util.MXPropertyChangeSupport.firePropertyChange(MXPropertyChangeSupport.java:54) ~[STM32CubeMX.jar:?]
	at com.st.microxplorer.mxsystem.MxSystem.closeConfig(MxSystem.java:899) ~[STM32CubeMX.jar:?]
	at com.st.microxplorer.maingui.MainPanel.closeConfig(MainPanel.java:792) ~[STM32CubeMX.jar:?]
	at com.st.microxplorer.plugins.filemanager.engine.OpenFileManager.loadConfigurationFile(OpenFileManager.java:288) ~[filemanager.jar:?]
	at com.st.microxplorer.plugins.filemanager.engine.MainFileManager.userLoadConfig(MainFileManager.java:364) ~[filemanager.jar:?]
	at com.st.microxplorer.plugins.filemanager.engine.MainFileManager.userLoadConfig(MainFileManager.java:342) ~[filemanager.jar:?]
	at com.st.microxplorer.plugins.filemanager.FileManagerView.getSpecificTask(FileManagerView.java:264) ~[filemanager.jar:?]
	at com.st.stm32cube.common.mx.editor.CubeMxEditor.getMxTabbedPaneInstance(CubeMxEditor.java:1198) ~[com.st.stm32cube.common.mx_6.15.0.202507011659/:?]
	at com.st.stm32cube.common.mx.editor.CubeMxEditor$12$1.createSwingComponent(CubeMxEditor.java:1068) ~[com.st.stm32cube.common.mx_6.15.0.202507011659/:?]
	at com.st.stm32cube.common.mx.oss.core.awtswtbridge.EmbeddedSwingComposite.doComponentCreation(EmbeddedSwingComposite.java:492) ~[com.st.stm32cube.common.mx.oss_6.15.0.202507011659/:?]
	at com.st.stm32cube.common.mx.oss.core.awtswtbridge.EmbeddedSwingComposite$4.run(EmbeddedSwingComposite.java:291) ~[com.st.stm32cube.common.mx.oss_6.15.0.202507011659/:?]
	at com.st.stm32cube.common.mx.oss.core.awtswtbridge.AwtEnvironment$2.run(AwtEnvironment.java:166) ~[com.st.stm32cube.common.mx.oss_6.15.0.202507011659/:?]
	at java.awt.event.InvocationEvent.dispatch(InvocationEvent.java:318) ~[?:?]
	at java.awt.EventQueue.dispatchEventImpl(EventQueue.java:773) ~[?:?]
	at java.awt.EventQueue$4.run(EventQueue.java:720) ~[?:?]
	at java.awt.EventQueue$4.run(EventQueue.java:714) ~[?:?]
	at java.security.AccessController.doPrivileged(AccessController.java:400) ~[?:?]
	at java.security.ProtectionDomain$JavaSecurityAccessImpl.doIntersectionPrivilege(ProtectionDomain.java:87) ~[?:?]
	at java.awt.EventQueue.dispatchEvent(EventQueue.java:742) ~[?:?]
	at java.awt.EventDispatchThread.pumpOneEventForFilters(EventDispatchThread.java:203) ~[?:?]
	at java.awt.EventDispatchThread.pumpEventsForFilter(EventDispatchThread.java:124) ~[?:?]
	at java.awt.EventDispatchThread.pumpEventsForHierarchy(EventDispatchThread.java:113) ~[?:?]
	at java.awt.EventDispatchThread.pumpEvents(EventDispatchThread.java:109) ~[?:?]
	at java.awt.EventDispatchThread.pumpEvents(EventDispatchThread.java:101) ~[?:?]
	at java.awt.EventDispatchThread.run(EventDispatchThread.java:90) ~[?:?]
2026-08-28 10:51:20,776 [WARN] ThirdParty:871 - waiting for thirdparty lock release [close project]
2026-08-28 10:51:20,777 [INFO] ThirdParty:873 - entering critical section [close project]
2026-08-28 10:51:20,777 [INFO] ThirdParty:883 - exiting critical section [close project]
2026-08-28 10:51:20,778 [INFO] PinOutPanel:1589 - setPackage(No Configuration,No Configuration)
2026-08-28 10:51:20,782 [INFO] UtilMem:75 - Begin LoadConfig() Used Memory: 1000079896 Bytes (1073741824)
2026-08-28 10:51:20,782 [INFO] MicroXplorer:468 - Change Database Path : 
2026-08-28 10:51:20,782 [INFO] MicroXplorer:498 - Change Database Version : DB.6.0.150
2026-08-28 10:51:20,783 [INFO] OpenFileManager:355 - Change cursor
2026-08-28 10:51:20,813 [INFO] RulesReader:64 - Compatibility file has been processed (317 Rules)
2026-08-28 10:51:20,850 [INFO] Mcu:2029 - Initializing MCU STM32L4S5VITx STM32L4S5VITx STM32L4S5VIT6
2026-08-28 10:51:23,334 [INFO] Context:786 - Trying to add GPIOservice into a context  which must be forbidden
2026-08-28 10:51:24,047 [INFO] ImportTextPane:234 - (OptionalMessage_ERROR) Unable to find key (Mcu.ThirdPartyNb) in loaded IOC file
2026-08-28 10:51:24,047 [INFO] ImportTextPane:234 - (OptionalMessage_ERROR) Unable to find key (Mcu.PinsNb) in loaded IOC file
2026-08-28 10:51:24,048 [INFO] ImportTextPane:234 - (OptionalMessage_ERROR) Pin0 (VP_RIF_VS_RIF1) cannot be retrieved for this MCU
2026-08-28 10:51:24,048 [INFO] ImportTextPane:234 - (OptionalMessage_ERROR) Unable to find key (Mcu.IPNb) in loaded IOC file
2026-08-28 10:51:24,068 [WARN] ModelIntegratedComponent:63 - No mode defined for component null
2026-08-28 10:51:24,068 [WARN] ModelIntegratedComponent:63 - No mode defined for component null
2026-08-28 10:51:24,068 [WARN] ModelIntegratedComponent:63 - No mode defined for component null
2026-08-28 10:51:24,068 [WARN] ModelIntegratedComponent:63 - No mode defined for component null
2026-08-28 10:51:24,068 [WARN] ModelIntegratedComponent:63 - No mode defined for component null
2026-08-28 10:51:24,069 [WARN] ModelIntegratedComponent:63 - No mode defined for component null
2026-08-28 10:51:24,069 [WARN] ModelIntegratedComponent:63 - No mode defined for component null
2026-08-28 10:51:24,069 [WARN] ModelIntegratedComponent:63 - No mode defined for component null
2026-08-28 10:51:24,069 [WARN] ModelIntegratedComponent:63 - No mode defined for component null
2026-08-28 10:51:24,069 [WARN] ModelIntegratedComponent:63 - No mode defined for component null
2026-08-28 10:51:24,069 [WARN] ModelIntegratedComponent:63 - No mode defined for component null
2026-08-28 10:51:24,069 [WARN] ModelIntegratedComponent:63 - No mode defined for component null
2026-08-28 10:51:24,069 [WARN] ModelIntegratedComponent:63 - No mode defined for component null
2026-08-28 10:51:24,069 [WARN] ModelIntegratedComponent:63 - No mode defined for component null
2026-08-28 10:51:24,069 [WARN] ModelIntegratedComponent:63 - No mode defined for component null
2026-08-28 10:51:24,069 [WARN] ModelIntegratedComponent:63 - No mode defined for component null
2026-08-28 10:51:24,069 [WARN] ModelIntegratedComponent:63 - No mode defined for component null
2026-08-28 10:51:24,069 [WARN] ModelIntegratedComponent:63 - No mode defined for component null
2026-08-28 10:51:24,069 [WARN] ModelIntegratedComponent:63 - No mode defined for component null
2026-08-28 10:51:24,069 [WARN] ModelIntegratedComponent:63 - No mode defined for component null
2026-08-28 10:51:24,070 [WARN] ModelIntegratedComponent:63 - No mode defined for component null
2026-08-28 10:51:24,070 [WARN] ModelIntegratedComponent:63 - No mode defined for component null
2026-08-28 10:51:24,070 [WARN] ModelIntegratedComponent:63 - No mode defined for component null
2026-08-28 10:51:24,070 [WARN] ModelIntegratedComponent:63 - No mode defined for component null
2026-08-28 10:51:24,070 [WARN] ModelIntegratedComponent:63 - No mode defined for component null
2026-08-28 10:51:24,070 [WARN] ModelIntegratedComponent:63 - No mode defined for component null
2026-08-28 10:51:24,070 [WARN] ModelIntegratedComponent:63 - No mode defined for component null
2026-08-28 10:51:24,070 [WARN] ModelIntegratedComponent:63 - No mode defined for component null
2026-08-28 10:51:24,070 [WARN] ModelIntegratedComponent:63 - No mode defined for component null
2026-08-28 10:51:24,070 [WARN] ModelIntegratedComponent:63 - No mode defined for component null
2026-08-28 10:51:24,070 [WARN] ModelIntegratedComponent:63 - No mode defined for component null
2026-08-28 10:51:24,070 [WARN] ModelIntegratedComponent:63 - No mode defined for component null
2026-08-28 10:51:24,070 [WARN] ModelIntegratedComponent:63 - No mode defined for component null
2026-08-28 10:51:24,070 [WARN] ModelIntegratedComponent:63 - No mode defined for component null
2026-08-28 10:51:24,070 [WARN] ModelIntegratedComponent:63 - No mode defined for component null
2026-08-28 10:51:24,070 [WARN] ModelPack:524 - Component already loaded: STMicroelectronics:HAL Drivers:0.0.0:STMicroelectronics:Device:STMicro_Driver:XSPI:HAL::0.0.1:HAL_XSPI
2026-08-28 10:51:24,072 [INFO] RtosManager:558 - Registered RTOS mode: class=CMSIS, group=RTOS, mode=CMSIS_V1, owner=FREERTOS
2026-08-28 10:51:24,072 [INFO] RtosManager:558 - Registered RTOS mode: class=CMSIS, group=RTOS2, mode=CMSIS_V2, owner=FREERTOS
2026-08-28 10:51:24,073 [INFO] RtosManager:558 - Registered RTOS mode: class=RTOS, group=Core, mode=CMSIS_V1, owner=FREERTOS
2026-08-28 10:51:24,073 [INFO] RtosManager:558 - Registered RTOS mode: class=RTOS, group=Core, mode=CMSIS_V2, owner=FREERTOS
2026-08-28 10:51:24,073 [WARN] ModelIntegratedComponent:184 - Missing modes for component STMicroelectronics:FreeRTOS:0.0.1:STMicroelectronics:RTOS:FreeRTOS:Core:::10.2.0:
2026-08-28 10:51:24,075 [INFO] ThirdPartyModel:298 - Start build external matchings
2026-08-28 10:51:24,078 [INFO] ThirdPartyModel:316 - End build external matchings
2026-08-28 10:51:24,366 [INFO] UtilMem:75 - End LoadConfig() Used Memory: 859885760 Bytes (1073741824)
2026-08-28 10:51:24,478 [WARN] ThirdParty:833 - waiting for thirdparty lock release [change project]
2026-08-28 10:51:24,478 [INFO] ThirdParty:835 - entering critical section [change project]
2026-08-28 10:51:24,478 [INFO] ThirdParty:1030 - CMSIS Pack Vendor :STMicroelectronics USBPD 4.1
2026-08-28 10:51:24,478 [INFO] ThirdParty:1030 - CMSIS Pack Vendor :STMicroelectronics X-CUBE-DISPLAY 3.0.0
2026-08-28 10:51:24,478 [INFO] ThirdParty:1030 - CMSIS Pack Vendor :STMicroelectronics USB_HOST 2.0.0
2026-08-28 10:51:24,478 [INFO] ThirdParty:1030 - CMSIS Pack Vendor :STMicroelectronics LIBJPEG 8.0.0
2026-08-28 10:51:24,478 [INFO] ThirdParty:1030 - CMSIS Pack Vendor :STMicroelectronics FP-ATR-SIGFOX1 3.2.0
2026-08-28 10:51:24,478 [INFO] ThirdParty:1030 - CMSIS Pack Vendor :STMicroelectronics X-CUBE-BLE1 7.1.0
2026-08-28 10:51:24,478 [INFO] ThirdParty:1030 - CMSIS Pack Vendor :STMicroelectronics USB_DEVICE 3.0.0
2026-08-28 10:51:24,478 [INFO] ThirdParty:1030 - CMSIS Pack Vendor :STMicroelectronics X-CUBE-ISPU 2.1.0
2026-08-28 10:51:24,478 [INFO] ThirdParty:1030 - CMSIS Pack Vendor :STMicroelectronics HAL Drivers 0.0.0
2026-08-28 10:51:24,478 [INFO] ThirdParty:1030 - CMSIS Pack Vendor :STMicroelectronics MBEDTLS 2.16.2
2026-08-28 10:51:24,478 [INFO] ThirdParty:1030 - CMSIS Pack Vendor :STMicroelectronics X-CUBE-ALS 1.0.2
2026-08-28 10:51:24,478 [INFO] ThirdParty:1030 - CMSIS Pack Vendor :STMicroelectronics MBEDTLS 2.14.1
2026-08-28 10:51:24,478 [INFO] ThirdParty:1030 - CMSIS Pack Vendor :STMicroelectronics USB_DEVICE 2.0.0
2026-08-28 10:51:24,479 [INFO] ThirdParty:1030 - CMSIS Pack Vendor :STMicroelectronics ThreadX 1.0.0
2026-08-28 10:51:24,479 [INFO] ThirdParty:1030 - CMSIS Pack Vendor :STMicroelectronics FP-SNS-SMARTAG2 1.2.0
2026-08-28 10:51:24,479 [INFO] ThirdParty:1030 - CMSIS Pack Vendor :STMicroelectronics FP-SNS-FLIGHT1 5.1.0
2026-08-28 10:51:24,479 [INFO] ThirdParty:1030 - CMSIS Pack Vendor :STMicroelectronics X-CUBE-DPower 1.3.0
2026-08-28 10:51:24,479 [INFO] ThirdParty:1030 - CMSIS Pack Vendor :STMicroelectronics FreeRTOS 0.0.1
2026-08-28 10:51:24,479 [INFO] ThirdParty:1030 - CMSIS Pack Vendor :STMicroelectronics USB_DEVICE 1.0.0
2026-08-28 10:51:24,479 [INFO] ThirdParty:1030 - CMSIS Pack Vendor :STMicroelectronics STM32_WPAN 1.0.0
2026-08-28 10:51:24,479 [INFO] ThirdParty:1030 - CMSIS Pack Vendor :STMicroelectronics ThreadX 0.0.2
2026-08-28 10:51:24,479 [INFO] ThirdParty:1030 - CMSIS Pack Vendor :STMicroelectronics lwIP 2.0.3
2026-08-28 10:51:24,479 [INFO] ThirdParty:1030 - CMSIS Pack Vendor :STMicroelectronics lwIP 2.1.2
2026-08-28 10:51:24,479 [INFO] ThirdParty:1030 - CMSIS Pack Vendor :STMicroelectronics X-CUBE-BLE2 3.3.0
2026-08-28 10:51:24,479 [INFO] ThirdParty:1030 - CMSIS Pack Vendor :STMicroelectronics USB_HOST 1.0.0
2026-08-28 10:51:24,479 [INFO] ThirdParty:1030 - CMSIS Pack Vendor :STMicroelectronics PDM2PCM 3.1.0
2026-08-28 10:51:24,479 [INFO] ThirdParty:1030 - CMSIS Pack Vendor :STMicroelectronics PDM2PCM 3.2.0
2026-08-28 10:51:24,479 [INFO] ThirdParty:1030 - CMSIS Pack Vendor :STMicroelectronics PDM2PCM 3.3.0
2026-08-28 10:51:24,479 [INFO] ThirdParty:841 - exiting critical section [change project]
2026-08-28 10:51:24,756 [INFO] PinOutPanel:1589 - setPackage(No Configuration,No Configuration)
2026-08-28 10:51:24,756 [INFO] PinOutPanel:1589 - setPackage(STM32L4S5VITx,LQFP100)
2026-08-28 10:51:25,127 [INFO] UtilMem:75 - Before build in PCC Used Memory: 862739640 Bytes (1073741824)
2026-08-28 10:51:25,556 [INFO] UtilMem:75 - After build in PCC Used Memory: 971793592 Bytes (1073741824)
2026-08-28 10:51:25,577 [INFO] IPUIPlugin:80 - create IPUIPlugin
2026-08-28 10:51:25,577 [INFO] IPUIPlugin:80 - create IPUIPlugin
2026-08-28 10:51:25,577 [INFO] IPUIPlugin:80 - create IPUIPlugin
2026-08-28 10:51:25,577 [INFO] IPUIPlugin:80 - create IPUIPlugin
2026-08-28 10:51:25,577 [INFO] IPUIPlugin:80 - create IPUIPlugin
2026-08-28 10:51:25,577 [INFO] IPUIPlugin:80 - create IPUIPlugin
2026-08-28 10:51:25,578 [INFO] IPUIPlugin:80 - create IPUIPlugin
2026-08-28 10:51:25,578 [INFO] IPUIPlugin:80 - create IPUIPlugin
2026-08-28 10:51:25,578 [INFO] IPUIPlugin:80 - create IPUIPlugin
2026-08-28 10:51:25,578 [INFO] IPUIPlugin:80 - create IPUIPlugin
2026-08-28 10:51:25,578 [INFO] IPUIPlugin:80 - create IPUIPlugin
2026-08-28 10:51:25,578 [INFO] IPUIPlugin:80 - create IPUIPlugin
2026-08-28 10:51:25,578 [INFO] IPUIPlugin:80 - create IPUIPlugin
2026-08-28 10:51:25,578 [INFO] IPUIPlugin:80 - create IPUIPlugin
2026-08-28 10:51:25,579 [INFO] IPUIPlugin:80 - create IPUIPlugin
2026-08-28 10:51:25,579 [INFO] IPUIPlugin:80 - create IPUIPlugin
2026-08-28 10:51:25,579 [INFO] IPUIPlugin:80 - create IPUIPlugin
2026-08-28 10:51:25,579 [INFO] IPUIPlugin:80 - create IPUIPlugin
2026-08-28 10:51:25,579 [INFO] IPUIPlugin:80 - create IPUIPlugin
2026-08-28 10:51:25,579 [INFO] IPUIPlugin:80 - create IPUIPlugin
2026-08-28 10:51:25,579 [INFO] IPUIPlugin:80 - create IPUIPlugin
2026-08-28 10:51:25,580 [INFO] IPUIPlugin:80 - create IPUIPlugin
2026-08-28 10:51:25,580 [INFO] IPUIPlugin:80 - create IPUIPlugin
2026-08-28 10:51:25,580 [INFO] IPUIPlugin:80 - create IPUIPlugin
2026-08-28 10:51:25,580 [INFO] IPUIPlugin:80 - create IPUIPlugin
2026-08-28 10:51:25,580 [INFO] IPUIPlugin:80 - create IPUIPlugin
2026-08-28 10:51:25,581 [INFO] IPUIPlugin:80 - create IPUIPlugin
2026-08-28 10:51:25,581 [INFO] IPUIPlugin:80 - create IPUIPlugin
2026-08-28 10:51:25,581 [INFO] IPUIPlugin:80 - create IPUIPlugin
2026-08-28 10:51:25,581 [INFO] IPUIPlugin:80 - create IPUIPlugin
2026-08-28 10:51:25,581 [INFO] IPUIPlugin:80 - create IPUIPlugin
2026-08-28 10:51:25,581 [INFO] IPUIPlugin:80 - create IPUIPlugin
2026-08-28 10:51:25,582 [INFO] IPUIPlugin:80 - create IPUIPlugin
2026-08-28 10:51:25,582 [INFO] IPUIPlugin:80 - create IPUIPlugin
2026-08-28 10:51:25,582 [INFO] IPUIPlugin:80 - create IPUIPlugin
2026-08-28 10:51:25,582 [INFO] IPUIPlugin:80 - create IPUIPlugin
2026-08-28 10:51:25,582 [INFO] IPUIPlugin:80 - create IPUIPlugin
2026-08-28 10:51:25,583 [INFO] IPUIPlugin:80 - create IPUIPlugin
2026-08-28 10:51:25,583 [INFO] IPUIPlugin:80 - create IPUIPlugin
2026-08-28 10:51:25,583 [INFO] IPUIPlugin:80 - create IPUIPlugin
2026-08-28 10:51:25,583 [INFO] IPUIPlugin:80 - create IPUIPlugin
2026-08-28 10:51:25,583 [INFO] IPUIPlugin:80 - create IPUIPlugin
2026-08-28 10:51:25,583 [INFO] IPUIPlugin:80 - create IPUIPlugin
2026-08-28 10:51:25,584 [INFO] IPUIPlugin:80 - create IPUIPlugin
2026-08-28 10:51:25,584 [INFO] IPUIPlugin:80 - create IPUIPlugin
2026-08-28 10:51:25,584 [INFO] IPUIPlugin:80 - create IPUIPlugin
2026-08-28 10:51:25,584 [INFO] IPUIPlugin:80 - create IPUIPlugin
2026-08-28 10:51:25,584 [INFO] IPUIPlugin:80 - create IPUIPlugin
2026-08-28 10:51:25,585 [INFO] IPUIPlugin:80 - create IPUIPlugin
2026-08-28 10:51:25,585 [INFO] IPUIPlugin:80 - create IPUIPlugin
2026-08-28 10:51:25,585 [INFO] IPUIPlugin:80 - create IPUIPlugin
2026-08-28 10:51:25,585 [INFO] IPUIPlugin:80 - create IPUIPlugin
2026-08-28 10:51:25,586 [INFO] IPUIPlugin:80 - create IPUIPlugin
2026-08-28 10:51:25,586 [INFO] IPUIPlugin:80 - create IPUIPlugin
2026-08-28 10:51:25,586 [INFO] IPUIPlugin:80 - create IPUIPlugin
2026-08-28 10:51:25,586 [INFO] IPUIPlugin:80 - create IPUIPlugin
2026-08-28 10:51:25,587 [INFO] IPUIPlugin:80 - create IPUIPlugin
2026-08-28 10:51:25,587 [INFO] IPUIPlugin:80 - create IPUIPlugin
2026-08-28 10:51:25,587 [INFO] IPUIPlugin:80 - create IPUIPlugin
2026-08-28 10:51:25,588 [INFO] IPUIPlugin:80 - create IPUIPlugin
2026-08-28 10:51:25,588 [INFO] IPUIPlugin:80 - create IPUIPlugin
2026-08-28 10:51:25,588 [INFO] IPUIPlugin:80 - create IPUIPlugin
2026-08-28 10:51:25,588 [INFO] IPUIPlugin:80 - create IPUIPlugin
2026-08-28 10:51:25,608 [INFO] CADModel:165 - CPN selected for project levelSTM32L4S5VIT6
2026-08-28 10:51:25,608 [INFO] CADModel:114 - Register for checkConnection events
2026-08-28 10:51:25,654 [INFO] OpenFileManager:386 - Restore cursor
2026-08-28 10:51:26,019 [INFO] UtilMem:75 - End SaveConfig() Used Memory: 816339776 Bytes (1073741824)
2026-08-28 10:51:26,071 [INFO] UtilMem:75 - End SaveConfig() Used Memory: 844354184 Bytes (1073741824)
2026-08-28 10:51:26,313 [INFO] BlockDiagram:2775 - set Specific Code input for plugin: RCC
2026-08-28 10:51:26,313 [INFO] BlockDiagram:2775 - set Specific Code input for plugin: NVIC
2026-08-28 10:51:26,315 [INFO] CodeGenerator:892 - code generatio: config db path: C:\ST\STM32CubeIDE_1.19.0\STM32CubeIDE\plugins\com.st.stm32cube.common.mx_6.15.0.202507011659\\db\
2026-08-28 10:51:26,393 [INFO] CodeEngine:265 - oldGeneratedFile, D:\tinyworkspace\tinyml\STM32\seconed 1\MXTmpFiles\license.tmp_save
2026-08-28 10:51:26,575 [INFO] CodeEngine:289 - Generated code: D:\tinyworkspace\tinyml\STM32\seconed 1\MXTmpFiles\license.tmp
2026-08-28 10:51:26,591 [INFO] CodeEngine:265 - oldGeneratedFile, D:\tinyworkspace\tinyml\STM32\seconed 1\Core\Src\stm32l4xx_it.c_save
2026-08-28 10:51:26,845 [INFO] CodeEngine:289 - Generated code: D:\tinyworkspace\tinyml\STM32\seconed 1\Core\Src\stm32l4xx_it.c
2026-08-28 10:51:26,851 [INFO] CodeEngine:265 - oldGeneratedFile, D:\tinyworkspace\tinyml\STM32\seconed 1\Core\Inc\stm32l4xx_it.h_save
2026-08-28 10:51:26,909 [INFO] CodeEngine:289 - Generated code: D:\tinyworkspace\tinyml\STM32\seconed 1\Core\Inc\stm32l4xx_it.h
2026-08-28 10:51:26,940 [INFO] CodeEngine:265 - oldGeneratedFile, D:\tinyworkspace\tinyml\STM32\seconed 1\Core\Src\stm32l4xx_hal_msp.c_save
2026-08-28 10:51:27,075 [INFO] CodeEngine:289 - Generated code: D:\tinyworkspace\tinyml\STM32\seconed 1\Core\Src\stm32l4xx_hal_msp.c
2026-08-28 10:51:27,081 [INFO] CodeEngine:265 - oldGeneratedFile, D:\tinyworkspace\tinyml\STM32\seconed 1\MXTmpFiles\system.tmp_save
2026-08-28 10:51:27,133 [INFO] CodeEngine:289 - Generated code: D:\tinyworkspace\tinyml\STM32\seconed 1\MXTmpFiles\system.tmp
2026-08-28 10:51:27,148 [INFO] CodeEngine:321 - oldGeneratedFile, D:\tinyworkspace\tinyml\STM32\seconed 1\Core\Inc\stm32l4xx_hal_conf.h_save
2026-08-28 10:51:27,287 [INFO] CodeEngine:345 - Generated code: D:\tinyworkspace\tinyml\STM32\seconed 1\Core\Inc\stm32l4xx_hal_conf.h
2026-08-28 10:51:27,326 [INFO] ApiDbMcu:532 - Load IP Config File for RCC
2026-08-28 10:51:27,339 [INFO] CodeEngine:265 - oldGeneratedFile, D:\tinyworkspace\tinyml\STM32\seconed 1\Core\Inc\main.h_save
2026-08-28 10:51:27,464 [INFO] CodeEngine:289 - Generated code: D:\tinyworkspace\tinyml\STM32\seconed 1\Core\Inc\main.h
2026-08-28 10:51:27,471 [INFO] CodeEngine:265 - oldGeneratedFile, D:\tinyworkspace\tinyml\STM32\seconed 1\Core\Src\main.c_save
2026-08-28 10:51:27,561 [INFO] CodeEngine:289 - Generated code: D:\tinyworkspace\tinyml\STM32\seconed 1\Core\Src\main.c
2026-08-28 10:51:28,040 [INFO] ProjectBuilder:3606 - Time for Copy HAL[1] : 311mS.
2026-08-28 10:51:28,045 [INFO] ProjectBuilder:5216 - Project Generator version: 4.7.0-B52
2026-08-28 10:51:28,123 [INFO] ConfigFileManager:1595 - The Die is : DIE470
2026-08-28 10:51:28,125 [INFO] ApiDbMcu:532 - Load IP Config File for FATFS
2026-08-28 10:51:28,129 [INFO] ApiDbMcu:532 - Load IP Config File for FREERTOS
2026-08-28 10:51:28,137 [INFO] ApiDbMcu:532 - Load IP Config File for TOUCHSENSING
2026-08-28 10:51:28,141 [INFO] ApiDbMcu:532 - Load IP Config File for USB_DEVICE
2026-08-28 10:51:28,144 [INFO] ApiDbMcu:532 - Load IP Config File for USB_HOST
2026-08-28 10:51:29,508 [INFO] ProjectBuilder:5496 - Time for Generating toolchain IDE Files: 1463mS.
2026-08-28 10:51:29,508 [INFO] ProjectBuilder:3463 - Time for Copy CMSIS : 0mS.
2026-08-28 10:51:29,509 [INFO] ProjectBuilder:3463 - Time for Copy CMSIS : 0mS.
2026-08-28 10:51:29,789 [INFO] McuFinderGlobals:76 - Set McuFinderConnectedMode to true
2026-08-28 10:51:29,791 [INFO] ApiDb:448 - Save user favorites file C:\Users\Student/.stm32cubeide/favorites.mcus.txt: 0 item(s)
2026-08-28 10:51:29,791 [INFO] ApiDb:452 - User favorites MCUs=[]
2026-08-28 10:51:29,795 [INFO] ApiDb:448 - Save user favorites file C:\Users\Student/.stm32cubeide/favorites.boards.txt: 0 item(s)
2026-08-28 10:51:29,795 [INFO] ApiDb:452 - User favorites Boards=[]
2026-08-28 10:52:38,866 [INFO] MainUpdater:2872 - connection check result : 10
2026-08-28 10:52:38,866 [INFO] McuFinderGlobals:76 - Set McuFinderConnectedMode to true
2026-08-28 10:52:39,290 [INFO] ServerAccessManage:452 - Complete download http(s) 200
2026-08-28 10:52:39,291 [INFO] ServerAccessManage:509 - Download File mcusAds.json._tmp_
2026-08-28 10:52:39,403 [INFO] LoadUrlFilesThread:156 - End of LoadUrlFiles Thread
2026-08-28 10:52:39,655 [INFO] ServerAccessManage:452 - Complete download http(s) 200
2026-08-28 10:52:39,656 [INFO] ServerAccessManage:509 - Download File cube-finder-db.zip
2026-08-28 10:52:41,450 [INFO] FileExtend:248 - Unzip File : cube-finder-db.zip
2026-08-28 10:52:41,450 [INFO] FileExtend:263 - Standard Zip Deflate
2026-08-28 10:52:42,147 [INFO] LoadUrlFilesThread:156 - End of LoadUrlFiles Thread
2026-08-28 10:52:57,761 [ERROR] ServerAccessManage:1295 - Problem during Server Connection :  IO error Connection reset
2026-08-28 10:52:57,762 [ERROR] ServerAccessManage:740 - Problem during Server Connection :  : crdb.zip.
2026-08-28 10:53:00,872 [INFO] LoadUrlFilesThread:156 - End of LoadUrlFiles Thread
2026-08-28 10:53:01,777 [INFO] DbMcusAds:53 - JSON generation date=Wed Jul 15 15:14:54 IST 2026 (1784108694001)
2026-08-28 10:53:01,781 [INFO] ApiDb:448 - Save user favorites file C:\Users\Student/.stm32cubeide/favorites.mcus.txt: 0 item(s)
2026-08-28 10:53:01,783 [INFO] ApiDb:452 - User favorites MCUs=[]
2026-08-28 10:53:01,785 [INFO] ApiDb:581 - Connected to CubeFinder SQLite database (C:\Users\Student\.stmcufinder\plugins\mcufinder\mcu\cube-finder-db.db)
2026-08-28 10:53:01,871 [INFO] ApiDb:668 - CubeFinder database Data Model version=2.1
2026-08-28 10:53:01,871 [INFO] ApiDb:669 - CubeFinder database Configuration version=3.0.42
2026-08-28 10:53:01,871 [INFO] ApiDb:670 - CubeFinder database generation date=2026-08-04 (1785840812)
2026-08-28 10:53:01,872 [INFO] ApiDb:671 - CubeFinder database FW Pack versions=[FP-ATR-ASTRA1_V2.0.0, FP-SNS-FLIGHT1_V5.1.0, FP-SNS-MOTENV1_V5.1.0, FP-SNS-MOTENVWB1_V1.5.0, FP-SNS-SMARTAG2_V1.2.0, FP-SNS-STBOX1_V2.1.0, STM32Cube_FW_C0_V1.4.1, STM32Cube_FW_F4_V1.28.3, STM32Cube_FW_F7_V1.17.4, STM32Cube_FW_G0_V1.6.3, STM32Cube_FW_G4_V1.6.2, STM32Cube_FW_H5_V1.7.0, STM32Cube_FW_H7RS_V1.3.0, STM32Cube_FW_H7_V1.13.0, STM32Cube_FW_L0_V1.12.2, STM32Cube_FW_L4_V1.18.2, STM32Cube_FW_L5_V1.6.0, STM32Cube_FW_N6_V1.4.0, STM32Cube_FW_U0_V1.3.0, STM32Cube_FW_U3_V1.4.0, STM32Cube_FW_U5_V1.9.0, STM32Cube_FW_WB0_V1.5.0, STM32Cube_FW_WBA_V1.10.0, STM32Cube_FW_WB_V1.24.0, STM32Cube_FW_WL3_V1.5.0, STM32Cube_FW_WL_V1.6.0, X-CUBE-ALGOBUILD_V1.5.0, X-CUBE-ALS_V1.0.2, X-CUBE-AZRTOS-F4_V1.1.0, X-CUBE-AZRTOS-F7_V1.1.0, X-CUBE-AZRTOS-G0_V1.1.0, X-CUBE-AZRTOS-G4_V2.0.0, X-CUBE-AZRTOS-H7RS_V1.3.0, X-CUBE-AZRTOS-H7_V3.5.0, X-CUBE-AZRTOS-L4_V2.0.0, X-CUBE-AZRTOS-L5_V2.0.0, X-CUBE-AZRTOS-WB_V2.0.0, X-CUBE-AZRTOS-WL_V2.0.0, X-CUBE-BLE1_V7.1.0, X-CUBE-BLE2_V3.3.0, X-CUBE-BLEMGR_V4.2.0, X-CUBE-EEPRMA1_V5.2.0, X-CUBE-FREERTOS_V1.6.0, X-CUBE-GNSS1_V7.1.1, X-CUBE-MEMS1_V13.0.0, X-CUBE-NFC4_V3.0.0, X-CUBE-NFC7_V2.0.0, X-CUBE-SFXS2LP1_V4.0.0, X-CUBE-ST67W61_V1.3.0, X-CUBE-SUBG2_V5.0.0, X-CUBE-TOF1_V3.4.3]
2026-08-28 10:53:04,127 [INFO] ApiDb:240 - Found 880 in-development CPN: [B-G473E-ZEST1S, B-WB1M-WPAN1, B-WBA5M-WPAN, B-WL5M-SUBG1, NUCLEO-C031C6, NUCLEO-C051C8, NUCLEO-C071RB, NUCLEO-C092RC, NUCLEO-H503RB, NUCLEO-H533RE, NUCLEO-H563ZI, NUCLEO-H7S3L8, NUCLEO-N657X0-Q, NUCLEO-U031R8, NUCLEO-U083RC, NUCLEO-U385RG-Q, NUCLEO-U545RE-Q, NUCLEO-U5A5ZJ-Q, NUCLEO-WB05KZ, NUCLEO-WB07CC, NUCLEO-WB09KE, NUCLEO-WBA52CG, NUCLEO-WBA55CG, NUCLEO-WL33CC1, NUCLEO-WL33CC2, STEVAL-PROTEUS1, STEVAL-SMARTAG2, STEVAL-STWINBX1, STM320518-EVAL, STM32C0116-DK, STM32C011D6Y3TR, STM32C011D6Y6TR, STM32C011F4P3, STM32C011F4P6, STM32C011F4U3, STM32C011F4U6TR, STM32C011F6P3, STM32C011F6P6, STM32C011F6U3, STM32C011F6U6TR, STM32C011J4M3, STM32C011J4M6, STM32C011J6M3, STM32C011J6M6, STM32C0316-DK, STM32C031C4T3, STM32C031C4T6, STM32C031C4U3, STM32C031C4U6, STM32C031C6T3, STM32C031C6T6, STM32C031C6U3, STM32C031C6U6, STM32C031F4P3, STM32C031F4P6, STM32C031F6P3, STM32C031F6P6, STM32C031G4U3, STM32C031G4U6, STM32C031G6U3, STM32C031G6U6, STM32C031K4T3, STM32C031K4T6, STM32C031K4U3, STM32C031K4U6, STM32C031K6T3, STM32C031K6T6, STM32C031K6U3, STM32C031K6U6, STM32C051C6T6, STM32C051C6U6, STM32C051C8T6, STM32C051C8U6, STM32C051D8Y6TR, STM32C051F6P6, STM32C051F8P6, STM32C051G6U6, STM32C051G8U6, STM32C051K6T6, STM32C051K6U6, STM32C051K8T6, STM32C071C8T6, STM32C071C8T6N, STM32C071C8U6, STM32C071C8U6N, STM32C071CBT6, STM32C071CBT6N, STM32C071CBU6, STM32C071CBU6N, STM32C071F8P6, STM32C071F8P6N, STM32C071FBP6, STM32C071FBP6N, STM32C071FBY6TR, STM32C071G8U6, STM32C071G8U6N, STM32C071GBU6, STM32C071GBU6N, STM32C071K8T6, STM32C071K8T6N, STM32C071K8U6, STM32C071K8U6N, STM32C071KBT6, STM32C071KBT6N, STM32C071KBU6, STM32C071KBU6N, STM32C071R8T6, STM32C071R8T6N, STM32C071RBI6N, STM32C071RBT6, STM32C071RBT6N, STM32C091CBT6, STM32C091CBU6, STM32C091CCT6, STM32C091CCU6, STM32C091ECY6TR, STM32C091FBP6, STM32C091FCP6, STM32C091GBU6, STM32C091GCU6, STM32C091KBT6, STM32C091KBU6, STM32C091KCT6, STM32C091KCU6, STM32C091RBT6, STM32C091RCI6, STM32C091RCT6, STM32C092CBT6, STM32C092CBU6, STM32C092CCT6, STM32C092CCU6, STM32C092ECY6TR, STM32C092FBP6, STM32C092FCP6, STM32C092GBU6, STM32C092GCU6, STM32C092KBT6, STM32C092KBU6, STM32C092KCT6, STM32C092KCU6, STM32C092RBT6, STM32C092RCI6, STM32C092RCT6, STM32G071K8TXN, STM32G071K8UXN, STM32G081GBU6N, STM32G081KBT6N, STM32G081KBUXN, STM32G0B1CCT6N, STM32G0B1KCT6, STM32G0B1NEY6TR, STM32G0B1RCT6N, STM32G0C1CCT6, STM32G0C1CCT6N, STM32G0C1CCU6N, STM32G0C1CET6N, STM32G0C1CEU6N, STM32G0C1KCT6, STM32G0C1NEY6TR, STM32G0C1RCI6N, STM32G0C1RCT6N, STM32G0C1REI6N, STM32G0C1RET6N, STM32G0C1VCI6, STM32G0C1VEI6, STM32G411C6T3, STM32G411C6T6, STM32G411C6U3, STM32G411C6U6, STM32G411C8T3, STM32G411C8T6, STM32G411C8U3, STM32G411C8U6, STM32G411CBT3, STM32G411CBT6, STM32G411CBU3, STM32G411CBU6, STM32G411K6T3, STM32G411K6T6, STM32G411K6U3, STM32G411K6U6, STM32G411K8T3, STM32G411K8T6, STM32G411K8U3, STM32G411K8U6, STM32G411KBT3, STM32G411KBT6, STM32G411KBU3, STM32G411KBU6, STM32G411M6T3, STM32G411M6T6, STM32G411M8T3, STM32G411M8T6, STM32G411MBT3, STM32G411MBT6, STM32G411R6T3, STM32G411R6T6, STM32G411R8T3, STM32G411R8T6, STM32G411RBT3, STM32G411RBT6, STM32G414CBT3, STM32G414CBT6, STM32G414CBU3, STM32G414CBU6, STM32G414CCT3, STM32G414CCT6, STM32G414CCU3, STM32G414CCU6, STM32G414MBT3, STM32G414MBT6, STM32G414MCT3, STM32G414MCT6, STM32G414RBT3, STM32G414RBT6, STM32G414RCT3, STM32G414RCT6, STM32G414VBT3, STM32G414VBT6, STM32G414VCT3, STM32G414VCT6, STM32G431CBT3Z, STM32G431RBT3Z, STM32G471CCT6, STM32G471CCU6, STM32G471CET3, STM32G471CET6, STM32G471CEU3, STM32G471CEU6, STM32G471MCT6, STM32G471MET3, STM32G471MET6, STM32G471MEY6TR, STM32G471QCT6, STM32G471QET3, STM32G471RCT6, STM32G471RET3, STM32G471RET6, STM32G471VCH6, STM32G471VCI6, STM32G471VCT6, STM32G471VEH3, STM32G471VEH6, STM32G471VEI3, STM32G471VEI6, STM32G471VET3, STM32G471VET6, STM32G473QET3Z, STM32G473RET3Z, STM32G474CCT6, STM32G491RET3Z, STM32H503CBT6, STM32H503CBU6, STM32H503EBY6TR, STM32H503KBU6, STM32H503RBT6, STM32H523CCT6, STM32H523CCU6, STM32H523CET6, STM32H523CEU6, STM32H523HEY6TR, STM32H523RCT6, STM32H523RET6, STM32H523VCI6, STM32H523VCT6, STM32H523VEI6, STM32H523VET6, STM32H523ZCJ6, STM32H523ZCT6, STM32H523ZEJ6, STM32H523ZET6, STM32H533CET6, STM32H533CEU6, STM32H533HEY6TR, STM32H533RET6, STM32H533VEI6, STM32H533VET6, STM32H533ZEJ6, STM32H533ZET6, STM32H562AGI6, STM32H562AII6, STM32H562IGK6, STM32H562IGT6, STM32H562IIK6, STM32H562IIT6, STM32H562RGT6, STM32H562RGV6, STM32H562RIT6, STM32H562RIV6, STM32H562VGT6, STM32H562VIT6, STM32H562ZGT6, STM32H562ZIT6, STM32H563AGI6, STM32H563AII3Q, STM32H563AII6, STM32H563IGK6, STM32H563IGT6, STM32H563IIK3Q, STM32H563IIK6, STM32H563IIT3Q, STM32H563IIT6, STM32H563MIY3QTR, STM32H563RGT6, STM32H563RGV6, STM32H563RIT6, STM32H563RIV6, STM32H563VGT6, STM32H563VIT3Q, STM32H563VIT6, STM32H563ZGT6, STM32H563ZIT3Q, STM32H563ZIT6, STM32H573AII3Q, STM32H573AII6, STM32H573I-DK, STM32H573IIK3Q, STM32H573IIK6, STM32H573IIT3Q, STM32H573IIT6, STM32H573MIY3QTR, STM32H573RIT6, STM32H573RIV6, STM32H573VIT3Q, STM32H573VIT6, STM32H573ZIT3Q, STM32H573ZIT6, STM32H7R3A8I6, STM32H7R3I8K6, STM32H7R3I8T6, STM32H7R3L8H6, STM32H7R3L8H6H, STM32H7R3R8V6, STM32H7R3V8H6, STM32H7R3V8T6, STM32H7R3V8Y6TR, STM32H7R3Z8J6, STM32H7R3Z8T6, STM32H7R7A8I6, STM32H7R7I8K6, STM32H7R7I8T6, STM32H7R7L8H6, STM32H7R7L8H6H, STM32H7R7Z8J6, STM32H7S3A8I6, STM32H7S3I8K6, STM32H7S3I8T6, STM32H7S3L8H6, STM32H7S3L8H6H, STM32H7S3R8V6, STM32H7S3V8H6, STM32H7S3V8T6, STM32H7S3V8Y6TR, STM32H7S3Z8J6, STM32H7S3Z8T6, STM32H7S78-DK, STM32H7S7A8I6, STM32H7S7I8K6, STM32H7S7I8T6, STM32H7S7L8H6, STM32H7S7L8H6H, STM32H7S7Z8J6, STM32L4R5QGI6STR, STM32MP131AAE3, STM32MP131AAF3, STM32MP131AAG3, STM32MP131CAE3, STM32MP131CAF3, STM32MP131CAG3, STM32MP131DAE7, STM32MP131DAF7, STM32MP131DAG7, STM32MP131FAE7, STM32MP131FAF7, STM32MP131FAG7, STM32MP133AAE3, STM32MP133AAF3, STM32MP133AAG3, STM32MP133CAE3, STM32MP133CAF3, STM32MP133CAG3, STM32MP133DAE7, STM32MP133DAF7, STM32MP133DAG7, STM32MP133FAE7, STM32MP133FAF7, STM32MP133FAG7, STM32MP135AAE3, STM32MP135AAF3, STM32MP135AAG3, STM32MP135CAE3, STM32MP135CAF3, STM32MP135CAG3, STM32MP135DAE7, STM32MP135DAF7, STM32MP135DAG7, STM32MP135F-DK, STM32MP135FAE7, STM32MP135FAF7, STM32MP135FAF7T, STM32MP135FAF7U, STM32MP135FAG7, STM32MP211AAL3, STM32MP211AAM3, STM32MP211AAN3, STM32MP211AAO3, STM32MP211CAL3, STM32MP211CAM3, STM32MP211CAN3, STM32MP211CAO3, STM32MP211DAL3, STM32MP211DAM3, STM32MP211DAN3, STM32MP211DAO3, STM32MP211FAL3, STM32MP211FAM3, STM32MP211FAN3, STM32MP211FAO3, STM32MP213AAL3, STM32MP213AAM3, STM32MP213AAN3, STM32MP213AAO3, STM32MP213CAL3, STM32MP213CAM3, STM32MP213CAN3, STM32MP213CAO3, STM32MP213DAL3, STM32MP213DAM3, STM32MP213DAN3, STM32MP213DAO3, STM32MP213FAL3, STM32MP213FAM3, STM32MP213FAN3, STM32MP213FAO3, STM32MP215AAL3, STM32MP215AAM3, STM32MP215AAN3, STM32MP215AAO3, STM32MP215CAL3, STM32MP215CAM3, STM32MP215CAN3, STM32MP215CAO3, STM32MP215DAL3, STM32MP215DAM3, STM32MP215DAN3, STM32MP215DAO3, STM32MP215F-DK, STM32MP215FAL3, STM32MP215FAM3, STM32MP215FAN3, STM32MP215FAO3, STM32MP231AAJ3, STM32MP231AAK3, STM32MP231AAL3, STM32MP231CAJ3, STM32MP231CAK3, STM32MP231CAL3, STM32MP231DAJ3, STM32MP231DAK3, STM32MP231DAL3, STM32MP231FAJ3, STM32MP231FAK3, STM32MP231FAL3, STM32MP233AAJ3, STM32MP233AAK3, STM32MP233AAL3, STM32MP233CAJ3, STM32MP233CAK3, STM32MP233CAL3, STM32MP233DAJ3, STM32MP233DAK3, STM32MP233DAL3, STM32MP233FAJ3, STM32MP233FAK3, STM32MP233FAL3, STM32MP235AAJ3, STM32MP235AAK3, STM32MP235AAL3, STM32MP235CAJ3, STM32MP235CAK3, STM32MP235CAL3, STM32MP235DAJ3, STM32MP235DAK3, STM32MP235DAL3, STM32MP235FAJ3, STM32MP235FAK3, STM32MP235FAL3, STM32MP251AAI3, STM32MP251AAK3, STM32MP251AAL3, STM32MP251CAI3, STM32MP251CAK3, STM32MP251CAL3, STM32MP251DAI3, STM32MP251DAK3, STM32MP251DAL3, STM32MP251FAI3, STM32MP251FAK3, STM32MP251FAL3, STM32MP253AAI3, STM32MP253AAK3, STM32MP253AAL3, STM32MP253CAI3, STM32MP253CAK3, STM32MP253CAL3, STM32MP253DAI3, STM32MP253DAK3, STM32MP253DAL3, STM32MP253FAI3, STM32MP253FAK3, STM32MP253FAL3, STM32MP255AAI3, STM32MP255AAK3, STM32MP255AAL3, STM32MP255CAI3, STM32MP255CAK3, STM32MP255CAL3, STM32MP255DAI3, STM32MP255DAK3, STM32MP255DAL3, STM32MP255FAI3, STM32MP255FAK3, STM32MP255FAL3, STM32MP257AAI3, STM32MP257AAK3, STM32MP257AAL3, STM32MP257CAI3, STM32MP257CAK3, STM32MP257CAL3, STM32MP257DAI3, STM32MP257DAK3, STM32MP257DAL3, STM32MP257F-DK, STM32MP257F-EV1, STM32MP257FAI3, STM32MP257FAK3, STM32MP257FAL3, STM32N645A0H3Q, STM32N645B0H3Q, STM32N645I0H3Q, STM32N645L0H3Q, STM32N645X0H3Q, STM32N645Z0H3Q, STM32N647A0H3Q, STM32N647B0H3Q, STM32N647I0H3Q, STM32N647L0H3Q, STM32N647X0H3Q, STM32N647Z0H3Q, STM32N655A0H3Q, STM32N655B0H3Q, STM32N655I0H3Q, STM32N655L0H3Q, STM32N655X0H3Q, STM32N655Z0H3Q, STM32N6570-DK, STM32N657A0H3Q, STM32N657B0H3Q, STM32N657I0H3Q, STM32N657L0H3Q, STM32N657X0H3Q, STM32N657Z0H3Q, STM32U031C6T6, STM32U031C6U6, STM32U031C8T6, STM32U031C8U6, STM32U031F4P6, STM32U031F6P6, STM32U031F8P6, STM32U031G6Y6TR, STM32U031G8Y6TR, STM32U031K4U6, STM32U031K6U6, STM32U031K8U6, STM32U031R6I6, STM32U031R6T6, STM32U031R8I6, STM32U031R8T6, STM32U073C8T6, STM32U073C8U6, STM32U073CBT6, STM32U073CBU6, STM32U073CCT6, STM32U073CCU6, STM32U073H8Y6TR, STM32U073HBY6TR, STM32U073HCY6TR, STM32U073K8U6, STM32U073KBU6, STM32U073KCU6, STM32U073M8I6, STM32U073M8T6, STM32U073MBI6, STM32U073MBT6, STM32U073MCI6, STM32U073MCT6, STM32U073R8I6, STM32U073R8T6, STM32U073RBI6, STM32U073RBT6, STM32U073RCI6, STM32U073RCT6, STM32U083C-DK, STM32U083CCT6, STM32U083CCU6, STM32U083HCY6TR, STM32U083KCU6, STM32U083MCI6, STM32U083MCT6, STM32U083RCI6, STM32U083RCT6, STM32U375CET6, STM32U375CET6Q, STM32U375CEU6, STM32U375CEU6Q, STM32U375CEY6QTR, STM32U375CGT6, STM32U375CGT6Q, STM32U375CGU6, STM32U375CGU6Q, STM32U375CGY6QTR, STM32U375KEU6, STM32U375KGU6, STM32U375REI6, STM32U375REI6Q, STM32U375RET6, STM32U375RET6Q, STM32U375REY6GTR, STM32U375REY6QTR, STM32U375RGI6, STM32U375RGI6Q, STM32U375RGT6, STM32U375RGT6Q, STM32U375RGY6GTR, STM32U375RGY6QTR, STM32U375VEI6, STM32U375VEI6Q, STM32U375VET6, STM32U375VET6Q, STM32U375VGI6, STM32U375VGI6Q, STM32U375VGT6, STM32U375VGT6Q, STM32U385CGT6, STM32U385CGT6Q, STM32U385CGU6, STM32U385CGU6Q, STM32U385CGY6QTR, STM32U385KGU6, STM32U385RGI6, STM32U385RGI6Q, STM32U385RGT6, STM32U385RGT6Q, STM32U385RGY6GTR, STM32U385RGY6QTR, STM32U385VGI6, STM32U385VGI6Q, STM32U385VGT6, STM32U385VGT6Q, STM32U535CBT6, STM32U535CBT6Q, STM32U535CBU6, STM32U535CBU6Q, STM32U535CCT6, STM32U535CCT6Q, STM32U535CCU6, STM32U535CCU6Q, STM32U535CET6, STM32U535CET6Q, STM32U535CEU6, STM32U535CEU6Q, STM32U535JEY6QTR, STM32U535NCY6QTR, STM32U535NEY6QTR, STM32U535RBI6, STM32U535RBI6Q, STM32U535RBT6, STM32U535RBT6Q, STM32U535RCI6, STM32U535RCI6Q, STM32U535RCT6, STM32U535RCT6Q, STM32U535REI6, STM32U535REI6Q, STM32U535RET6, STM32U535RET6Q, STM32U535VCI6, STM32U535VCI6Q, STM32U535VCT6, STM32U535VCT6Q, STM32U535VEI6, STM32U535VEI6Q, STM32U535VET6, STM32U535VET6Q, STM32U545CET6, STM32U545CET6Q, STM32U545CEU6, STM32U545CEU6Q, STM32U545JEY6QTR, STM32U545NEY6QTR, STM32U545REI6, STM32U545REI6Q, STM32U545RET6, STM32U545RET6Q, STM32U545VEI6, STM32U545VEI6Q, STM32U545VET6, STM32U545VET6Q, STM32U595AIH6, STM32U595AIH6Q, STM32U595AJH6, STM32U595AJH6Q, STM32U595QII6, STM32U595QII6Q, STM32U595QJI6, STM32U595QJI6Q, STM32U595RIT6, STM32U595RIT6Q, STM32U595RJT6, STM32U595RJT6Q, STM32U595VIT6, STM32U595VIT6Q, STM32U595VJT6, STM32U595VJT6Q, STM32U595ZIT6, STM32U595ZIT6Q, STM32U595ZIY6QTR, STM32U595ZJT6, STM32U595ZJT6Q, STM32U595ZJY6QTR, STM32U599BJY6QTR, STM32U599NIH6Q, STM32U599NJH6Q, STM32U599VIT6Q, STM32U599VJT6, STM32U599VJT6Q, STM32U599ZIT6Q, STM32U599ZIY6QTR, STM32U599ZJT6Q, STM32U599ZJY6QTR, STM32U5A5AJH6, STM32U5A5AJH6Q, STM32U5A5QII3Q , STM32U5A5QJI6, STM32U5A5QJI6Q, STM32U5A5RJT6, STM32U5A5RJT6Q, STM32U5A5VJT6, STM32U5A5VJT6Q, STM32U5A5ZJT6, STM32U5A5ZJT6Q, STM32U5A5ZJY6QTR, STM32U5A9BJY6QTR, STM32U5A9J-DK, STM32U5A9NJH6Q, STM32U5A9VJT6Q, STM32U5A9ZJT6Q, STM32U5A9ZJY6QTR, STM32U5F7VIT6, STM32U5F7VIT6Q, STM32U5F7VJT6, STM32U5F7VJT6Q, STM32U5F9BJY6QTR, STM32U5F9NJH6Q, STM32U5F9VIT6Q, STM32U5F9VJT6Q, STM32U5F9ZIJ6QTR, STM32U5F9ZIT6Q, STM32U5F9ZJJ6QTR, STM32U5F9ZJT6Q, STM32U5G7VJT6, STM32U5G7VJT6Q, STM32U5G9BJY6QTR, STM32U5G9J-DK1, STM32U5G9J-DK2, STM32U5G9NJH6Q, STM32U5G9VJT6Q, STM32U5G9ZJJ6QTR, STM32U5G9ZJT6Q, STM32WB05KZV6TR, STM32WB05KZV7TR, STM32WB05TZF6TR, STM32WB05TZF7TR, STM32WB06CCF6TR, STM32WB06CCF7TR, STM32WB06CCV6TR, STM32WB06CCV7TR, STM32WB06KCV6TR, STM32WB06KCV7TR, STM32WB07CCF6TR, STM32WB07CCF7TR, STM32WB07CCV6TR, STM32WB07CCV7TR, STM32WB07KCV6TR, STM32WB07KCV7TR, STM32WB09KEV6TR, STM32WB09KEV7TR, STM32WB09TEF6TR, STM32WB09TEF7TR, STM32WB1MMCH6, STM32WBA50KGU6, STM32WBA50KGU6TR, STM32WBA52CEU6, STM32WBA52CEU6TR, STM32WBA52CEU7, STM32WBA52CEU7TR, STM32WBA52CGU6, STM32WBA52CGU6TR, STM32WBA52CGU6U, STM32WBA52CGU7, STM32WBA52CGU7TR, STM32WBA52KEU6, STM32WBA52KEU6TR, STM32WBA52KGU6, STM32WBA52KGU6TR, STM32WBA54CEU6, STM32WBA54CEU6TR, STM32WBA54CEU7, STM32WBA54CEU7TR, STM32WBA54CGU6, STM32WBA54CGU6TR, STM32WBA54CGU7, STM32WBA54CGU7TR, STM32WBA54KEU6, STM32WBA54KEU6TR, STM32WBA54KEU7, STM32WBA54KEU7TR, STM32WBA54KGU6, STM32WBA54KGU6TR, STM32WBA54KGU7, STM32WBA54KGU7TR, STM32WBA55CEU6, STM32WBA55CEU6TR, STM32WBA55CEU7, STM32WBA55CEU7TR, STM32WBA55CGU6, STM32WBA55CGU6TR, STM32WBA55CGU6U, STM32WBA55CGU7, STM32WBA55CGU7TR, STM32WBA55G-DK1, STM32WBA55HEF6, STM32WBA55HEF7, STM32WBA55HGF6, STM32WBA55HGF7, STM32WBA55UEI6, STM32WBA55UEI6TR, STM32WBA55UEI7, STM32WBA55UEI7TR, STM32WBA55UGI6, STM32WBA55UGI6TR, STM32WBA55UGI7, STM32WBA55UGI7TR, STM32WBA5MMGH6TR, STM32WBA62MGF6, STM32WBA62MIF6, STM32WBA65MGF7, STM32WBA65MIF6, STM32WBA65MIF7, STM32WL30K8V6, STM32WL30KBV6, STM32WL31C8V6, STM32WL31CBV6, STM32WL31K8V6, STM32WL31KBV6, STM32WL33C8V6, STM32WL33C8V6X, STM32WL33CBV6, STM32WL33CBV6X, STM32WL33CCV6, STM32WL33CCV6A, STM32WL33CCV6X, STM32WL33K8V7, STM32WL33K8V7X, STM32WL33KBV7 , STM32WL33KBV7X, STM32WL33KCV7, STM32WL33KCV7X, STM32WL5MOCH6, STM32WL5MOCH6TR]
2026-08-28 10:53:04,132 [INFO] DbMcus:218 - Found 5314 MCUs, 5126 are supported
2026-08-28 10:53:04,132 [INFO] ApiDb:423 - Load user favorites file C:\Users\Student/.stm32cubeide/favorites.mcus.txt: 0 item(s)
2026-08-28 10:53:04,133 [INFO] ApiDb:427 - User favorites MCUs=[]
2026-08-28 10:53:04,133 [INFO] DbMcus:224 - Set 0 / 0 favorites MCUs
2026-08-28 10:53:04,632 [INFO] ApiDb:448 - Save user favorites file C:\Users\Student/.stm32cubeide/favorites.boards.txt: 0 item(s)
2026-08-28 10:53:04,632 [INFO] ApiDb:452 - User favorites Boards=[]
2026-08-28 10:53:04,633 [INFO] ApiDb:581 - Connected to CubeFinder SQLite database (C:\Users\Student\.stmcufinder\plugins\mcufinder\mcu\cube-finder-db.db)
2026-08-28 10:53:04,707 [INFO] ApiDb:668 - CubeFinder database Data Model version=2.1
2026-08-28 10:53:04,707 [INFO] ApiDb:669 - CubeFinder database Configuration version=3.0.42
2026-08-28 10:53:04,707 [INFO] ApiDb:670 - CubeFinder database generation date=2026-08-04 (1785840812)
2026-08-28 10:53:04,707 [INFO] ApiDb:671 - CubeFinder database FW Pack versions=[FP-ATR-ASTRA1_V2.0.0, FP-SNS-FLIGHT1_V5.1.0, FP-SNS-MOTENV1_V5.1.0, FP-SNS-MOTENVWB1_V1.5.0, FP-SNS-SMARTAG2_V1.2.0, FP-SNS-STBOX1_V2.1.0, STM32Cube_FW_C0_V1.4.1, STM32Cube_FW_F4_V1.28.3, STM32Cube_FW_F7_V1.17.4, STM32Cube_FW_G0_V1.6.3, STM32Cube_FW_G4_V1.6.2, STM32Cube_FW_H5_V1.7.0, STM32Cube_FW_H7RS_V1.3.0, STM32Cube_FW_H7_V1.13.0, STM32Cube_FW_L0_V1.12.2, STM32Cube_FW_L4_V1.18.2, STM32Cube_FW_L5_V1.6.0, STM32Cube_FW_N6_V1.4.0, STM32Cube_FW_U0_V1.3.0, STM32Cube_FW_U3_V1.4.0, STM32Cube_FW_U5_V1.9.0, STM32Cube_FW_WB0_V1.5.0, STM32Cube_FW_WBA_V1.10.0, STM32Cube_FW_WB_V1.24.0, STM32Cube_FW_WL3_V1.5.0, STM32Cube_FW_WL_V1.6.0, X-CUBE-ALGOBUILD_V1.5.0, X-CUBE-ALS_V1.0.2, X-CUBE-AZRTOS-F4_V1.1.0, X-CUBE-AZRTOS-F7_V1.1.0, X-CUBE-AZRTOS-G0_V1.1.0, X-CUBE-AZRTOS-G4_V2.0.0, X-CUBE-AZRTOS-H7RS_V1.3.0, X-CUBE-AZRTOS-H7_V3.5.0, X-CUBE-AZRTOS-L4_V2.0.0, X-CUBE-AZRTOS-L5_V2.0.0, X-CUBE-AZRTOS-WB_V2.0.0, X-CUBE-AZRTOS-WL_V2.0.0, X-CUBE-BLE1_V7.1.0, X-CUBE-BLE2_V3.3.0, X-CUBE-BLEMGR_V4.2.0, X-CUBE-EEPRMA1_V5.2.0, X-CUBE-FREERTOS_V1.6.0, X-CUBE-GNSS1_V7.1.1, X-CUBE-MEMS1_V13.0.0, X-CUBE-NFC4_V3.0.0, X-CUBE-NFC7_V2.0.0, X-CUBE-SFXS2LP1_V4.0.0, X-CUBE-ST67W61_V1.3.0, X-CUBE-SUBG2_V5.0.0, X-CUBE-TOF1_V3.4.3]
2026-08-28 10:53:04,753 [INFO] DbBoardsSqlite:226 - include board P-NUCLEO-WB55-NUCLEO as a kit item of type 'Nucleo-64'
2026-08-28 10:53:04,753 [INFO] DbBoardsSqlite:226 - include board P-NUCLEO-WB55-USBDONGLE as a kit item of type 'Nucleo USB Dongle'
2026-08-28 10:53:04,753 [INFO] DbBoardsSqlite:226 - include board STEVAL-IDP005V1 as a kit item of type 'Evaluation Board'
2026-08-28 10:53:04,753 [INFO] DbBoardsSqlite:226 - include board STEVAL-IDP005V2 as a kit item of type 'Evaluation Board'
2026-08-28 10:53:04,823 [INFO] ApiDb:240 - Found 880 in-development CPN: [B-G473E-ZEST1S, B-WB1M-WPAN1, B-WBA5M-WPAN, B-WL5M-SUBG1, NUCLEO-C031C6, NUCLEO-C051C8, NUCLEO-C071RB, NUCLEO-C092RC, NUCLEO-H503RB, NUCLEO-H533RE, NUCLEO-H563ZI, NUCLEO-H7S3L8, NUCLEO-N657X0-Q, NUCLEO-U031R8, NUCLEO-U083RC, NUCLEO-U385RG-Q, NUCLEO-U545RE-Q, NUCLEO-U5A5ZJ-Q, NUCLEO-WB05KZ, NUCLEO-WB07CC, NUCLEO-WB09KE, NUCLEO-WBA52CG, NUCLEO-WBA55CG, NUCLEO-WL33CC1, NUCLEO-WL33CC2, STEVAL-PROTEUS1, STEVAL-SMARTAG2, STEVAL-STWINBX1, STM320518-EVAL, STM32C0116-DK, STM32C011D6Y3TR, STM32C011D6Y6TR, STM32C011F4P3, STM32C011F4P6, STM32C011F4U3, STM32C011F4U6TR, STM32C011F6P3, STM32C011F6P6, STM32C011F6U3, STM32C011F6U6TR, STM32C011J4M3, STM32C011J4M6, STM32C011J6M3, STM32C011J6M6, STM32C0316-DK, STM32C031C4T3, STM32C031C4T6, STM32C031C4U3, STM32C031C4U6, STM32C031C6T3, STM32C031C6T6, STM32C031C6U3, STM32C031C6U6, STM32C031F4P3, STM32C031F4P6, STM32C031F6P3, STM32C031F6P6, STM32C031G4U3, STM32C031G4U6, STM32C031G6U3, STM32C031G6U6, STM32C031K4T3, STM32C031K4T6, STM32C031K4U3, STM32C031K4U6, STM32C031K6T3, STM32C031K6T6, STM32C031K6U3, STM32C031K6U6, STM32C051C6T6, STM32C051C6U6, STM32C051C8T6, STM32C051C8U6, STM32C051D8Y6TR, STM32C051F6P6, STM32C051F8P6, STM32C051G6U6, STM32C051G8U6, STM32C051K6T6, STM32C051K6U6, STM32C051K8T6, STM32C071C8T6, STM32C071C8T6N, STM32C071C8U6, STM32C071C8U6N, STM32C071CBT6, STM32C071CBT6N, STM32C071CBU6, STM32C071CBU6N, STM32C071F8P6, STM32C071F8P6N, STM32C071FBP6, STM32C071FBP6N, STM32C071FBY6TR, STM32C071G8U6, STM32C071G8U6N, STM32C071GBU6, STM32C071GBU6N, STM32C071K8T6, STM32C071K8T6N, STM32C071K8U6, STM32C071K8U6N, STM32C071KBT6, STM32C071KBT6N, STM32C071KBU6, STM32C071KBU6N, STM32C071R8T6, STM32C071R8T6N, STM32C071RBI6N, STM32C071RBT6, STM32C071RBT6N, STM32C091CBT6, STM32C091CBU6, STM32C091CCT6, STM32C091CCU6, STM32C091ECY6TR, STM32C091FBP6, STM32C091FCP6, STM32C091GBU6, STM32C091GCU6, STM32C091KBT6, STM32C091KBU6, STM32C091KCT6, STM32C091KCU6, STM32C091RBT6, STM32C091RCI6, STM32C091RCT6, STM32C092CBT6, STM32C092CBU6, STM32C092CCT6, STM32C092CCU6, STM32C092ECY6TR, STM32C092FBP6, STM32C092FCP6, STM32C092GBU6, STM32C092GCU6, STM32C092KBT6, STM32C092KBU6, STM32C092KCT6, STM32C092KCU6, STM32C092RBT6, STM32C092RCI6, STM32C092RCT6, STM32G071K8TXN, STM32G071K8UXN, STM32G081GBU6N, STM32G081KBT6N, STM32G081KBUXN, STM32G0B1CCT6N, STM32G0B1KCT6, STM32G0B1NEY6TR, STM32G0B1RCT6N, STM32G0C1CCT6, STM32G0C1CCT6N, STM32G0C1CCU6N, STM32G0C1CET6N, STM32G0C1CEU6N, STM32G0C1KCT6, STM32G0C1NEY6TR, STM32G0C1RCI6N, STM32G0C1RCT6N, STM32G0C1REI6N, STM32G0C1RET6N, STM32G0C1VCI6, STM32G0C1VEI6, STM32G411C6T3, STM32G411C6T6, STM32G411C6U3, STM32G411C6U6, STM32G411C8T3, STM32G411C8T6, STM32G411C8U3, STM32G411C8U6, STM32G411CBT3, STM32G411CBT6, STM32G411CBU3, STM32G411CBU6, STM32G411K6T3, STM32G411K6T6, STM32G411K6U3, STM32G411K6U6, STM32G411K8T3, STM32G411K8T6, STM32G411K8U3, STM32G411K8U6, STM32G411KBT3, STM32G411KBT6, STM32G411KBU3, STM32G411KBU6, STM32G411M6T3, STM32G411M6T6, STM32G411M8T3, STM32G411M8T6, STM32G411MBT3, STM32G411MBT6, STM32G411R6T3, STM32G411R6T6, STM32G411R8T3, STM32G411R8T6, STM32G411RBT3, STM32G411RBT6, STM32G414CBT3, STM32G414CBT6, STM32G414CBU3, STM32G414CBU6, STM32G414CCT3, STM32G414CCT6, STM32G414CCU3, STM32G414CCU6, STM32G414MBT3, STM32G414MBT6, STM32G414MCT3, STM32G414MCT6, STM32G414RBT3, STM32G414RBT6, STM32G414RCT3, STM32G414RCT6, STM32G414VBT3, STM32G414VBT6, STM32G414VCT3, STM32G414VCT6, STM32G431CBT3Z, STM32G431RBT3Z, STM32G471CCT6, STM32G471CCU6, STM32G471CET3, STM32G471CET6, STM32G471CEU3, STM32G471CEU6, STM32G471MCT6, STM32G471MET3, STM32G471MET6, STM32G471MEY6TR, STM32G471QCT6, STM32G471QET3, STM32G471RCT6, STM32G471RET3, STM32G471RET6, STM32G471VCH6, STM32G471VCI6, STM32G471VCT6, STM32G471VEH3, STM32G471VEH6, STM32G471VEI3, STM32G471VEI6, STM32G471VET3, STM32G471VET6, STM32G473QET3Z, STM32G473RET3Z, STM32G474CCT6, STM32G491RET3Z, STM32H503CBT6, STM32H503CBU6, STM32H503EBY6TR, STM32H503KBU6, STM32H503RBT6, STM32H523CCT6, STM32H523CCU6, STM32H523CET6, STM32H523CEU6, STM32H523HEY6TR, STM32H523RCT6, STM32H523RET6, STM32H523VCI6, STM32H523VCT6, STM32H523VEI6, STM32H523VET6, STM32H523ZCJ6, STM32H523ZCT6, STM32H523ZEJ6, STM32H523ZET6, STM32H533CET6, STM32H533CEU6, STM32H533HEY6TR, STM32H533RET6, STM32H533VEI6, STM32H533VET6, STM32H533ZEJ6, STM32H533ZET6, STM32H562AGI6, STM32H562AII6, STM32H562IGK6, STM32H562IGT6, STM32H562IIK6, STM32H562IIT6, STM32H562RGT6, STM32H562RGV6, STM32H562RIT6, STM32H562RIV6, STM32H562VGT6, STM32H562VIT6, STM32H562ZGT6, STM32H562ZIT6, STM32H563AGI6, STM32H563AII3Q, STM32H563AII6, STM32H563IGK6, STM32H563IGT6, STM32H563IIK3Q, STM32H563IIK6, STM32H563IIT3Q, STM32H563IIT6, STM32H563MIY3QTR, STM32H563RGT6, STM32H563RGV6, STM32H563RIT6, STM32H563RIV6, STM32H563VGT6, STM32H563VIT3Q, STM32H563VIT6, STM32H563ZGT6, STM32H563ZIT3Q, STM32H563ZIT6, STM32H573AII3Q, STM32H573AII6, STM32H573I-DK, STM32H573IIK3Q, STM32H573IIK6, STM32H573IIT3Q, STM32H573IIT6, STM32H573MIY3QTR, STM32H573RIT6, STM32H573RIV6, STM32H573VIT3Q, STM32H573VIT6, STM32H573ZIT3Q, STM32H573ZIT6, STM32H7R3A8I6, STM32H7R3I8K6, STM32H7R3I8T6, STM32H7R3L8H6, STM32H7R3L8H6H, STM32H7R3R8V6, STM32H7R3V8H6, STM32H7R3V8T6, STM32H7R3V8Y6TR, STM32H7R3Z8J6, STM32H7R3Z8T6, STM32H7R7A8I6, STM32H7R7I8K6, STM32H7R7I8T6, STM32H7R7L8H6, STM32H7R7L8H6H, STM32H7R7Z8J6, STM32H7S3A8I6, STM32H7S3I8K6, STM32H7S3I8T6, STM32H7S3L8H6, STM32H7S3L8H6H, STM32H7S3R8V6, STM32H7S3V8H6, STM32H7S3V8T6, STM32H7S3V8Y6TR, STM32H7S3Z8J6, STM32H7S3Z8T6, STM32H7S78-DK, STM32H7S7A8I6, STM32H7S7I8K6, STM32H7S7I8T6, STM32H7S7L8H6, STM32H7S7L8H6H, STM32H7S7Z8J6, STM32L4R5QGI6STR, STM32MP131AAE3, STM32MP131AAF3, STM32MP131AAG3, STM32MP131CAE3, STM32MP131CAF3, STM32MP131CAG3, STM32MP131DAE7, STM32MP131DAF7, STM32MP131DAG7, STM32MP131FAE7, STM32MP131FAF7, STM32MP131FAG7, STM32MP133AAE3, STM32MP133AAF3, STM32MP133AAG3, STM32MP133CAE3, STM32MP133CAF3, STM32MP133CAG3, STM32MP133DAE7, STM32MP133DAF7, STM32MP133DAG7, STM32MP133FAE7, STM32MP133FAF7, STM32MP133FAG7, STM32MP135AAE3, STM32MP135AAF3, STM32MP135AAG3, STM32MP135CAE3, STM32MP135CAF3, STM32MP135CAG3, STM32MP135DAE7, STM32MP135DAF7, STM32MP135DAG7, STM32MP135F-DK, STM32MP135FAE7, STM32MP135FAF7, STM32MP135FAF7T, STM32MP135FAF7U, STM32MP135FAG7, STM32MP211AAL3, STM32MP211AAM3, STM32MP211AAN3, STM32MP211AAO3, STM32MP211CAL3, STM32MP211CAM3, STM32MP211CAN3, STM32MP211CAO3, STM32MP211DAL3, STM32MP211DAM3, STM32MP211DAN3, STM32MP211DAO3, STM32MP211FAL3, STM32MP211FAM3, STM32MP211FAN3, STM32MP211FAO3, STM32MP213AAL3, STM32MP213AAM3, STM32MP213AAN3, STM32MP213AAO3, STM32MP213CAL3, STM32MP213CAM3, STM32MP213CAN3, STM32MP213CAO3, STM32MP213DAL3, STM32MP213DAM3, STM32MP213DAN3, STM32MP213DAO3, STM32MP213FAL3, STM32MP213FAM3, STM32MP213FAN3, STM32MP213FAO3, STM32MP215AAL3, STM32MP215AAM3, STM32MP215AAN3, STM32MP215AAO3, STM32MP215CAL3, STM32MP215CAM3, STM32MP215CAN3, STM32MP215CAO3, STM32MP215DAL3, STM32MP215DAM3, STM32MP215DAN3, STM32MP215DAO3, STM32MP215F-DK, STM32MP215FAL3, STM32MP215FAM3, STM32MP215FAN3, STM32MP215FAO3, STM32MP231AAJ3, STM32MP231AAK3, STM32MP231AAL3, STM32MP231CAJ3, STM32MP231CAK3, STM32MP231CAL3, STM32MP231DAJ3, STM32MP231DAK3, STM32MP231DAL3, STM32MP231FAJ3, STM32MP231FAK3, STM32MP231FAL3, STM32MP233AAJ3, STM32MP233AAK3, STM32MP233AAL3, STM32MP233CAJ3, STM32MP233CAK3, STM32MP233CAL3, STM32MP233DAJ3, STM32MP233DAK3, STM32MP233DAL3, STM32MP233FAJ3, STM32MP233FAK3, STM32MP233FAL3, STM32MP235AAJ3, STM32MP235AAK3, STM32MP235AAL3, STM32MP235CAJ3, STM32MP235CAK3, STM32MP235CAL3, STM32MP235DAJ3, STM32MP235DAK3, STM32MP235DAL3, STM32MP235FAJ3, STM32MP235FAK3, STM32MP235FAL3, STM32MP251AAI3, STM32MP251AAK3, STM32MP251AAL3, STM32MP251CAI3, STM32MP251CAK3, STM32MP251CAL3, STM32MP251DAI3, STM32MP251DAK3, STM32MP251DAL3, STM32MP251FAI3, STM32MP251FAK3, STM32MP251FAL3, STM32MP253AAI3, STM32MP253AAK3, STM32MP253AAL3, STM32MP253CAI3, STM32MP253CAK3, STM32MP253CAL3, STM32MP253DAI3, STM32MP253DAK3, STM32MP253DAL3, STM32MP253FAI3, STM32MP253FAK3, STM32MP253FAL3, STM32MP255AAI3, STM32MP255AAK3, STM32MP255AAL3, STM32MP255CAI3, STM32MP255CAK3, STM32MP255CAL3, STM32MP255DAI3, STM32MP255DAK3, STM32MP255DAL3, STM32MP255FAI3, STM32MP255FAK3, STM32MP255FAL3, STM32MP257AAI3, STM32MP257AAK3, STM32MP257AAL3, STM32MP257CAI3, STM32MP257CAK3, STM32MP257CAL3, STM32MP257DAI3, STM32MP257DAK3, STM32MP257DAL3, STM32MP257F-DK, STM32MP257F-EV1, STM32MP257FAI3, STM32MP257FAK3, STM32MP257FAL3, STM32N645A0H3Q, STM32N645B0H3Q, STM32N645I0H3Q, STM32N645L0H3Q, STM32N645X0H3Q, STM32N645Z0H3Q, STM32N647A0H3Q, STM32N647B0H3Q, STM32N647I0H3Q, STM32N647L0H3Q, STM32N647X0H3Q, STM32N647Z0H3Q, STM32N655A0H3Q, STM32N655B0H3Q, STM32N655I0H3Q, STM32N655L0H3Q, STM32N655X0H3Q, STM32N655Z0H3Q, STM32N6570-DK, STM32N657A0H3Q, STM32N657B0H3Q, STM32N657I0H3Q, STM32N657L0H3Q, STM32N657X0H3Q, STM32N657Z0H3Q, STM32U031C6T6, STM32U031C6U6, STM32U031C8T6, STM32U031C8U6, STM32U031F4P6, STM32U031F6P6, STM32U031F8P6, STM32U031G6Y6TR, STM32U031G8Y6TR, STM32U031K4U6, STM32U031K6U6, STM32U031K8U6, STM32U031R6I6, STM32U031R6T6, STM32U031R8I6, STM32U031R8T6, STM32U073C8T6, STM32U073C8U6, STM32U073CBT6, STM32U073CBU6, STM32U073CCT6, STM32U073CCU6, STM32U073H8Y6TR, STM32U073HBY6TR, STM32U073HCY6TR, STM32U073K8U6, STM32U073KBU6, STM32U073KCU6, STM32U073M8I6, STM32U073M8T6, STM32U073MBI6, STM32U073MBT6, STM32U073MCI6, STM32U073MCT6, STM32U073R8I6, STM32U073R8T6, STM32U073RBI6, STM32U073RBT6, STM32U073RCI6, STM32U073RCT6, STM32U083C-DK, STM32U083CCT6, STM32U083CCU6, STM32U083HCY6TR, STM32U083KCU6, STM32U083MCI6, STM32U083MCT6, STM32U083RCI6, STM32U083RCT6, STM32U375CET6, STM32U375CET6Q, STM32U375CEU6, STM32U375CEU6Q, STM32U375CEY6QTR, STM32U375CGT6, STM32U375CGT6Q, STM32U375CGU6, STM32U375CGU6Q, STM32U375CGY6QTR, STM32U375KEU6, STM32U375KGU6, STM32U375REI6, STM32U375REI6Q, STM32U375RET6, STM32U375RET6Q, STM32U375REY6GTR, STM32U375REY6QTR, STM32U375RGI6, STM32U375RGI6Q, STM32U375RGT6, STM32U375RGT6Q, STM32U375RGY6GTR, STM32U375RGY6QTR, STM32U375VEI6, STM32U375VEI6Q, STM32U375VET6, STM32U375VET6Q, STM32U375VGI6, STM32U375VGI6Q, STM32U375VGT6, STM32U375VGT6Q, STM32U385CGT6, STM32U385CGT6Q, STM32U385CGU6, STM32U385CGU6Q, STM32U385CGY6QTR, STM32U385KGU6, STM32U385RGI6, STM32U385RGI6Q, STM32U385RGT6, STM32U385RGT6Q, STM32U385RGY6GTR, STM32U385RGY6QTR, STM32U385VGI6, STM32U385VGI6Q, STM32U385VGT6, STM32U385VGT6Q, STM32U535CBT6, STM32U535CBT6Q, STM32U535CBU6, STM32U535CBU6Q, STM32U535CCT6, STM32U535CCT6Q, STM32U535CCU6, STM32U535CCU6Q, STM32U535CET6, STM32U535CET6Q, STM32U535CEU6, STM32U535CEU6Q, STM32U535JEY6QTR, STM32U535NCY6QTR, STM32U535NEY6QTR, STM32U535RBI6, STM32U535RBI6Q, STM32U535RBT6, STM32U535RBT6Q, STM32U535RCI6, STM32U535RCI6Q, STM32U535RCT6, STM32U535RCT6Q, STM32U535REI6, STM32U535REI6Q, STM32U535RET6, STM32U535RET6Q, STM32U535VCI6, STM32U535VCI6Q, STM32U535VCT6, STM32U535VCT6Q, STM32U535VEI6, STM32U535VEI6Q, STM32U535VET6, STM32U535VET6Q, STM32U545CET6, STM32U545CET6Q, STM32U545CEU6, STM32U545CEU6Q, STM32U545JEY6QTR, STM32U545NEY6QTR, STM32U545REI6, STM32U545REI6Q, STM32U545RET6, STM32U545RET6Q, STM32U545VEI6, STM32U545VEI6Q, STM32U545VET6, STM32U545VET6Q, STM32U595AIH6, STM32U595AIH6Q, STM32U595AJH6, STM32U595AJH6Q, STM32U595QII6, STM32U595QII6Q, STM32U595QJI6, STM32U595QJI6Q, STM32U595RIT6, STM32U595RIT6Q, STM32U595RJT6, STM32U595RJT6Q, STM32U595VIT6, STM32U595VIT6Q, STM32U595VJT6, STM32U595VJT6Q, STM32U595ZIT6, STM32U595ZIT6Q, STM32U595ZIY6QTR, STM32U595ZJT6, STM32U595ZJT6Q, STM32U595ZJY6QTR, STM32U599BJY6QTR, STM32U599NIH6Q, STM32U599NJH6Q, STM32U599VIT6Q, STM32U599VJT6, STM32U599VJT6Q, STM32U599ZIT6Q, STM32U599ZIY6QTR, STM32U599ZJT6Q, STM32U599ZJY6QTR, STM32U5A5AJH6, STM32U5A5AJH6Q, STM32U5A5QII3Q , STM32U5A5QJI6, STM32U5A5QJI6Q, STM32U5A5RJT6, STM32U5A5RJT6Q, STM32U5A5VJT6, STM32U5A5VJT6Q, STM32U5A5ZJT6, STM32U5A5ZJT6Q, STM32U5A5ZJY6QTR, STM32U5A9BJY6QTR, STM32U5A9J-DK, STM32U5A9NJH6Q, STM32U5A9VJT6Q, STM32U5A9ZJT6Q, STM32U5A9ZJY6QTR, STM32U5F7VIT6, STM32U5F7VIT6Q, STM32U5F7VJT6, STM32U5F7VJT6Q, STM32U5F9BJY6QTR, STM32U5F9NJH6Q, STM32U5F9VIT6Q, STM32U5F9VJT6Q, STM32U5F9ZIJ6QTR, STM32U5F9ZIT6Q, STM32U5F9ZJJ6QTR, STM32U5F9ZJT6Q, STM32U5G7VJT6, STM32U5G7VJT6Q, STM32U5G9BJY6QTR, STM32U5G9J-DK1, STM32U5G9J-DK2, STM32U5G9NJH6Q, STM32U5G9VJT6Q, STM32U5G9ZJJ6QTR, STM32U5G9ZJT6Q, STM32WB05KZV6TR, STM32WB05KZV7TR, STM32WB05TZF6TR, STM32WB05TZF7TR, STM32WB06CCF6TR, STM32WB06CCF7TR, STM32WB06CCV6TR, STM32WB06CCV7TR, STM32WB06KCV6TR, STM32WB06KCV7TR, STM32WB07CCF6TR, STM32WB07CCF7TR, STM32WB07CCV6TR, STM32WB07CCV7TR, STM32WB07KCV6TR, STM32WB07KCV7TR, STM32WB09KEV6TR, STM32WB09KEV7TR, STM32WB09TEF6TR, STM32WB09TEF7TR, STM32WB1MMCH6, STM32WBA50KGU6, STM32WBA50KGU6TR, STM32WBA52CEU6, STM32WBA52CEU6TR, STM32WBA52CEU7, STM32WBA52CEU7TR, STM32WBA52CGU6, STM32WBA52CGU6TR, STM32WBA52CGU6U, STM32WBA52CGU7, STM32WBA52CGU7TR, STM32WBA52KEU6, STM32WBA52KEU6TR, STM32WBA52KGU6, STM32WBA52KGU6TR, STM32WBA54CEU6, STM32WBA54CEU6TR, STM32WBA54CEU7, STM32WBA54CEU7TR, STM32WBA54CGU6, STM32WBA54CGU6TR, STM32WBA54CGU7, STM32WBA54CGU7TR, STM32WBA54KEU6, STM32WBA54KEU6TR, STM32WBA54KEU7, STM32WBA54KEU7TR, STM32WBA54KGU6, STM32WBA54KGU6TR, STM32WBA54KGU7, STM32WBA54KGU7TR, STM32WBA55CEU6, STM32WBA55CEU6TR, STM32WBA55CEU7, STM32WBA55CEU7TR, STM32WBA55CGU6, STM32WBA55CGU6TR, STM32WBA55CGU6U, STM32WBA55CGU7, STM32WBA55CGU7TR, STM32WBA55G-DK1, STM32WBA55HEF6, STM32WBA55HEF7, STM32WBA55HGF6, STM32WBA55HGF7, STM32WBA55UEI6, STM32WBA55UEI6TR, STM32WBA55UEI7, STM32WBA55UEI7TR, STM32WBA55UGI6, STM32WBA55UGI6TR, STM32WBA55UGI7, STM32WBA55UGI7TR, STM32WBA5MMGH6TR, STM32WBA62MGF6, STM32WBA62MIF6, STM32WBA65MGF7, STM32WBA65MIF6, STM32WBA65MIF7, STM32WL30K8V6, STM32WL30KBV6, STM32WL31C8V6, STM32WL31CBV6, STM32WL31K8V6, STM32WL31KBV6, STM32WL33C8V6, STM32WL33C8V6X, STM32WL33CBV6, STM32WL33CBV6X, STM32WL33CCV6, STM32WL33CCV6A, STM32WL33CCV6X, STM32WL33K8V7, STM32WL33K8V7X, STM32WL33KBV7 , STM32WL33KBV7X, STM32WL33KCV7, STM32WL33KCV7X, STM32WL5MOCH6, STM32WL5MOCH6TR]
2026-08-28 10:53:04,954 [INFO] BoardInfo:889 - No configuration file found for board NUCLEO-H553ZG
2026-08-28 10:53:04,955 [INFO] DbBoards:161 - Board is not supported: NUCLEO-H553ZG
2026-08-28 10:53:04,959 [INFO] BoardInfo:889 - No configuration file found for board NUCLEO-H5E5ZJ
2026-08-28 10:53:04,960 [INFO] DbBoards:161 - Board is not supported: NUCLEO-H5E5ZJ
2026-08-28 10:53:05,039 [INFO] BoardInfo:889 - No configuration file found for board NUCLEO-U3C5ZI-Q
2026-08-28 10:53:05,041 [INFO] DbBoards:161 - Board is not supported: NUCLEO-U3C5ZI-Q
2026-08-28 10:53:05,065 [INFO] BoardInfo:889 - No configuration file found for board NUCLEO-WBA25CE1
2026-08-28 10:53:05,066 [INFO] DbBoards:161 - Board is not supported: NUCLEO-WBA25CE1
2026-08-28 10:53:05,080 [INFO] BoardInfo:889 - No configuration file found for board NUCLEO-WL3RKB1
2026-08-28 10:53:05,081 [INFO] DbBoards:161 - Board is not supported: NUCLEO-WL3RKB1
2026-08-28 10:53:05,083 [INFO] BoardInfo:889 - No configuration file found for board NUCLEO-WL3RKB2
2026-08-28 10:53:05,084 [INFO] DbBoards:161 - Board is not supported: NUCLEO-WL3RKB2
2026-08-28 10:53:05,095 [INFO] BoardInfo:889 - No configuration file found for board P-NUCLEO-WB55
2026-08-28 10:53:05,097 [INFO] DbBoards:161 - Kit is not supported: P-NUCLEO-WB55
2026-08-28 10:53:05,105 [INFO] BoardInfo:889 - No configuration file found for board STEVAL-BFA001V1B
2026-08-28 10:53:05,107 [INFO] DbBoards:161 - Kit is not supported: STEVAL-BFA001V1B
2026-08-28 10:53:05,108 [INFO] BoardInfo:889 - No configuration file found for board STEVAL-BFA001V2B
2026-08-28 10:53:05,110 [INFO] DbBoards:161 - Kit is not supported: STEVAL-BFA001V2B
2026-08-28 10:53:05,257 [INFO] BoardInfo:889 - No configuration file found for board STM32H5F5J-DK
2026-08-28 10:53:05,259 [INFO] DbBoards:161 - Board is not supported: STM32H5F5J-DK
2026-08-28 10:53:05,379 [INFO] DbBoards:168 - Found 219 boards, 209 are supported
2026-08-28 10:53:05,379 [INFO] DbBoards:169 - Found 219 boards, 43 of them is supported for  Bsp
2026-08-28 10:53:05,381 [INFO] ApiDb:423 - Load user favorites file C:\Users\Student/.stm32cubeide/favorites.boards.txt: 0 item(s)
2026-08-28 10:53:05,381 [INFO] ApiDb:427 - User favorites Boards=[]
2026-08-28 10:53:05,381 [INFO] DbBoards:198 - Set 0 / 0 favorites Boards
2026-08-28 10:53:05,382 [ERROR] TargetSelectorAdapter:267 - Unable to refresh data
2026-08-28 10:53:05,427 [INFO] McuFinderGlobals:76 - Set McuFinderConnectedMode to true
2026-08-28 10:53:05,430 [INFO] MultiScanPanel:200 - Auto-refresh data requested => check proxy status ongoing
2026-08-28 10:53:05,431 [INFO] FinderPluginLoader:96 - Searching for filters in installed packs
2026-08-28 10:53:07,556 [INFO] LoadUrlFilesThread:185 - End of LoadServerUrlFiles without Thread
2026-08-28 10:53:07,557 [INFO] DetailPanel:341 - Set advertising image to C:/Users/Student/STM32Cube/Repository/\en.stm32h5cubemxbanner.png
2026-08-28 10:53:15,027 [INFO] MultiScanPanel:200 - Auto-refresh data requested => check proxy status ongoing
2026-08-28 10:53:15,080 [INFO] LoadUrlFilesThread:185 - End of LoadServerUrlFiles without Thread
2026-08-28 10:53:15,080 [INFO] DetailPanel:341 - Set advertising image to C:/Users/Student/STM32Cube/Repository/\en.stm32h5cubemxbanner.png
2026-08-28 10:53:15,086 [INFO] DbBoards:642 - Loading board mini-images...
2026-08-28 10:53:15,517 [ERROR] DbBoards:659 - Image file not found for board NUCLEO-H553ZG: C:\Users\Student\.stmcufinder\plugins\mcufinder//mcu//boards_images/NUCLEO-H553ZG.jpg
2026-08-28 10:53:17,124 [INFO] DbBoards:665 - Loaded 218 board mini-images
2026-08-28 10:53:17,165 [INFO] MultiScanPanel:200 - Auto-refresh data requested => check proxy status ongoing
2026-08-28 10:53:17,182 [INFO] ApiDb:668 - CubeFinder database Data Model version=2.1
2026-08-28 10:53:17,182 [INFO] ApiDb:669 - CubeFinder database Configuration version=3.0.42
2026-08-28 10:53:17,183 [INFO] ApiDb:670 - CubeFinder database generation date=2026-08-04 (1785840812)
2026-08-28 10:53:17,183 [INFO] ApiDb:671 - CubeFinder database FW Pack versions=[FP-ATR-ASTRA1_V2.0.0, FP-SNS-FLIGHT1_V5.1.0, FP-SNS-MOTENV1_V5.1.0, FP-SNS-MOTENVWB1_V1.5.0, FP-SNS-SMARTAG2_V1.2.0, FP-SNS-STBOX1_V2.1.0, STM32Cube_FW_C0_V1.4.1, STM32Cube_FW_F4_V1.28.3, STM32Cube_FW_F7_V1.17.4, STM32Cube_FW_G0_V1.6.3, STM32Cube_FW_G4_V1.6.2, STM32Cube_FW_H5_V1.7.0, STM32Cube_FW_H7RS_V1.3.0, STM32Cube_FW_H7_V1.13.0, STM32Cube_FW_L0_V1.12.2, STM32Cube_FW_L4_V1.18.2, STM32Cube_FW_L5_V1.6.0, STM32Cube_FW_N6_V1.4.0, STM32Cube_FW_U0_V1.3.0, STM32Cube_FW_U3_V1.4.0, STM32Cube_FW_U5_V1.9.0, STM32Cube_FW_WB0_V1.5.0, STM32Cube_FW_WBA_V1.10.0, STM32Cube_FW_WB_V1.24.0, STM32Cube_FW_WL3_V1.5.0, STM32Cube_FW_WL_V1.6.0, X-CUBE-ALGOBUILD_V1.5.0, X-CUBE-ALS_V1.0.2, X-CUBE-AZRTOS-F4_V1.1.0, X-CUBE-AZRTOS-F7_V1.1.0, X-CUBE-AZRTOS-G0_V1.1.0, X-CUBE-AZRTOS-G4_V2.0.0, X-CUBE-AZRTOS-H7RS_V1.3.0, X-CUBE-AZRTOS-H7_V3.5.0, X-CUBE-AZRTOS-L4_V2.0.0, X-CUBE-AZRTOS-L5_V2.0.0, X-CUBE-AZRTOS-WB_V2.0.0, X-CUBE-AZRTOS-WL_V2.0.0, X-CUBE-BLE1_V7.1.0, X-CUBE-BLE2_V3.3.0, X-CUBE-BLEMGR_V4.2.0, X-CUBE-EEPRMA1_V5.2.0, X-CUBE-FREERTOS_V1.6.0, X-CUBE-GNSS1_V7.1.1, X-CUBE-MEMS1_V13.0.0, X-CUBE-NFC4_V3.0.0, X-CUBE-NFC7_V2.0.0, X-CUBE-SFXS2LP1_V4.0.0, X-CUBE-ST67W61_V1.3.0, X-CUBE-SUBG2_V5.0.0, X-CUBE-TOF1_V3.4.3]
2026-08-28 10:53:18,033 [ERROR] DbExamplesSqlite:437 - Missing JSON key: board_cpn
2026-08-28 10:53:18,033 [ERROR] DbExamplesSqlite:437 - Missing JSON key: board_cpn
2026-08-28 10:53:18,033 [ERROR] DbExamplesSqlite:437 - Missing JSON key: board_cpn
2026-08-28 10:53:18,033 [ERROR] DbExamplesSqlite:437 - Missing JSON key: board_cpn
2026-08-28 10:53:18,322 [ERROR] DbExamplesSqlite:437 - Missing JSON key: board_cpn
2026-08-28 10:53:18,323 [ERROR] DbExamplesSqlite:437 - Missing JSON key: board_cpn
2026-08-28 10:53:18,403 [INFO] DbExamplesSqlite:395 - Ignored 42 examples not supported by CubeIDE
2026-08-28 10:53:18,403 [INFO] DbExamplesSqlite:396 - Found 11319 examples active
2026-08-28 10:53:18,403 [INFO] DbExamplesSqlite:397 - Found 0 examples obsolete
2026-08-28 10:53:18,404 [INFO] DbExamplesSqlite:398 - Found 0 examples under development
2026-08-28 10:53:18,404 [INFO] DbExamplesSqlite:399 - Found 81 examples not building
2026-08-28 10:53:18,409 [INFO] DbExamples:125 - Found 11358 examples
2026-08-28 10:53:18,433 [ERROR] DbExamples:208 - Found 246 examples with invalid data (board or MCU)
2026-08-28 10:53:18,434 [INFO] DbExamples:222 - Found 141 boards with related examples
2026-08-28 10:53:18,435 [INFO] DbExamples:235 - Found 117 MCUs with related examples
2026-08-28 10:53:18,452 [INFO] ApiDb:414 - User favorites file not found: C:\Users\Student/.stm32cubeide/favorites.examples.txt
2026-08-28 10:53:18,455 [INFO] DbExamples:250 - Set 0 / 0 favorites Examples
2026-08-28 10:53:19,248 [INFO] SoftwarePacks:127 - Download is needed for SW pack 'FP-ATR-ASTRA1_V2.0.0'
2026-08-28 10:53:19,249 [INFO] SoftwarePacks:127 - Download is needed for SW pack 'FP-SNS-FLIGHT1_V5.1.0'
2026-08-28 10:53:19,249 [ERROR] SoftwarePacks:139 - Unknown SW pack 'FP-SNS-MOTENV1_V5.1.0'
2026-08-28 10:53:19,249 [ERROR] SoftwarePacks:139 - Unknown SW pack 'FP-SNS-MOTENVWB1_V1.5.0'
2026-08-28 10:53:19,249 [INFO] SoftwarePacks:127 - Download is needed for SW pack 'FP-SNS-SMARTAG2_V1.2.0'
2026-08-28 10:53:19,249 [ERROR] SoftwarePacks:139 - Unknown SW pack 'FP-SNS-STBOX1_V2.1.0'
2026-08-28 10:53:19,259 [INFO] SoftwarePacks:127 - Download is needed for SW pack 'STM32Cube_FW_C0_V1.4.1'
2026-08-28 10:53:19,266 [INFO] SoftwarePacks:127 - Download is needed for SW pack 'STM32Cube_FW_F4_V1.28.3'
2026-08-28 10:53:19,270 [INFO] SoftwarePacks:127 - Download is needed for SW pack 'STM32Cube_FW_F7_V1.17.4'
2026-08-28 10:53:19,275 [INFO] SoftwarePacks:127 - Download is needed for SW pack 'STM32Cube_FW_G0_V1.6.3'
2026-08-28 10:53:19,279 [INFO] SoftwarePacks:127 - Download is needed for SW pack 'STM32Cube_FW_G4_V1.6.2'
2026-08-28 10:53:19,283 [INFO] SoftwarePacks:127 - Download is needed for SW pack 'STM32Cube_FW_H5_V1.7.0'
2026-08-28 10:53:19,286 [INFO] SoftwarePacks:127 - Download is needed for SW pack 'STM32Cube_FW_H7RS_V1.3.0'
2026-08-28 10:53:19,290 [INFO] SoftwarePacks:127 - Download is needed for SW pack 'STM32Cube_FW_H7_V1.13.0'
2026-08-28 10:53:19,294 [INFO] SoftwarePacks:127 - Download is needed for SW pack 'STM32Cube_FW_L0_V1.12.2'
2026-08-28 10:53:19,297 [INFO] SoftwarePacks:131 - Found SW pack 'STM32Cube_FW_L4_V1.18.2' up-to-date on disk.
2026-08-28 10:53:19,300 [INFO] SoftwarePacks:127 - Download is needed for SW pack 'STM32Cube_FW_L5_V1.6.0'
2026-08-28 10:53:19,304 [INFO] SoftwarePacks:127 - Download is needed for SW pack 'STM32Cube_FW_N6_V1.4.0'
2026-08-28 10:53:19,308 [INFO] SoftwarePacks:127 - Download is needed for SW pack 'STM32Cube_FW_U0_V1.3.0'
2026-08-28 10:53:19,312 [INFO] SoftwarePacks:127 - Download is needed for SW pack 'STM32Cube_FW_U3_V1.4.0'
2026-08-28 10:53:19,315 [INFO] SoftwarePacks:127 - Download is needed for SW pack 'STM32Cube_FW_U5_V1.9.0'
2026-08-28 10:53:19,318 [INFO] SoftwarePacks:127 - Download is needed for SW pack 'STM32Cube_FW_WB0_V1.5.0'
2026-08-28 10:53:19,321 [INFO] SoftwarePacks:127 - Download is needed for SW pack 'STM32Cube_FW_WBA_V1.10.0'
2026-08-28 10:53:19,325 [INFO] SoftwarePacks:127 - Download is needed for SW pack 'STM32Cube_FW_WB_V1.24.0'
2026-08-28 10:53:19,329 [INFO] SoftwarePacks:127 - Download is needed for SW pack 'STM32Cube_FW_WL3_V1.5.0'
2026-08-28 10:53:19,332 [INFO] SoftwarePacks:127 - Download is needed for SW pack 'STM32Cube_FW_WL_V1.6.0'
2026-08-28 10:53:19,332 [ERROR] SoftwarePacks:139 - Unknown SW pack 'X-CUBE-ALGOBUILD_V1.5.0'
2026-08-28 10:53:19,333 [INFO] SoftwarePacks:127 - Download is needed for SW pack 'X-CUBE-ALS_V1.0.2'
2026-08-28 10:53:19,333 [INFO] SoftwarePacks:127 - Download is needed for SW pack 'X-CUBE-AZRTOS-F4_V1.1.0'
2026-08-28 10:53:19,333 [INFO] SoftwarePacks:127 - Download is needed for SW pack 'X-CUBE-AZRTOS-F7_V1.1.0'
2026-08-28 10:53:19,333 [INFO] SoftwarePacks:127 - Download is needed for SW pack 'X-CUBE-AZRTOS-G0_V1.1.0'
2026-08-28 10:53:19,333 [INFO] SoftwarePacks:127 - Download is needed for SW pack 'X-CUBE-AZRTOS-G4_V2.0.0'
2026-08-28 10:53:19,333 [ERROR] SoftwarePacks:139 - Unknown SW pack 'X-CUBE-AZRTOS-H7RS_V1.3.0'
2026-08-28 10:53:19,333 [ERROR] SoftwarePacks:139 - Unknown SW pack 'X-CUBE-AZRTOS-H7_V3.5.0'
2026-08-28 10:53:19,334 [INFO] SoftwarePacks:127 - Download is needed for SW pack 'X-CUBE-AZRTOS-L4_V2.0.0'
2026-08-28 10:53:19,334 [INFO] SoftwarePacks:127 - Download is needed for SW pack 'X-CUBE-AZRTOS-L5_V2.0.0'
2026-08-28 10:53:19,334 [INFO] SoftwarePacks:127 - Download is needed for SW pack 'X-CUBE-AZRTOS-WB_V2.0.0'
2026-08-28 10:53:19,334 [INFO] SoftwarePacks:127 - Download is needed for SW pack 'X-CUBE-AZRTOS-WL_V2.0.0'
2026-08-28 10:53:19,334 [INFO] SoftwarePacks:127 - Download is needed for SW pack 'X-CUBE-BLE1_V7.1.0'
2026-08-28 10:53:19,334 [INFO] SoftwarePacks:127 - Download is needed for SW pack 'X-CUBE-BLE2_V3.3.0'
2026-08-28 10:53:19,334 [ERROR] SoftwarePacks:139 - Unknown SW pack 'X-CUBE-BLEMGR_V4.2.0'
2026-08-28 10:53:19,334 [ERROR] SoftwarePacks:139 - Unknown SW pack 'X-CUBE-EEPRMA1_V5.2.0'
2026-08-28 10:53:19,334 [ERROR] SoftwarePacks:139 - Unknown SW pack 'X-CUBE-FREERTOS_V1.6.0'
2026-08-28 10:53:19,334 [ERROR] SoftwarePacks:139 - Unknown SW pack 'X-CUBE-GNSS1_V7.1.1'
2026-08-28 10:53:19,335 [ERROR] SoftwarePacks:139 - Unknown SW pack 'X-CUBE-MEMS1_V13.0.0'
2026-08-28 10:53:19,335 [INFO] SoftwarePacks:127 - Download is needed for SW pack 'X-CUBE-NFC4_V3.0.0'
2026-08-28 10:53:19,335 [INFO] SoftwarePacks:127 - Download is needed for SW pack 'X-CUBE-NFC7_V2.0.0'
2026-08-28 10:53:19,335 [INFO] SoftwarePacks:127 - Download is needed for SW pack 'X-CUBE-SFXS2LP1_V4.0.0'
2026-08-28 10:53:19,335 [ERROR] SoftwarePacks:139 - Unknown SW pack 'X-CUBE-ST67W61_V1.3.0'
2026-08-28 10:53:19,335 [INFO] SoftwarePacks:127 - Download is needed for SW pack 'X-CUBE-SUBG2_V5.0.0'
2026-08-28 10:53:19,336 [INFO] SoftwarePacks:127 - Download is needed for SW pack 'X-CUBE-TOF1_V3.4.3'
2026-08-28 10:53:22,568 [INFO] LoadUrlFilesThread:185 - End of LoadServerUrlFiles without Thread
2026-08-28 10:53:22,568 [INFO] DetailPanel:341 - Set advertising image to C:/Users/Student/STM32Cube/Repository/\en.stm32h5cubemxbanner.png
2026-08-28 10:53:22,604 [ERROR] AppliInfo:139 - Unknown STM32CubeMX version: 6.16.1
2026-08-28 10:53:22,605 [ERROR] AppliInfo:139 - Unknown STM32CubeMX version: 6.16.1
2026-08-28 10:53:22,641 [ERROR] AppliInfo:139 - Unknown STM32CubeMX version: 6.17.0
2026-08-28 10:53:22,972 [ERROR] AppliInfo:139 - Unknown STM32CubeMX version: 6.18.0
2026-08-28 10:53:22,976 [ERROR] AppliInfo:139 - Unknown STM32CubeMX version: 6.18.0
2026-08-28 10:53:22,976 [ERROR] AppliInfo:139 - Unknown STM32CubeMX version: 6.18.0
2026-08-28 10:53:22,977 [ERROR] AppliInfo:139 - Unknown STM32CubeMX version: 6.18.0
2026-08-28 10:53:22,977 [ERROR] AppliInfo:139 - Unknown STM32CubeMX version: 6.18.0
2026-08-28 10:53:22,977 [ERROR] AppliInfo:139 - Unknown STM32CubeMX version: 6.18.0
2026-08-28 10:53:22,978 [ERROR] AppliInfo:139 - Unknown STM32CubeMX version: 6.18.0
2026-08-28 10:53:22,978 [ERROR] AppliInfo:139 - Unknown STM32CubeMX version: 6.18.0
2026-08-28 10:53:22,978 [ERROR] AppliInfo:139 - Unknown STM32CubeMX version: 6.18.0
2026-08-28 10:53:22,978 [ERROR] AppliInfo:139 - Unknown STM32CubeMX version: 6.18.0
2026-08-28 10:53:22,978 [ERROR] AppliInfo:139 - Unknown STM32CubeMX version: 6.18.0
2026-08-28 10:53:22,982 [ERROR] AppliInfo:139 - Unknown STM32CubeMX version: 6.18.0
2026-08-28 10:53:22,983 [ERROR] AppliInfo:139 - Unknown STM32CubeMX version: 6.18.0
2026-08-28 10:53:22,984 [ERROR] AppliInfo:139 - Unknown STM32CubeMX version: 6.18.0
2026-08-28 10:53:22,984 [ERROR] AppliInfo:139 - Unknown STM32CubeMX version: 6.18.0
2026-08-28 10:53:22,984 [ERROR] AppliInfo:139 - Unknown STM32CubeMX version: 6.18.0
2026-08-28 10:53:22,984 [ERROR] AppliInfo:139 - Unknown STM32CubeMX version: 6.18.0
2026-08-28 10:53:22,984 [ERROR] AppliInfo:139 - Unknown STM32CubeMX version: 6.18.0
2026-08-28 10:53:22,984 [ERROR] AppliInfo:139 - Unknown STM32CubeMX version: 6.18.0
2026-08-28 10:53:22,985 [ERROR] AppliInfo:139 - Unknown STM32CubeMX version: 6.18.0
2026-08-28 10:53:22,985 [ERROR] AppliInfo:139 - Unknown STM32CubeMX version: 6.18.0
2026-08-28 10:53:22,985 [ERROR] AppliInfo:139 - Unknown STM32CubeMX version: 6.18.0
2026-08-28 10:53:22,985 [ERROR] AppliInfo:139 - Unknown STM32CubeMX version: 6.18.0
2026-08-28 10:53:22,985 [ERROR] AppliInfo:139 - Unknown STM32CubeMX version: 6.18.0
2026-08-28 10:53:22,985 [ERROR] AppliInfo:139 - Unknown STM32CubeMX version: 6.18.0
2026-08-28 10:53:22,986 [ERROR] AppliInfo:139 - Unknown STM32CubeMX version: 6.18.0
2026-08-28 10:53:22,986 [ERROR] AppliInfo:139 - Unknown STM32CubeMX version: 6.18.0
2026-08-28 10:53:22,986 [ERROR] AppliInfo:139 - Unknown STM32CubeMX version: 6.18.0
2026-08-28 10:53:22,986 [ERROR] AppliInfo:139 - Unknown STM32CubeMX version: 6.18.0
2026-08-28 10:53:22,986 [ERROR] AppliInfo:139 - Unknown STM32CubeMX version: 6.18.0
2026-08-28 10:53:22,986 [ERROR] AppliInfo:139 - Unknown STM32CubeMX version: 6.18.0
2026-08-28 10:53:22,987 [ERROR] AppliInfo:139 - Unknown STM32CubeMX version: 6.18.0
2026-08-28 10:53:22,987 [ERROR] AppliInfo:139 - Unknown STM32CubeMX version: 6.18.0
2026-08-28 10:53:22,987 [ERROR] AppliInfo:139 - Unknown STM32CubeMX version: 6.18.0
2026-08-28 10:53:22,996 [ERROR] AppliInfo:139 - Unknown STM32CubeMX version: 6.18.0
2026-08-28 10:53:22,996 [ERROR] AppliInfo:139 - Unknown STM32CubeMX version: 6.18.0
2026-08-28 10:53:22,996 [ERROR] AppliInfo:139 - Unknown STM32CubeMX version: 6.18.0
2026-08-28 10:53:22,997 [ERROR] AppliInfo:139 - Unknown STM32CubeMX version: 6.18.0
2026-08-28 10:53:22,997 [ERROR] AppliInfo:139 - Unknown STM32CubeMX version: 6.18.0
2026-08-28 10:53:22,997 [ERROR] AppliInfo:139 - Unknown STM32CubeMX version: 6.18.0
2026-08-28 10:53:22,998 [ERROR] AppliInfo:139 - Unknown STM32CubeMX version: 6.17.0
2026-08-28 10:53:22,999 [ERROR] AppliInfo:139 - Unknown STM32CubeMX version: 6.18.0
2026-08-28 10:53:22,999 [ERROR] AppliInfo:139 - Unknown STM32CubeMX version: 6.18.0
2026-08-28 10:53:22,999 [ERROR] AppliInfo:139 - Unknown STM32CubeMX version: 6.18.0
2026-08-28 10:53:23,002 [ERROR] AppliInfo:139 - Unknown STM32CubeMX version: 6.18.0
2026-08-28 10:53:23,002 [ERROR] AppliInfo:139 - Unknown STM32CubeMX version: 6.17.0
2026-08-28 10:53:23,006 [ERROR] AppliInfo:139 - Unknown STM32CubeMX version: 6.18.0
2026-08-28 10:53:23,006 [ERROR] AppliInfo:139 - Unknown STM32CubeMX version: 6.18.0
2026-08-28 10:53:23,006 [ERROR] AppliInfo:139 - Unknown STM32CubeMX version: 6.18.0
2026-08-28 10:53:23,006 [ERROR] AppliInfo:139 - Unknown STM32CubeMX version: 6.18.0
2026-08-28 10:53:23,007 [ERROR] AppliInfo:139 - Unknown STM32CubeMX version: 6.18.0
2026-08-28 10:53:23,007 [ERROR] AppliInfo:139 - Unknown STM32CubeMX version: 6.17.0
2026-08-28 10:53:23,007 [ERROR] AppliInfo:139 - Unknown STM32CubeMX version: 6.17.0
2026-08-28 10:53:23,007 [ERROR] AppliInfo:139 - Unknown STM32CubeMX version: 6.17.0
2026-08-28 10:53:23,008 [ERROR] AppliInfo:139 - Unknown STM32CubeMX version: 6.17.0
2026-08-28 10:53:23,008 [ERROR] AppliInfo:139 - Unknown STM32CubeMX version: 6.17.0
2026-08-28 10:53:23,008 [ERROR] AppliInfo:139 - Unknown STM32CubeMX version: 6.18.0
2026-08-28 10:53:23,008 [ERROR] AppliInfo:139 - Unknown STM32CubeMX version: 6.18.0
2026-08-28 10:53:23,008 [ERROR] AppliInfo:139 - Unknown STM32CubeMX version: 6.18.0
2026-08-28 10:53:23,008 [ERROR] AppliInfo:139 - Unknown STM32CubeMX version: 6.17.0
2026-08-28 10:53:23,008 [ERROR] AppliInfo:139 - Unknown STM32CubeMX version: 6.17.0
2026-08-28 10:53:23,009 [ERROR] AppliInfo:139 - Unknown STM32CubeMX version: 6.17.0
2026-08-28 10:53:23,009 [ERROR] AppliInfo:139 - Unknown STM32CubeMX version: 6.17.0
2026-08-28 10:53:23,009 [ERROR] AppliInfo:139 - Unknown STM32CubeMX version: 6.17.0
2026-08-28 10:53:23,009 [ERROR] AppliInfo:139 - Unknown STM32CubeMX version: 6.17.0
2026-08-28 10:53:23,009 [ERROR] AppliInfo:139 - Unknown STM32CubeMX version: 6.17.0
2026-08-28 10:53:23,009 [ERROR] AppliInfo:139 - Unknown STM32CubeMX version: 6.17.0
2026-08-28 10:53:23,009 [ERROR] AppliInfo:139 - Unknown STM32CubeMX version: 6.17.0
2026-08-28 10:53:23,010 [ERROR] AppliInfo:139 - Unknown STM32CubeMX version: 6.17.0
2026-08-28 10:53:23,010 [ERROR] AppliInfo:139 - Unknown STM32CubeMX version: 6.17.0
2026-08-28 10:53:23,010 [ERROR] AppliInfo:139 - Unknown STM32CubeMX version: 6.17.0
2026-08-28 10:53:23,010 [ERROR] AppliInfo:139 - Unknown STM32CubeMX version: 6.17.0
2026-08-28 10:53:23,010 [ERROR] AppliInfo:139 - Unknown STM32CubeMX version: 6.17.0
2026-08-28 10:53:23,011 [ERROR] AppliInfo:139 - Unknown STM32CubeMX version: 6.17.0
2026-08-28 10:53:23,011 [ERROR] AppliInfo:139 - Unknown STM32CubeMX version: 6.17.0
2026-08-28 10:53:23,011 [ERROR] AppliInfo:139 - Unknown STM32CubeMX version: 6.17.0
2026-08-28 10:53:23,011 [ERROR] AppliInfo:139 - Unknown STM32CubeMX version: 6.17.0
2026-08-28 10:53:23,011 [ERROR] AppliInfo:139 - Unknown STM32CubeMX version: 6.17.0
2026-08-28 10:53:23,011 [ERROR] AppliInfo:139 - Unknown STM32CubeMX version: 6.17.0
2026-08-28 10:53:23,011 [ERROR] AppliInfo:139 - Unknown STM32CubeMX version: 6.17.0
2026-08-28 10:53:23,012 [ERROR] AppliInfo:139 - Unknown STM32CubeMX version: 6.17.0
2026-08-28 10:53:23,012 [ERROR] AppliInfo:139 - Unknown STM32CubeMX version: 6.17.0
2026-08-28 10:53:23,012 [ERROR] AppliInfo:139 - Unknown STM32CubeMX version: 6.17.0
2026-08-28 10:53:23,012 [ERROR] AppliInfo:139 - Unknown STM32CubeMX version: 6.17.0
2026-08-28 10:53:23,012 [ERROR] AppliInfo:139 - Unknown STM32CubeMX version: 6.17.0
2026-08-28 10:53:23,012 [ERROR] AppliInfo:139 - Unknown STM32CubeMX version: 6.17.0
2026-08-28 10:53:23,013 [ERROR] AppliInfo:139 - Unknown STM32CubeMX version: 6.17.0
2026-08-28 10:53:23,013 [ERROR] AppliInfo:139 - Unknown STM32CubeMX version: 6.17.0
2026-08-28 10:53:23,013 [ERROR] AppliInfo:139 - Unknown STM32CubeMX version: 6.17.0
2026-08-28 10:53:23,013 [ERROR] AppliInfo:139 - Unknown STM32CubeMX version: 6.17.0
2026-08-28 10:53:23,013 [ERROR] AppliInfo:139 - Unknown STM32CubeMX version: 6.17.0
2026-08-28 10:53:23,013 [ERROR] AppliInfo:139 - Unknown STM32CubeMX version: 6.17.0
2026-08-28 10:53:23,014 [ERROR] AppliInfo:139 - Unknown STM32CubeMX version: 6.17.0
2026-08-28 10:53:23,014 [ERROR] AppliInfo:139 - Unknown STM32CubeMX version: 6.18.0
2026-08-28 10:53:23,014 [ERROR] AppliInfo:139 - Unknown STM32CubeMX version: 6.18.0
2026-08-28 10:53:23,019 [ERROR] AppliInfo:139 - Unknown STM32CubeMX version: 6.18.0
2026-08-28 10:53:23,019 [ERROR] AppliInfo:139 - Unknown STM32CubeMX version: 6.18.0
2026-08-28 10:53:23,020 [ERROR] AppliInfo:139 - Unknown STM32CubeMX version: 6.18.0
2026-08-28 10:53:23,020 [ERROR] AppliInfo:139 - Unknown STM32CubeMX version: 6.18.0
2026-08-28 10:53:23,020 [ERROR] AppliInfo:139 - Unknown STM32CubeMX version: 6.18.0
2026-08-28 10:53:23,021 [ERROR] AppliInfo:139 - Unknown STM32CubeMX version: 6.18.0
2026-08-28 10:53:23,021 [ERROR] AppliInfo:139 - Unknown STM32CubeMX version: 6.17.0
2026-08-28 10:53:23,021 [ERROR] AppliInfo:139 - Unknown STM32CubeMX version: 6.17.0
2026-08-28 10:53:23,021 [ERROR] AppliInfo:139 - Unknown STM32CubeMX version: 6.17.0
2026-08-28 10:53:23,021 [ERROR] AppliInfo:139 - Unknown STM32CubeMX version: 6.17.0
2026-08-28 10:53:23,021 [ERROR] AppliInfo:139 - Unknown STM32CubeMX version: 6.17.0
2026-08-28 10:53:23,022 [ERROR] AppliInfo:139 - Unknown STM32CubeMX version: 6.17.0
2026-08-28 10:53:23,022 [ERROR] AppliInfo:139 - Unknown STM32CubeMX version: 6.17.0
2026-08-28 10:53:23,022 [ERROR] AppliInfo:139 - Unknown STM32CubeMX version: 6.17.0
2026-08-28 10:53:23,022 [ERROR] AppliInfo:139 - Unknown STM32CubeMX version: 6.18.0
2026-08-28 10:53:23,022 [ERROR] AppliInfo:139 - Unknown STM32CubeMX version: 6.17.0
2026-08-28 10:53:23,022 [ERROR] AppliInfo:139 - Unknown STM32CubeMX version: 6.17.0
2026-08-28 10:53:23,023 [ERROR] AppliInfo:139 - Unknown STM32CubeMX version: 6.17.0
2026-08-28 10:53:23,023 [ERROR] AppliInfo:139 - Unknown STM32CubeMX version: 6.17.0
2026-08-28 10:53:23,023 [ERROR] AppliInfo:139 - Unknown STM32CubeMX version: 6.17.0
2026-08-28 10:53:23,023 [ERROR] AppliInfo:139 - Unknown STM32CubeMX version: 6.17.0
2026-08-28 10:53:23,023 [ERROR] AppliInfo:139 - Unknown STM32CubeMX version: 6.17.0
2026-08-28 10:53:23,024 [ERROR] AppliInfo:139 - Unknown STM32CubeMX version: 6.17.0
2026-08-28 10:53:23,024 [ERROR] AppliInfo:139 - Unknown STM32CubeMX version: 6.17.0
2026-08-28 10:53:23,024 [ERROR] AppliInfo:139 - Unknown STM32CubeMX version: 6.17.0
2026-08-28 10:53:23,024 [ERROR] AppliInfo:139 - Unknown STM32CubeMX version: 6.17.0
2026-08-28 10:53:23,024 [ERROR] AppliInfo:139 - Unknown STM32CubeMX version: 6.17.0
2026-08-28 10:53:23,024 [ERROR] AppliInfo:139 - Unknown STM32CubeMX version: 6.17.0
2026-08-28 10:53:23,024 [ERROR] AppliInfo:139 - Unknown STM32CubeMX version: 6.17.0
2026-08-28 10:53:23,025 [ERROR] AppliInfo:139 - Unknown STM32CubeMX version: 6.17.0
2026-08-28 10:53:23,025 [ERROR] AppliInfo:139 - Unknown STM32CubeMX version: 6.18.0
2026-08-28 10:53:23,025 [ERROR] AppliInfo:139 - Unknown STM32CubeMX version: 6.18.0
2026-08-28 10:53:23,026 [ERROR] AppliInfo:139 - Unknown STM32CubeMX version: 6.18.0
2026-08-28 10:53:23,026 [ERROR] AppliInfo:139 - Unknown STM32CubeMX version: 6.18.0
2026-08-28 10:53:23,026 [ERROR] AppliInfo:139 - Unknown STM32CubeMX version: 6.18.0
2026-08-28 10:53:23,026 [ERROR] AppliInfo:139 - Unknown STM32CubeMX version: 6.18.0
2026-08-28 10:53:23,026 [ERROR] AppliInfo:139 - Unknown STM32CubeMX version: 6.18.0
2026-08-28 10:53:23,026 [ERROR] AppliInfo:139 - Unknown STM32CubeMX version: 6.18.0
2026-08-28 10:53:23,027 [ERROR] AppliInfo:139 - Unknown STM32CubeMX version: 6.18.0
2026-08-28 10:53:23,027 [ERROR] AppliInfo:139 - Unknown STM32CubeMX version: 6.18.0
2026-08-28 10:53:23,027 [ERROR] AppliInfo:139 - Unknown STM32CubeMX version: 6.18.0
2026-08-28 10:53:23,027 [ERROR] AppliInfo:139 - Unknown STM32CubeMX version: 6.18.0
2026-08-28 10:53:23,027 [ERROR] AppliInfo:139 - Unknown STM32CubeMX version: 6.18.0
2026-08-28 10:53:23,027 [ERROR] AppliInfo:139 - Unknown STM32CubeMX version: 6.18.0
2026-08-28 10:53:23,029 [ERROR] AppliInfo:139 - Unknown STM32CubeMX version: 6.18.0
2026-08-28 10:53:23,029 [ERROR] AppliInfo:139 - Unknown STM32CubeMX version: 6.18.0
2026-08-28 10:53:23,029 [ERROR] AppliInfo:139 - Unknown STM32CubeMX version: 6.18.0
2026-08-28 10:53:23,029 [ERROR] AppliInfo:139 - Unknown STM32CubeMX version: 6.18.0
2026-08-28 10:53:23,030 [ERROR] AppliInfo:139 - Unknown STM32CubeMX version: 6.18.0
2026-08-28 10:53:23,030 [ERROR] AppliInfo:139 - Unknown STM32CubeMX version: 6.18.0
2026-08-28 10:53:23,030 [ERROR] AppliInfo:139 - Unknown STM32CubeMX version: 6.18.0
2026-08-28 10:53:23,030 [ERROR] AppliInfo:139 - Unknown STM32CubeMX version: 6.18.0
2026-08-28 10:53:23,030 [ERROR] AppliInfo:139 - Unknown STM32CubeMX version: 6.18.0
2026-08-28 10:53:23,031 [ERROR] AppliInfo:139 - Unknown STM32CubeMX version: 6.18.0
2026-08-28 10:53:23,555 [ERROR] AppliInfo:139 - Unknown STM32CubeMX version: 6.16.0
2026-08-28 10:53:23,555 [ERROR] AppliInfo:139 - Unknown STM32CubeMX version: 6.16.0
2026-08-28 10:53:23,555 [ERROR] AppliInfo:139 - Unknown STM32CubeMX version: 6.16.0
2026-08-28 10:53:23,555 [ERROR] AppliInfo:139 - Unknown STM32CubeMX version: 6.16.0
2026-08-28 10:53:23,555 [ERROR] AppliInfo:139 - Unknown STM32CubeMX version: 6.16.0
2026-08-28 10:53:23,583 [ERROR] AppliInfo:139 - Unknown STM32CubeMX version: 6.16.0
2026-08-28 10:53:23,583 [ERROR] AppliInfo:139 - Unknown STM32CubeMX version: 6.16.0
2026-08-28 10:53:23,583 [ERROR] AppliInfo:139 - Unknown STM32CubeMX version: 6.16.0
2026-08-28 10:53:23,588 [ERROR] AppliInfo:139 - Unknown STM32CubeMX version: 6.16.0
2026-08-28 10:53:26,845 [ERROR] AppliInfo:139 - Unknown STM32CubeMX version: 6.16.0
2026-08-28 10:53:26,848 [ERROR] AppliInfo:139 - Unknown STM32CubeMX version: 6.16.0
2026-08-28 10:53:27,711 [ERROR] AppliInfo:139 - Unknown STM32CubeMX version: 6.16.0
2026-08-28 10:53:27,714 [ERROR] AppliInfo:139 - Unknown STM32CubeMX version: 6.18.0
2026-08-28 10:53:27,714 [ERROR] AppliInfo:139 - Unknown STM32CubeMX version: 6.18.0
2026-08-28 10:53:27,715 [ERROR] AppliInfo:139 - Unknown STM32CubeMX version: 6.18.0
2026-08-28 10:53:27,715 [ERROR] AppliInfo:139 - Unknown STM32CubeMX version: 6.18.0
2026-08-28 10:53:27,715 [ERROR] AppliInfo:139 - Unknown STM32CubeMX version: 6.18.0
2026-08-28 10:53:27,715 [ERROR] AppliInfo:139 - Unknown STM32CubeMX version: 6.18.0
2026-08-28 10:53:27,715 [ERROR] AppliInfo:139 - Unknown STM32CubeMX version: 6.18.0
2026-08-28 10:53:27,716 [ERROR] AppliInfo:139 - Unknown STM32CubeMX version: 6.18.0
2026-08-28 10:53:27,716 [ERROR] AppliInfo:139 - Unknown STM32CubeMX version: 6.18.0
2026-08-28 10:53:27,716 [ERROR] AppliInfo:139 - Unknown STM32CubeMX version: 6.18.0
2026-08-28 10:53:27,716 [ERROR] AppliInfo:139 - Unknown STM32CubeMX version: 6.18.0
2026-08-28 10:53:27,717 [ERROR] AppliInfo:139 - Unknown STM32CubeMX version: 6.18.0
2026-08-28 10:53:27,717 [ERROR] AppliInfo:139 - Unknown STM32CubeMX version: 6.18.0
2026-08-28 10:53:27,717 [ERROR] AppliInfo:139 - Unknown STM32CubeMX version: 6.18.0
2026-08-28 10:53:27,717 [ERROR] AppliInfo:139 - Unknown STM32CubeMX version: 6.18.0
2026-08-28 10:53:27,718 [ERROR] AppliInfo:139 - Unknown STM32CubeMX version: 6.17.0
2026-08-28 10:53:27,718 [ERROR] AppliInfo:139 - Unknown STM32CubeMX version: 6.16.0
2026-08-28 10:53:27,720 [ERROR] AppliInfo:139 - Unknown STM32CubeMX version: 6.16.0
2026-08-28 10:53:27,720 [ERROR] AppliInfo:139 - Unknown STM32CubeMX version: 6.16.0
2026-08-28 10:53:27,722 [ERROR] AppliInfo:139 - Unknown STM32CubeMX version: 6.16.0
2026-08-28 10:53:27,723 [ERROR] AppliInfo:139 - Unknown STM32CubeMX version: 6.16.0
2026-08-28 10:53:27,723 [ERROR] AppliInfo:139 - Unknown STM32CubeMX version: 6.16.0
2026-08-28 10:53:27,723 [ERROR] AppliInfo:139 - Unknown STM32CubeMX version: 6.16.0
2026-08-28 10:53:28,127 [ERROR] AppliInfo:139 - Unknown STM32CubeMX version: 6.16.0
2026-08-28 10:53:28,128 [ERROR] AppliInfo:139 - Unknown STM32CubeMX version: 6.16.0
2026-08-28 10:53:28,128 [ERROR] AppliInfo:139 - Unknown STM32CubeMX version: 6.18.0
2026-08-28 10:53:28,129 [ERROR] AppliInfo:139 - Unknown STM32CubeMX version: 6.18.0
2026-08-28 10:53:28,130 [ERROR] AppliInfo:139 - Unknown STM32CubeMX version: 6.18.0
2026-08-28 10:53:28,130 [ERROR] AppliInfo:139 - Unknown STM32CubeMX version: 6.18.0
2026-08-28 10:53:28,131 [ERROR] AppliInfo:139 - Unknown STM32CubeMX version: 6.18.0
2026-08-28 10:53:28,131 [ERROR] AppliInfo:139 - Unknown STM32CubeMX version: 6.18.0
2026-08-28 10:53:28,131 [ERROR] AppliInfo:139 - Unknown STM32CubeMX version: 6.18.0
2026-08-28 10:53:28,131 [ERROR] AppliInfo:139 - Unknown STM32CubeMX version: 6.18.0
2026-08-28 10:53:28,133 [ERROR] AppliInfo:139 - Unknown STM32CubeMX version: 6.16.0
2026-08-28 10:53:28,133 [ERROR] AppliInfo:139 - Unknown STM32CubeMX version: 6.16.0
2026-08-28 10:53:28,135 [ERROR] AppliInfo:139 - Unknown STM32CubeMX version: 6.17.0
2026-08-28 10:53:28,135 [ERROR] AppliInfo:139 - Unknown STM32CubeMX version: 6.17.0
2026-08-28 10:53:28,135 [ERROR] AppliInfo:139 - Unknown STM32CubeMX version: 6.17.0
2026-08-28 10:53:28,136 [ERROR] AppliInfo:139 - Unknown STM32CubeMX version: 6.16.0
2026-08-28 10:53:28,136 [ERROR] AppliInfo:139 - Unknown STM32CubeMX version: 6.16.0
2026-08-28 10:53:28,137 [ERROR] AppliInfo:139 - Unknown STM32CubeMX version: 6.16.0
2026-08-28 10:53:28,138 [ERROR] AppliInfo:139 - Unknown STM32CubeMX version: 6.18.0
2026-08-28 10:53:28,138 [ERROR] AppliInfo:139 - Unknown STM32CubeMX version: 6.18.0
2026-08-28 10:53:28,138 [ERROR] AppliInfo:139 - Unknown STM32CubeMX version: 6.18.0
2026-08-28 10:53:28,140 [ERROR] AppliInfo:139 - Unknown STM32CubeMX version: 6.16.0
2026-08-28 10:53:28,142 [ERROR] AppliInfo:139 - Unknown STM32CubeMX version: 6.16.0
2026-08-28 10:53:28,142 [ERROR] AppliInfo:139 - Unknown STM32CubeMX version: 6.16.0
2026-08-28 10:53:28,142 [ERROR] AppliInfo:139 - Unknown STM32CubeMX version: 6.16.0
2026-08-28 10:53:28,142 [ERROR] AppliInfo:139 - Unknown STM32CubeMX version: 6.16.0
2026-08-28 10:53:28,545 [ERROR] AppliInfo:139 - Unknown STM32CubeMX version: 6.17.0
2026-08-28 10:53:28,545 [ERROR] AppliInfo:139 - Unknown STM32CubeMX version: 6.18.0
2026-08-28 10:53:28,545 [ERROR] AppliInfo:139 - Unknown STM32CubeMX version: 6.18.0
2026-08-28 10:53:29,377 [ERROR] AppliInfo:139 - Unknown STM32CubeMX version: 6.18.0
2026-08-28 10:53:29,380 [ERROR] AppliInfo:139 - Unknown STM32CubeMX version: 6.18.0
2026-08-28 10:53:29,380 [ERROR] AppliInfo:139 - Unknown STM32CubeMX version: 6.18.0
2026-08-28 10:53:29,790 [ERROR] AppliInfo:139 - Unknown STM32CubeMX version: 6.17.0
2026-08-28 10:53:29,791 [ERROR] AppliInfo:139 - Unknown STM32CubeMX version: 6.17.0
2026-08-28 10:53:29,791 [ERROR] AppliInfo:139 - Unknown STM32CubeMX version: 6.17.0
2026-08-28 10:53:29,792 [ERROR] AppliInfo:139 - Unknown STM32CubeMX version: 6.18.0
2026-08-28 10:53:29,792 [ERROR] AppliInfo:139 - Unknown STM32CubeMX version: 6.17.0
2026-08-28 10:53:29,793 [ERROR] AppliInfo:139 - Unknown STM32CubeMX version: 6.17.0
2026-08-28 10:53:29,794 [ERROR] AppliInfo:139 - Unknown STM32CubeMX version: 6.17.0
2026-08-28 10:53:29,794 [ERROR] AppliInfo:139 - Unknown STM32CubeMX version: 6.17.0
2026-08-28 10:53:29,795 [ERROR] AppliInfo:139 - Unknown STM32CubeMX version: 6.17.0
2026-08-28 10:53:29,795 [ERROR] AppliInfo:139 - Unknown STM32CubeMX version: 6.17.0
2026-08-28 10:53:29,795 [ERROR] AppliInfo:139 - Unknown STM32CubeMX version: 6.17.0
2026-08-28 10:53:29,796 [ERROR] AppliInfo:139 - Unknown STM32CubeMX version: 6.17.0
2026-08-28 10:53:29,797 [ERROR] AppliInfo:139 - Unknown STM32CubeMX version: 6.17.0
2026-08-28 10:53:29,797 [ERROR] AppliInfo:139 - Unknown STM32CubeMX version: 6.17.0
2026-08-28 10:53:29,797 [ERROR] AppliInfo:139 - Unknown STM32CubeMX version: 6.17.0
2026-08-28 10:53:29,801 [ERROR] AppliInfo:139 - Unknown STM32CubeMX version: 6.17.0
2026-08-28 10:53:29,802 [ERROR] AppliInfo:139 - Unknown STM32CubeMX version: 6.17.0
2026-08-28 10:53:29,803 [ERROR] AppliInfo:139 - Unknown STM32CubeMX version: 6.17.0
2026-08-28 10:53:29,803 [ERROR] AppliInfo:139 - Unknown STM32CubeMX version: 6.18.0
2026-08-28 10:53:30,207 [ERROR] AppliInfo:139 - Unknown STM32CubeMX version: 6.18.0
2026-08-28 10:53:30,650 [ERROR] AppliInfo:139 - Unknown STM32CubeMX version: 6.18.0
2026-08-28 10:53:30,651 [ERROR] AppliInfo:139 - Unknown STM32CubeMX version: 6.18.0
2026-08-28 10:53:30,651 [ERROR] AppliInfo:139 - Unknown STM32CubeMX version: 6.18.0
2026-08-28 10:53:30,651 [ERROR] AppliInfo:139 - Unknown STM32CubeMX version: 6.18.0
2026-08-28 10:53:30,651 [ERROR] AppliInfo:139 - Unknown STM32CubeMX version: 6.18.0
2026-08-28 10:53:30,651 [ERROR] AppliInfo:139 - Unknown STM32CubeMX version: 6.18.0
2026-08-28 10:53:30,652 [ERROR] AppliInfo:139 - Unknown STM32CubeMX version: 6.17.0
2026-08-28 10:53:30,655 [ERROR] AppliInfo:139 - Unknown STM32CubeMX version: 6.18.0
2026-08-28 10:53:30,656 [ERROR] AppliInfo:139 - Unknown STM32CubeMX version: 6.18.0
2026-08-28 10:53:30,656 [ERROR] AppliInfo:139 - Unknown STM32CubeMX version: 6.18.0
2026-08-28 10:53:30,656 [ERROR] AppliInfo:139 - Unknown STM32CubeMX version: 6.18.0
2026-08-28 10:53:30,656 [ERROR] AppliInfo:139 - Unknown STM32CubeMX version: 6.18.0
2026-08-28 10:53:30,656 [ERROR] AppliInfo:139 - Unknown STM32CubeMX version: 6.18.0
2026-08-28 10:53:30,657 [ERROR] AppliInfo:139 - Unknown STM32CubeMX version: 6.17.0
2026-08-28 10:53:30,657 [ERROR] AppliInfo:139 - Unknown STM32CubeMX version: 6.17.0
2026-08-28 10:53:30,657 [ERROR] AppliInfo:139 - Unknown STM32CubeMX version: 6.17.0
2026-08-28 10:53:30,657 [ERROR] AppliInfo:139 - Unknown STM32CubeMX version: 6.17.0
2026-08-28 10:53:30,658 [ERROR] AppliInfo:139 - Unknown STM32CubeMX version: 6.17.0
2026-08-28 10:53:31,066 [ERROR] AppliInfo:139 - Unknown STM32CubeMX version: 6.17.0
2026-08-28 10:53:31,067 [ERROR] AppliInfo:139 - Unknown STM32CubeMX version: 6.17.0
2026-08-28 10:53:31,067 [ERROR] AppliInfo:139 - Unknown STM32CubeMX version: 6.17.0
2026-08-28 10:53:31,067 [ERROR] AppliInfo:139 - Unknown STM32CubeMX version: 6.17.0
2026-08-28 10:53:31,068 [ERROR] AppliInfo:139 - Unknown STM32CubeMX version: 6.17.0
2026-08-28 10:53:31,068 [ERROR] AppliInfo:139 - Unknown STM32CubeMX version: 6.17.0
2026-08-28 10:53:31,068 [ERROR] AppliInfo:139 - Unknown STM32CubeMX version: 6.17.0
2026-08-28 10:53:31,068 [ERROR] AppliInfo:139 - Unknown STM32CubeMX version: 6.17.0
2026-08-28 10:53:31,068 [ERROR] AppliInfo:139 - Unknown STM32CubeMX version: 6.17.0
2026-08-28 10:53:31,069 [ERROR] AppliInfo:139 - Unknown STM32CubeMX version: 6.17.0
2026-08-28 10:53:31,069 [ERROR] AppliInfo:139 - Unknown STM32CubeMX version: 6.17.0
2026-08-28 10:53:31,069 [ERROR] AppliInfo:139 - Unknown STM32CubeMX version: 6.17.0
2026-08-28 10:53:31,070 [ERROR] AppliInfo:139 - Unknown STM32CubeMX version: 6.17.0
2026-08-28 10:53:31,070 [ERROR] AppliInfo:139 - Unknown STM32CubeMX version: 6.17.0
2026-08-28 10:53:31,070 [ERROR] AppliInfo:139 - Unknown STM32CubeMX version: 6.17.0
2026-08-28 10:53:31,070 [ERROR] AppliInfo:139 - Unknown STM32CubeMX version: 6.17.0
2026-08-28 10:53:31,070 [ERROR] AppliInfo:139 - Unknown STM32CubeMX version: 6.17.0
2026-08-28 10:53:31,071 [ERROR] AppliInfo:139 - Unknown STM32CubeMX version: 6.17.0
2026-08-28 10:53:31,071 [ERROR] AppliInfo:139 - Unknown STM32CubeMX version: 6.17.0
2026-08-28 10:53:31,071 [ERROR] AppliInfo:139 - Unknown STM32CubeMX version: 6.17.0
2026-08-28 10:53:31,071 [ERROR] AppliInfo:139 - Unknown STM32CubeMX version: 6.17.0
2026-08-28 10:53:31,072 [ERROR] AppliInfo:139 - Unknown STM32CubeMX version: 6.17.0
2026-08-28 10:53:31,072 [ERROR] AppliInfo:139 - Unknown STM32CubeMX version: 6.17.0
2026-08-28 10:53:31,072 [ERROR] AppliInfo:139 - Unknown STM32CubeMX version: 6.17.0
2026-08-28 10:53:31,072 [ERROR] AppliInfo:139 - Unknown STM32CubeMX version: 6.17.0
2026-08-28 10:53:31,073 [ERROR] AppliInfo:139 - Unknown STM32CubeMX version: 6.17.0
2026-08-28 10:53:31,073 [ERROR] AppliInfo:139 - Unknown STM32CubeMX version: 6.17.0
2026-08-28 10:53:31,073 [ERROR] AppliInfo:139 - Unknown STM32CubeMX version: 6.17.0
2026-08-28 10:53:31,073 [ERROR] AppliInfo:139 - Unknown STM32CubeMX version: 6.17.0
2026-08-28 10:53:31,073 [ERROR] AppliInfo:139 - Unknown STM32CubeMX version: 6.17.0
2026-08-28 10:53:31,074 [ERROR] AppliInfo:139 - Unknown STM32CubeMX version: 6.18.0
2026-08-28 10:53:31,074 [ERROR] AppliInfo:139 - Unknown STM32CubeMX version: 6.17.0
2026-08-28 10:53:31,074 [ERROR] AppliInfo:139 - Unknown STM32CubeMX version: 6.17.0
2026-08-28 10:53:31,074 [ERROR] AppliInfo:139 - Unknown STM32CubeMX version: 6.17.0
2026-08-28 10:53:31,074 [ERROR] AppliInfo:139 - Unknown STM32CubeMX version: 6.17.0
2026-08-28 10:53:31,075 [ERROR] AppliInfo:139 - Unknown STM32CubeMX version: 6.17.0
2026-08-28 10:53:31,075 [ERROR] AppliInfo:139 - Unknown STM32CubeMX version: 6.17.0
2026-08-28 10:53:31,075 [ERROR] AppliInfo:139 - Unknown STM32CubeMX version: 6.17.0
2026-08-28 10:53:31,075 [ERROR] AppliInfo:139 - Unknown STM32CubeMX version: 6.17.0
2026-08-28 10:53:31,076 [ERROR] AppliInfo:139 - Unknown STM32CubeMX version: 6.18.0
2026-08-28 10:53:31,076 [ERROR] AppliInfo:139 - Unknown STM32CubeMX version: 6.18.0
2026-08-28 10:53:31,076 [ERROR] AppliInfo:139 - Unknown STM32CubeMX version: 6.18.0
2026-08-28 10:53:31,076 [ERROR] AppliInfo:139 - Unknown STM32CubeMX version: 6.18.0
2026-08-28 10:53:31,077 [ERROR] AppliInfo:139 - Unknown STM32CubeMX version: 6.18.0
2026-08-28 10:53:31,077 [ERROR] AppliInfo:139 - Unknown STM32CubeMX version: 6.18.0
2026-08-28 10:53:31,077 [ERROR] AppliInfo:139 - Unknown STM32CubeMX version: 6.18.0
2026-08-28 10:53:31,077 [ERROR] AppliInfo:139 - Unknown STM32CubeMX version: 6.18.0
2026-08-28 10:53:31,077 [ERROR] AppliInfo:139 - Unknown STM32CubeMX version: 6.18.0
2026-08-28 10:53:31,078 [ERROR] AppliInfo:139 - Unknown STM32CubeMX version: 6.18.0
2026-08-28 10:53:31,078 [ERROR] AppliInfo:139 - Unknown STM32CubeMX version: 6.18.0
2026-08-28 10:53:31,078 [ERROR] AppliInfo:139 - Unknown STM32CubeMX version: 6.18.0
2026-08-28 10:53:31,079 [ERROR] AppliInfo:139 - Unknown STM32CubeMX version: 6.18.0
2026-08-28 10:53:31,079 [ERROR] AppliInfo:139 - Unknown STM32CubeMX version: 6.18.0
2026-08-28 10:53:31,079 [ERROR] AppliInfo:139 - Unknown STM32CubeMX version: 6.18.0
2026-08-28 10:53:31,080 [ERROR] AppliInfo:139 - Unknown STM32CubeMX version: 6.18.0
2026-08-28 10:53:31,080 [ERROR] AppliInfo:139 - Unknown STM32CubeMX version: 6.18.0
2026-08-28 10:53:31,080 [ERROR] AppliInfo:139 - Unknown STM32CubeMX version: 6.18.0
2026-08-28 10:53:31,080 [ERROR] AppliInfo:139 - Unknown STM32CubeMX version: 6.18.0
2026-08-28 10:53:31,080 [ERROR] AppliInfo:139 - Unknown STM32CubeMX version: 6.18.0
2026-08-28 10:53:31,081 [ERROR] AppliInfo:139 - Unknown STM32CubeMX version: 6.18.0
2026-08-28 10:53:31,081 [ERROR] AppliInfo:139 - Unknown STM32CubeMX version: 6.18.0
2026-08-28 10:53:31,081 [ERROR] AppliInfo:139 - Unknown STM32CubeMX version: 6.18.0
2026-08-28 10:53:31,081 [ERROR] AppliInfo:139 - Unknown STM32CubeMX version: 6.18.0
2026-08-28 10:53:31,477 [ERROR] AppliInfo:139 - Unknown STM32CubeMX version: 6.18.0
2026-08-28 10:53:31,478 [ERROR] AppliInfo:139 - Unknown STM32CubeMX version: 6.18.0
2026-08-28 10:53:31,478 [ERROR] AppliInfo:139 - Unknown STM32CubeMX version: 6.18.0
2026-08-28 10:53:31,478 [ERROR] AppliInfo:139 - Unknown STM32CubeMX version: 6.18.0
2026-08-28 10:53:31,478 [ERROR] AppliInfo:139 - Unknown STM32CubeMX version: 6.18.0
2026-08-28 10:53:31,479 [ERROR] AppliInfo:139 - Unknown STM32CubeMX version: 6.18.0
2026-08-28 10:53:31,479 [ERROR] AppliInfo:139 - Unknown STM32CubeMX version: 6.18.0
2026-08-28 10:53:31,479 [ERROR] AppliInfo:139 - Unknown STM32CubeMX version: 6.18.0
2026-08-28 10:53:31,480 [ERROR] AppliInfo:139 - Unknown STM32CubeMX version: 6.18.0
2026-08-28 10:53:31,480 [ERROR] AppliInfo:139 - Unknown STM32CubeMX version: 6.18.0
2026-08-28 10:53:31,480 [ERROR] AppliInfo:139 - Unknown STM32CubeMX version: 6.18.0
2026-08-28 10:53:31,480 [ERROR] AppliInfo:139 - Unknown STM32CubeMX version: 6.18.0
2026-08-28 10:53:31,480 [ERROR] AppliInfo:139 - Unknown STM32CubeMX version: 6.18.0
2026-08-28 10:53:31,481 [ERROR] AppliInfo:139 - Unknown STM32CubeMX version: 6.18.0
2026-08-28 10:53:31,481 [ERROR] AppliInfo:139 - Unknown STM32CubeMX version: 6.18.0
2026-08-28 10:53:31,481 [ERROR] AppliInfo:139 - Unknown STM32CubeMX version: 6.18.0
2026-08-28 10:53:31,481 [ERROR] AppliInfo:139 - Unknown STM32CubeMX version: 6.18.0
2026-08-28 10:53:31,481 [ERROR] AppliInfo:139 - Unknown STM32CubeMX version: 6.18.0
2026-08-28 10:53:31,482 [ERROR] AppliInfo:139 - Unknown STM32CubeMX version: 6.18.0
2026-08-28 10:53:31,482 [ERROR] AppliInfo:139 - Unknown STM32CubeMX version: 6.18.0
2026-08-28 10:53:31,482 [ERROR] AppliInfo:139 - Unknown STM32CubeMX version: 6.18.0
2026-08-28 10:53:31,482 [ERROR] AppliInfo:139 - Unknown STM32CubeMX version: 6.18.0
2026-08-28 10:53:31,483 [ERROR] AppliInfo:139 - Unknown STM32CubeMX version: 6.18.0
2026-08-28 10:53:31,483 [ERROR] AppliInfo:139 - Unknown STM32CubeMX version: 6.18.0
2026-08-28 10:53:31,483 [ERROR] AppliInfo:139 - Unknown STM32CubeMX version: 6.18.0
2026-08-28 10:53:31,484 [ERROR] AppliInfo:139 - Unknown STM32CubeMX version: 6.18.0
2026-08-28 10:53:32,337 [ERROR] AppliInfo:139 - Unknown STM32CubeMX version: 6.18.0
2026-08-28 10:53:32,337 [ERROR] AppliInfo:139 - Unknown STM32CubeMX version: 6.18.0
2026-08-28 10:53:32,740 [ERROR] AppliInfo:139 - Unknown STM32CubeMX version: 6.18.0
2026-08-28 10:53:32,741 [ERROR] AppliInfo:139 - Unknown STM32CubeMX version: 6.18.0
2026-08-28 10:53:32,741 [ERROR] AppliInfo:139 - Unknown STM32CubeMX version: 6.18.0
2026-08-28 10:53:32,741 [ERROR] AppliInfo:139 - Unknown STM32CubeMX version: 6.18.0
2026-08-28 10:53:32,741 [ERROR] AppliInfo:139 - Unknown STM32CubeMX version: 6.18.0
2026-08-28 10:53:32,742 [ERROR] AppliInfo:139 - Unknown STM32CubeMX version: 6.18.0
2026-08-28 10:53:32,742 [ERROR] AppliInfo:139 - Unknown STM32CubeMX version: 6.18.0
2026-08-28 10:53:32,742 [ERROR] AppliInfo:139 - Unknown STM32CubeMX version: 6.18.0
2026-08-28 10:53:32,742 [ERROR] AppliInfo:139 - Unknown STM32CubeMX version: 6.18.0
2026-08-28 10:53:32,743 [ERROR] AppliInfo:139 - Unknown STM32CubeMX version: 6.18.0
2026-08-28 10:53:32,743 [ERROR] AppliInfo:139 - Unknown STM32CubeMX version: 6.18.0
2026-08-28 10:53:32,743 [ERROR] AppliInfo:139 - Unknown STM32CubeMX version: 6.18.0
2026-08-28 10:53:32,744 [ERROR] AppliInfo:139 - Unknown STM32CubeMX version: 6.18.0
2026-08-28 10:53:32,745 [ERROR] AppliInfo:139 - Unknown STM32CubeMX version: 6.18.0
2026-08-28 10:53:32,746 [ERROR] AppliInfo:139 - Unknown STM32CubeMX version: 6.18.0
2026-08-28 10:53:32,746 [ERROR] AppliInfo:139 - Unknown STM32CubeMX version: 6.18.0
2026-08-28 10:53:32,746 [ERROR] AppliInfo:139 - Unknown STM32CubeMX version: 6.18.0
2026-08-28 10:53:32,746 [ERROR] AppliInfo:139 - Unknown STM32CubeMX version: 6.18.0
2026-08-28 10:53:32,747 [ERROR] AppliInfo:139 - Unknown STM32CubeMX version: 6.18.0
2026-08-28 10:53:32,747 [ERROR] AppliInfo:139 - Unknown STM32CubeMX version: 6.18.0
2026-08-28 10:53:32,747 [ERROR] AppliInfo:139 - Unknown STM32CubeMX version: 6.18.0
2026-08-28 10:53:32,747 [ERROR] AppliInfo:139 - Unknown STM32CubeMX version: 6.18.0
2026-08-28 10:53:32,747 [ERROR] AppliInfo:139 - Unknown STM32CubeMX version: 6.18.0
2026-08-28 10:53:32,748 [ERROR] AppliInfo:139 - Unknown STM32CubeMX version: 6.18.0
2026-08-28 10:53:32,748 [ERROR] AppliInfo:139 - Unknown STM32CubeMX version: 6.18.0
2026-08-28 10:53:32,748 [ERROR] AppliInfo:139 - Unknown STM32CubeMX version: 6.18.0
2026-08-28 10:53:32,748 [ERROR] AppliInfo:139 - Unknown STM32CubeMX version: 6.18.0
2026-08-28 10:53:32,749 [ERROR] AppliInfo:139 - Unknown STM32CubeMX version: 6.18.0
2026-08-28 10:53:33,176 [ERROR] AppliInfo:139 - Unknown STM32CubeMX version: 6.18.0
2026-08-28 10:53:33,177 [ERROR] AppliInfo:139 - Unknown STM32CubeMX version: 6.18.0
2026-08-28 10:53:33,177 [ERROR] AppliInfo:139 - Unknown STM32CubeMX version: 6.18.0
2026-08-28 10:53:33,177 [ERROR] AppliInfo:139 - Unknown STM32CubeMX version: 6.18.0
2026-08-28 10:53:33,177 [ERROR] AppliInfo:139 - Unknown STM32CubeMX version: 6.18.0
2026-08-28 10:53:33,180 [ERROR] AppliInfo:139 - Unknown STM32CubeMX version: 6.18.0
2026-08-28 10:53:33,181 [ERROR] AppliInfo:139 - Unknown STM32CubeMX version: 6.18.0
2026-08-28 10:53:33,181 [ERROR] AppliInfo:139 - Unknown STM32CubeMX version: 6.18.0
2026-08-28 10:53:33,181 [ERROR] AppliInfo:139 - Unknown STM32CubeMX version: 6.18.0
2026-08-28 10:53:33,181 [ERROR] AppliInfo:139 - Unknown STM32CubeMX version: 6.18.0
2026-08-28 10:53:33,182 [ERROR] AppliInfo:139 - Unknown STM32CubeMX version: 6.18.0
2026-08-28 10:53:33,182 [ERROR] AppliInfo:139 - Unknown STM32CubeMX version: 6.18.0
2026-08-28 10:53:33,182 [ERROR] AppliInfo:139 - Unknown STM32CubeMX version: 6.18.0
2026-08-28 10:53:33,183 [ERROR] AppliInfo:139 - Unknown STM32CubeMX version: 6.18.0
2026-08-28 10:53:33,183 [ERROR] AppliInfo:139 - Unknown STM32CubeMX version: 6.18.0
2026-08-28 10:53:33,599 [ERROR] AppliInfo:139 - Unknown STM32CubeMX version: 6.18.0
2026-08-28 10:53:33,599 [ERROR] AppliInfo:139 - Unknown STM32CubeMX version: 6.18.0
2026-08-28 10:53:33,600 [ERROR] AppliInfo:139 - Unknown STM32CubeMX version: 6.18.0
2026-08-28 10:53:33,600 [ERROR] AppliInfo:139 - Unknown STM32CubeMX version: 6.18.0
2026-08-28 10:53:33,600 [ERROR] AppliInfo:139 - Unknown STM32CubeMX version: 6.18.0
2026-08-28 10:53:33,600 [ERROR] AppliInfo:139 - Unknown STM32CubeMX version: 6.18.0
2026-08-28 10:53:33,600 [ERROR] AppliInfo:139 - Unknown STM32CubeMX version: 6.18.0
2026-08-28 10:53:33,603 [ERROR] AppliInfo:139 - Unknown STM32CubeMX version: 6.16.0
2026-08-28 10:53:34,832 [ERROR] AppliInfo:139 - Unknown STM32CubeMX version: 6.16.0
2026-08-28 10:53:34,832 [ERROR] AppliInfo:139 - Unknown STM32CubeMX version: 6.16.0
2026-08-28 10:53:34,832 [ERROR] AppliInfo:139 - Unknown STM32CubeMX version: 6.16.0
2026-08-28 10:53:34,833 [ERROR] AppliInfo:139 - Unknown STM32CubeMX version: 6.16.0
2026-08-28 10:53:34,833 [ERROR] AppliInfo:139 - Unknown STM32CubeMX version: 6.16.0
2026-08-28 10:53:34,833 [ERROR] AppliInfo:139 - Unknown STM32CubeMX version: 6.16.0
2026-08-28 10:53:44,978 [ERROR] AppliInfo:139 - Unknown STM32CubeMX version: 6.12.1
2026-08-28 10:53:44,978 [ERROR] AppliInfo:139 - Unknown STM32CubeMX version: 6.16.0
2026-08-28 10:53:44,978 [ERROR] AppliInfo:139 - Unknown STM32CubeMX version: 6.16.0
2026-08-28 10:53:44,979 [ERROR] AppliInfo:139 - Unknown STM32CubeMX version: 6.16.0
2026-08-28 10:53:44,979 [ERROR] AppliInfo:139 - Unknown STM32CubeMX version: 6.16.0
2026-08-28 10:53:44,979 [ERROR] AppliInfo:139 - Unknown STM32CubeMX version: 6.16.0
2026-08-28 10:53:44,979 [ERROR] AppliInfo:139 - Unknown STM32CubeMX version: 6.16.0
2026-08-28 10:53:44,979 [ERROR] AppliInfo:139 - Unknown STM32CubeMX version: 6.16.0
2026-08-28 10:53:44,980 [ERROR] AppliInfo:139 - Unknown STM32CubeMX version: 6.16.0
2026-08-28 10:53:44,980 [ERROR] AppliInfo:139 - Unknown STM32CubeMX version: 6.16.0
2026-08-28 10:53:44,980 [ERROR] AppliInfo:139 - Unknown STM32CubeMX version: 6.16.0
2026-08-28 10:53:44,980 [ERROR] AppliInfo:139 - Unknown STM32CubeMX version: 6.16.0
2026-08-28 10:53:44,980 [ERROR] AppliInfo:139 - Unknown STM32CubeMX version: 6.16.0
2026-08-28 10:53:44,981 [ERROR] AppliInfo:139 - Unknown STM32CubeMX version: 6.16.0
2026-08-28 10:53:44,981 [ERROR] AppliInfo:139 - Unknown STM32CubeMX version: 6.16.0
2026-08-28 10:53:44,981 [ERROR] AppliInfo:139 - Unknown STM32CubeMX version: 6.16.0
2026-08-28 10:53:44,981 [ERROR] AppliInfo:139 - Unknown STM32CubeMX version: 6.16.0
2026-08-28 10:53:44,982 [ERROR] AppliInfo:139 - Unknown STM32CubeMX version: 6.16.0
2026-08-28 10:53:44,982 [ERROR] AppliInfo:139 - Unknown STM32CubeMX version: 6.16.0
2026-08-28 10:53:44,982 [ERROR] AppliInfo:139 - Unknown STM32CubeMX version: 6.16.0
2026-08-28 10:53:44,982 [ERROR] AppliInfo:139 - Unknown STM32CubeMX version: 6.16.0
2026-08-28 10:53:44,982 [ERROR] AppliInfo:139 - Unknown STM32CubeMX version: 6.18.0
2026-08-28 10:53:46,200 [ERROR] AppliInfo:139 - Unknown STM32CubeMX version: 6.16.0
2026-08-28 10:53:46,201 [ERROR] AppliInfo:139 - Unknown STM32CubeMX version: 6.16.0
2026-08-28 10:53:46,201 [ERROR] AppliInfo:139 - Unknown STM32CubeMX version: 6.16.0
2026-08-28 10:53:46,201 [ERROR] AppliInfo:139 - Unknown STM32CubeMX version: 6.16.0
2026-08-28 10:53:46,201 [ERROR] AppliInfo:139 - Unknown STM32CubeMX version: 6.16.0
2026-08-28 10:53:46,201 [ERROR] AppliInfo:139 - Unknown STM32CubeMX version: 6.16.0
2026-08-28 10:53:46,202 [ERROR] AppliInfo:139 - Unknown STM32CubeMX version: 6.16.0
2026-08-28 10:53:46,202 [ERROR] AppliInfo:139 - Unknown STM32CubeMX version: 6.16.0
2026-08-28 10:53:46,202 [ERROR] AppliInfo:139 - Unknown STM32CubeMX version: 6.16.0
2026-08-28 10:53:46,202 [ERROR] AppliInfo:139 - Unknown STM32CubeMX version: 6.16.0
2026-08-28 10:53:46,202 [ERROR] AppliInfo:139 - Unknown STM32CubeMX version: 6.16.0
2026-08-28 10:53:46,203 [ERROR] AppliInfo:139 - Unknown STM32CubeMX version: 6.16.0
2026-08-28 10:53:46,203 [ERROR] AppliInfo:139 - Unknown STM32CubeMX version: 6.16.0
2026-08-28 10:53:46,203 [ERROR] AppliInfo:139 - Unknown STM32CubeMX version: 6.16.0
2026-08-28 10:53:46,203 [ERROR] AppliInfo:139 - Unknown STM32CubeMX version: 6.16.0
2026-08-28 10:53:46,204 [ERROR] AppliInfo:139 - Unknown STM32CubeMX version: 6.16.0
2026-08-28 10:53:46,601 [ERROR] AppliInfo:139 - Unknown STM32CubeMX version: 6.16.0
2026-08-28 10:53:46,602 [ERROR] AppliInfo:139 - Unknown STM32CubeMX version: 6.16.0
2026-08-28 10:53:46,602 [ERROR] AppliInfo:139 - Unknown STM32CubeMX version: 6.16.0
2026-08-28 10:53:46,603 [ERROR] AppliInfo:139 - Unknown STM32CubeMX version: 6.16.0
2026-08-28 10:53:46,603 [ERROR] AppliInfo:139 - Unknown STM32CubeMX version: 6.16.0
2026-08-28 10:53:47,823 [ERROR] AppliInfo:139 - Unknown STM32CubeMX version: 6.16.0
2026-08-28 10:53:47,824 [ERROR] AppliInfo:139 - Unknown STM32CubeMX version: 6.16.0
2026-08-28 10:53:47,824 [ERROR] AppliInfo:139 - Unknown STM32CubeMX version: 6.16.0
2026-08-28 10:53:47,824 [ERROR] AppliInfo:139 - Unknown STM32CubeMX version: 6.16.0
2026-08-28 10:53:47,824 [ERROR] AppliInfo:139 - Unknown STM32CubeMX version: 6.16.0
2026-08-28 10:53:47,824 [ERROR] AppliInfo:139 - Unknown STM32CubeMX version: 6.16.0
2026-08-28 10:53:47,825 [ERROR] AppliInfo:139 - Unknown STM32CubeMX version: 6.16.0
2026-08-28 10:53:47,825 [ERROR] AppliInfo:139 - Unknown STM32CubeMX version: 6.16.0
2026-08-28 10:53:47,825 [ERROR] AppliInfo:139 - Unknown STM32CubeMX version: 6.16.0
2026-08-28 10:53:47,825 [ERROR] AppliInfo:139 - Unknown STM32CubeMX version: 6.16.0
2026-08-28 10:53:48,223 [ERROR] AppliInfo:139 - Unknown STM32CubeMX version: 6.16.0
2026-08-28 10:53:48,223 [ERROR] AppliInfo:139 - Unknown STM32CubeMX version: 6.16.0
2026-08-28 10:53:48,224 [ERROR] AppliInfo:139 - Unknown STM32CubeMX version: 6.16.0
2026-08-28 10:53:48,224 [ERROR] AppliInfo:139 - Unknown STM32CubeMX version: 6.16.0
2026-08-28 10:53:48,224 [ERROR] AppliInfo:139 - Unknown STM32CubeMX version: 6.16.0
2026-08-28 10:53:48,224 [ERROR] AppliInfo:139 - Unknown STM32CubeMX version: 6.16.0
2026-08-28 10:53:48,224 [ERROR] AppliInfo:139 - Unknown STM32CubeMX version: 6.16.0
2026-08-28 10:53:48,225 [ERROR] AppliInfo:139 - Unknown STM32CubeMX version: 6.16.0
2026-08-28 10:53:48,225 [ERROR] AppliInfo:139 - Unknown STM32CubeMX version: 6.16.0
2026-08-28 10:53:48,225 [ERROR] AppliInfo:139 - Unknown STM32CubeMX version: 6.16.0
2026-08-28 10:53:48,225 [ERROR] AppliInfo:139 - Unknown STM32CubeMX version: 6.16.0
2026-08-28 10:53:52,491 [ERROR] AppliInfo:139 - Unknown STM32CubeMX version: 6.16.0
2026-08-28 10:53:52,491 [ERROR] AppliInfo:139 - Unknown STM32CubeMX version: 6.16.0
2026-08-28 10:53:52,492 [ERROR] AppliInfo:139 - Unknown STM32CubeMX version: 6.16.0
2026-08-28 10:53:52,492 [ERROR] AppliInfo:139 - Unknown STM32CubeMX version: 6.16.0
2026-08-28 10:53:52,492 [ERROR] AppliInfo:139 - Unknown STM32CubeMX version: 6.16.0
2026-08-28 10:53:52,850 [ERROR] AppliInfo:139 - Unknown STM32CubeMX version: 6.16.0
2026-08-28 10:53:52,851 [ERROR] AppliInfo:139 - Unknown STM32CubeMX version: 6.16.0
2026-08-28 10:53:52,851 [ERROR] AppliInfo:139 - Unknown STM32CubeMX version: 6.16.0
2026-08-28 10:53:52,851 [ERROR] AppliInfo:139 - Unknown STM32CubeMX version: 6.16.0
2026-08-28 10:53:53,575 [ERROR] AppliInfo:139 - Unknown STM32CubeMX version: 6.16.0
2026-08-28 10:53:53,575 [ERROR] AppliInfo:139 - Unknown STM32CubeMX version: 6.16.0
2026-08-28 10:53:53,576 [ERROR] AppliInfo:139 - Unknown STM32CubeMX version: 6.16.0
2026-08-28 10:53:53,576 [ERROR] AppliInfo:139 - Unknown STM32CubeMX version: 6.16.0
2026-08-28 10:53:53,576 [ERROR] AppliInfo:139 - Unknown STM32CubeMX version: 6.16.0
2026-08-28 10:53:53,935 [ERROR] AppliInfo:139 - Unknown STM32CubeMX version: 6.16.0
2026-08-28 10:53:54,294 [ERROR] AppliInfo:139 - Unknown STM32CubeMX version: 6.16.0
2026-08-28 10:53:54,294 [ERROR] AppliInfo:139 - Unknown STM32CubeMX version: 6.16.0
2026-08-28 10:53:54,654 [ERROR] AppliInfo:139 - Unknown STM32CubeMX version: 6.16.0
2026-08-28 10:53:55,011 [ERROR] AppliInfo:139 - Unknown STM32CubeMX version: 6.16.0
2026-08-28 10:53:55,012 [ERROR] AppliInfo:139 - Unknown STM32CubeMX version: 6.16.0
2026-08-28 10:53:55,012 [ERROR] AppliInfo:139 - Unknown STM32CubeMX version: 6.16.0
2026-08-28 10:53:55,367 [ERROR] AppliInfo:139 - Unknown STM32CubeMX version: 6.16.0
2026-08-28 10:53:55,368 [ERROR] AppliInfo:139 - Unknown STM32CubeMX version: 6.16.0
2026-08-28 10:53:56,090 [ERROR] AppliInfo:139 - Unknown STM32CubeMX version: 6.16.0
2026-08-28 10:53:56,091 [ERROR] AppliInfo:139 - Unknown STM32CubeMX version: 6.16.0
2026-08-28 10:53:56,448 [ERROR] AppliInfo:139 - Unknown STM32CubeMX version: 6.16.0
2026-08-28 10:53:56,449 [ERROR] AppliInfo:139 - Unknown STM32CubeMX version: 6.16.0
2026-08-28 10:53:56,449 [ERROR] AppliInfo:139 - Unknown STM32CubeMX version: 6.16.0
2026-08-28 10:53:56,449 [ERROR] AppliInfo:139 - Unknown STM32CubeMX version: 6.16.0
2026-08-28 10:53:56,808 [ERROR] AppliInfo:139 - Unknown STM32CubeMX version: 6.16.0
2026-08-28 10:53:56,809 [ERROR] AppliInfo:139 - Unknown STM32CubeMX version: 6.16.0
2026-08-28 10:53:56,809 [ERROR] AppliInfo:139 - Unknown STM32CubeMX version: 6.16.0
2026-08-28 10:53:56,809 [ERROR] AppliInfo:139 - Unknown STM32CubeMX version: 6.16.0
2026-08-28 10:53:56,809 [ERROR] AppliInfo:139 - Unknown STM32CubeMX version: 6.16.0
2026-08-28 10:53:57,166 [ERROR] AppliInfo:139 - Unknown STM32CubeMX version: 6.16.0
2026-08-28 10:53:57,522 [ERROR] AppliInfo:139 - Unknown STM32CubeMX version: 6.16.0
2026-08-28 10:53:57,522 [ERROR] AppliInfo:139 - Unknown STM32CubeMX version: 6.16.0
2026-08-28 10:53:58,236 [ERROR] AppliInfo:139 - Unknown STM32CubeMX version: 6.16.0
2026-08-28 10:53:58,236 [ERROR] AppliInfo:139 - Unknown STM32CubeMX version: 6.16.0
2026-08-28 10:53:58,236 [ERROR] AppliInfo:139 - Unknown STM32CubeMX version: 6.16.0
2026-08-28 10:53:58,236 [ERROR] AppliInfo:139 - Unknown STM32CubeMX version: 6.16.0
2026-08-28 10:53:58,237 [ERROR] AppliInfo:139 - Unknown STM32CubeMX version: 6.16.0
2026-08-28 10:53:58,592 [ERROR] AppliInfo:139 - Unknown STM32CubeMX version: 6.16.0
2026-08-28 10:53:58,592 [ERROR] AppliInfo:139 - Unknown STM32CubeMX version: 6.16.0
2026-08-28 10:53:58,953 [ERROR] AppliInfo:139 - Unknown STM32CubeMX version: 6.16.0
2026-08-28 10:53:58,954 [ERROR] AppliInfo:139 - Unknown STM32CubeMX version: 6.16.0
2026-08-28 10:53:59,312 [ERROR] AppliInfo:139 - Unknown STM32CubeMX version: 6.16.0
2026-08-28 10:54:00,029 [ERROR] AppliInfo:139 - Unknown STM32CubeMX version: 6.18.0
2026-08-28 10:54:00,400 [ERROR] AppliInfo:139 - Unknown STM32CubeMX version: 6.18.0
2026-08-28 10:54:00,758 [ERROR] AppliInfo:139 - Unknown STM32CubeMX version: 6.18.0
2026-08-28 10:54:00,759 [ERROR] AppliInfo:139 - Unknown STM32CubeMX version: 6.18.0
2026-08-28 10:54:00,759 [ERROR] AppliInfo:139 - Unknown STM32CubeMX version: 6.18.0
2026-08-28 10:54:00,759 [ERROR] AppliInfo:139 - Unknown STM32CubeMX version: 6.18.0
2026-08-28 10:54:00,760 [ERROR] AppliInfo:139 - Unknown STM32CubeMX version: 6.18.0
2026-08-28 10:54:00,760 [ERROR] AppliInfo:139 - Unknown STM32CubeMX version: 6.18.0
2026-08-28 10:54:00,760 [ERROR] AppliInfo:139 - Unknown STM32CubeMX version: 6.18.0
2026-08-28 10:54:01,121 [ERROR] AppliInfo:139 - Unknown STM32CubeMX version: 6.18.0
2026-08-28 10:54:01,121 [ERROR] AppliInfo:139 - Unknown STM32CubeMX version: 6.18.0
2026-08-28 10:54:01,121 [ERROR] AppliInfo:139 - Unknown STM32CubeMX version: 6.18.0
2026-08-28 10:54:01,122 [ERROR] AppliInfo:139 - Unknown STM32CubeMX version: 6.18.0
2026-08-28 10:54:01,122 [ERROR] AppliInfo:139 - Unknown STM32CubeMX version: 6.18.0
2026-08-28 10:54:01,122 [ERROR] AppliInfo:139 - Unknown STM32CubeMX version: 6.18.0
2026-08-28 10:54:02,162 [ERROR] AppliInfo:139 - Unknown STM32CubeMX version: 6.18.0
2026-08-28 10:54:02,162 [ERROR] AppliInfo:139 - Unknown STM32CubeMX version: 6.18.0
2026-08-28 10:54:02,162 [ERROR] AppliInfo:139 - Unknown STM32CubeMX version: 6.18.0
2026-08-28 10:54:02,163 [ERROR] AppliInfo:139 - Unknown STM32CubeMX version: 6.18.0
2026-08-28 10:54:02,163 [ERROR] AppliInfo:139 - Unknown STM32CubeMX version: 6.17.0
2026-08-28 10:54:02,163 [ERROR] AppliInfo:139 - Unknown STM32CubeMX version: 6.17.0
2026-08-28 10:54:02,163 [ERROR] AppliInfo:139 - Unknown STM32CubeMX version: 6.17.0
2026-08-28 10:54:02,164 [ERROR] AppliInfo:139 - Unknown STM32CubeMX version: 6.17.0
2026-08-28 10:54:02,164 [ERROR] AppliInfo:139 - Unknown STM32CubeMX version: 6.17.0
2026-08-28 10:54:02,896 [ERROR] AppliInfo:139 - Unknown STM32CubeMX version: 6.16.0
2026-08-28 10:54:03,259 [ERROR] AppliInfo:139 - Unknown STM32CubeMX version: 6.16.0
2026-08-28 10:54:05,783 [ERROR] AppliInfo:139 - Unknown STM32CubeMX version: 6.16.0
2026-08-28 10:54:05,783 [ERROR] AppliInfo:139 - Unknown STM32CubeMX version: 6.16.0
2026-08-28 10:54:05,783 [ERROR] AppliInfo:139 - Unknown STM32CubeMX version: 6.16.0
2026-08-28 10:54:05,784 [ERROR] AppliInfo:139 - Unknown STM32CubeMX version: 6.16.0
2026-08-28 10:54:06,145 [ERROR] AppliInfo:139 - Unknown STM32CubeMX version: 6.18.0
2026-08-28 10:54:06,145 [ERROR] AppliInfo:139 - Unknown STM32CubeMX version: 6.18.0
2026-08-28 10:54:06,146 [ERROR] AppliInfo:139 - Unknown STM32CubeMX version: 6.18.0
2026-08-28 10:54:06,146 [ERROR] AppliInfo:139 - Unknown STM32CubeMX version: 6.18.0
2026-08-28 10:54:06,146 [ERROR] AppliInfo:139 - Unknown STM32CubeMX version: 6.18.0
2026-08-28 10:54:06,147 [ERROR] AppliInfo:139 - Unknown STM32CubeMX version: 6.17.0
2026-08-28 10:54:06,147 [ERROR] AppliInfo:139 - Unknown STM32CubeMX version: 6.17.0
2026-08-28 10:54:06,504 [ERROR] AppliInfo:139 - Unknown STM32CubeMX version: 6.18.0
2026-08-28 10:54:06,504 [ERROR] AppliInfo:139 - Unknown STM32CubeMX version: 6.18.0
2026-08-28 10:54:06,504 [ERROR] AppliInfo:139 - Unknown STM32CubeMX version: 6.18.0
2026-08-28 10:54:06,505 [ERROR] AppliInfo:139 - Unknown STM32CubeMX version: 6.18.0
2026-08-28 10:54:06,865 [ERROR] AppliInfo:139 - Unknown STM32CubeMX version: 6.18.0
2026-08-28 10:54:06,866 [ERROR] AppliInfo:139 - Unknown STM32CubeMX version: 6.18.0
2026-08-28 10:54:06,866 [ERROR] AppliInfo:139 - Unknown STM32CubeMX version: 6.18.0
2026-08-28 10:54:06,866 [ERROR] AppliInfo:139 - Unknown STM32CubeMX version: 6.18.0
2026-08-28 10:54:06,866 [ERROR] AppliInfo:139 - Unknown STM32CubeMX version: 6.18.0
2026-08-28 10:54:06,867 [ERROR] AppliInfo:139 - Unknown STM32CubeMX version: 6.18.0
2026-08-28 10:54:07,222 [ERROR] AppliInfo:139 - Unknown STM32CubeMX version: 6.18.0
2026-08-28 10:54:07,222 [ERROR] AppliInfo:139 - Unknown STM32CubeMX version: 6.18.0
2026-08-28 10:54:07,223 [ERROR] AppliInfo:139 - Unknown STM32CubeMX version: 6.18.0
2026-08-28 10:54:07,223 [ERROR] AppliInfo:139 - Unknown STM32CubeMX version: 6.18.0
2026-08-28 10:54:07,223 [ERROR] AppliInfo:139 - Unknown STM32CubeMX version: 6.18.0
2026-08-28 10:54:07,223 [ERROR] AppliInfo:139 - Unknown STM32CubeMX version: 6.18.0
2026-08-28 10:54:07,581 [ERROR] AppliInfo:139 - Unknown STM32CubeMX version: 6.18.0
2026-08-28 10:54:07,582 [ERROR] AppliInfo:139 - Unknown STM32CubeMX version: 6.17.0
2026-08-28 10:54:07,582 [ERROR] AppliInfo:139 - Unknown STM32CubeMX version: 6.17.0
2026-08-28 10:54:07,582 [ERROR] AppliInfo:139 - Unknown STM32CubeMX version: 6.17.0
2026-08-28 10:54:07,583 [ERROR] AppliInfo:139 - Unknown STM32CubeMX version: 6.18.0
2026-08-28 10:54:07,583 [ERROR] AppliInfo:139 - Unknown STM32CubeMX version: 6.18.0
2026-08-28 10:54:07,941 [ERROR] AppliInfo:139 - Unknown STM32CubeMX version: 6.17.0
2026-08-28 10:54:07,942 [ERROR] AppliInfo:139 - Unknown STM32CubeMX version: 6.17.0
2026-08-28 10:54:07,942 [ERROR] AppliInfo:139 - Unknown STM32CubeMX version: 6.17.0
2026-08-28 10:54:07,942 [ERROR] AppliInfo:139 - Unknown STM32CubeMX version: 6.17.0
2026-08-28 10:54:07,942 [ERROR] AppliInfo:139 - Unknown STM32CubeMX version: 6.17.0
2026-08-28 10:54:07,943 [ERROR] AppliInfo:139 - Unknown STM32CubeMX version: 6.17.0
2026-08-28 10:54:08,307 [ERROR] AppliInfo:139 - Unknown STM32CubeMX version: 6.17.0
2026-08-28 10:54:08,662 [ERROR] AppliInfo:139 - Unknown STM32CubeMX version: 6.18.0
2026-08-28 10:54:09,025 [ERROR] AppliInfo:139 - Unknown STM32CubeMX version: 6.18.0
2026-08-28 10:54:09,026 [ERROR] AppliInfo:139 - Unknown STM32CubeMX version: 6.17.0
2026-08-28 10:54:09,026 [ERROR] AppliInfo:139 - Unknown STM32CubeMX version: 6.18.0
2026-08-28 10:54:09,383 [ERROR] AppliInfo:139 - Unknown STM32CubeMX version: 6.18.0
2026-08-28 10:54:09,384 [ERROR] AppliInfo:139 - Unknown STM32CubeMX version: 6.18.0
2026-08-28 10:54:09,384 [ERROR] AppliInfo:139 - Unknown STM32CubeMX version: 6.18.0
2026-08-28 10:54:09,384 [ERROR] AppliInfo:139 - Unknown STM32CubeMX version: 6.18.0
2026-08-28 10:54:09,384 [ERROR] AppliInfo:139 - Unknown STM32CubeMX version: 6.18.0
2026-08-28 10:54:09,384 [ERROR] AppliInfo:139 - Unknown STM32CubeMX version: 6.18.0
2026-08-28 10:54:09,743 [ERROR] AppliInfo:139 - Unknown STM32CubeMX version: 6.18.0
2026-08-28 10:54:09,744 [ERROR] AppliInfo:139 - Unknown STM32CubeMX version: 6.18.0
2026-08-28 10:54:09,744 [ERROR] AppliInfo:139 - Unknown STM32CubeMX version: 6.18.0
2026-08-28 10:54:09,744 [ERROR] AppliInfo:139 - Unknown STM32CubeMX version: 6.17.0
2026-08-28 10:54:09,744 [ERROR] AppliInfo:139 - Unknown STM32CubeMX version: 6.17.0
2026-08-28 10:54:09,745 [ERROR] AppliInfo:139 - Unknown STM32CubeMX version: 6.17.0
2026-08-28 10:54:10,102 [ERROR] AppliInfo:139 - Unknown STM32CubeMX version: 6.17.0
2026-08-28 10:54:10,102 [ERROR] AppliInfo:139 - Unknown STM32CubeMX version: 6.17.0
2026-08-28 10:54:10,103 [ERROR] AppliInfo:139 - Unknown STM32CubeMX version: 6.17.0
2026-08-28 10:54:10,103 [ERROR] AppliInfo:139 - Unknown STM32CubeMX version: 6.17.0
2026-08-28 10:54:10,103 [ERROR] AppliInfo:139 - Unknown STM32CubeMX version: 6.17.0
2026-08-28 10:54:10,103 [ERROR] AppliInfo:139 - Unknown STM32CubeMX version: 6.17.0
2026-08-28 10:54:10,463 [ERROR] AppliInfo:139 - Unknown STM32CubeMX version: 6.18.0
2026-08-28 10:54:10,464 [ERROR] AppliInfo:139 - Unknown STM32CubeMX version: 6.18.0
2026-08-28 10:54:10,464 [ERROR] AppliInfo:139 - Unknown STM32CubeMX version: 6.18.0
2026-08-28 10:54:10,822 [ERROR] AppliInfo:139 - Unknown STM32CubeMX version: 6.16.0
2026-08-28 10:54:10,822 [ERROR] AppliInfo:139 - Unknown STM32CubeMX version: 6.18.0
2026-08-28 10:54:10,823 [ERROR] AppliInfo:139 - Unknown STM32CubeMX version: 6.18.0
2026-08-28 10:54:10,823 [ERROR] AppliInfo:139 - Unknown STM32CubeMX version: 6.18.0
2026-08-28 10:54:10,823 [ERROR] AppliInfo:139 - Unknown STM32CubeMX version: 6.18.0
2026-08-28 10:54:11,183 [ERROR] AppliInfo:139 - Unknown STM32CubeMX version: 6.18.0
2026-08-28 10:54:11,183 [ERROR] AppliInfo:139 - Unknown STM32CubeMX version: 6.18.0
2026-08-28 10:54:11,184 [ERROR] AppliInfo:139 - Unknown STM32CubeMX version: 6.18.0
2026-08-28 10:54:11,184 [ERROR] AppliInfo:139 - Unknown STM32CubeMX version: 6.18.0
2026-08-28 10:54:11,184 [ERROR] AppliInfo:139 - Unknown STM32CubeMX version: 6.18.0
2026-08-28 10:54:11,184 [ERROR] AppliInfo:139 - Unknown STM32CubeMX version: 6.18.0
2026-08-28 10:54:11,543 [ERROR] AppliInfo:139 - Unknown STM32CubeMX version: 6.18.0
2026-08-28 10:54:11,903 [ERROR] AppliInfo:139 - Unknown STM32CubeMX version: 6.18.0
2026-08-28 10:54:11,903 [ERROR] AppliInfo:139 - Unknown STM32CubeMX version: 6.18.0
2026-08-28 10:54:11,904 [ERROR] AppliInfo:139 - Unknown STM32CubeMX version: 6.18.0
2026-08-28 10:54:12,259 [ERROR] AppliInfo:139 - Unknown STM32CubeMX version: 6.18.0
2026-08-28 10:54:12,614 [ERROR] AppliInfo:139 - Unknown STM32CubeMX version: 6.18.0
2026-08-28 10:54:12,615 [ERROR] AppliInfo:139 - Unknown STM32CubeMX version: 6.18.0
2026-08-28 10:54:12,615 [ERROR] AppliInfo:139 - Unknown STM32CubeMX version: 6.18.0
2026-08-28 10:54:12,615 [ERROR] AppliInfo:139 - Unknown STM32CubeMX version: 6.18.0
2026-08-28 10:54:12,615 [ERROR] AppliInfo:139 - Unknown STM32CubeMX version: 6.18.0
2026-08-28 10:54:12,616 [ERROR] AppliInfo:139 - Unknown STM32CubeMX version: 6.18.0
2026-08-28 10:54:12,975 [ERROR] AppliInfo:139 - Unknown STM32CubeMX version: 6.18.0
2026-08-28 10:54:12,975 [ERROR] AppliInfo:139 - Unknown STM32CubeMX version: 6.18.0
2026-08-28 10:54:12,975 [ERROR] AppliInfo:139 - Unknown STM32CubeMX version: 6.18.0
2026-08-28 10:54:12,976 [ERROR] AppliInfo:139 - Unknown STM32CubeMX version: 6.18.0
2026-08-28 10:54:12,976 [ERROR] AppliInfo:139 - Unknown STM32CubeMX version: 6.18.0
2026-08-28 10:54:12,976 [ERROR] AppliInfo:139 - Unknown STM32CubeMX version: 6.18.0
2026-08-28 10:54:12,976 [ERROR] AppliInfo:139 - Unknown STM32CubeMX version: 6.18.0
2026-08-28 10:54:13,336 [ERROR] AppliInfo:139 - Unknown STM32CubeMX version: 6.18.0
2026-08-28 10:54:13,336 [ERROR] AppliInfo:139 - Unknown STM32CubeMX version: 6.18.0
2026-08-28 10:54:13,336 [ERROR] AppliInfo:139 - Unknown STM32CubeMX version: 6.18.0
2026-08-28 10:54:13,337 [ERROR] AppliInfo:139 - Unknown STM32CubeMX version: 6.18.0
2026-08-28 10:54:13,337 [ERROR] AppliInfo:139 - Unknown STM32CubeMX version: 6.18.0
2026-08-28 10:54:13,694 [ERROR] AppliInfo:139 - Unknown STM32CubeMX version: 6.18.0
2026-08-28 10:54:13,695 [ERROR] AppliInfo:139 - Unknown STM32CubeMX version: 6.18.0
2026-08-28 10:54:13,695 [ERROR] AppliInfo:139 - Unknown STM32CubeMX version: 6.18.0
2026-08-28 10:54:13,695 [ERROR] AppliInfo:139 - Unknown STM32CubeMX version: 6.18.0
2026-08-28 10:54:13,695 [ERROR] AppliInfo:139 - Unknown STM32CubeMX version: 6.18.0
2026-08-28 10:54:13,696 [ERROR] AppliInfo:139 - Unknown STM32CubeMX version: 6.18.0
2026-08-28 10:54:14,057 [ERROR] AppliInfo:139 - Unknown STM32CubeMX version: 6.18.0
2026-08-28 10:54:14,413 [ERROR] AppliInfo:139 - Unknown STM32CubeMX version: 6.18.0
2026-08-28 10:54:14,414 [ERROR] AppliInfo:139 - Unknown STM32CubeMX version: 6.18.0
2026-08-28 10:54:14,414 [ERROR] AppliInfo:139 - Unknown STM32CubeMX version: 6.18.0
2026-08-28 10:54:14,773 [ERROR] AppliInfo:139 - Unknown STM32CubeMX version: 6.18.0
2026-08-28 10:54:14,773 [ERROR] AppliInfo:139 - Unknown STM32CubeMX version: 6.17.0
2026-08-28 10:54:15,133 [ERROR] AppliInfo:139 - Unknown STM32CubeMX version: 6.17.0
2026-08-28 10:54:16,571 [ERROR] AppliInfo:139 - Unknown STM32CubeMX version: 6.18.0
2026-08-28 10:54:16,931 [ERROR] AppliInfo:139 - Unknown STM32CubeMX version: 6.18.0
2026-08-28 10:54:16,932 [ERROR] AppliInfo:139 - Unknown STM32CubeMX version: 6.18.0
2026-08-28 10:54:17,290 [ERROR] AppliInfo:139 - Unknown STM32CubeMX version: 6.18.0
2026-08-28 10:54:17,291 [ERROR] AppliInfo:139 - Unknown STM32CubeMX version: 6.18.0
2026-08-28 10:54:17,650 [ERROR] AppliInfo:139 - Unknown STM32CubeMX version: 6.18.0
2026-08-28 10:54:17,651 [ERROR] AppliInfo:139 - Unknown STM32CubeMX version: 6.18.0
2026-08-28 10:54:18,010 [ERROR] AppliInfo:139 - Unknown STM32CubeMX version: 6.18.0
2026-08-28 10:54:18,369 [ERROR] AppliInfo:139 - Unknown STM32CubeMX version: 6.18.0
2026-08-28 10:54:18,369 [ERROR] AppliInfo:139 - Unknown STM32CubeMX version: 6.18.0
2026-08-28 10:54:18,369 [ERROR] AppliInfo:139 - Unknown STM32CubeMX version: 6.18.0
2026-08-28 10:54:21,126 [ERROR] LogOutputStream:75 - [STDERR_REDIRECT] Exception in thread "AWT-EventQueue-0" java.lang.OutOfMemoryError: Java heap space
2026-08-28 10:54:21,127 [ERROR] LogOutputStream:75 - [STDERR_REDIRECT] 	at java.desktop/javax.swing.DefaultRowSorter.rowsInserted0(DefaultRowSorter.java:1072)
2026-08-28 10:54:21,128 [ERROR] LogOutputStream:75 - [STDERR_REDIRECT] 	at java.desktop/javax.swing.DefaultRowSorter.rowsInserted(DefaultRowSorter.java:879)
2026-08-28 10:54:21,129 [ERROR] LogOutputStream:75 - [STDERR_REDIRECT] 	at java.desktop/javax.swing.JTable.notifySorter(JTable.java:4338)
2026-08-28 10:54:21,130 [ERROR] LogOutputStream:75 - [STDERR_REDIRECT] 	at java.desktop/javax.swing.JTable.sortedTableChanged(JTable.java:4186)
2026-08-28 10:54:21,131 [ERROR] LogOutputStream:75 - [STDERR_REDIRECT] 	at java.desktop/javax.swing.JTable.tableChanged(JTable.java:4463)
2026-08-28 10:54:21,132 [ERROR] LogOutputStream:75 - [STDERR_REDIRECT] 	at org.jdesktop.swingx.JXTable.tableChanged(JXTable.java:1529)
2026-08-28 10:54:21,980 [ERROR] LogOutputStream:75 - [STDERR_REDIRECT] 	at java.desktop/javax.swing.table.AbstractTableModel.fireTableChanged(AbstractTableModel.java:302)
2026-08-28 10:54:21,981 [ERROR] LogOutputStream:75 - [STDERR_REDIRECT] 	at java.desktop/javax.swing.table.DefaultTableModel.newRowsAdded(DefaultTableModel.java:302)
2026-08-28 10:54:21,982 [ERROR] LogOutputStream:75 - [STDERR_REDIRECT] 	at com.st.components.swing.CellTableModel.addRow(CellTableModel.java:137)
2026-08-28 10:54:21,983 [ERROR] LogOutputStream:75 - [STDERR_REDIRECT] 	at com.st.components.swing.DynamicCellTableModel.addRow(DynamicCellTableModel.java:145)
2026-08-28 10:54:21,985 [ERROR] LogOutputStream:75 - [STDERR_REDIRECT] 	at com.st.microxplorer.mcufinder.gui.exampleselector.ExampleResultTable.addItem(ExampleResultTable.java:547)
2026-08-28 10:54:22,349 [ERROR] LogOutputStream:75 - [STDERR_REDIRECT] 	at com.st.microxplorer.mcufinder.gui.exampleselector.ExampleResultTable.fillTable(ExampleResultTable.java:667)
2026-08-28 10:54:22,350 [ERROR] LogOutputStream:75 - [STDERR_REDIRECT] 	at com.st.microxplorer.mcufinder.gui.exampleselector.ExampleResultTable.refreshMergedCells(ExampleResultTable.java:722)
2026-08-28 10:54:22,352 [ERROR] LogOutputStream:75 - [STDERR_REDIRECT] 	at com.st.microxplorer.mcufinder.gui.selector.TableColumnManager$3.sorterChanged(TableColumnManager.java:264)
2026-08-28 10:54:22,352 [ERROR] LogOutputStream:75 - [STDERR_REDIRECT] 	at java.desktop/javax.swing.RowSorter.fireRowSorterChanged(RowSorter.java:341)
2026-08-28 10:54:22,353 [ERROR] LogOutputStream:75 - [STDERR_REDIRECT] 	at java.desktop/javax.swing.RowSorter.fireRowSorterChanged(RowSorter.java:332)
2026-08-28 10:54:22,354 [ERROR] LogOutputStream:75 - [STDERR_REDIRECT] 	at java.desktop/javax.swing.DefaultRowSorter.sort(DefaultRowSorter.java:621)
2026-08-28 10:54:22,719 [ERROR] LogOutputStream:75 - [STDERR_REDIRECT] 	at java.desktop/javax.swing.DefaultRowSorter.setSortKeys(DefaultRowSorter.java:315)
2026-08-28 10:54:22,720 [ERROR] LogOutputStream:75 - [STDERR_REDIRECT] 	at com.st.microxplorer.mcufinder.gui.selector.ResultTable.sortColumn(ResultTable.java:221)
2026-08-28 10:54:22,722 [ERROR] LogOutputStream:75 - [STDERR_REDIRECT] 	at com.st.microxplorer.mcufinder.gui.exampleselector.ExampleResultTable.sortOrderAndPrecedenceForColumns(ExampleResultTable.java:731)
2026-08-28 10:54:22,723 [ERROR] LogOutputStream:75 - [STDERR_REDIRECT] 	at com.st.microxplorer.mcufinder.gui.selector.MultiScanPanel.createResultGUI(MultiScanPanel.java:257)
2026-08-28 10:54:22,724 [ERROR] LogOutputStream:75 - [STDERR_REDIRECT] 	at com.st.microxplorer.mcufinder.gui.selector.MultiScanPanel.createGUI(MultiScanPanel.java:484)
2026-08-28 10:54:23,090 [ERROR] LogOutputStream:75 - [STDERR_REDIRECT] 	at com.st.microxplorer.mcufinder.gui.exampleselector.ExampleMultiScanPanel.<init>(ExampleMultiScanPanel.java:172)
2026-08-28 10:54:23,092 [ERROR] LogOutputStream:75 - [STDERR_REDIRECT] 	at com.st.microxplorer.mcufinder.gui.selector.MultiSelectorPanel.createExampleSelectorPanel(MultiSelectorPanel.java:225)
2026-08-28 10:54:23,093 [ERROR] LogOutputStream:75 - [STDERR_REDIRECT] 	at com.st.microxplorer.mcufinder.gui.selector.MultiSelectorPanel.setSelectedTabIndex(MultiSelectorPanel.java:433)
2026-08-28 10:54:23,094 [ERROR] LogOutputStream:75 - [STDERR_REDIRECT] 	at com.st.stm32cube.common.mx.targetselector.IdeMcuFinder.initializeExampleTab(IdeMcuFinder.java:334)
2026-08-28 10:54:23,460 [ERROR] LogOutputStream:75 - [STDERR_REDIRECT] 	at com.st.stm32cube.common.mx.targetselector.IdeMcuFinder$2.stateChanged(IdeMcuFinder.java:278)
2026-08-28 10:54:23,824 [ERROR] LogOutputStream:75 - [STDERR_REDIRECT] 	at java.desktop/javax.swing.JTabbedPane.fireStateChanged(JTabbedPane.java:446)
2026-08-28 10:54:24,191 [ERROR] LogOutputStream:75 - [STDERR_REDIRECT] 	at java.desktop/javax.swing.JTabbedPane$ModelListener.stateChanged(JTabbedPane.java:297)
2026-08-28 10:54:24,907 [ERROR] LogOutputStream:75 - [STDERR_REDIRECT] 	at java.desktop/javax.swing.DefaultSingleSelectionModel.fireStateChanged(DefaultSingleSelectionModel.java:148)
2026-08-28 10:54:25,267 [ERROR] LogOutputStream:75 - [STDERR_REDIRECT] 	at java.desktop/javax.swing.DefaultSingleSelectionModel.setSelectedIndex(DefaultSingleSelectionModel.java:79)
2026-08-28 10:54:25,268 [ERROR] LogOutputStream:75 - [STDERR_REDIRECT] 	at java.desktop/javax.swing.JTabbedPane.setSelectedIndexImpl(JTabbedPane.java:650)
2026-08-28 10:55:06,755 [ERROR] LogOutputStream:75 - [STDERR_REDIRECT] Exception in thread "JNA Cleaner" java.lang.OutOfMemoryError: Java heap space
2026-08-28 10:55:06,755 [ERROR] LogOutputStream:75 - [STDERR_REDIRECT] Exception in thread "AWT-EventQueue-0" java.lang.OutOfMemoryError: Java heap space
